{"url":"https:\/\/tinger.bitrix24.ru\/rest\/190\/42tc2gxq8od2858i\/crm.lead.add.json","info":{"url":"https:\/\/tinger.bitrix24.ru\/rest\/190\/42tc2gxq8od2858i\/crm.lead.add.json","content_type":"application\/json; charset=utf-8","http_code":200,"header_size":1027,"request_size":207,"filetime":-1,"ssl_verify_result":0,"redirect_count":0,"total_time":1.601513,"namelookup_time":0.0039699999999999996,"connect_time":0.0051390000000000003,"pretransfer_time":0.013354,"size_upload":3514,"size_download":287,"speed_download":179,"speed_upload":2194,"download_content_length":-1,"upload_content_length":3514,"starttransfer_time":0.013356,"redirect_time":0,"redirect_url":"","primary_ip":"178.132.201.51","certinfo":[],"primary_port":443,"local_ip":"188.225.57.79","local_port":46182,"http_version":3,"protocol":2,"ssl_verifyresult":0,"scheme":"HTTPS","appconnect_time_us":13270,"connect_time_us":5139,"namelookup_time_us":3970,"pretransfer_time_us":13354,"redirect_time_us":0,"starttransfer_time_us":13356,"total_time_us":1601513},"params":{"method":"crm.lead.add","params":{"fields":{"NAME":"\u041e\u043b\u044c\u0433\u0430 ","EMAIL":[{"VALUE":"vin.olya2018@yandex.ru","VALUE_TYPE":"WORK"}],"TRACE":"{\u0022url\u0022:\u0022https:\/\/tingard.ru\/thanks\/\u0022,\u0022ref\u0022:\u0022https:\/\/kino.mail.ru\/person\/636171_natalja_bochkareva\/?utm_partner_id=262\u0022,\u0022device\u0022:{\u0022isMobile\u0022:true},\u0022tags\u0022:{\u0022ts\u0022:1734237076,\u0022list\u0022:{\u0022utm_source\u0022:\u0022yandex\u0022,\u0022utm_medium\u0022:\u0022cpc\u0022,\u0022utm_campaign\u0022:\u0022mk_rf\u0022,\u0022utm_content\u0022:\u002214460640522\u0022,\u0022utm_term\u0022:\u0022\u043f\u043b\u0430\u0441\u0442\u0438\u043a\u043e\u0432\u044b\u0439 \u043f\u043e\u0433\u0440\u0435\u0431\u0022},\u0022gclid\u0022:null},\u0022client\u0022:{\u0022yaId\u0022:\u00221732000606708617889\u0022},\u0022pages\u0022:{\u0022list\u0022:[[\u0022https:\/\/tingard.ru\/?utm_source=yandex\u0026utm_medium=cpc\u0026utm_campaign=mk_rf\u0026utm_content=14460640522\u0026utm_term=%D0%BF%D0%BB%D0%B0%D1%81%D1%82%D0%B8%D0%BA%D0%BE%D0%B2%D1%8B%D0%B9%20%D0%BF%D0%BE%D0%B3%D1%80%D0%B5%D0%B1\u0026roistat=direct14_context_89463958_rsMasterGroup_rsMasterBanner_%D0%BF%D0%BB%D0%B0%D1%81%D1%82%D0%B8%D0%BA%D0%BE%D0%B2%D1%8B%D0%B9%20%D0%BF%D0%BE%D0%B3%D1%80%D0%B5%D0%B1\u0026yclid=1743464298102128639\u0022,1734237076,\u0022TINGARD \u2014 \u0431\u0435\u0441\u0448\u043e\u0432\u043d\u044b\u0439 \u043f\u043b\u0430\u0441\u0442\u0438\u043a\u043e\u0432\u044b\u0439 \u043f\u043e\u0433\u0440\u0435\u0431 \u2116\u0022],[\u0022https:\/\/tingard.ru\/?b24form_user=1.568166-1735562503-9d79c3268011f3362afba7f072e5c8422349913062b67f4a5dcf2ff9218eade1\u0022,1734454224,\u0022TINGARD \u2014 \u0431\u0435\u0441\u0448\u043e\u0432\u043d\u044b\u0439 \u043f\u043b\u0430\u0441\u0442\u0438\u043a\u043e\u0432\u044b\u0439 \u043f\u043e\u0433\u0440\u0435\u0431 \u2116\u0022],[\u0022https:\/\/tingard.ru\/thanks\/\u0022,1734454362,\u0022\u0421\u043f\u0430\u0441\u0438\u0431\u043e \u0437\u0430 \u0437\u0430\u044f\u0432\u043a\u0443\u0022]]},\u0022gid\u0022:null,\u0022previous\u0022:{\u0022list\u0022:[]}}","UF_CRM_1517561552":"3577164","COMMENTS":"\u0421\u043e\u043e\u0431\u0449\u0438\u0442\u0435,\u0432\u044b \u0437\u0438\u043c\u043e\u0439 \u0443\u0441\u0442\u0430\u043d\u0430\u0432\u043b\u0438\u0432\u0430\u0435\u0442\u0435 \u043f\u043e\u0433\u0440\u0435\u0431? \u0418 \u0440\u0430\u0441\u0441\u0447\u0438\u0442\u0430\u0439\u0442\u0435 \u0441\u0442\u043e\u0438\u043c\u043e\u0441\u0442\u044c \u043f\u043e\u0433\u0440\u0435\u0431\u0430 \u0441 \u0443\u0441\u0442\u0430\u043d\u043e\u0432\u043a\u043e\u0439 \u0434\u043b\u044f \u043b\u0435\u043d.\u043e\u0431\u043b \u041b\u043e\u043c\u043e\u043d\u043e\u0441\u043e\u0432\u0441\u043a\u0438\u0439 \u0440\u0430\u0439\u043e\u043d,\u0434\u0435\u0440\u0435\u0432\u043d\u044f \u0421\u043e\u0439\u043a\u0438\u043d\u043e \u043d\u0430 350 \u0431\u0430\u043d\u043e\u043a \u0432\u043c\u0435\u0441\u0442\u0438\u043b\u0438\u0449\u0435 \u0438 \u0431\u0443\u0434\u0435\u0442 \u043b\u0438 \u043d\u043e\u0432\u043e\u0433\u043e\u0434\u043d\u044f\u044f \u0441\u043a\u0438\u0434\u043a\u0430?","TITLE":"\u0421\u0432\u044f\u0437\u0430\u0442\u044c\u0441\u044f \u0441 \u043f\u0440\u043e\u0438\u0437\u0432\u043e\u0434\u0438\u0442\u0435\u043b\u0435\u043c","UF_CRM_1449663065":68,"ASSIGNED_BY_ID":58,"SOURCE_ID":9}}},"result":{"result":570682,"time":{"start":1734454554.3216479,"finish":1734454555.8447239,"duration":1.523076057434082,"processing":1.492952823638916,"date_start":"2024-12-17T19:55:54+03:00","date_finish":"2024-12-17T19:55:55+03:00","operating_reset_at":1734455154,"operating":4.5853657722473145}}}