{"url":"https:\/\/tinger.bitrix24.ru\/rest\/190\/42tc2gxq8od2858i\/crm.lead.add.json","info":{"url":"https:\/\/tinger.bitrix24.ru\/rest\/190\/42tc2gxq8od2858i\/crm.lead.add.json","content_type":"application\/json; charset=utf-8","http_code":200,"header_size":1027,"request_size":207,"filetime":-1,"ssl_verify_result":0,"redirect_count":0,"total_time":1.1229690000000001,"namelookup_time":0.00164,"connect_time":0.0029610000000000001,"pretransfer_time":0.011516999999999999,"size_upload":5666,"size_download":287,"speed_download":255,"speed_upload":5049,"download_content_length":-1,"upload_content_length":5666,"starttransfer_time":0.011521,"redirect_time":0,"redirect_url":"","primary_ip":"178.132.201.50","certinfo":[],"primary_port":443,"local_ip":"188.225.57.79","local_port":38524,"http_version":3,"protocol":2,"ssl_verifyresult":0,"scheme":"HTTPS","appconnect_time_us":11421,"connect_time_us":2961,"namelookup_time_us":1640,"pretransfer_time_us":11517,"redirect_time_us":0,"starttransfer_time_us":11521,"total_time_us":1122969},"params":{"method":"crm.lead.add","params":{"fields":{"NAME":"\u041d\u0430\u0442\u0430\u043b\u044c\u044f ","PHONE":[{"VALUE":"+7 (910) 629-24-56","VALUE_TYPE":"WORK"}],"EMAIL":[{"VALUE":null,"VALUE_TYPE":"WORK"}],"TRACE":"{\u0022url\u0022:\u0022https:\/\/tingard.ru\/?utm_source=yandex\u0026utm_medium=cpc\u0026utm_campaign=pogreba_rozn_umnaya_ozk_07_01\u0026utm_content=16219659956\u0026utm_term=---autotargeting\u0026roistat=direct14_context_111793320_rsMasterGroup_rsMasterBanner_---autotargeting\u0026yclid=418662447111995391\u0022,\u0022device\u0022:{\u0022isMobile\u0022:true},\u0022tags\u0022:{\u0022ts\u0022:1724165378,\u0022list\u0022:{\u0022utm_source\u0022:\u0022yandex\u0022,\u0022utm_medium\u0022:\u0022cpc\u0022,\u0022utm_campaign\u0022:\u0022pogreba_rozn_umnaya_ozk_07_01\u0022,\u0022utm_content\u0022:\u002216219659956\u0022,\u0022utm_term\u0022:\u0022---autotargeting\u0022},\u0022gclid\u0022:null},\u0022client\u0022:{\u0022yaId\u0022:\u00221692381430510906454\u0022},\u0022pages\u0022:{\u0022list\u0022:[[\u0022https:\/\/tingard.ru\/?utm_source=yandex\u0026utm_medium=cpc\u0026utm_campaign=pogreba_rozn_umnaya_ozk_07_01\u0026utm_content=16219659956\u0026utm_term=---autotargeting\u0026roistat=direct14_context_111793320_rsMasterGroup_rsMasterBanner_---autotargeting\u0026yclid=418662447111995391\u0022,1724165378,\u0022TINGARD \u2014 \u0431\u0435\u0441\u0448\u043e\u0432\u043d\u044b\u0439 \u043f\u043b\u0430\u0441\u0442\u0438\u043a\u043e\u0432\u044b\u0439 \u043f\u043e\u0433\u0440\u0435\u0431 \u2116\u0022]]},\u0022gid\u0022:null,\u0022previous\u0022:{\u0022list\u0022:[{\u0022url\u0022:\u0022https:\/\/tingard.ru\/?utm_source=yandex_kirill\u0026utm_medium=cpc\u0026utm_campaign=pogreba_rozn_umnaya_copy_11_04\u0026utm_content=14635340021\u0026utm_term=---autotargeting\u0026roistat=direct14_context_14635340021_---autotargeting\u0026roistat_referrer=samaraonline24.ru\u0026roistat_pos=none_0\u0026yclid=4841844236743664989\u0022,\u0022ref\u0022:\u0022https:\/\/www.google.com\/\u0022,\u0022device\u0022:{\u0022isMobile\u0022:true},\u0022tags\u0022:{\u0022ts\u0022:1692381430,\u0022list\u0022:{},\u0022gclid\u0022:null},\u0022client\u0022:{\u0022yaId\u0022:\u00221692381430510906454\u0022},\u0022pages\u0022:{\u0022list\u0022:[[\u0022https:\/\/tingard.ru\/\u0022,1692381443,\u0022TINGARD \u2014 \u0431\u0435\u0441\u0448\u043e\u0432\u043d\u044b\u0439 \u043f\u043b\u0430\u0441\u0442\u0438\u043a\u043e\u0432\u044b\u0439 \u043f\u043e\u0433\u0440\u0435\u0431 #\u0022]]},\u0022gid\u0022:null},{\u0022url\u0022:\u0022https:\/\/tingard.ru\/?utm_source=yandex\u0026utm_medium=cpc\u0026utm_campaign=mk_rf\u0026utm_content=14460640504\u0026utm_term=---autotargeting\u0026yclid=4883098160499058001\u0022,\u0022device\u0022:{\u0022isMobile\u0022:true},\u0022tags\u0022:{\u0022ts\u0022:1692643201,\u0022list\u0022:{\u0022utm_source\u0022:\u0022yandex_kirill\u0022,\u0022utm_medium\u0022:\u0022cpc\u0022,\u0022utm_campaign\u0022:\u0022pogreba_rozn_umnaya_copy_11_04\u0022,\u0022utm_content\u0022:\u002214635340021\u0022,\u0022utm_term\u0022:\u0022---autotargeting\u0022},\u0022gclid\u0022:null},\u0022client\u0022:{\u0022yaId\u0022:\u00221692381430510906454\u0022},\u0022pages\u0022:{\u0022list\u0022:[[\u0022https:\/\/tingard.ru\/?utm_source=yandex_kirill\u0026utm_medium=cpc\u0026utm_campaign=pogreba_rozn_umnaya_copy_11_04\u0026utm_content=14635340021\u0026utm_term=---autotargeting\u0026roistat=direct14_context_14635340021_---autotargeting\u0026roistat_referrer=samaraonline24.ru\u0026roistat_pos=none_0\u0026yclid=4841844236743664989\u0022,1692642972,\u0022TINGARD \u2014 \u0431\u0435\u0441\u0448\u043e\u0432\u043d\u044b\u0439 \u043f\u043b\u0430\u0441\u0442\u0438\u043a\u043e\u0432\u044b\u0439 \u043f\u043e\u0433\u0440\u0435\u0431 #\u0022],[\u0022https:\/\/tingard.ru\/?utm_source=yandex_kirill\u0026utm_medium=cpc\u0026utm_campaign=pogreba_rozn_umnaya_copy_11_04\u0026utm_content=14635340021\u0026utm_term=---autotargeting\u0026roistat=direct14_context_14635340021_---autotargeting\u0026roistat_referrer=samaraonline24.ru\u0026roistat_pos=none_0\u0026yclid=4841904631902954903\u0022,1692643202,\u0022TINGARD \u2014 \u0431\u0435\u0441\u0448\u043e\u0432\u043d\u044b\u0439 \u043f\u043b\u0430\u0441\u0442\u0438\u043a\u043e\u0432\u044b\u0439 \u043f\u043e\u0433\u0440\u0435\u0431 #\u0022]]},\u0022gid\u0022:null},{\u0022url\u0022:\u0022https:\/\/tingard.ru\/?utm_source=yandex\u0026utm_medium=cpc\u0026utm_campaign=pogreba_rozn_umnaya_ozk_07_01\u0026utm_content=16219659956\u0026utm_term=---autotargeting\u0026roistat=direct14_context_111793320_rsMasterGroup_rsMasterBanner_---autotargeting\u0026yclid=418662447111995391\u0022,\u0022device\u0022:{\u0022isMobile\u0022:true},\u0022tags\u0022:{\u0022ts\u0022:1692800343,\u0022list\u0022:{\u0022utm_source\u0022:\u0022yandex\u0022,\u0022utm_medium\u0022:\u0022cpc\u0022,\u0022utm_campaign\u0022:\u0022mk_rf\u0022,\u0022utm_content\u0022:\u002214460640504\u0022,\u0022utm_term\u0022:\u0022---autotargeting\u0022},\u0022gclid\u0022:null},\u0022client\u0022:{\u0022yaId\u0022:\u00221692381430510906454\u0022},\u0022pages\u0022:{\u0022list\u0022:[[\u0022https:\/\/tingard.ru\/?utm_source=yandex\u0026utm_medium=cpc\u0026utm_campaign=mk_rf\u0026utm_content=14460640504\u0026utm_term=---autotargeting\u0026yclid=4883098160499058001\u0022,1692800343,\u0022TINGARD \u2014 \u0431\u0435\u0441\u0448\u043e\u0432\u043d\u044b\u0439 \u043f\u043b\u0430\u0441\u0442\u0438\u043a\u043e\u0432\u044b\u0439 \u043f\u043e\u0433\u0440\u0435\u0431 #\u0022]]},\u0022gid\u0022:null}]}}","UF_CRM_1517561552":"3411018","COMMENTS":null,"TITLE":"\u0420\u0430\u0441\u0441\u0440\u043e\u0447\u043a\u0430 (\u0443\u0437\u043d\u0430\u0442\u044c \u043f\u043e\u0434\u0440\u043e\u0431\u043d\u043e\u0441\u0442\u0438)","UF_CRM_1449663065":68,"ASSIGNED_BY_ID":58,"SOURCE_ID":9}}},"result":{"result":540040,"time":{"start":1724165391.214215,"finish":1724165392.25229,"duration":1.0380749702453613,"processing":0.99660205841064453,"date_start":"2024-08-20T17:49:51+03:00","date_finish":"2024-08-20T17:49:52+03:00","operating_reset_at":1724165991,"operating":3.5962419509887695}}}