{"url":"https:\/\/tinger.bitrix24.ru\/rest\/190\/42tc2gxq8od2858i\/crm.lead.add.json","info":{"url":"https:\/\/tinger.bitrix24.ru\/rest\/190\/42tc2gxq8od2858i\/crm.lead.add.json","content_type":"application\/json; charset=utf-8","http_code":200,"header_size":1030,"request_size":207,"filetime":-1,"ssl_verify_result":0,"redirect_count":0,"total_time":1.5396399999999999,"namelookup_time":0.0023609999999999998,"connect_time":0.010855999999999999,"pretransfer_time":0.02666,"size_upload":1852,"size_download":287,"speed_download":186,"speed_upload":1203,"download_content_length":-1,"upload_content_length":1852,"starttransfer_time":0.026662000000000002,"redirect_time":0,"redirect_url":"","primary_ip":"95.163.249.170","certinfo":[],"primary_port":443,"local_ip":"188.225.57.79","local_port":49170,"http_version":3,"protocol":2,"ssl_verifyresult":0,"scheme":"HTTPS","appconnect_time_us":26562,"connect_time_us":10856,"namelookup_time_us":2361,"pretransfer_time_us":26660,"redirect_time_us":0,"starttransfer_time_us":26662,"total_time_us":1539640},"params":{"method":"crm.lead.add","params":{"fields":{"NAME":"\u0412\u043b\u0430\u0434\u0438\u043c\u0438\u0440","PHONE":[{"VALUE":"+7 (996) 029-72-93","VALUE_TYPE":"WORK"}],"EMAIL":[{"VALUE":null,"VALUE_TYPE":"WORK"}],"TRACE":"{\u0022url\u0022:\u0022https:\/\/tinger.ru\/catalog\/perelomka\/?utm_source=yandex\u0026utm_medium=cpc\u0026utm_campaign=mk_click_tf4\u0026utm_content=16219861897\u0026utm_term=---autotargeting\u0026yclid=16422944048646717439\u0022,\u0022ref\u0022:\u0022https:\/\/yandex.ru\/games\/app\/210231\u0022,\u0022device\u0022:{\u0022isMobile\u0022:false},\u0022tags\u0022:{\u0022ts\u0022:1721758688,\u0022list\u0022:{\u0022utm_source\u0022:\u0022yandex\u0022,\u0022utm_medium\u0022:\u0022cpc\u0022,\u0022utm_campaign\u0022:\u0022mk_click_tf4\u0022,\u0022utm_content\u0022:\u002216219861897\u0022,\u0022utm_term\u0022:\u0022---autotargeting\u0022},\u0022gclid\u0022:null},\u0022client\u0022:{\u0022gaId\u0022:\u00221912885159.1721758688\u0022,\u0022yaId\u0022:\u00221721758688490931426\u0022},\u0022pages\u0022:{\u0022list\u0022:[[\u0022https:\/\/tinger.ru\/catalog\/perelomka\/?utm_source=yandex\u0026utm_medium=cpc\u0026utm_campaign=mk_click_tf4\u0026utm_content=16219861897\u0026utm_term=---autotargeting\u0026yclid=16422944048646717439\u0022,1721758688,\u0022\u041a\u0443\u043f\u0438\u0442\u044c \u0432\u0435\u0437\u0434\u0435\u0445\u043e\u0434 \u043f\u0435\u0440\u0435\u043b\u043e\u043c\u043a\u0443 TINGER TF4 \u0432 \u0420\u0022]]},\u0022gid\u0022:null,\u0022previous\u0022:{\u0022list\u0022:[]}}","UF_CRM_1517561552":"3698189","COMMENTS":null,"TITLE":"\u0417\u0430\u043f\u0438\u0441\u0430\u0442\u044c\u0441\u044f \u043d\u0430 \u0447\u0430\u0441\u043e\u0432\u043e\u0439 \u0442\u0435\u0441\u0442-\u0434\u0440\u0430\u0439\u0432 \u043f\u0435\u0440\u0435\u043b\u043e\u043c\u043a\u0438 TINGER","UF_CRM_1449663065":64,"ASSIGNED_BY_ID":58,"SOURCE_ID":"WEB"}}},"result":{"result":532044,"time":{"start":1721758476.2485631,"finish":1721758477.697278,"duration":1.4487149715423584,"processing":1.4200289249420166,"date_start":"2024-07-23T21:14:36+03:00","date_finish":"2024-07-23T21:14:37+03:00","operating_reset_at":1721759076,"operating":1.419964075088501}}}