{"url":"https:\/\/tinger.bitrix24.ru\/rest\/190\/42tc2gxq8od2858i\/crm.lead.add.json","info":{"url":"https:\/\/tinger.bitrix24.ru\/rest\/190\/42tc2gxq8od2858i\/crm.lead.add.json","content_type":"application\/json; charset=utf-8","http_code":200,"header_size":1035,"request_size":207,"filetime":-1,"ssl_verify_result":0,"redirect_count":0,"total_time":1.8364750000000001,"namelookup_time":0.0029729999999999999,"connect_time":0.011499000000000001,"pretransfer_time":0.030809,"size_upload":3314,"size_download":289,"speed_download":157,"speed_upload":1805,"download_content_length":-1,"upload_content_length":3314,"starttransfer_time":0.030811999999999999,"redirect_time":0,"redirect_url":"","primary_ip":"178.248.236.39","certinfo":[],"primary_port":443,"local_ip":"188.225.57.79","local_port":33266,"http_version":3,"protocol":2,"ssl_verifyresult":0,"scheme":"HTTPS","appconnect_time_us":30688,"connect_time_us":11499,"namelookup_time_us":2973,"pretransfer_time_us":30809,"redirect_time_us":0,"starttransfer_time_us":30812,"total_time_us":1836475},"params":{"method":"crm.lead.add","params":{"fields":{"UF_CRM_1449663065":null,"SOURCE_ID":"CONFERENCE","ASSIGNED_BY_ID":58,"TITLE":null,"NAME":null,"PHONE":[{"VALUE":null,"VALUE_TYPE":"WORK"}],"EMAIL":[{"VALUE":null,"VALUE_TYPE":"WORK"}],"COMMENTS":null,"TRACE":"{\u0022url\u0022:\u0022https:\/\/tingerplast.ru\/account\/create-request\/\u0022,\u0022ref\u0022:\u0022https:\/\/www.google.com\/\u0022,\u0022device\u0022:{\u0022isMobile\u0022:false},\u0022tags\u0022:{\u0022ts\u0022:1715758334,\u0022list\u0022:{},\u0022gclid\u0022:null},\u0022client\u0022:{\u0022yaId\u0022:\u00221715596671507573756\u0022},\u0022pages\u0022:{\u0022list\u0022:[[\u0022https:\/\/tingerplast.ru\/account\/create-account\/\u0022,1715758885,\u0022\u0420\u0435\u0433\u0438\u0441\u0442\u0440\u0430\u0446\u0438\u044f \u0430\u043a\u043a\u0430\u0443\u043d\u0442\u0430 \u0434\u0438\u043b\u0435\u0440\u0430\u0022],[\u0022https:\/\/tingerplast.ru\/account\/change-password\/\u0022,1715759041,\u0022\u0421\u043c\u0435\u043d\u0430 \u043f\u0430\u0440\u043e\u043b\u044f\u0022],[\u0022https:\/\/tingerplast.ru\/account\/\u0022,1715759103,\u0022\u041b\u0438\u0447\u043d\u044b\u0439 \u043a\u0430\u0431\u0438\u043d\u0435\u0442 \u0434\u0438\u043b\u0435\u0440\u0430\u0022],[\u0022https:\/\/tingerplast.ru\/account\/create-request\/\u0022,1715759152,\u0022\u041b\u0438\u0447\u043d\u044b\u0439 \u043a\u0430\u0431\u0438\u043d\u0435\u0442 \u0434\u0438\u043b\u0435\u0440\u0430\u0022]]},\u0022gid\u0022:null,\u0022previous\u0022:{\u0022list\u0022:[{\u0022url\u0022:\u0022https:\/\/tingerplast.ru\/account\/create-account\/\u0022,\u0022device\u0022:{\u0022isMobile\u0022:false},\u0022tags\u0022:{\u0022ts\u0022:1715596671,\u0022list\u0022:{},\u0022gclid\u0022:null},\u0022client\u0022:{\u0022yaId\u0022:\u00221715596671507573756\u0022},\u0022pages\u0022:{\u0022list\u0022:[[\u0022https:\/\/tingerplast.ru\/account\/create-account\/\u0022,1715596671,\u0022\u0410\u0432\u0442\u043e\u0440\u0438\u0437\u0430\u0446\u0438\u044f\u0022]]},\u0022gid\u0022:null},{\u0022url\u0022:\u0022https:\/\/tingerplast.ru\/account\/create-account\/\u0022,\u0022device\u0022:{\u0022isMobile\u0022:false},\u0022tags\u0022:{\u0022ts\u0022:1715599301,\u0022list\u0022:{},\u0022gclid\u0022:null},\u0022client\u0022:{\u0022yaId\u0022:\u00221715596671507573756\u0022},\u0022pages\u0022:{\u0022list\u0022:[[\u0022https:\/\/tingerplast.ru\/account\/message\/\u0022,1715600981,\u0022\u041b\u0438\u0447\u043d\u044b\u0439 \u043a\u0430\u0431\u0438\u043d\u0435\u0442 \u0434\u0438\u043b\u0435\u0440\u0430\u0022],[\u0022https:\/\/tingerplast.ru\/account\/auth\/\u0022,1715601168,\u0022\u0412\u0445\u043e\u0434 \u0432 \u0430\u043a\u043a\u0430\u0443\u043d\u0442 \u0434\u0438\u043b\u0435\u0440\u0430\u0022],[\u0022https:\/\/tingerplast.ru\/account\/create-request\/\u0022,1715601179,\u0022\u041b\u0438\u0447\u043d\u044b\u0439 \u043a\u0430\u0431\u0438\u043d\u0435\u0442 \u0434\u0438\u043b\u0435\u0440\u0430\u0022],[\u0022https:\/\/tingerplast.ru\/account\/create-account\/\u0022,1715601187,\u0022\u0420\u0435\u0433\u0438\u0441\u0442\u0440\u0430\u0446\u0438\u044f \u0430\u043a\u043a\u0430\u0443\u043d\u0442\u0430 \u0434\u0438\u043b\u0435\u0440\u0430\u0022],[\u0022https:\/\/tingerplast.ru\/account\/download\/\u0022,1715757983,\u0022\u041b\u0438\u0447\u043d\u044b\u0439 \u043a\u0430\u0431\u0438\u043d\u0435\u0442 \u0434\u0438\u043b\u0435\u0440\u0430\u0022]]},\u0022gid\u0022:null}]}}"}}},"result":{"result":512340,"time":{"start":1715759190.3221321,"finish":1715759192.0456951,"duration":1.7235629558563232,"processing":1.6893620491027832,"date_start":"2024-05-15T10:46:30+03:00","date_finish":"2024-05-15T10:46:32+03:00","operating_reset_at":1715759790,"operating":1.6893291473388672}}}