{"url":"https:\/\/tinger.bitrix24.ru\/rest\/190\/42tc2gxq8od2858i\/crm.lead.add.json","info":{"url":"https:\/\/tinger.bitrix24.ru\/rest\/190\/42tc2gxq8od2858i\/crm.lead.add.json","content_type":"application\/json; charset=utf-8","http_code":200,"header_size":1034,"request_size":207,"filetime":-1,"ssl_verify_result":0,"redirect_count":0,"total_time":1.5810759999999999,"namelookup_time":0.018013999999999999,"connect_time":0.028514999999999999,"pretransfer_time":0.046990999999999998,"size_upload":6331,"size_download":288,"speed_download":182,"speed_upload":4004,"download_content_length":-1,"upload_content_length":6331,"starttransfer_time":0.046996999999999997,"redirect_time":0,"redirect_url":"","primary_ip":"46.235.53.69","certinfo":[],"primary_port":443,"local_ip":"188.225.57.79","local_port":50106,"http_version":3,"protocol":2,"ssl_verifyresult":0,"scheme":"HTTPS","appconnect_time_us":46772,"connect_time_us":28515,"namelookup_time_us":18014,"pretransfer_time_us":46991,"redirect_time_us":0,"starttransfer_time_us":46997,"total_time_us":1581076},"params":{"method":"crm.lead.add","params":{"fields":{"NAME":"\u0422\u0430\u0433\u0438\u0440","PHONE":[{"VALUE":"8 (917) 399-84-52","VALUE_TYPE":"WORK"}],"EMAIL":[{"VALUE":null,"VALUE_TYPE":"WORK"}],"TRACE":"{\u0022url\u0022:\u0022https:\/\/tingard.ru\/?utm_source=yandex_kirill\u0026utm_medium=cpc\u0026utm_campaign=pogreba_rozn_umnaya_click_perezapusk_15_01\u0026utm_content=15676822925\u0026utm_term=---autotargeting\u0026roistat=direct14_context_15676822925_---autotargeting\u0026roistat_referrer=www.gismeteo.ru\u0026roistat_pos=none_0\u0026yclid=6278910753133559807\u0022,\u0022ref\u0022:\u0022https:\/\/www.gismeteo.ru\/\u0022,\u0022device\u0022:{\u0022isMobile\u0022:true},\u0022tags\u0022:{\u0022ts\u0022:1720798730,\u0022list\u0022:{\u0022utm_source\u0022:\u0022yandex_kirill\u0022,\u0022utm_medium\u0022:\u0022cpc\u0022,\u0022utm_campaign\u0022:\u0022pogreba_rozn_umnaya_click_perezapusk_15_01\u0022,\u0022utm_content\u0022:\u002215676822925\u0022,\u0022utm_term\u0022:\u0022---autotargeting\u0022},\u0022gclid\u0022:null},\u0022client\u0022:{\u0022yaId\u0022:\u00221713278142156521004\u0022},\u0022pages\u0022:{\u0022list\u0022:[[\u0022https:\/\/tingard.ru\/?utm_source=yandex_kirill\u0026utm_medium=cpc\u0026utm_campaign=pogreba_rozn_umnaya_click_perezapusk_15_01\u0026utm_content=15676822925\u0026utm_term=---autotargeting\u0026roistat=direct14_context_15676822925_---autotargeting\u0026roistat_referrer=www.gismeteo.ru\u0026roistat_pos=none_0\u0026yclid=6278910753133559807\u0022,1720798730,\u0022TINGARD \u2014 \u0431\u0435\u0441\u0448\u043e\u0432\u043d\u044b\u0439 \u043f\u043b\u0430\u0441\u0442\u0438\u043a\u043e\u0432\u044b\u0439 \u043f\u043e\u0433\u0440\u0435\u0431 \u2116\u0022]]},\u0022gid\u0022:null,\u0022previous\u0022:{\u0022list\u0022:[{\u0022url\u0022:\u0022https:\/\/tingard.ru\/?utm_source=yandex_kirill\u0026utm_medium=cpc\u0026utm_campaign=pogreba_rozn_umnaya_click_perezapusk_15_01\u0026utm_content=15676822925\u0026utm_term=---autotargeting\u0026roistat=direct14_context_15676822925_---autotargeting\u0026roistat_referrer=www.gismeteo.ru\u0026roistat_pos=none_0\u0026yclid=2531688023007952895\u0022,\u0022ref\u0022:\u0022https:\/\/synapsenet.ru\/\u0022,\u0022device\u0022:{\u0022isMobile\u0022:true},\u0022tags\u0022:{\u0022ts\u0022:1713278141,\u0022list\u0022:{\u0022utm_source\u0022:\u0022yandex_kirill\u0022,\u0022utm_medium\u0022:\u0022cpc\u0022,\u0022utm_campaign\u0022:\u0022pogreba_rozn_umnaya_click_perezapusk_15_01\u0022,\u0022utm_content\u0022:\u002215676822864\u0022,\u0022utm_term\u0022:\u0022---autotargeting\u0022},\u0022gclid\u0022:null},\u0022client\u0022:{\u0022yaId\u0022:\u00221713278142156521004\u0022},\u0022pages\u0022:{\u0022list\u0022:[[\u0022https:\/\/tingard.ru\/?utm_source=yandex_kirill\u0026utm_medium=cpc\u0026utm_campaign=pogreba_rozn_umnaya_click_perezapusk_15_01\u0026utm_content=15676822864\u0026utm_term=---autotargeting\u0026roistat=direct14_context_15676822864_---autotargeting\u0026roistat_referrer=synapsenet.ru\u0026roistat_pos=none_0\u0026yclid=5103920558725136383\u0022,1713278142,\u0022TINGARD \u2014 \u0431\u0435\u0441\u0448\u043e\u0432\u043d\u044b\u0439 \u043f\u043b\u0430\u0441\u0442\u0438\u043a\u043e\u0432\u044b\u0439 \u043f\u043e\u0433\u0440\u0435\u0431 \u2116\u0022]]},\u0022gid\u0022:null},{\u0022url\u0022:\u0022https:\/\/tingard.ru\/?utm_source=yandex_kirill\u0026utm_medium=cpc\u0026utm_campaign=pogreba_rozn_umnaya_click_perezapusk_15_01\u0026utm_content=15676822864\u0026utm_term=---autotargeting\u0026roistat=direct14_context_15676822864_---autotargeting\u0026roistat_referrer=www.gismeteo.ru\u0026roistat_pos=none_0\u0026yclid=5053469600374063103\u0022,\u0022ref\u0022:\u0022https:\/\/www.gismeteo.ru\/\u0022,\u0022device\u0022:{\u0022isMobile\u0022:true},\u0022tags\u0022:{\u0022ts\u0022:1714100887,\u0022list\u0022:{\u0022utm_source\u0022:\u0022yandex_kirill\u0022,\u0022utm_medium\u0022:\u0022cpc\u0022,\u0022utm_campaign\u0022:\u0022pogreba_rozn_umnaya_click_perezapusk_15_01\u0022,\u0022utm_content\u0022:\u002215676822925\u0022,\u0022utm_term\u0022:\u0022---autotargeting\u0022},\u0022gclid\u0022:null},\u0022client\u0022:{\u0022yaId\u0022:\u00221713278142156521004\u0022},\u0022pages\u0022:{\u0022list\u0022:[[\u0022https:\/\/tingard.ru\/?utm_source=yandex_kirill\u0026utm_medium=cpc\u0026utm_campaign=pogreba_rozn_umnaya_click_perezapusk_15_01\u0026utm_content=15676822925\u0026utm_term=---autotargeting\u0026roistat=direct14_context_15676822925_---autotargeting\u0026roistat_referrer=www.gismeteo.ru\u0026roistat_pos=none_0\u0026yclid=2531688023007952895\u0022,1714100887,\u0022TINGARD \u2014 \u0431\u0435\u0441\u0448\u043e\u0432\u043d\u044b\u0439 \u043f\u043b\u0430\u0441\u0442\u0438\u043a\u043e\u0432\u044b\u0439 \u043f\u043e\u0433\u0440\u0435\u0431 \u2116\u0022]]},\u0022gid\u0022:null},{\u0022url\u0022:\u0022https:\/\/tingard.ru\/?utm_source=yandex_kirill\u0026utm_medium=cpc\u0026utm_campaign=pogreba_rozn_umnaya_click_perezapusk_15_01\u0026utm_content=15676822925\u0026utm_term=---autotargeting\u0026roistat=direct14_context_15676822925_---autotargeting\u0026roistat_referrer=www.gismeteo.ru\u0026roistat_pos=none_0\u0026yclid=6278910753133559807\u0022,\u0022device\u0022:{\u0022isMobile\u0022:true},\u0022tags\u0022:{\u0022ts\u0022:1714704297,\u0022list\u0022:{\u0022utm_source\u0022:\u0022yandex_kirill\u0022,\u0022utm_medium\u0022:\u0022cpc\u0022,\u0022utm_campaign\u0022:\u0022pogreba_rozn_umnaya_click_perezapusk_15_01\u0022,\u0022utm_content\u0022:\u002215676822864\u0022,\u0022utm_term\u0022:\u0022---autotargeting\u0022},\u0022gclid\u0022:null},\u0022client\u0022:{\u0022yaId\u0022:\u00221713278142156521004\u0022},\u0022pages\u0022:{\u0022list\u0022:[[\u0022https:\/\/tingard.ru\/?utm_source=yandex_kirill\u0026utm_medium=cpc\u0026utm_campaign=pogreba_rozn_umnaya_click_perezapusk_15_01\u0026utm_content=15676822864\u0026utm_term=---autotargeting\u0026roistat=direct14_context_15676822864_---autotargeting\u0026roistat_referrer=www.gismeteo.ru\u0026roistat_pos=none_0\u0026yclid=5053469600374063103\u0022,1714704297,\u0022TINGARD \u2014 \u0431\u0435\u0441\u0448\u043e\u0432\u043d\u044b\u0439 \u043f\u043b\u0430\u0441\u0442\u0438\u043a\u043e\u0432\u044b\u0439 \u043f\u043e\u0433\u0440\u0435\u0431 \u2116\u0022]]},\u0022gid\u0022:null}]}}","UF_CRM_1517561552":"3334319","COMMENTS":"undefined","TITLE":"\u041f\u043e\u0434\u043e\u0431\u0440\u0430\u0442\u044c \u043f\u043e\u0433\u0440\u0435\u0431 (\u043a\u0432\u0438\u0437)","UF_CRM_1449663065":68,"ASSIGNED_BY_ID":58,"SOURCE_ID":9}}},"result":{"result":528298,"time":{"start":1720798911.182864,"finish":1720798912.6416121,"duration":1.4587481021881104,"processing":1.4289629459381104,"date_start":"2024-07-12T18:41:51+03:00","date_finish":"2024-07-12T18:41:52+03:00","operating_reset_at":1720799511,"operating":1.4289381504058838}}}