{"url":"https:\/\/tinger.bitrix24.ru\/rest\/190\/42tc2gxq8od2858i\/crm.lead.add.json","info":{"url":"https:\/\/tinger.bitrix24.ru\/rest\/190\/42tc2gxq8od2858i\/crm.lead.add.json","content_type":"application\/json; charset=utf-8","http_code":200,"header_size":1028,"request_size":207,"filetime":-1,"ssl_verify_result":0,"redirect_count":0,"total_time":2.726048,"namelookup_time":0.0018600000000000001,"connect_time":0.003052,"pretransfer_time":0.01592,"size_upload":4554,"size_download":288,"speed_download":105,"speed_upload":1670,"download_content_length":-1,"upload_content_length":4554,"starttransfer_time":0.015923,"redirect_time":0,"redirect_url":"","primary_ip":"178.132.201.50","certinfo":[],"primary_port":443,"local_ip":"188.225.57.79","local_port":60862,"http_version":3,"protocol":2,"ssl_verifyresult":0,"scheme":"HTTPS","appconnect_time_us":15824,"connect_time_us":3052,"namelookup_time_us":1860,"pretransfer_time_us":15920,"redirect_time_us":0,"starttransfer_time_us":15923,"total_time_us":2726048},"params":{"method":"crm.lead.add","params":{"fields":{"NAME":"\u0410\u043b\u0435\u043a\u0441\u0430\u043d\u0434\u0440","PHONE":[{"VALUE":null,"VALUE_TYPE":"WORK"}],"EMAIL":[{"VALUE":"9439499@mail.ru","VALUE_TYPE":"WORK"}],"COMMENTS":"\u003Cb\u003E\u0412\u044b\u0431\u0440\u0430\u043d\u043d\u0430\u044f \u043c\u043e\u0434\u0435\u043b\u044c: \u003C\/b\u003E TINGER Dog\u003Cbr\u003E\u003Cb\u003E\u0412\u044b\u0431\u0440\u0430\u043d\u043d\u044b\u0435 \u043c\u043e\u0434\u0438\u0444\u0438\u043a\u0430\u0446\u0438\u044f \u0438 \u0434\u0432\u0438\u0433\u0430\u0442\u0435\u043b\u044c:\u003C\/b\u003E KIT \u043a\u043e\u043c\u043f\u043b\u0435\u043a\u0442 (\u0431\u0435\u0437 \u0434\u0432\u0438\u0433\u0430\u0442\u0435\u043b\u044f)\u003Cbr\u003E\u003Cb\u003E\u0412\u044b\u0431\u0440\u0430\u043d\u043d\u044b\u0439 \u043f\u0430\u043a\u0435\u0442:\u003C\/b\u003E \u003Cbr\u003E\u003Cb\u003E\u0412\u044b\u0433\u043e\u0434\u0430 \u043e\u0442 \u043f\u0430\u043a\u0435\u0442\u0430:\u003C\/b\u003E 0 \u0440\u0443\u0431.\u003Cbr\u003E\u003Cb\u003E\u0412\u044b\u0431\u0440\u0430\u043d\u043d\u044b\u0439 \u0446\u0432\u0435\u0442:\u003C\/b\u003E \u043a\u0430\u043c\u0443\u0444\u043b\u044f\u0436 \u0442\u0451\u043c\u043d\u044b\u0439\u003Cbr\u003E\u003Cb\u003E\u0412\u044b\u0431\u0440\u0430\u043d\u043d\u044b\u0435 \u043e\u043f\u0446\u0438\u0438:\u003C\/b\u003E\u003Cbr\u003E\u2014 \u0412\u044b\u0431\u043e\u0440 \u0446\u0432\u0435\u0442\u0430 \u043a\u0430\u043f\u043e\u0442\u0430 \u003Cbr\u003E\u2014 \u0421\u0430\u043d\u0438-\u0432\u043e\u043b\u043e\u043a\u0443\u0448\u0438 \u003Cbr\u003E\u2014 \u0421\u0438\u0434\u0435\u043d\u044c\u0435 \u043c\u044f\u0433\u043a\u043e\u0435 \u0441\u043a\u043b\u0430\u0434\u043d\u043e\u0435 \u003Cbr\u003E\u2014 \u0421\u0442\u0430\u043d\u0434\u0430\u0440\u0442\u043d\u043e\u0435 \u0440\u0443\u043b\u0435\u0432\u043e\u0435 \u0443\u043f\u0440\u0430\u0432\u043b\u0435\u043d\u0438\u0435 \u003Cbr\u003E\u003Cb\u003E\u0411\u0430\u0437\u043e\u0432\u0430\u044f \u0441\u0442\u043e\u0438\u043c\u043e\u0441\u0442\u044c \u043c\u043e\u0434\u0435\u043b\u0438:\u003C\/b\u003E 118\u00a0500 \u0440\u0443\u0431.\u003Cbr\u003E\u003Cb\u003E\u0421\u0442\u043e\u0438\u043c\u043e\u0441\u0442\u044c \u0434\u043e\u043f\u043e\u043b\u043d\u0438\u0442\u0435\u043b\u044c\u043d\u043e\u0433\u043e \u043e\u0431\u043e\u0440\u0443\u0434\u043e\u0432\u0430\u043d\u0438\u044f:\u003C\/b\u003E 31\u00a0200 \u0440\u0443\u0431.\u003Cbr\u003E\u003Cb\u003E\u0418\u0442\u043e\u0433\u043e:\u003C\/b\u003E 149\u00a0700 \u0440\u0443\u0431.","TRACE":"{\u0022url\u0022:\u0022https:\/\/tinger.ru\/configurator\/\u0022,\u0022ref\u0022:\u0022https:\/\/yandex.ru\/images\/search?from=tabbar\u0026text=%D0%B8%D1%80%D0%B8%D0%BD%D0%B0%20%D0%BC%D0%B5%D0%B4%D0%B2%D0%B5%D0%B4%D0%B5%D0%B2%D0%B0\u0022,\u0022device\u0022:{\u0022isMobile\u0022:false},\u0022tags\u0022:{\u0022ts\u0022:1695883942,\u0022list\u0022:{\u0022utm_source\u0022:\u0022yandex\u0022,\u0022utm_medium\u0022:\u0022cpc\u0022,\u0022utm_campaign\u0022:\u0022mk_auto_tf4_click\u0022,\u0022utm_content\u0022:\u002215014346939\u0022,\u0022utm_term\u0022:\u0022---autotargeting\u0022},\u0022gclid\u0022:null},\u0022client\u0022:{\u0022gaId\u0022:\u00221390275290.1695883943\u0022,\u0022yaId\u0022:\u00221695883943418647430\u0022},\u0022pages\u0022:{\u0022list\u0022:[[\u0022https:\/\/tinger.ru\/catalog\/perelomka\/?utm_source=yandex\u0026utm_medium=cpc\u0026utm_campaign=mk_auto_tf4_click\u0026utm_content=15014346939\u0026utm_term=---autotargeting\u0026yclid=5691444911131911269\u0022,1695883943,\u0022\u041a\u0443\u043f\u0438\u0442\u044c \u0432\u0435\u0437\u0434\u0435\u0445\u043e\u0434 \u043f\u0435\u0440\u0435\u043b\u043e\u043c\u043a\u0443 TINGER TF4 \u0432 \u0420\u0022],[\u0022https:\/\/tinger.ru\/catalog\/tinger-dog\/\u0022,1695884162,\u0022\u041c\u043e\u0442\u043e\u0431\u0443\u043a\u0441\u0438\u0440\u043e\u0432\u0449\u0438\u043a TINGER Dog\u0022],[\u0022https:\/\/tinger.ru\/configurator\/\u0022,1695884183,\u0022\u041a\u043e\u043d\u0444\u0438\u0433\u0443\u0440\u0430\u0442\u043e\u0440 \u0432\u0435\u0437\u0434\u0435\u0445\u043e\u0434\u043d\u043e\u0439 \u0442\u0435\u0445\u043d\u0438\u043a\u0438\u0022]]},\u0022gid\u0022:null,\u0022previous\u0022:{\u0022list\u0022:[]}}","TITLE":"\u0421\u043a\u043e\u043d\u0444\u0438\u0433\u0443\u0440\u0438\u0440\u043e\u0432\u0430\u043d\u043d\u044b\u0439 \u0432\u0435\u0437\u0434\u0435\u0445\u043e\u0434 (\u043a\u043b\u0438\u0435\u043d\u0442 \u043e\u0442\u043f\u0440\u0430\u0432\u0438\u043b \u043a\u043e\u043c\u043f\u043b\u0435\u043a\u0442\u0430\u0446\u0438\u044e \u0441\u0435\u0431\u0435 \u043d\u0430 email)","UF_CRM_1449663065":64,"ASSIGNED_BY_ID":58,"SOURCE_ID":"WEB"}}},"result":{"result":473212,"time":{"start":1695884233.371208,"finish":1695884236.0052691,"duration":2.6340610980987549,"processing":2.5857620239257812,"date_start":"2023-09-28T09:57:13+03:00","date_finish":"2023-09-28T09:57:16+03:00","operating_reset_at":1695884833,"operating":4.9447293281555176}}}