{"url":"https:\/\/tinger.bitrix24.ru\/rest\/190\/42tc2gxq8od2858i\/crm.lead.add.json","info":{"url":"https:\/\/tinger.bitrix24.ru\/rest\/190\/42tc2gxq8od2858i\/crm.lead.add.json","content_type":"application\/json; charset=utf-8","http_code":200,"header_size":1128,"request_size":208,"filetime":-1,"ssl_verify_result":0,"redirect_count":0,"total_time":4.7137969999999996,"namelookup_time":0.017697999999999998,"connect_time":0.019081000000000001,"pretransfer_time":0.034495999999999999,"size_upload":10829,"size_download":286,"speed_download":60,"speed_upload":2297,"download_content_length":-1,"upload_content_length":10829,"starttransfer_time":0.034499000000000002,"redirect_time":0,"redirect_url":"","primary_ip":"178.132.201.51","certinfo":[],"primary_port":443,"local_ip":"188.225.57.79","local_port":33080,"http_version":3,"protocol":2,"ssl_verifyresult":0,"scheme":"HTTPS","appconnect_time_us":34239,"connect_time_us":19081,"namelookup_time_us":17698,"pretransfer_time_us":34496,"redirect_time_us":0,"starttransfer_time_us":34499,"total_time_us":4713797},"params":{"method":"crm.lead.add","params":{"fields":{"UF_CRM_1449663065":14016,"SOURCE_ID":"CONFERENCE","ASSIGNED_BY_ID":58,"TITLE":"\u041f\u043e\u0437\u0432\u043e\u043d\u0438\u0442\u0435 \u043c\u043d\u0435","NAME":"\u043b\u044e\u0434\u043c\u0438\u043b\u0430","PHONE":[{"VALUE":"8 (912) 986-50-30","VALUE_TYPE":"WORK"}],"EMAIL":[{"VALUE":null,"VALUE_TYPE":"WORK"}],"COMMENTS":"","TRACE":"{\u0022url\u0022:\u0022https:\/\/tingerplast.ru\/dopolnitelnaya-komplektatsiya\/montazhnyy-komplekt\/\u0022,\u0022ref\u0022:\u0022https:\/\/www.google.com\/\u0022,\u0022device\u0022:{\u0022isMobile\u0022:false},\u0022tags\u0022:{\u0022ts\u0022:1686277843,\u0022list\u0022:{},\u0022gclid\u0022:null},\u0022client\u0022:{\u0022yaId\u0022:\u00221685719550582758081\u0022},\u0022pages\u0022:{\u0022list\u0022:[[\u0022https:\/\/tingerplast.ru\/dopolnitelnaya-komplektatsiya\/montazhnyy-komplekt\/\u0022,1686277843,\u0022\u041c\u043e\u043d\u0442\u0430\u0436\u043d\u044b\u0439 \u043a\u043e\u043c\u043f\u043b\u0435\u043a\u0442\u0022]]},\u0022gid\u0022:null,\u0022previous\u0022:{\u0022list\u0022:[{\u0022url\u0022:\u0022https:\/\/tingerplast.ru\/dopolnitelnaya-komplektatsiya\/montazhnyy-komplekt\/\u0022,\u0022ref\u0022:\u0022https:\/\/www.yandex.ru\/clck\/jsredir?from=www.yandex.ru%3Bsearch%2F%3Bweb%3B%3B\u0026text=\u0026etext=2202.pTF_h5sUCIfr-FFJqYjM18_5-FbQsbzeeE7IoYGttMfopinNvNtNWM1N28htfAo0orGmDw3B3ivRxp_ooC91YrBj5M1jv3u0qrjsuuXRV7nslTMcRyNUaVZRXe_OugB_b3h0d292bmpzb2ZpdGdqYg.3e192e5011c38d3153ce2f714f837c8879eff1a3\u0026uuid=\u0026state=RsWHKQP_fPE,\u0026\u0026cst=AxbTlK7nwx4MdSOJ1ERoFkFkQvoetf7GBR89hz9EqdzEKlSX81x4VSWxE-FDeCqgiPCLgjj2RCkssa3FQ9NQ1xT9bSj2XXh9wqR-T8WmTv77ZnVYewHXPGhKJzKQsvN8TEfNWBCPMTPfGibCQBzN14fUfbtRmsvPxAF2etsapQxYcvxQwPh-iEVwg3s8YZFq4leuPaapnoOMo-t2uqq70-pTaLajUt-y-2edkMnLpmDL2oDAaJ7ZRQhCBwuKLDuymSnfd7K6FT91iF6MLeZjc6BFXV81Q9ADpc0tLqWmajlHwA50ZCU8El9oVEU6G8SGWwOxqa1CprklTAh7QA4xQD1zFt03rG5ECTHdOG4_8U7A6RU5vdQkMIICW08V5gjRb4WrXSWlkonCPfkikDiE7x_y385atQXbzhGv2i0gJTebbuSXQCJdjOMG6h2P7woj3axPqGnZzGpo2YbKrYsgcTaaUTP_buSvcDtxju1HbJzqTxqxVrfYk-0rY8pv0F7JLQDHSXoSkdJFkuijd_7tQep7mGffAcyQ7JxUMp0aVlwFmWfaEcUse6md6H2Uj4TxmWfFTTL2YkhDsMSdFJ5qF0bfuDNpidE-Nl65F85WG7E5UhXM8tHiFPXWXJNgycRIonGvo-aVpvAFH0BZIP3dD4WSNXzg-GfQ2xUftXpecMbgZzQ63h0JfYZsBBIhH6q4pH9poaOpTYd_cuXiR8E0PPfuE3tWrbZM7e0NdOXmFBoTgzeVc-CjHbqUrNPJgqHef5R9Ir5mnl2u8f1aL2wSpPlkk8CBX2qmtrgr7-IenqcguxVHesyc2NGlodPBiptJB7qifExc8PQR7WBrzzahOQz18kOK9It89M02YbV_LP62t-jbJTRTmOZPjAICv3CJgK4rZ7HaSNYvRJ_oDNS8rMNqfpEapdSOT939bwWYimpr-orIbnZv6hU1ik0NWiy9Hm55cv-4iWK06whaVBCpUJ-rZjLUmzwfhp0lzszw4YQ2ziXMM61LTJLUqWMRU_Evr5iVbQEC93lRakB5VYpo95hZpCwZUXZ8F7Zl9aREViLNaCBmgYa3rnEbKTP3lbXrEbhil4Oz-PIcWdGRPeobDVpn13E2JaTpi-J6Z2Uvj6IYdbasNejredi50dFdEYGJ9KkdLPG2HsByfAYVsp8Y2w,,\u0026data=VzFITjJTUER3MkI4MEY5djBaZUVGNVRmcWpQamJJbFJJZmlfTklndkE2ZEFWZHBfQUZ0alZWS1lqNGZMRHgyUEFKWVNvWVdWUVZJR1FMaGw1UGVkRkVOLUZfRm9LS1VyQnhrcFhTU3JZMXo1OThtdmFPQUhEdmpxbmR6Mkhha1dMWm1kV3dEM2M4S1F4Y1gtdHJ2OVJybGZCVXlHMEtFNTlTVnIzS2t4a2d3LA,,\u0026sign=aae7e9c2c11d7ff8e541c07855c83304\u0026keyno=WEB_0\u0026b64e=2\u0026ref=mag21uLwzH-rYVS7bq28kWLw8trSEHW3dPBfrt6pjwERQqMFOez8XHFXMwJQnHk2v0O50u72dRMTPZ07S-sAObIaQcfCBHxCtLdT5nyyglE3hn9FRkH_W7MQHxjMTiJoG5t69BvDlTnlTVxo-CaS361E1j5Rmm-Y1LD1EyFC7euxiPO66NBKwriU1GQ2rzUo9qG4KMVlxRl9ekREYPRcotHsASmcb14aCPkJmGqazR8RvJJ8_IgSENTTPaC3AH5VyqjcJq-j9MIbRbt6iidHAcuDT1lC4ou21WE5DwtQBMUxtHXV1bBky8Puo_oj1DDHqL2OPsbA8fXFKVfsuw6h_BdjUapxOFXVBbhfRwP8NcI7bPgV8evpLxyQa6cTV2Iq\u0026l10n=ru\u0026cts=1685719509946%40%40events%3D%5B%7B%22event%22%3A%22click%22%2C%22id%22%3A%222_60mkw05-00%22%2C%22cts%22%3A1685719509946%2C%22fast%22%3A%7B%22organic%22%3A1%7D%2C%22service%22%3A%22web%22%2C%22event-id%22%3A%22liepveeyvb%22%7D%5D\u0026mc=2.584962500721156\u0026hdtime=8115.4\u0022,\u0022device\u0022:{\u0022isMobile\u0022:false},\u0022tags\u0022:{\u0022ts\u0022:1685719550,\u0022list\u0022:{},\u0022gclid\u0022:null},\u0022client\u0022:{\u0022yaId\u0022:\u00221685719550582758081\u0022},\u0022pages\u0022:{\u0022list\u0022:[[\u0022https:\/\/tingerplast.ru\/dopolnitelnaya-komplektatsiya\/montazhnyy-komplekt\/\u0022,1685719550,\u0022\u041c\u043e\u043d\u0442\u0430\u0436\u043d\u044b\u0439 \u043a\u043e\u043c\u043f\u043b\u0435\u043a\u0442\u0022]]},\u0022gid\u0022:null},{\u0022url\u0022:\u0022https:\/\/tingerplast.ru\/dopolnitelnaya-komplektatsiya\/montazhnyy-komplekt\/\u0022,\u0022ref\u0022:\u0022https:\/\/www.yandex.ru\/clck\/jsredir?from=www.yandex.ru%3Bsearch%2F%3Bweb%3B%3B\u0026text=\u0026etext=2202.DEV4S1w85v6Xf2Vf5vbYA5lhJtupi7_Nc9et7o-lhZ7SfNdmN96ACWwsxbn4XkRsJMGLw1h3GrqYrCuvjUFNOMEAhtA8QrfkDd8cSK1yDAOvbEQukmUARlsNVN1VF6q6Z2ZoZHVhY2ltZGN1bGJlcQ.2d1e3a1315c1344f1a4d36d00894a15f686196b9\u0026uuid=\u0026state=RsWHKQP_fPE,\u0026\u0026cst=AxbTlK7nwx4MdSOJ1ERoFkFkQvoetf7GBR89hz9EqdzEKlSX81x4VSWxE-FDeCqgiPCLgjj2RCkssa3FQ9NQ1xT9bSj2XXh9wqR-T8WmTv77ZnVYewHXPGhKJzKQsvN8TEfNWBCPMTPfGibCQBzN14fUfbtRmsvPxAF2etsapQxYcvxQwPh-iEVwg3s8YZFq4leuPaapnoOMo-t2uqq70-pTaLajUt-y-2edkMnLpmDL2oDAaJ7ZRQhCBwuKLDuymSnfd7K6FT91iF6MLeZjc6BFXV81Q9ADpc0tLqWmajlHwA50ZCU8El9oVEU6G8SGWwOxqa1CprklTAh7QA4xQD1zFt03rG5ECTHdOG4_8U7A6RU5vdQkMIICW08V5gjRb4WrXSWlkonCPfkikDiE7x_y385atQXbzhGv2i0gJTebbuSXQCJdjOMG6h2P7woj3axPqGnZzGpo2YbKrYsgcTaaUTP_buSvcDtxju1HbJzqTxqxVrfYk-0rY8pv0F7JLQDHSXoSkdJFkuijd_7tQep7mGffAcyQ7JxUMp0aVlwFmWfaEcUse6md6H2Uj4TxmWfFTTL2YkhDsMSdFJ5qF0bfuDNpidE-Nl65F85WG7E5UhXM8tHiFPXWXJNgycRIonGvo-aVpvAFH0BZIP3dD4WSNXzg-GfQ2xUftXpecMbgZzQ63h0JfYZsBBIhH6q4pH9poaOpTYd_cuXiR8E0PPfuE3tWrbZM7e0NdOXmFBoTgzeVc-CjHbqUrNPJgqHef5R9Ir5mnl2u8f1aL2wSpPlkk8CBX2qmtrgr7-IenqcguxVHesyc2NGlodPBiptJB7qifExc8PQR7WBrzzahOQz18kOK9It89M02YbV_LP62t-jbJTRTmOZPjAICv3CJgK4rZ7HaSNYvRJ_oDNS8rMNqfpEapdSOT939bwWYimpr-orIbnZv6hU1ik0NWiy9Hm55cv-4iWK06whaVBCpUJ-rZjLUmzwfhp0lzszw4YQ2ziXMM61LTJLUqWMRU_Evr5iVbQEC93lRakB5VYpo95hZpCwZUXZ8F7Zl9aREViJO-FfxGu95cZG3GXZ1pQ_8oNdBbgfuUQvdrPQa6cJUCt_gQyyHTILJYDXmPm9kjcOBDB3qU90uW-9Vpl_nQYlUBff1xMPgs9FbpgPJjuvG7w,,\u0026data=VzFITjJTUER3MkI4MEY5djBaZUVGNVRmcWpQamJJbFJJZmlfTklndkE2ZEFWZHBfQUZ0alZWS1lqNGZMRHgyUEFKWVNvWVdWUVZJR1FMaGw1UGVkRkVOLUZfRm9LS1VyQnhrcFhTU3JZMXo1OThtdmFPQUhEdmpxbmR6Mkhha1c2Q2hhMDRwVHdPLXMyUnlod0NGclpudVNqYXBNV194WTJtcThtbURnUzhNLA,,\u0026sign=7c70a53ea550686a546489a286e980f6\u0026keyno=WEB_0\u0026b64e=2\u0026ref=mag21uLwzH-rYVS7bq28kWLw8trSEHW3dPBfrt6pjwERQqMFOez8XHFXMwJQnHk2v0O50u72dRMTPZ07S-sAObIaQcfCBHxCtLdT5nyyglE3hn9FRkH_W7MQHxjMTiJoG5t69BvDlTnlTVxo-CaS361E1j5Rmm-Y1LD1EyFC7euxiPO66NBKwriU1GQ2rzUo9qG4KMVlxRl9ekREYPRcotHsASmcb14aCPkJmGqazR8RvJJ8_IgSENTTPaC3AH5VyqjcJq-j9MIbRbt6iidHAcuDT1lC4ou21WE5DwtQBMUxtHXV1bBky8Puo_oj1DDHqL2OPsbA8fXFKVfsuw6h_BdjUapxOFXVBbhfRwP8NcI7bPgV8evpLxyQa6cTV2Iq\u0026l10n=ru\u0026cts=1685719686917%40%40events%3D%5B%7B%22event%22%3A%22click%22%2C%22id%22%3A%221_6z5iw02-00%22%2C%22cts%22%3A1685719686917%2C%22fast%22%3A%7B%22organic%22%3A1%7D%2C%22service%22%3A%22web%22%2C%22event-id%22%3A%22liepz6ytmq%22%7D%5D\u0026mc=2.663532754804255\u0026hdtime=18592.9\u0022,