{"url":"https:\/\/tinger.bitrix24.ru\/rest\/190\/42tc2gxq8od2858i\/crm.lead.add.json","info":{"url":"https:\/\/tinger.bitrix24.ru\/rest\/190\/42tc2gxq8od2858i\/crm.lead.add.json","content_type":"application\/json; charset=utf-8","http_code":200,"header_size":1027,"request_size":207,"filetime":-1,"ssl_verify_result":0,"redirect_count":0,"total_time":2.0443069999999999,"namelookup_time":0.017587999999999999,"connect_time":0.019059,"pretransfer_time":0.029153999999999999,"size_upload":2477,"size_download":263,"speed_download":128,"speed_upload":1211,"download_content_length":-1,"upload_content_length":2477,"starttransfer_time":0.029156999999999999,"redirect_time":0,"redirect_url":"","primary_ip":"178.132.201.52","certinfo":[],"primary_port":443,"local_ip":"188.225.57.79","local_port":54924,"http_version":3,"protocol":2,"ssl_verifyresult":0,"scheme":"HTTPS","appconnect_time_us":28986,"connect_time_us":19059,"namelookup_time_us":17588,"pretransfer_time_us":29154,"redirect_time_us":0,"starttransfer_time_us":29157,"total_time_us":2044307},"params":{"method":"crm.lead.add","params":{"fields":{"NAME":"\u0422\u0430\u0442\u044c\u044f\u043d\u0430","PHONE":[{"VALUE":"9059142781","VALUE_TYPE":"WORK"}],"EMAIL":[{"VALUE":"shchepetova_ty@sgmk-group.ru","VALUE_TYPE":"WORK"}],"TRACE":"{\u0022url\u0022:\u0022https:\/\/tinger.ru\/contacts\/\u0022,\u0022ref\u0022:\u0022https:\/\/yandex.ru\/search\/?text=Tinger\u0026clid=12087006\u0026banerid=6301000000\u0026win=695\u0026lr=237\u0022,\u0022device\u0022:{\u0022isMobile\u0022:false},\u0022tags\u0022:{\u0022ts\u0022:1761206449,\u0022list\u0022:{},\u0022gclid\u0022:null},\u0022client\u0022:{\u0022gaId\u0022:\u0022991894492.1761206449\u0022,\u0022yaId\u0022:\u00221761206449849842364\u0022},\u0022pages\u0022:{\u0022list\u0022:[[\u0022https:\/\/tinger.ru\/\u0022,1761206449,\u0022\u0420\u043e\u0441\u0441\u0438\u0439\u0441\u043a\u0438\u0435 \u0432\u0435\u0437\u0434\u0435\u0445\u043e\u0434\u044b \u043e\u0442 \u043f\u0440\u043e\u0438\u0437\u0432\u043e\u0434\u0438\u0442\u0435\u043b\u044f TI\u0022],[\u0022https:\/\/tinger.ru\/pnevmodiski\/\u0022,1761206475,\u0022\u041f\u0440\u043e\u0438\u0437\u0432\u043e\u0434\u0441\u0442\u0432\u043e \u0434\u0438\u0441\u043a\u043e\u0432 \u0434\u043b\u044f \u0448\u0438\u043d \u043d\u0438\u0437\u043a\u043e\u0433\u043e \u0434\u0430\u0432\u043b\u0022],[\u0022https:\/\/tinger.ru\/contacts\/\u0022,1761211954,\u0022\u041a\u043e\u043d\u0442\u0430\u043a\u0442\u044b \u0433\u0440\u0443\u043f\u043f\u044b \u043a\u043e\u043c\u043f\u0430\u043d\u0438\u0439 TINGER\u0022]]},\u0022gid\u0022:null,\u0022previous\u0022:{\u0022list\u0022:[]}}","UF_CRM_1736853511":"1761206449849842364","UF_CRM_1736853555":"1761206449849842364","UF_CRM_1736853537":"1761206449849842364","UF_CRM_1517561552":"3980967","COMMENTS":"\u0414\u043e\u0431\u0440\u044b\u0439 \u0434\u0435\u043d\u044c.\r\n\u041d\u0443\u0436\u0435\u043d \u0434\u0438\u0441\u043a \u043f\u043e\u0434 \u0440\u0435\u0437\u0438\u043d\u0443 \u0410\u0413-20 \u0440\u0430\u0437\u043c\u0435\u0440 \u0448\u0438\u043d\u044b 1600\/600\/25\r\n\u041f\u043e\u043a\u0443\u043f\u043a\u0430 \u043d\u0430 \u044e\u0440.\u043b\u0438\u0446\u043e.","TITLE":"\u0412\u043e\u043f\u0440\u043e\u0441\u044b, \u0437\u0430\u043c\u0435\u0447\u0430\u043d\u0438\u044f \u0438\u043b\u0438 \u043f\u0440\u0435\u0434\u043b\u043e\u0436\u0435\u043d\u0438\u044f","UF_CRM_1449663065":64,"ASSIGNED_BY_ID":58,"SOURCE_ID":"WEB"}}},"result":{"result":629022,"time":{"start":1761212159,"finish":1761212161.0696771,"duration":2.0696771144866943,"processing":2,"date_start":"2025-10-23T12:35:59+03:00","date_finish":"2025-10-23T12:36:01+03:00","operating_reset_at":1761212759,"operating":1.9071121215820312}}}