{"url":"https:\/\/tinger.bitrix24.ru\/rest\/190\/42tc2gxq8od2858i\/crm.lead.add.json","info":{"url":"https:\/\/tinger.bitrix24.ru\/rest\/190\/42tc2gxq8od2858i\/crm.lead.add.json","content_type":"application\/json; charset=utf-8","http_code":200,"header_size":1028,"request_size":207,"filetime":-1,"ssl_verify_result":0,"redirect_count":0,"total_time":2.0125920000000002,"namelookup_time":0.016039999999999999,"connect_time":0.017474,"pretransfer_time":0.027734999999999999,"size_upload":1942,"size_download":287,"speed_download":142,"speed_upload":965,"download_content_length":-1,"upload_content_length":1942,"starttransfer_time":0.027740999999999998,"redirect_time":0,"redirect_url":"","primary_ip":"178.132.201.50","certinfo":[],"primary_port":443,"local_ip":"188.225.57.79","local_port":40908,"http_version":3,"protocol":2,"ssl_verifyresult":0,"scheme":"HTTPS","appconnect_time_us":27612,"connect_time_us":17474,"namelookup_time_us":16040,"pretransfer_time_us":27735,"redirect_time_us":0,"starttransfer_time_us":27741,"total_time_us":2012592},"params":{"method":"crm.lead.add","params":{"fields":{"NAME":"\u0418\u0433\u043e\u0440\u044c","PHONE":[{"VALUE":"8 (912) 468-24-57","VALUE_TYPE":"WORK"}],"EMAIL":[{"VALUE":null,"VALUE_TYPE":"WORK"}],"TRACE":"{\u0022url\u0022:\u0022https:\/\/tingard.ru\/?utm_source=yandex\u0026utm_medium=cpc\u0026utm_campaign=pogreba_rozn_umnaya_click_perezapusk_29_03\u0026utm_content=16002504755\u0026utm_term=---autotargeting\u0026roistat=direct14_search_16002504755_---autotargeting\u0026roistat_referrer=none\u0026roistat_pos=premium_1\u0026yclid=5723101963593449471\u0022,\u0022ref\u0022:\u0022https:\/\/yandex.ru\/\u0022,\u0022device\u0022:{\u0022isMobile\u0022:true},\u0022tags\u0022:{\u0022ts\u0022:1717089292,\u0022list\u0022:{\u0022utm_source\u0022:\u0022yandex\u0022,\u0022utm_medium\u0022:\u0022cpc\u0022,\u0022utm_campaign\u0022:\u0022pogreba_rozn_umnaya_click_perezapusk_29_03\u0022,\u0022utm_content\u0022:\u002216002504755\u0022,\u0022utm_term\u0022:\u0022---autotargeting\u0022},\u0022gclid\u0022:null},\u0022client\u0022:{\u0022yaId\u0022:\u00221717089291820253459\u0022},\u0022pages\u0022:{\u0022list\u0022:[[\u0022https:\/\/tingard.ru\/?utm_source=yandex\u0026utm_medium=cpc\u0026utm_campaign=pogreba_rozn_umnaya_click_perezapusk_29_03\u0026utm_content=16002504755\u0026utm_term=---autotargeting\u0026roistat=direct14_search_16002504755_---autotargeting\u0026roistat_referrer=none\u0026roistat_pos=premium_1\u0026yclid=5723101963593449471\u0022,1717089292,\u0022TINGARD \u2014 \u0431\u0435\u0441\u0448\u043e\u0432\u043d\u044b\u0439 \u043f\u043b\u0430\u0441\u0442\u0438\u043a\u043e\u0432\u044b\u0439 \u043f\u043e\u0433\u0440\u0435\u0431 \u2116\u0022]]},\u0022gid\u0022:null,\u0022previous\u0022:{\u0022list\u0022:[]}}","COMMENTS":null,"TITLE":"\u0420\u0430\u0441\u0441\u0440\u043e\u0447\u043a\u0430 (\u0443\u0437\u043d\u0430\u0442\u044c \u043f\u043e\u0434\u0440\u043e\u0431\u043d\u043e\u0441\u0442\u0438)","UF_CRM_1449663065":68,"ASSIGNED_BY_ID":58,"SOURCE_ID":9}}},"result":{"result":516582,"time":{"start":1717089333.878679,"finish":1717089335.7875271,"duration":1.9088480472564697,"processing":1.867516040802002,"date_start":"2024-05-30T20:15:33+03:00","date_finish":"2024-05-30T20:15:35+03:00","operating_reset_at":1717089933,"operating":1.8674731254577637}}}