{"url":"https:\/\/tinger.bitrix24.ru\/rest\/190\/42tc2gxq8od2858i\/crm.lead.add.json","info":{"url":"https:\/\/tinger.bitrix24.ru\/rest\/190\/42tc2gxq8od2858i\/crm.lead.add.json","content_type":"application\/json; charset=utf-8","http_code":200,"header_size":922,"request_size":207,"filetime":-1,"ssl_verify_result":0,"redirect_count":0,"total_time":1.7860199999999999,"namelookup_time":0.015559,"connect_time":0.025104000000000001,"pretransfer_time":0.042617000000000002,"size_upload":4984,"size_download":263,"speed_download":147,"speed_upload":2790,"download_content_length":-1,"upload_content_length":4984,"starttransfer_time":0.042618999999999997,"redirect_time":0,"redirect_url":"","primary_ip":"95.163.249.170","certinfo":[],"primary_port":443,"local_ip":"188.225.57.79","local_port":38988,"http_version":3,"protocol":2,"ssl_verifyresult":0,"scheme":"HTTPS","appconnect_time_us":42516,"connect_time_us":25104,"namelookup_time_us":15559,"pretransfer_time_us":42617,"redirect_time_us":0,"starttransfer_time_us":42619,"total_time_us":1786020},"params":{"method":"crm.lead.add","params":{"fields":{"NAME":"\u0410\u043d\u0434\u0440\u0435\u0439","PHONE":[{"VALUE":"+7 (912) 856-38-95","VALUE_TYPE":"WORK"}],"EMAIL":[{"VALUE":"a.goreloff2012@yandex.ru","VALUE_TYPE":"WORK"}],"TRACE":"{\u0022url\u0022:\u0022https:\/\/tingard.ru\/?utm_source=yandex\u0026utm_medium=cpc\u0026utm_campaign=mk_rf_kval\u0026utm_content=1900772303016972232\u0026utm_term=---autotargeting\u0026roistat=direct14_search_702036728_rsMasterGroup_rsMasterBanner_---autotargeting\u0026etext=2202.uz9yOrpO1W0lbvbQQnK1PXjYEBRrvtWzx_0_k3cAWWV44zB0jQsZYDl62KY3eNz0YmxlamFzd21ta3lwcmJ3eg.ba86b13ccdc4c8739d8db076942b1e3c3bdccaa3\u0026yclid=18059294788604395519\u0026ybaip=1\u0022,\u0022ref\u0022:\u0022https:\/\/yandex.ru\/\u0022,\u0022device\u0022:{\u0022isMobile\u0022:true},\u0022tags\u0022:{\u0022ts\u0022:1774757817,\u0022list\u0022:{\u0022utm_source\u0022:\u0022yandex\u0022,\u0022utm_medium\u0022:\u0022cpc\u0022,\u0022utm_campaign\u0022:\u0022mk_rf_kval\u0022,\u0022utm_content\u0022:\u00221900772303016972232\u0022,\u0022utm_term\u0022:\u0022---autotargeting\u0022},\u0022gclid\u0022:null},\u0022client\u0022:{\u0022yaId\u0022:\u00221774757618911416617\u0022},\u0022pages\u0022:{\u0022list\u0022:[[\u0022https:\/\/tingard.ru\/?utm_source=yandex\u0026utm_medium=cpc\u0026utm_campaign=mk_rf_kval\u0026utm_content=1900772303016972232\u0026utm_term=---autotargeting\u0026roistat=direct14_search_702036728_rsMasterGroup_rsMasterBanner_---autotargeting\u0026etext=2202.uz9yOrpO1W0lbvbQQnK1PXjYEBRrvtWzx_0_k3cAWWV44zB0jQsZYDl62KY3eNz0YmxlamFzd21ta3lwcmJ3eg.ba86b13ccdc4c8739d8db076942b1e3c3bdccaa3\u0026yclid=18059294788604395519\u0026ybaip=1\u0022,1774757818,\u0022TINGARD \u2014 \u0431\u0435\u0441\u0448\u043e\u0432\u043d\u044b\u0439 \u043f\u043b\u0430\u0441\u0442\u0438\u043a\u043e\u0432\u044b\u0439 \u043f\u043e\u0433\u0440\u0435\u0431 \u0441\u0022]]},\u0022gid\u0022:null,\u0022previous\u0022:{\u0022list\u0022:[{\u0022url\u0022:\u0022https:\/\/tingard.ru\/?utm_source=yandex\u0026utm_medium=cpc\u0026utm_campaign=mk_rf_kval\u0026utm_content=1900772303016972232\u0026utm_term=---autotargeting\u0026roistat=direct14_search_702036728_rsMasterGroup_rsMasterBanner_---autotargeting\u0026etext=2202.uz9yOrpO1W0lbvbQQnK1PXjYEBRrvtWzx_0_k3cAWWV44zB0jQsZYDl62KY3eNz0YmxlamFzd21ta3lwcmJ3eg.ba86b13ccdc4c8739d8db076942b1e3c3bdccaa3\u0026yclid=18059294788604395519\u0026ybaip=1\u0022,\u0022ref\u0022:\u0022https:\/\/dzen.ru\/\u0022,\u0022device\u0022:{\u0022isMobile\u0022:true},\u0022tags\u0022:{\u0022ts\u0022:1774757618,\u0022list\u0022:{\u0022utm_content\u0022:\u0022gift\u0022},\u0022gclid\u0022:null},\u0022client\u0022:{\u0022yaId\u0022:\u00221774757618911416617\u0022},\u0022pages\u0022:{\u0022list\u0022:[[\u0022https:\/\/tingard.ru\/?utm_content=gift\u0026yclid=8105757883224031231\u0026ybaip=1\u0022,1774757618,\u0022TINGARD \u2014 \u0431\u0435\u0441\u0448\u043e\u0432\u043d\u044b\u0439 \u043f\u043b\u0430\u0441\u0442\u0438\u043a\u043e\u0432\u044b\u0439 \u043f\u043e\u0433\u0440\u0435\u0431 \u0441\u0022]]},\u0022gid\u0022:null}]}}","UF_CRM_1736853511":"1774757618911416617","UF_CRM_1736853555":"1774757618911416617","UF_CRM_1736853537":"1774757618911416617","UF_CRM_1517561552":"3902781","COMMENTS":"\u003Cb\u003E\u0413\u0434\u0435 \u043f\u043b\u0430\u043d\u0438\u0440\u0443\u0435\u0442\u0435 \u0443\u0441\u0442\u0430\u043d\u0430\u0432\u043b\u0438\u0432\u0430\u0442\u044c \u043f\u043e\u0433\u0440\u0435\u0431?\u003C\/b\u003E \u043d\u0430 \u043e\u0442\u043a\u0440\u044b\u0442\u043e\u043c \u0443\u0447\u0430\u0441\u0442\u043a\u0435\u003Cbr\u003E\u003Cb\u003E\u041a\u0430\u043a\u043e\u0439 \u0443\u0440\u043e\u0432\u0435\u043d\u044c \u0433\u0440\u0443\u043d\u0442\u043e\u0432\u044b\u0445 \u0432\u043e\u0434 \u043d\u0430 \u0432\u0430\u0448\u0435\u043c \u0443\u0447\u0430\u0441\u0442\u043a\u0435?\u003C\/b\u003E \u0432\u044b\u0441\u043e\u043a\u0438\u0439\u003Cbr\u003E\u003Cb\u003E\u041f\u043e\u0434\u0431\u0435\u0440\u0438 \u043f\u043e\u0433\u0440\u0435\u0431 \u0437\u0430 30 \u0441\u0435\u043a\u0443\u043d\u0434\u003C\/b\u003E \u0434\u043e 100 \u0431\u0430\u043d\u043e\u043a \u0438 \u0434\u043e 8 \u044f\u0449\u0438\u043a\u043e\u0432\u003Cbr\u003E\u003Cb\u003E\u041a\u0442\u043e \u0431\u0443\u0434\u0435\u0442 \u0437\u0430\u043d\u0438\u043c\u0430\u0442\u044c\u0441\u044f \u0443\u0441\u0442\u0430\u043d\u043e\u0432\u043a\u043e\u0439 \u043f\u043e\u0433\u0440\u0435\u0431\u0430?\u003C\/b\u003E \u0441\u0430\u043c\u043e\u0441\u0442\u043e\u044f\u0442\u0435\u043b\u044c\u043d\u043e\u003Cbr\u003E\u003Cb\u003E\u041a\u043e\u0433\u0434\u0430 \u0432\u044b \u043f\u043b\u0430\u043d\u0438\u0440\u0443\u0435\u0442\u0435 \u043f\u0440\u0438\u043e\u0431\u0440\u0435\u0441\u0442\u0438 \u043f\u043e\u0433\u0440\u0435\u0431?\u003C\/b\u003E \u0434\u043e \u043a\u043e\u043d\u0446\u0430 \u0433\u043e\u0434\u0430\u003Cbr\u003E","TITLE":"\u041f\u043e\u0434\u043e\u0431\u0440\u0430\u0442\u044c \u043f\u043e\u0433\u0440\u0435\u0431 (\u043a\u0432\u0438\u0437)","UF_CRM_1449663065":68,"ASSIGNED_BY_ID":58,"SOURCE_ID":9}}},"result":{"result":654174,"time":{"start":1774757925,"finish":1774757926.798193,"duration":1.7981929779052734,"processing":1,"date_start":"2026-03-29T07:18:45+03:00","date_finish":"2026-03-29T07:18:46+03:00","operating_reset_at":1774758525,"operating":1.6567058563232422}}}