{"url":"https:\/\/tinger.bitrix24.ru\/rest\/190\/42tc2gxq8od2858i\/crm.lead.add.json","info":{"url":"https:\/\/tinger.bitrix24.ru\/rest\/190\/42tc2gxq8od2858i\/crm.lead.add.json","content_type":"application\/json; charset=utf-8","http_code":200,"header_size":1033,"request_size":207,"filetime":-1,"ssl_verify_result":0,"redirect_count":0,"total_time":2.1180539999999999,"namelookup_time":0.018734000000000001,"connect_time":0.029333999999999999,"pretransfer_time":0.048791000000000001,"size_upload":5061,"size_download":288,"speed_download":135,"speed_upload":2389,"download_content_length":-1,"upload_content_length":5061,"starttransfer_time":0.048793999999999997,"redirect_time":0,"redirect_url":"","primary_ip":"46.235.53.69","certinfo":[],"primary_port":443,"local_ip":"188.225.57.79","local_port":37956,"http_version":3,"protocol":2,"ssl_verifyresult":0,"scheme":"HTTPS","appconnect_time_us":48635,"connect_time_us":29334,"namelookup_time_us":18734,"pretransfer_time_us":48791,"redirect_time_us":0,"starttransfer_time_us":48794,"total_time_us":2118054},"params":{"method":"crm.lead.add","params":{"fields":{"NAME":"\u041d\u0430\u0442\u0430\u043b\u044c\u044f","PHONE":[{"VALUE":"+7 (924) 172-47-52","VALUE_TYPE":"WORK"}],"EMAIL":[{"VALUE":null,"VALUE_TYPE":"WORK"}],"COMMENTS":null,"TRACE":"{\u0022url\u0022:\u0022https:\/\/tingard.ru\/?utm_source=yandex_kirill\u0026utm_medium=cpc\u0026utm_campaign=pogreba_rozn_umnaya_copy_11_04\u0026utm_content=13300555440\u0026utm_term=---autotargeting\u0026roistat=direct14_search_13300555440_---autotargeting\u0026roistat_referrer=none\u0026roistat_pos=premium_1\u0026yclid=3006283710607130623\u0022,\u0022device\u0022:{\u0022isMobile\u0022:true},\u0022tags\u0022:{\u0022ts\u0022:1694428472,\u0022list\u0022:{\u0022utm_source\u0022:\u0022yandex_kirill\u0022,\u0022utm_medium\u0022:\u0022cpc\u0022,\u0022utm_campaign\u0022:\u0022pogreba_rozn_umnaya_copy_11_04\u0022,\u0022utm_content\u0022:\u002213300555440\u0022,\u0022utm_term\u0022:\u0022---autotargeting\u0022},\u0022gclid\u0022:null},\u0022client\u0022:{\u0022yaId\u0022:\u00221689967558213872893\u0022},\u0022pages\u0022:{\u0022list\u0022:[[\u0022https:\/\/tingard.ru\/?utm_source=yandex_kirill\u0026utm_medium=cpc\u0026utm_campaign=pogreba_rozn_umnaya_copy_11_04\u0026utm_content=13300555440\u0026utm_term=---autotargeting\u0026roistat=direct14_search_13300555440_---autotargeting\u0026roistat_referrer=none\u0026roistat_pos=premium_1\u0026yclid=3006283710607130623\u0022,1694428472,\u0022TINGARD \u2014 \u0431\u0435\u0441\u0448\u043e\u0432\u043d\u044b\u0439 \u043f\u043b\u0430\u0441\u0442\u0438\u043a\u043e\u0432\u044b\u0439 \u043f\u043e\u0433\u0440\u0435\u0431 \u2116\u0022]]},\u0022gid\u0022:null,\u0022previous\u0022:{\u0022list\u0022:[{\u0022url\u0022:\u0022https:\/\/tingard.ru\/?utm_source=yandex_kirill\u0026utm_medium=cpc\u0026utm_campaign=pogreba_rozn_umnaya_copy_11_04\u0026utm_content=14635340017\u0026utm_term=---autotargeting\u0026roistat=direct14_search_14635340017_---autotargeting\u0026roistat_referrer=none\u0026roistat_pos=premium_1\u0026yclid=14367730615174037503\u0022,\u0022device\u0022:{\u0022isMobile\u0022:true},\u0022tags\u0022:{\u0022ts\u0022:1689967558,\u0022list\u0022:{\u0022utm_source\u0022:\u0022yandex_kirill\u0022,\u0022utm_medium\u0022:\u0022cpc\u0022,\u0022utm_campaign\u0022:\u0022pogreba_rozn_umnaya_copy_11_04\u0022,\u0022utm_content\u0022:\u002213300555431\u0022,\u0022utm_term\u0022:\u0022---autotargeting\u0022},\u0022gclid\u0022:null},\u0022client\u0022:{\u0022yaId\u0022:32216254},\u0022pages\u0022:{\u0022list\u0022:[[\u0022https:\/\/tingard.ru\/?utm_source=yandex_kirill\u0026utm_medium=cpc\u0026utm_campaign=pogreba_rozn_umnaya_copy_11_04\u0026utm_content=13300555431\u0026utm_term=---autotargeting\u0026roistat=direct14_search_13300555431_---autotargeting\u0026roistat_referrer=none\u0026roistat_pos=premium_2\u0026yclid=6971856973861486591\u0022,1689967559,\u0022TINGARD \u2014 \u0431\u0435\u0441\u0448\u043e\u0432\u043d\u044b\u0439 \u043f\u043b\u0430\u0441\u0442\u0438\u043a\u043e\u0432\u044b\u0439 \u043f\u043e\u0433\u0440\u0435\u0431 #\u0022],[\u0022https:\/\/tingard.ru\/\u0022,1690641763,\u0022TINGARD \u2014 \u0431\u0435\u0441\u0448\u043e\u0432\u043d\u044b\u0439 \u043f\u043b\u0430\u0441\u0442\u0438\u043a\u043e\u0432\u044b\u0439 \u043f\u043e\u0433\u0440\u0435\u0431 #\u0022]]},\u0022gid\u0022:null},{\u0022url\u0022:\u0022https:\/\/tingard.ru\/?utm_source=yandex_kirill\u0026utm_medium=cpc\u0026utm_campaign=pogreba_rozn_umnaya_copy_11_04\u0026utm_content=13300555440\u0026utm_term=---autotargeting\u0026roistat=direct14_search_13300555440_---autotargeting\u0026roistat_referrer=none\u0026roistat_pos=premium_1\u0026yclid=3006283710607130623\u0022,\u0022ref\u0022:\u0022https:\/\/yandex.ru\/\u0022,\u0022device\u0022:{\u0022isMobile\u0022:true},\u0022tags\u0022:{\u0022ts\u0022:1694247290,\u0022list\u0022:{\u0022utm_source\u0022:\u0022yandex_kirill\u0022,\u0022utm_medium\u0022:\u0022cpc\u0022,\u0022utm_campaign\u0022:\u0022pogreba_rozn_umnaya_copy_11_04\u0022,\u0022utm_content\u0022:\u002214635340017\u0022,\u0022utm_term\u0022:\u0022---autotargeting\u0022},\u0022gclid\u0022:null},\u0022client\u0022:{\u0022yaId\u0022:\u00221689967558213872893\u0022},\u0022pages\u0022:{\u0022list\u0022:[[\u0022https:\/\/tingard.ru\/?utm_source=yandex_kirill\u0026utm_medium=cpc\u0026utm_campaign=pogreba_rozn_umnaya_copy_11_04\u0026utm_content=14635340017\u0026utm_term=---autotargeting\u0026roistat=direct14_search_14635340017_---autotargeting\u0026roistat_referrer=none\u0026roistat_pos=premium_1\u0026yclid=14367730615174037503\u0022,1694247290,\u0022TINGARD \u2014 \u0431\u0435\u0441\u0448\u043e\u0432\u043d\u044b\u0439 \u043f\u043b\u0430\u0441\u0442\u0438\u043a\u043e\u0432\u044b\u0439 \u043f\u043e\u0433\u0440\u0435\u0431 \u2116\u0022],[\u0022https:\/\/tingard.ru\/\u0022,1694247476,\u0022TINGARD \u2014 \u0431\u0435\u0441\u0448\u043e\u0432\u043d\u044b\u0439 \u043f\u043b\u0430\u0441\u0442\u0438\u043a\u043e\u0432\u044b\u0439 \u043f\u043e\u0433\u0440\u0435\u0431 \u2116\u0022]]},\u0022gid\u0022:null}]}}","TITLE":"\u0420\u0430\u0441\u0441\u0447\u0438\u0442\u0430\u0442\u044c \u0434\u043e\u0441\u0442\u0430\u0432\u043a\u0443","UF_CRM_1449663065":68,"ASSIGNED_BY_ID":58,"SOURCE_ID":9}}},"result":{"result":469314,"time":{"start":1694428613.871079,"finish":1694428615.8736739,"duration":2.0025949478149414,"processing":1.9649500846862793,"date_start":"2023-09-11T13:36:53+03:00","date_finish":"2023-09-11T13:36:55+03:00","operating_reset_at":1694429213,"operating":1.9649310111999512}}}