{"url":"https:\/\/tinger.bitrix24.ru\/rest\/190\/42tc2gxq8od2858i\/crm.lead.add.json","info":{"url":"https:\/\/tinger.bitrix24.ru\/rest\/190\/42tc2gxq8od2858i\/crm.lead.add.json","content_type":"application\/json; charset=utf-8","http_code":200,"header_size":1027,"request_size":207,"filetime":-1,"ssl_verify_result":0,"redirect_count":0,"total_time":1.761701,"namelookup_time":0.002598,"connect_time":0.0039160000000000002,"pretransfer_time":0.014799,"size_upload":2558,"size_download":288,"speed_download":163,"speed_upload":1452,"download_content_length":-1,"upload_content_length":2558,"starttransfer_time":0.014801,"redirect_time":0,"redirect_url":"","primary_ip":"178.132.201.53","certinfo":[],"primary_port":443,"local_ip":"188.225.57.79","local_port":36324,"http_version":3,"protocol":2,"ssl_verifyresult":0,"scheme":"HTTPS","appconnect_time_us":14688,"connect_time_us":3916,"namelookup_time_us":2598,"pretransfer_time_us":14799,"redirect_time_us":0,"starttransfer_time_us":14801,"total_time_us":1761701},"params":{"method":"crm.lead.add","params":{"fields":{"UF_CRM_1449663065":null,"SOURCE_ID":"CONFERENCE","ASSIGNED_BY_ID":58,"TITLE":"\u0417\u0430\u043f\u0438\u0441\u0430\u0442\u044c\u0441\u044f \u043d\u0430 \u043e\u043d\u043b\u0430\u0439\u043d-\u043f\u0440\u0435\u0437\u0435\u043d\u0442\u0430\u0446\u0438\u044e","NAME":"\u041e\u043b\u044c\u0433\u0430 ","PHONE":[{"VALUE":"+7 (921) 138-55-02","VALUE_TYPE":"WORK"}],"EMAIL":[{"VALUE":null,"VALUE_TYPE":"WORK"}],"COMMENTS":null,"TRACE":"{\u0022url\u0022:\u0022https:\/\/tingerplast.ru\/\u0022,\u0022ref\u0022:\u0022https:\/\/yandex.ru\/\u0022,\u0022device\u0022:{\u0022isMobile\u0022:true},\u0022tags\u0022:{\u0022ts\u0022:1744177315,\u0022list\u0022:{},\u0022gclid\u0022:null},\u0022client\u0022:{\u0022yaId\u0022:\u00221737586148835319388\u0022},\u0022pages\u0022:{\u0022list\u0022:[[\u0022https:\/\/tingerplast.ru\/plastikovye-pogreba\/?ysclid=m99i4ybdmv962457637\u0022,1744177432,\u0022\u0411\u0435\u0441\u0448\u043e\u0432\u043d\u044b\u0435 \u043f\u043b\u0430\u0441\u0442\u0438\u043a\u043e\u0432\u044b\u0435 \u043f\u043e\u0433\u0440\u0435\u0431\u0430 TINGARD\u0022],[\u0022https:\/\/tingerplast.ru\/plastikovye-pogreba\/dlya-zagorodnogo-doma\/\u0022,1744177514,\u0022\u041f\u043b\u0430\u0441\u0442\u0438\u043a\u043e\u0432\u044b\u0435 \u043f\u043e\u0433\u0440\u0435\u0431\u0430 \u0434\u043b\u044f \u0434\u043e\u043c\u0430\u0022],[\u0022https:\/\/tingerplast.ru\/\u0022,1744177527,\u0022\u041a\u0430\u0442\u0430\u043b\u043e\u0433 \u043f\u0440\u043e\u0434\u0443\u043a\u0446\u0438\u0438\u0022]]},\u0022gid\u0022:null,\u0022previous\u0022:{\u0022list\u0022:[{\u0022url\u0022:\u0022https:\/\/tingerplast.ru\/plastikovye-pogreba\/?ysclid=m99i4ybdmv962457637\u0022,\u0022device\u0022:{\u0022isMobile\u0022:true},\u0022tags\u0022:{\u0022ts\u0022:1737586148,\u0022list\u0022:{},\u0022gclid\u0022:null},\u0022client\u0022:{\u0022yaId\u0022:\u00221737586148835319388\u0022},\u0022pages\u0022:{\u0022list\u0022:[[\u0022https:\/\/tingerplast.ru\/plastikovye-pogreba\/?ysclid=m68hxd4g3z466079665\u0022,1737586149,\u0022\u0411\u0435\u0441\u0448\u043e\u0432\u043d\u044b\u0435 \u043f\u043b\u0430\u0441\u0442\u0438\u043a\u043e\u0432\u044b\u0435 \u043f\u043e\u0433\u0440\u0435\u0431\u0430 TINGARD\u0022],[\u0022https:\/\/tingerplast.ru\/plastikovye-pogreba\/podzemnye\/\u0022,1737586293,\u0022\u041f\u043e\u0434\u0437\u0435\u043c\u043d\u044b\u0435 \u043f\u043b\u0430\u0441\u0442\u0438\u043a\u043e\u0432\u044b\u0435 \u043f\u043e\u0433\u0440\u0435\u0431\u0430\u0022]]},\u0022gid\u0022:null}]}}","UF_CRM_1517561552":"3633305"}}},"result":{"result":588762,"time":{"start":1744177606.5409451,"finish":1744177608.204705,"duration":1.6637599468231201,"processing":1.6273000240325928,"date_start":"2025-04-09T08:46:46+03:00","date_finish":"2025-04-09T08:46:48+03:00","operating_reset_at":1744178206,"operating":1.6272718906402588}}}