{"url":"https:\/\/tinger.bitrix24.ru\/rest\/190\/42tc2gxq8od2858i\/crm.lead.add.json","info":{"url":"https:\/\/tinger.bitrix24.ru\/rest\/190\/42tc2gxq8od2858i\/crm.lead.add.json","content_type":"application\/json; charset=utf-8","http_code":200,"header_size":1028,"request_size":207,"filetime":-1,"ssl_verify_result":0,"redirect_count":0,"total_time":2.0992160000000002,"namelookup_time":0.0020569999999999998,"connect_time":0.0040289999999999996,"pretransfer_time":0.016445000000000001,"size_upload":1324,"size_download":286,"speed_download":136,"speed_upload":630,"download_content_length":-1,"upload_content_length":1324,"starttransfer_time":0.016448999999999998,"redirect_time":0,"redirect_url":"","primary_ip":"178.132.201.50","certinfo":[],"primary_port":443,"local_ip":"188.225.57.79","local_port":41994,"http_version":3,"protocol":2,"ssl_verifyresult":0,"scheme":"HTTPS","appconnect_time_us":16311,"connect_time_us":4029,"namelookup_time_us":2057,"pretransfer_time_us":16445,"redirect_time_us":0,"starttransfer_time_us":16449,"total_time_us":2099216},"params":{"method":"crm.lead.add","params":{"fields":{"NAME":"\u0429\u044f\u0449\u044b\u0448\u044b\u043b\u044f\u043b\u0448\u0448\u0447\u0448\u0432\u0448\u0448\u0447721\u0443\u0448\u0430\u0443\u0444\u04467\u04378\u043a\u0444\u0443\u043f\u0433","PHONE":[{"VALUE":"+4656688689898686","VALUE_TYPE":"WORK"}],"EMAIL":[{"VALUE":null,"VALUE_TYPE":"WORK"}],"TRACE":"{\u0022url\u0022:\u0022https:\/\/tinger.ru\/catalog\/perelomka\/?utm_source=yandex\u0026utm_medium=cpc\u0026utm_campaign=mk_click_tf4\u0026utm_content=15450801277\u0026utm_term=---autotargeting\u0026yclid=13663553522997395455\u0022,\u0022device\u0022:{\u0022isMobile\u0022:true},\u0022tags\u0022:{\u0022ts\u0022:1710776048,\u0022list\u0022:{\u0022utm_source\u0022:\u0022yandex\u0022,\u0022utm_medium\u0022:\u0022cpc\u0022,\u0022utm_campaign\u0022:\u0022mk_click_tf4\u0022,\u0022utm_content\u0022:\u002215450801277\u0022,\u0022utm_term\u0022:\u0022---autotargeting\u0022},\u0022gclid\u0022:null},\u0022client\u0022:{\u0022gaId\u0022:\u0022890011660.1710775953\u0022,\u0022yaId\u0022:\u00221710775952761280633\u0022},\u0022pages\u0022:{\u0022list\u0022:null},\u0022gid\u0022:null,\u0022previous\u0022:{\u0022list\u0022:[]}}","COMMENTS":null,"TITLE":"\u041a\u0443\u043f\u0438\u0442\u044c \u0432\u0435\u0437\u0434\u0435\u0445\u043e\u0434 TINGER TF4","UF_CRM_1449663065":64,"ASSIGNED_BY_ID":58,"SOURCE_ID":"WEB"}}},"result":{"result":502098,"time":{"start":1710776064.445245,"finish":1710776066.4494669,"duration":2.0042219161987305,"processing":1.96480393409729,"date_start":"2024-03-18T18:34:24+03:00","date_finish":"2024-03-18T18:34:26+03:00","operating_reset_at":1710776664,"operating":3.9672539234161377}}}