{"url":"https:\/\/tinger.bitrix24.ru\/rest\/190\/42tc2gxq8od2858i\/crm.lead.add.json","info":{"url":"https:\/\/tinger.bitrix24.ru\/rest\/190\/42tc2gxq8od2858i\/crm.lead.add.json","content_type":"application\/json; charset=utf-8","http_code":200,"header_size":1029,"request_size":207,"filetime":-1,"ssl_verify_result":0,"redirect_count":0,"total_time":2.7541199999999999,"namelookup_time":0.001913,"connect_time":0.0068019999999999999,"pretransfer_time":0.035550999999999999,"size_upload":1776,"size_download":287,"speed_download":104,"speed_upload":644,"download_content_length":-1,"upload_content_length":1776,"starttransfer_time":0.035554000000000002,"redirect_time":0,"redirect_url":"","primary_ip":"178.132.201.51","certinfo":[],"primary_port":443,"local_ip":"188.225.57.79","local_port":38718,"http_version":3,"protocol":2,"ssl_verifyresult":0,"scheme":"HTTPS","appconnect_time_us":35423,"connect_time_us":6802,"namelookup_time_us":1913,"pretransfer_time_us":35551,"redirect_time_us":0,"starttransfer_time_us":35554,"total_time_us":2754120},"params":{"method":"crm.lead.add","params":{"fields":{"NAME":"\u041b\u044e\u0431\u043e\u0432\u044c","PHONE":[{"VALUE":"+7 (915) 851-81-20","VALUE_TYPE":"WORK"}],"TRACE":"{\u0022url\u0022:\u0022https:\/\/tingard.ru\/?utm_source=yandex\u0026utm_medium=cpc\u0026utm_campaign=pogreba_rozn_umnaya_ozk_07_01\u0026utm_content=16219659912\u0026utm_term=---autotargeting\u0026roistat=direct14_search_111793320_rsMasterGroup_rsMasterBanner_---autotargeting\u0026yclid=1990818868565114879\u0022,\u0022ref\u0022:\u0022https:\/\/yandex.ru\/\u0022,\u0022device\u0022:{\u0022isMobile\u0022:false},\u0022tags\u0022:{\u0022ts\u0022:1733400346,\u0022list\u0022:{\u0022utm_source\u0022:\u0022yandex\u0022,\u0022utm_medium\u0022:\u0022cpc\u0022,\u0022utm_campaign\u0022:\u0022pogreba_rozn_umnaya_ozk_07_01\u0022,\u0022utm_content\u0022:\u002216219659912\u0022,\u0022utm_term\u0022:\u0022---autotargeting\u0022},\u0022gclid\u0022:null},\u0022client\u0022:{\u0022yaId\u0022:\u00221733400346888068842\u0022},\u0022pages\u0022:{\u0022list\u0022:[[\u0022https:\/\/tingard.ru\/?utm_source=yandex\u0026utm_medium=cpc\u0026utm_campaign=pogreba_rozn_umnaya_ozk_07_01\u0026utm_content=16219659912\u0026utm_term=---autotargeting\u0026roistat=direct14_search_111793320_rsMasterGroup_rsMasterBanner_---autotargeting\u0026yclid=1990818868565114879\u0022,1733400346,\u0022TINGARD \u2014 \u0431\u0435\u0441\u0448\u043e\u0432\u043d\u044b\u0439 \u043f\u043b\u0430\u0441\u0442\u0438\u043a\u043e\u0432\u044b\u0439 \u043f\u043e\u0433\u0440\u0435\u0431 \u2116\u0022]]},\u0022gid\u0022:null,\u0022previous\u0022:{\u0022list\u0022:[]}}","UF_CRM_1517561552":"3572680","COMMENTS":null,"TITLE":"\u0417\u0430\u043a\u0430\u0437\u0430\u0442\u044c \u043f\u043e\u0433\u0440\u0435\u0431","UF_CRM_1449663065":68,"ASSIGNED_BY_ID":58,"SOURCE_ID":9}}},"result":{"result":568714,"time":{"start":1733400464.767493,"finish":1733400467.366389,"duration":2.5988960266113281,"processing":2.5515739917755127,"date_start":"2024-12-05T15:07:44+03:00","date_finish":"2024-12-05T15:07:47+03:00","operating_reset_at":1733401064,"operating":2.5515339374542236}}}