{"url":"https:\/\/tinger.bitrix24.ru\/rest\/190\/42tc2gxq8od2858i\/crm.lead.add.json","info":{"url":"https:\/\/tinger.bitrix24.ru\/rest\/190\/42tc2gxq8od2858i\/crm.lead.add.json","content_type":"application\/json; charset=utf-8","http_code":200,"header_size":1034,"request_size":207,"filetime":-1,"ssl_verify_result":0,"redirect_count":0,"total_time":2.0431439999999998,"namelookup_time":0.02443,"connect_time":0.033946999999999998,"pretransfer_time":0.054595999999999999,"size_upload":3270,"size_download":287,"speed_download":140,"speed_upload":1600,"download_content_length":-1,"upload_content_length":3270,"starttransfer_time":0.054600000000000003,"redirect_time":0,"redirect_url":"","primary_ip":"46.235.53.69","certinfo":[],"primary_port":443,"local_ip":"188.225.57.79","local_port":52812,"http_version":3,"protocol":2,"ssl_verifyresult":0,"scheme":"HTTPS","appconnect_time_us":54455,"connect_time_us":33947,"namelookup_time_us":24430,"pretransfer_time_us":54596,"redirect_time_us":0,"starttransfer_time_us":54600,"total_time_us":2043144},"params":{"method":"crm.lead.add","params":{"fields":{"NAME":"\u0412\u043b\u0430\u0434\u0438\u043c\u0438\u0440","PHONE":[{"VALUE":"8 (950) 081-09-98","VALUE_TYPE":"WORK"}],"EMAIL":[{"VALUE":null,"VALUE_TYPE":"WORK"}],"TRACE":"{\u0022url\u0022:\u0022https:\/\/tinger.ru\/pnevmodiski\/?ysclid=m9bda0qnl9325585259\u0022,\u0022ref\u0022:\u0022https:\/\/yandex.ru\/\u0022,\u0022device\u0022:{\u0022isMobile\u0022:true},\u0022tags\u0022:{\u0022ts\u0022:1744289945,\u0022list\u0022:{},\u0022gclid\u0022:null},\u0022client\u0022:{\u0022gaId\u0022:\u0022815043237.1744184187\u0022,\u0022yaId\u0022:\u00221744184186212393330\u0022},\u0022pages\u0022:{\u0022list\u0022:[[\u0022https:\/\/tinger.ru\/pnevmodiski\/?ysclid=m9bd6xb7pp233176675\u0022,1744289945,\u0022\u041f\u0440\u043e\u0438\u0437\u0432\u043e\u0434\u0441\u0442\u0432\u043e \u0434\u0438\u0441\u043a\u043e\u0432 \u0434\u043b\u044f \u0448\u0438\u043d \u043d\u0438\u0437\u043a\u043e\u0433\u043e \u0434\u0430\u0432\u043b\u0022],[\u0022https:\/\/tinger.ru\/pnevmodiski\/?ysclid=m9bda0qnl9325585259\u0022,1744290087,\u0022\u041f\u0440\u043e\u0438\u0437\u0432\u043e\u0434\u0441\u0442\u0432\u043e \u0434\u0438\u0441\u043a\u043e\u0432 \u0434\u043b\u044f \u0448\u0438\u043d \u043d\u0438\u0437\u043a\u043e\u0433\u043e \u0434\u0430\u0432\u043b\u0022]]},\u0022gid\u0022:null,\u0022previous\u0022:{\u0022list\u0022:[{\u0022url\u0022:\u0022https:\/\/tinger.ru\/pnevmodiski\/?ysclid=m9bd6xb7pp233176675\u0022,\u0022device\u0022:{\u0022isMobile\u0022:true},\u0022tags\u0022:{\u0022ts\u0022:1744184187,\u0022list\u0022:{},\u0022gclid\u0022:null},\u0022client\u0022:{\u0022gaId\u0022:\u0022815043237.1744184187\u0022,\u0022yaId\u0022:\u00221744184186212393330\u0022},\u0022pages\u0022:{\u0022list\u0022:[[\u0022https:\/\/tinger.ru\/pnevmodiski\/?ysclid=m99m8502wr885401151\u0022,1744184188,\u0022\u041f\u0440\u043e\u0438\u0437\u0432\u043e\u0434\u0441\u0442\u0432\u043e \u0434\u0438\u0441\u043a\u043e\u0432 \u0434\u043b\u044f \u0448\u0438\u043d \u043d\u0438\u0437\u043a\u043e\u0433\u043e \u0434\u0430\u0432\u043b\u0022],[\u0022https:\/\/tinger.ru\/pnevmodiski\/?ysclid=m9bcl9tkqr754961538\u0022,1744288934,\u0022\u041f\u0440\u043e\u0438\u0437\u0432\u043e\u0434\u0441\u0442\u0432\u043e \u0434\u0438\u0441\u043a\u043e\u0432 \u0434\u043b\u044f \u0448\u0438\u043d \u043d\u0438\u0437\u043a\u043e\u0433\u043e \u0434\u0430\u0432\u043b\u0022]]},\u0022gid\u0022:null}]}}","UF_CRM_1736853511":"1744184186212393330","UF_CRM_1736853555":"1744184186212393330","UF_CRM_1736853537":"1744184186212393330","UF_CRM_1517561552":"3854797","COMMENTS":"\u041f\u0430\u0440\u0430\u043c\u0435\u0442\u0440\u044b \u0434\u0438\u0441\u043a\u0430:\u003Cbr\u003E\u003Cb\u003E\u0414\u0438\u0430\u043c\u0435\u0442\u0440 \u0434\u0438\u0441\u043a\u0430:\u003C\/b\u003E 20\u003Cbr\u003E\u003Cb\u003E\u0412\u044b\u043b\u0435\u0442 \u0434\u0438\u0441\u043a\u0430:\u003C\/b\u003E 14\u003Cbr\u003E\u003Cb\u003E\u0428\u0438\u0440\u0438\u043d\u0430 \u0434\u0438\u0441\u043a\u0430:\u003C\/b\u003E 50\u003Cbr\u003E","TITLE":"\u041f\u043e\u0434\u0431\u043e\u0440 \u043f\u043d\u0435\u0432\u043c\u043e\u0434\u0438\u0441\u043a\u0430 \u043f\u043e \u0440\u0430\u0437\u043c\u0435\u0440\u0430\u043c","UF_CRM_1449663065":"16522","ASSIGNED_BY_ID":58,"SOURCE_ID":"WEB"}}},"result":{"result":589208,"time":{"start":1744290210.041853,"finish":1744290211.949712,"duration":1.9078590869903564,"processing":1.8690791130065918,"date_start":"2025-04-10T16:03:30+03:00","date_finish":"2025-04-10T16:03:31+03:00","operating_reset_at":1744290810,"operating":1.8690550327301025}}}