{"url":"https:\/\/tinger.bitrix24.ru\/rest\/190\/42tc2gxq8od2858i\/crm.lead.add.json","info":{"url":"https:\/\/tinger.bitrix24.ru\/rest\/190\/42tc2gxq8od2858i\/crm.lead.add.json","content_type":"application\/json; charset=utf-8","http_code":200,"header_size":1034,"request_size":207,"filetime":-1,"ssl_verify_result":0,"redirect_count":0,"total_time":1.5402039999999999,"namelookup_time":0.015871,"connect_time":0.027258999999999999,"pretransfer_time":0.047733999999999999,"size_upload":1856,"size_download":285,"speed_download":185,"speed_upload":1205,"download_content_length":-1,"upload_content_length":1856,"starttransfer_time":0.047737000000000002,"redirect_time":0,"redirect_url":"","primary_ip":"46.235.53.67","certinfo":[],"primary_port":443,"local_ip":"188.225.57.79","local_port":37936,"http_version":3,"protocol":2,"ssl_verifyresult":0,"scheme":"HTTPS","appconnect_time_us":47626,"connect_time_us":27259,"namelookup_time_us":15871,"pretransfer_time_us":47734,"redirect_time_us":0,"starttransfer_time_us":47737,"total_time_us":1540204},"params":{"method":"crm.lead.add","params":{"fields":{"NAME":"\u0410\u0440\u0441\u043b\u0430\u043d \u0423\u0431\u0435\u0436\u0438\u0449\u0435\u0432","PHONE":[{"VALUE":"+7 (906) 333-36-08","VALUE_TYPE":"WORK"}],"TRACE":"{\u0022url\u0022:\u0022https:\/\/tingard.ru\/?utm_source=yandex\u0026utm_medium=cpc\u0026utm_campaign=mk_rf\u0026utm_content=14460640532\u0026utm_term=---autotargeting\u0026roistat=direct14_context_89463958_rsMasterGroup_rsMasterBanner_---autotargeting\u0026yclid=3394192608739459071\u0022,\u0022device\u0022:{\u0022isMobile\u0022:false},\u0022tags\u0022:{\u0022ts\u0022:1749595097,\u0022list\u0022:{\u0022utm_source\u0022:\u0022yandex\u0022,\u0022utm_medium\u0022:\u0022cpc\u0022,\u0022utm_campaign\u0022:\u0022mk_rf\u0022,\u0022utm_content\u0022:\u002214460640532\u0022,\u0022utm_term\u0022:\u0022---autotargeting\u0022},\u0022gclid\u0022:null},\u0022client\u0022:{\u0022yaId\u0022:\u00221749583883212216591\u0022},\u0022pages\u0022:{\u0022list\u0022:[[\u0022https:\/\/tingard.ru\/?utm_source=yandex\u0026utm_medium=cpc\u0026utm_campaign=mk_rf\u0026utm_content=14460640532\u0026utm_term=---autotargeting\u0026roistat=direct14_context_89463958_rsMasterGroup_rsMasterBanner_---autotargeting\u0026yclid=3394192608739459071\u0022,1749595097,\u0022TINGARD \u2014 \u0431\u0435\u0441\u0448\u043e\u0432\u043d\u044b\u0439 \u043f\u043b\u0430\u0441\u0442\u0438\u043a\u043e\u0432\u044b\u0439 \u043f\u043e\u0433\u0440\u0435\u0431 \u2116\u0022]]},\u0022gid\u0022:null,\u0022previous\u0022:{\u0022list\u0022:[]}}","UF_CRM_1736853511":"1749583883212216591","UF_CRM_1736853555":"1749583883212216591","UF_CRM_1736853537":"1749583883212216591","UF_CRM_1517561552":"3664196","COMMENTS":null,"TITLE":"\u0417\u0430\u043a\u0430\u0437\u0430\u0442\u044c \u043f\u043e\u0433\u0440\u0435\u0431","UF_CRM_1449663065":68,"ASSIGNED_BY_ID":58,"SOURCE_ID":9}}},"result":{"result":601986,"time":{"start":1749595098.076807,"finish":1749595099.494844,"duration":1.418036937713623,"processing":1.381382942199707,"date_start":"2025-06-11T01:38:18+03:00","date_finish":"2025-06-11T01:38:19+03:00","operating_reset_at":1749595698,"operating":1.3813631534576416}}}