{"url":"https:\/\/tinger.bitrix24.ru\/rest\/190\/42tc2gxq8od2858i\/crm.lead.add.json","info":{"url":"https:\/\/tinger.bitrix24.ru\/rest\/190\/42tc2gxq8od2858i\/crm.lead.add.json","content_type":"application\/json; charset=utf-8","http_code":200,"header_size":1027,"request_size":207,"filetime":-1,"ssl_verify_result":0,"redirect_count":0,"total_time":2.2485819999999999,"namelookup_time":0.0088400000000000006,"connect_time":0.010133,"pretransfer_time":0.018204999999999999,"size_upload":3823,"size_download":288,"speed_download":128,"speed_upload":1700,"download_content_length":-1,"upload_content_length":3823,"starttransfer_time":0.018207999999999998,"redirect_time":0,"redirect_url":"","primary_ip":"178.132.201.52","certinfo":[],"primary_port":443,"local_ip":"188.225.57.79","local_port":58048,"http_version":3,"protocol":2,"ssl_verifyresult":0,"scheme":"HTTPS","appconnect_time_us":18086,"connect_time_us":10133,"namelookup_time_us":8840,"pretransfer_time_us":18205,"redirect_time_us":0,"starttransfer_time_us":18208,"total_time_us":2248582},"params":{"method":"crm.lead.add","params":{"fields":{"NAME":"\u0410\u043b\u043b\u0430\u0445","PHONE":[{"VALUE":"+7 (951) 055-76-02","VALUE_TYPE":"WORK"}],"EMAIL":[{"VALUE":null,"VALUE_TYPE":"WORK"}],"COMMENTS":"undefined\u003Cb\u003E\u0413\u0434\u0435 \u043f\u043b\u0430\u043d\u0438\u0440\u0443\u0435\u0442\u0435 \u0443\u0441\u0442\u0430\u043d\u0430\u0432\u043b\u0438\u0432\u0430\u0442\u044c \u043f\u043e\u0433\u0440\u0435\u0431?\u003C\/b\u003E \u043f\u043e\u0434 \u0431\u0435\u0441\u0435\u0434\u043a\u0443\/\u0433\u0430\u0440\u0430\u0436\u003Cbr\u003E\u003Cb\u003E\u041a\u0430\u043a\u043e\u0439 \u0443\u0440\u043e\u0432\u0435\u043d\u044c \u0433\u0440\u0443\u043d\u0442\u043e\u0432\u044b\u0445 \u0432\u043e\u0434 \u043d\u0430 \u0432\u0430\u0448\u0435\u043c \u0443\u0447\u0430\u0441\u0442\u043a\u0435?\u003C\/b\u003E \u0432\u044b\u0441\u043e\u043a\u0438\u0439\u003Cbr\u003E\u003Cb\u003E\u041f\u043e\u0434\u0431\u0435\u0440\u0438 \u043f\u043e\u0433\u0440\u0435\u0431 \u0437\u0430 30 \u0441\u0435\u043a\u0443\u043d\u0434\u003C\/b\u003E \u0434\u043e 350 \u0431\u0430\u043d\u043e\u043a \u0438 \u0434\u043e 35 \u044f\u0449\u0438\u043a\u043e\u0432\u003Cbr\u003E\u003Cb\u003E\u041a\u0442\u043e \u0431\u0443\u0434\u0435\u0442 \u0437\u0430\u043d\u0438\u043c\u0430\u0442\u044c\u0441\u044f \u0443\u0441\u0442\u0430\u043d\u043e\u0432\u043a\u043e\u0439 \u043f\u043e\u0433\u0440\u0435\u0431\u0430?\u003C\/b\u003E \u043f\u0440\u043e\u0444\u0438\u043b\u044c\u043d\u0430\u044f \u043e\u0440\u0433\u0430\u043d\u0438\u0437\u0430\u0446\u0438\u044f\u003Cbr\u003E\u003Cb\u003E\u041a\u043e\u0433\u0434\u0430 \u0432\u044b \u043f\u043b\u0430\u043d\u0438\u0440\u0443\u0435\u0442\u0435 \u043f\u0440\u0438\u043e\u0431\u0440\u0435\u0441\u0442\u0438 \u043f\u043e\u0433\u0440\u0435\u0431?\u003C\/b\u003E \u0432 \u0442\u0435\u0447\u0435\u043d\u0438\u0435 1-2 \u043d\u0435\u0434\u0435\u043b\u044c\u003Cbr\u003E","TRACE":"{\u0022url\u0022:\u0022https:\/\/tingard.ru\/?utm_source=yandex_kirill\u0026utm_medium=cpc\u0026utm_campaign=pogreba_rozn_umnaya_copy_11_04\u0026utm_content=13300555425\u0026utm_term=---autotargeting\u0026roistat=direct14_context_13300555425_---autotargeting\u0026roistat_referrer=yandex.ru\u0026roistat_pos=none_0\u0026yclid=9319434308706369535\u0022,\u0022ref\u0022:\u0022https:\/\/yandex.ru\/images\/search?from=tabbar\u0026img_url=https%3A%2F%2Fpbs.twimg.com%2Fmedia%2FE93JeGkWEAALEMy.jpg\u0026lr=20010\u0026p=9\u0026pos=39\u0026rpt=simage\u0026text=%D0%B0%D0%BB%D0%BB%D0%B0%D1%85%20%D0%BA%D0%BE%D0%B3%D0%B4%D0%B0%20%D1%81%D0%B4%D0%BE%D1%85\u0022,\u0022device\u0022:{\u0022isMobile\u0022:false},\u0022tags\u0022:{\u0022ts\u0022:1705077134,\u0022list\u0022:{\u0022utm_source\u0022:\u0022yandex_kirill\u0022,\u0022utm_medium\u0022:\u0022cpc\u0022,\u0022utm_campaign\u0022:\u0022pogreba_rozn_umnaya_copy_11_04\u0022,\u0022utm_content\u0022:\u002213300555425\u0022,\u0022utm_term\u0022:\u0022---autotargeting\u0022},\u0022gclid\u0022:null},\u0022client\u0022:{\u0022yaId\u0022:\u00221705077135300946738\u0022},\u0022pages\u0022:{\u0022list\u0022:[[\u0022https:\/\/tingard.ru\/?utm_source=yandex_kirill\u0026utm_medium=cpc\u0026utm_campaign=pogreba_rozn_umnaya_copy_11_04\u0026utm_content=13300555425\u0026utm_term=---autotargeting\u0026roistat=direct14_context_13300555425_---autotargeting\u0026roistat_referrer=yandex.ru\u0026roistat_pos=none_0\u0026yclid=9319434308706369535\u0022,1705077135,\u0022TINGARD \u2014 \u0431\u0435\u0441\u0448\u043e\u0432\u043d\u044b\u0439 \u043f\u043b\u0430\u0441\u0442\u0438\u043a\u043e\u0432\u044b\u0439 \u043f\u043e\u0433\u0440\u0435\u0431 \u2116\u0022]]},\u0022gid\u0022:null,\u0022previous\u0022:{\u0022list\u0022:[]}}","TITLE":"\u041f\u043e\u0434\u043e\u0431\u0440\u0430\u0442\u044c \u043f\u043e\u0433\u0440\u0435\u0431 (\u043a\u0432\u0438\u0437)","UF_CRM_1449663065":68,"ASSIGNED_BY_ID":58,"SOURCE_ID":9}}},"result":{"result":491240,"time":{"start":1705077154.6346021,"finish":1705077156.787287,"duration":2.1526849269866943,"processing":2.1119670867919922,"date_start":"2024-01-12T19:32:34+03:00","date_finish":"2024-01-12T19:32:36+03:00","operating_reset_at":1705077754,"operating":2.1119379997253418}}}