{"url":"https:\/\/tinger.bitrix24.ru\/rest\/190\/42tc2gxq8od2858i\/crm.deal.add.json","info":{"url":"https:\/\/tinger.bitrix24.ru\/rest\/190\/42tc2gxq8od2858i\/crm.deal.add.json","content_type":"application\/json; charset=utf-8","http_code":200,"header_size":1028,"request_size":207,"filetime":-1,"ssl_verify_result":0,"redirect_count":0,"total_time":2.947603,"namelookup_time":0.001353,"connect_time":0.003552,"pretransfer_time":0.011906999999999999,"size_upload":2248,"size_download":285,"speed_download":96,"speed_upload":762,"download_content_length":-1,"upload_content_length":2248,"starttransfer_time":0.011908999999999999,"redirect_time":0,"redirect_url":"","primary_ip":"178.132.201.52","certinfo":[],"primary_port":443,"local_ip":"188.225.57.79","local_port":51712,"http_version":3,"protocol":2,"ssl_verifyresult":0,"scheme":"HTTPS","appconnect_time_us":11781,"connect_time_us":3552,"namelookup_time_us":1353,"pretransfer_time_us":11907,"redirect_time_us":0,"starttransfer_time_us":11909,"total_time_us":2947603},"params":{"method":"crm.deal.add","params":{"fields":{"NAME":"zxczxc","PHONE":[{"VALUE":"+2344442341","VALUE_TYPE":"WORK"}],"EMAIL":[{"VALUE":"werxdxd@mai.ru","VALUE_TYPE":"WORK"}],"TRACE":"{\u0022url\u0022:\u0022https:\/\/tinger.ru\/vacancies\/rabota-v-ofise\/pr-menedzher\/\u0022,\u0022device\u0022:{\u0022isMobile\u0022:false},\u0022tags\u0022:{\u0022ts\u0022:1718699173,\u0022list\u0022:{},\u0022gclid\u0022:null},\u0022client\u0022:{\u0022gaId\u0022:\u0022139735742.1718277880\u0022,\u0022yaId\u0022:\u00221718277880180859241\u0022},\u0022pages\u0022:{\u0022list\u0022:[[\u0022https:\/\/tinger.ru\/catalog\/perelomka\/\u0022,1721027692,\u0022\u041a\u0443\u043f\u0438\u0442\u044c \u0432\u0435\u0437\u0434\u0435\u0445\u043e\u0434 \u043f\u0435\u0440\u0435\u043b\u043e\u043c\u043a\u0443 TINGER TF4 \u0432 \u0420\u0022],[\u0022https:\/\/tinger.ru\/thanks\/\u0022,1721027699,\u0022\u0421\u043f\u0430\u0441\u0438\u0431\u043e \u0437\u0430 \u0437\u0430\u044f\u0432\u043a\u0443\u0022],[\u0022https:\/\/tinger.ru\/\u0022,1721027717,\u0022\u0412\u0435\u0437\u0434\u0435\u0445\u043e\u0434\u044b \u0438 \u0431\u043e\u043b\u043e\u0442\u043e\u0445\u043e\u0434\u044b \u043e\u0442 \u043f\u0440\u043e\u0438\u0437\u0432\u043e\u0434\u0438\u0442\u0435\u043b\u044f \u0022],[\u0022https:\/\/tinger.ru\/vacancies\/\u0022,1721027791,\u0022\u0412\u0430\u043a\u0430\u043d\u0441\u0438\u0438 \u0432 \u0427\u0435\u0440\u0435\u043f\u043e\u0432\u0446\u0435 \u0432 \u0433\u0440\u0443\u043f\u043f\u0435 \u043a\u043e\u043c\u043f\u0430\u043d\u0438\u0439 T\u0022],[\u0022https:\/\/tinger.ru\/vacancies\/rabota-v-ofise\/pr-menedzher\/\u0022,1721028150,\u0022PR-\u043c\u0435\u043d\u0435\u0434\u0436\u0435\u0440\u0022]]},\u0022gid\u0022:null,\u0022previous\u0022:{\u0022list\u0022:[]}}","UF_CRM_1517561552":"3686680","COMMENTS":null,"UF_CRM_1699518130":null,"TITLE":"\u041e\u0442\u043a\u043b\u0438\u043a \u043d\u0430 \u0432\u0430\u043a\u0430\u043d\u0441\u0438\u044e \u00abPR-\u043c\u0435\u043d\u0435\u0434\u0436\u0435\u0440\u00bb","CATEGORY_ID":6,"UF_CRM_5697ACD86C4A4":null,"UF_CRM_1580391801":null,"UF_CRM_1558422147767":null,"UF_CRM_1558422105224":null,"UF_CRM_1558421988817":null,"UF_CRM_1558443579026":null,"SOURCE_ID":"WEB","ASSIGNED_BY_ID":50856,"UF_CRM_5742B4FC41290":"\u0420\u0430\u0431\u043e\u0442\u0430 \u0432 \u043e\u0444\u0438\u0441\u0435 TINGER","CONTACT_ID":73626}}},"result":{"result":99540,"time":{"start":1721028157.846467,"finish":1721028160.687185,"duration":2.8407180309295654,"processing":2.802764892578125,"date_start":"2024-07-15T10:22:37+03:00","date_finish":"2024-07-15T10:22:40+03:00","operating_reset_at":1721028757,"operating":5.6663708686828613}}}