{"url":"https:\/\/tinger.bitrix24.ru\/rest\/190\/42tc2gxq8od2858i\/crm.lead.add.json","info":{"url":"https:\/\/tinger.bitrix24.ru\/rest\/190\/42tc2gxq8od2858i\/crm.lead.add.json","content_type":"application\/json; charset=utf-8","http_code":200,"header_size":1028,"request_size":207,"filetime":-1,"ssl_verify_result":0,"redirect_count":0,"total_time":2.0697649999999999,"namelookup_time":0.022355,"connect_time":0.023675000000000002,"pretransfer_time":0.032173,"size_upload":2054,"size_download":287,"speed_download":138,"speed_upload":992,"download_content_length":-1,"upload_content_length":2054,"starttransfer_time":0.032175000000000002,"redirect_time":0,"redirect_url":"","primary_ip":"178.132.201.53","certinfo":[],"primary_port":443,"local_ip":"188.225.57.79","local_port":55836,"http_version":3,"protocol":2,"ssl_verifyresult":0,"scheme":"HTTPS","appconnect_time_us":32066,"connect_time_us":23675,"namelookup_time_us":22355,"pretransfer_time_us":32173,"redirect_time_us":0,"starttransfer_time_us":32175,"total_time_us":2069765},"params":{"method":"crm.lead.add","params":{"fields":{"NAME":"\u0432 \u0440\u043e\u0442 \u0435\u0431\u0430\u043b","PHONE":[{"VALUE":"+7 (977) 171-48-59","VALUE_TYPE":"WORK"}],"TRACE":"{\u0022url\u0022:\u0022https:\/\/tingard.ru\/?roistat=direct14_context_16233427521_%D0%BF%D1%80%D0%BE%D0%BF%D0%BE%D0%BB%D0%BA%D0%B0\u0026roistat_referrer=inf-oge.sdamgia.ru\u0026roistat_pos=none_0\u0026y_ref=inf-oge.sdamgia.ru\u0026utm_source=yandex\u0026utm_medium=cpc\u0026utm_campaign=rsya-click\u0026utm_content=16233427521\u0026utm_term=inf-oge.sdamgia.ru\u0026yclid=6720432090193330175\u0022,\u0022ref\u0022:\u0022https:\/\/inf-oge.sdamgia.ru\/test?id=24074464\u0026nt=True\u0026pub=False\u0022,\u0022device\u0022:{\u0022isMobile\u0022:false},\u0022tags\u0022:{\u0022ts\u0022:1734512834,\u0022list\u0022:{\u0022utm_source\u0022:\u0022yandex\u0022,\u0022utm_medium\u0022:\u0022cpc\u0022,\u0022utm_campaign\u0022:\u0022rsya-click\u0022,\u0022utm_content\u0022:\u002216233427521\u0022,\u0022utm_term\u0022:\u0022inf-oge.sdamgia.ru\u0022},\u0022gclid\u0022:null},\u0022client\u0022:{\u0022yaId\u0022:\u00221734512842823738444\u0022},\u0022pages\u0022:{\u0022list\u0022:[[\u0022https:\/\/tingard.ru\/?roistat=direct14_context_16233427521_%D0%BF%D1%80%D0%BE%D0%BF%D0%BE%D0%BB%D0%BA%D0%B0\u0026roistat_referrer=inf-oge.sdamgia.ru\u0026roistat_pos=none_0\u0026y_ref=inf-oge.sdamgia.ru\u0026utm_source=yandex\u0026utm_medium=cpc\u0026utm_campaign=rsya-click\u0026utm_content=16233427521\u0026utm_term=inf-oge.sdamgia.ru\u0026yclid=6720432090193330175\u0022,1734512835,\u0022TINGARD \u2014 \u0431\u0435\u0441\u0448\u043e\u0432\u043d\u044b\u0439 \u043f\u043b\u0430\u0441\u0442\u0438\u043a\u043e\u0432\u044b\u0439 \u043f\u043e\u0433\u0440\u0435\u0431 \u2116\u0022]]},\u0022gid\u0022:null,\u0022previous\u0022:{\u0022list\u0022:[]}}","UF_CRM_1517561552":"3578495","COMMENTS":null,"TITLE":"\u0417\u0430\u043a\u0430\u0437\u0430\u0442\u044c \u043f\u043e\u0433\u0440\u0435\u0431","UF_CRM_1449663065":68,"ASSIGNED_BY_ID":58,"SOURCE_ID":9}}},"result":{"result":570814,"time":{"start":1734512858.0525341,"finish":1734512860.025228,"duration":1.972693920135498,"processing":1.9463369846343994,"date_start":"2024-12-18T12:07:38+03:00","date_finish":"2024-12-18T12:07:40+03:00","operating_reset_at":1734513458,"operating":3.7479579448699951}}}