{"url":"https:\/\/tinger.bitrix24.ru\/rest\/190\/42tc2gxq8od2858i\/crm.lead.add.json","info":{"url":"https:\/\/tinger.bitrix24.ru\/rest\/190\/42tc2gxq8od2858i\/crm.lead.add.json","content_type":"application\/json; charset=utf-8","http_code":200,"header_size":1132,"request_size":207,"filetime":-1,"ssl_verify_result":0,"redirect_count":0,"total_time":1.384247,"namelookup_time":0.038059000000000003,"connect_time":0.053901999999999999,"pretransfer_time":0.078516000000000002,"size_upload":2157,"size_download":289,"speed_download":208,"speed_upload":1558,"download_content_length":-1,"upload_content_length":2157,"starttransfer_time":0.078519000000000005,"redirect_time":0,"redirect_url":"","primary_ip":"89.208.228.119","certinfo":[],"primary_port":443,"local_ip":"188.225.57.79","local_port":45010,"http_version":3,"protocol":2,"ssl_verifyresult":0,"scheme":"HTTPS","appconnect_time_us":78392,"connect_time_us":53902,"namelookup_time_us":38059,"pretransfer_time_us":78516,"redirect_time_us":0,"starttransfer_time_us":78519,"total_time_us":1384247},"params":{"method":"crm.lead.add","params":{"fields":{"UF_CRM_1449663065":"16452","SOURCE_ID":98,"ASSIGNED_BY_ID":58,"TITLE":"\u0417\u0430\u043a\u0430\u0437\u0430\u0442\u044c \u0451\u043c\u043a\u043e\u0441\u0442\u044c","NAME":"zxczxc","PHONE":[{"VALUE":"+666666666666","VALUE_TYPE":"WORK"}],"EMAIL":[{"VALUE":null,"VALUE_TYPE":"WORK"}],"COMMENTS":"","TRACE":"{\u0022url\u0022:\u0022https:\/\/pt.tingerplast.ru\/?roistatt=direct\u0022,\u0022device\u0022:{\u0022isMobile\u0022:false},\u0022tags\u0022:{\u0022ts\u0022:1683117699,\u0022list\u0022:{},\u0022gclid\u0022:null},\u0022client\u0022:{\u0022yaId\u0022:\u00221678885642958880999\u0022},\u0022pages\u0022:{\u0022list\u0022:[[\u0022https:\/\/pt.tingerplast.ru\/?clear_cache=Y\u0022,1684388364,\u0022\u041f\u043b\u0430\u0441\u0442\u0438\u043a\u043e\u0432\u044b\u0435 \u0451\u043c\u043a\u043e\u0441\u0442\u0438 \u0431\u043e\u043b\u044c\u0448\u043e\u0433\u043e \u043e\u0431\u044a\u0451\u043c\u0430 \u043e\u0442 \u043f\u0022],[\u0022https:\/\/pt.tingerplast.ru\/?roistat=direct\u0022,1684477994,\u0022\u041f\u043b\u0430\u0441\u0442\u0438\u043a\u043e\u0432\u044b\u0435 \u0451\u043c\u043a\u043e\u0441\u0442\u0438 \u0431\u043e\u043b\u044c\u0448\u043e\u0433\u043e \u043e\u0431\u044a\u0451\u043c\u0430 \u043e\u0442 \u043f\u0022],[\u0022https:\/\/pt.tingerplast.ru\/\u0022,1684907595,\u0022\u041f\u043b\u0430\u0441\u0442\u0438\u043a\u043e\u0432\u044b\u0435 \u0451\u043c\u043a\u043e\u0441\u0442\u0438 \u0431\u043e\u043b\u044c\u0448\u043e\u0433\u043e \u043e\u0431\u044a\u0451\u043c\u0430 \u043e\u0442 \u043f\u0022],[\u0022https:\/\/pt.tingerplast.ru\/thanks\/\u0022,1684915920,\u0022\u0421\u043f\u0430\u0441\u0438\u0431\u043e \u0437\u0430 \u0437\u0430\u044f\u0432\u043a\u0443\u0022],[\u0022https:\/\/pt.tingerplast.ru\/?roistatt=direct\u0022,1684915950,\u0022\u041f\u043b\u0430\u0441\u0442\u0438\u043a\u043e\u0432\u044b\u0435 \u0451\u043c\u043a\u043e\u0441\u0442\u0438 \u0431\u043e\u043b\u044c\u0448\u043e\u0433\u043e \u043e\u0431\u044a\u0451\u043c\u0430 \u043e\u0442 \u043f\u0022]]},\u0022gid\u0022:null,\u0022previous\u0022:{\u0022list\u0022:[]}}"}}},"result":{"result":447286,"time":{"start":1684915953.3766749,"finish":1684915954.6087339,"duration":1.2320590019226074,"processing":1.1856350898742676,"date_start":"2023-05-24T11:12:33+03:00","date_finish":"2023-05-24T11:12:34+03:00","operating_reset_at":1684916553,"operating":7.3950049877166748}}}