{"url":"https:\/\/tinger.bitrix24.ru\/rest\/190\/42tc2gxq8od2858i\/crm.lead.add.json","info":{"url":"https:\/\/tinger.bitrix24.ru\/rest\/190\/42tc2gxq8od2858i\/crm.lead.add.json","content_type":"application\/json; charset=utf-8","http_code":200,"header_size":1034,"request_size":207,"filetime":-1,"ssl_verify_result":0,"redirect_count":0,"total_time":1.7548710000000001,"namelookup_time":0.024202999999999999,"connect_time":0.036343,"pretransfer_time":0.059361999999999998,"size_upload":2609,"size_download":284,"speed_download":161,"speed_upload":1487,"download_content_length":-1,"upload_content_length":2609,"starttransfer_time":0.059365000000000001,"redirect_time":0,"redirect_url":"","primary_ip":"195.208.185.4","certinfo":[],"primary_port":443,"local_ip":"188.225.57.79","local_port":55148,"http_version":3,"protocol":2,"ssl_verifyresult":0,"scheme":"HTTPS","appconnect_time_us":59241,"connect_time_us":36343,"namelookup_time_us":24203,"pretransfer_time_us":59362,"redirect_time_us":0,"starttransfer_time_us":59365,"total_time_us":1754871},"params":{"method":"crm.lead.add","params":{"fields":{"NAME":"\u0410\u043b\u044c\u0431\u0435\u0440\u0442","PHONE":[{"VALUE":"+7 (977) 408-12-45","VALUE_TYPE":"WORK"}],"EMAIL":[{"VALUE":"alib_456@mail.ru","VALUE_TYPE":"WORK"}],"TRACE":"{\u0022url\u0022:\u0022https:\/\/tingard.ru\/catalog\/\u0022,\u0022ref\u0022:\u0022https:\/\/fbed.ru\/\u0022,\u0022device\u0022:{\u0022isMobile\u0022:true},\u0022tags\u0022:{\u0022ts\u0022:1757867541,\u0022list\u0022:{\u0022utm_source\u0022:\u0022yandex\u0022,\u0022utm_medium\u0022:\u0022cpc\u0022,\u0022utm_campaign\u0022:\u0022mk_rf\u0022,\u0022utm_content\u0022:\u002217178945102\u0022,\u0022utm_term\u0022:\u0022---autotargeting\u0022},\u0022gclid\u0022:null},\u0022client\u0022:{\u0022yaId\u0022:\u00221757867541762033010\u0022},\u0022pages\u0022:{\u0022list\u0022:[[\u0022https:\/\/tingard.ru\/?utm_source=yandex\u0026utm_medium=cpc\u0026utm_campaign=mk_rf\u0026utm_content=17178945102\u0026utm_term=---autotargeting\u0026roistat=direct14_context_89463958_rsMasterGroup_rsMasterBanner_---autotargeting\u0026yclid=1897097624654970879\u0026ybaip=1\u0022,1757867541,\u0022TINGARD \u2014 \u0431\u0435\u0441\u0448\u043e\u0432\u043d\u044b\u0439 \u043f\u043b\u0430\u0441\u0442\u0438\u043a\u043e\u0432\u044b\u0439 \u043f\u043e\u0433\u0440\u0435\u0431 \u0441\u0022],[\u0022https:\/\/tingard.ru\/payment\/\u0022,1757867663,\u0022\u0418\u043d\u0444\u043e\u0440\u043c\u0430\u0446\u0438\u044f \u043f\u043e \u0434\u043e\u0441\u0442\u0430\u0432\u043a\u0435 \u0438 \u043e\u043f\u043b\u0430\u0442\u0435 \u0431\u0435\u0441\u0448\u043e\u0432\u043d\u044b\u0022],[\u0022https:\/\/tingard.ru\/media\/\u0022,1757867695,\u0022\u041e \u043f\u043e\u0433\u0440\u0435\u0431\u0430\u0445 TINGARD \u0432 \u043d\u0435\u0437\u0430\u0432\u0438\u0441\u0438\u043c\u044b\u0445 \u0421\u041c\u0418\u0022],[\u0022https:\/\/tingard.ru\/contacts\/\u0022,1757867735,\u0022\u041a\u043e\u043d\u0442\u0430\u043a\u0442\u044b\u0022],[\u0022https:\/\/tingard.ru\/catalog\/\u0022,1757867748,\u0022\u041a\u0430\u0442\u0430\u043b\u043e\u0433 \u043f\u043e\u0433\u0440\u0435\u0431\u043e\u0432\u0022]]},\u0022gid\u0022:null,\u0022previous\u0022:{\u0022list\u0022:[]}}","UF_CRM_1736853511":"1757867541762033010","UF_CRM_1736853555":"1757867541762033010","UF_CRM_1736853537":"1757867541762033010","UF_CRM_1517561552":"3753049","COMMENTS":null,"TITLE":"\u0417\u0430\u043a\u0430\u0437\u0430\u0442\u044c \u00ab\u0412\u0438\u043d\u043d\u044b\u0439 \u0441\u0442\u0435\u043b\u043b\u0430\u0436 TINGARD\u00bb","UF_CRM_1449663065":68,"ASSIGNED_BY_ID":58,"SOURCE_ID":9}}},"result":{"result":621796,"time":{"start":1757867794.6293471,"finish":1757867796.255589,"duration":1.62624192237854,"processing":1.5973930358886719,"date_start":"2025-09-14T19:36:34+03:00","date_finish":"2025-09-14T19:36:36+03:00","operating_reset_at":1757868394,"operating":3.0662860870361328}}}