{"url":"https:\/\/tinger.bitrix24.ru\/rest\/190\/42tc2gxq8od2858i\/crm.lead.add.json","info":{"url":"https:\/\/tinger.bitrix24.ru\/rest\/190\/42tc2gxq8od2858i\/crm.lead.add.json","content_type":"application\/json; charset=utf-8","http_code":200,"header_size":1034,"request_size":207,"filetime":-1,"ssl_verify_result":0,"redirect_count":0,"total_time":2.4535689999999999,"namelookup_time":0.017738,"connect_time":0.029114999999999999,"pretransfer_time":0.048441999999999999,"size_upload":1307,"size_download":288,"speed_download":117,"speed_upload":532,"download_content_length":-1,"upload_content_length":1307,"starttransfer_time":0.048445000000000002,"redirect_time":0,"redirect_url":"","primary_ip":"46.235.53.69","certinfo":[],"primary_port":443,"local_ip":"188.225.57.79","local_port":51126,"http_version":3,"protocol":2,"ssl_verifyresult":0,"scheme":"HTTPS","appconnect_time_us":48281,"connect_time_us":29115,"namelookup_time_us":17738,"pretransfer_time_us":48442,"redirect_time_us":0,"starttransfer_time_us":48445,"total_time_us":2453569},"params":{"method":"crm.lead.add","params":{"fields":{"NAME":"\u0420\u043e\u043c\u0430\u043d","PHONE":[{"VALUE":"8 (912) 826-45-92","VALUE_TYPE":"WORK"}],"EMAIL":[{"VALUE":null,"VALUE_TYPE":"WORK"}],"TRACE":"{\u0022url\u0022:\u0022https:\/\/tinger.ru\/catalog\/tinger-dog\/\u0022,\u0022ref\u0022:\u0022https:\/\/www.google.com\/\u0022,\u0022device\u0022:{\u0022isMobile\u0022:true},\u0022tags\u0022:{\u0022ts\u0022:1710133575,\u0022list\u0022:{},\u0022gclid\u0022:null},\u0022client\u0022:{\u0022gaId\u0022:\u0022620207816.1710133576\u0022,\u0022yaId\u0022:\u00221710133576212180813\u0022},\u0022pages\u0022:{\u0022list\u0022:[[\u0022https:\/\/tinger.ru\/privacy-policy\/\u0022,1710134275,\u0022\u041f\u043e\u043b\u044c\u0437\u043e\u0432\u0430\u0442\u0435\u043b\u044c\u0441\u043a\u043e\u0435 \u0441\u043e\u0433\u043b\u0430\u0448\u0435\u043d\u0438\u0435\u0022],[\u0022https:\/\/tinger.ru\/catalog\/tinger-dog\/\u0022,1710134302,\u0022\u041c\u043e\u0442\u043e\u0431\u0443\u043a\u0441\u0438\u0440\u043e\u0432\u0449\u0438\u043a TINGER Dog\u0022]]},\u0022gid\u0022:null,\u0022previous\u0022:{\u0022list\u0022:[]}}","COMMENTS":null,"TITLE":"\u041a\u0443\u043f\u0438\u0442\u044c \u0432\u0435\u0437\u0434\u0435\u0445\u043e\u0434 TINGER Dog","UF_CRM_1449663065":64,"ASSIGNED_BY_ID":58,"SOURCE_ID":"WEB"}}},"result":{"result":500912,"time":{"start":1710134354.6393771,"finish":1710134356.959657,"duration":2.3202798366546631,"processing":2.2639319896697998,"date_start":"2024-03-11T08:19:14+03:00","date_finish":"2024-03-11T08:19:16+03:00","operating_reset_at":1710134954,"operating":2.2638938426971436}}}