{"url":"https:\/\/tinger.bitrix24.ru\/rest\/190\/42tc2gxq8od2858i\/crm.lead.add.json","info":{"url":"https:\/\/tinger.bitrix24.ru\/rest\/190\/42tc2gxq8od2858i\/crm.lead.add.json","content_type":"application\/json; charset=utf-8","http_code":200,"header_size":926,"request_size":207,"filetime":-1,"ssl_verify_result":0,"redirect_count":0,"total_time":1.966137,"namelookup_time":0.024063999999999999,"connect_time":0.035185000000000001,"pretransfer_time":0.056778000000000002,"size_upload":4715,"size_download":263,"speed_download":133,"speed_upload":2398,"download_content_length":-1,"upload_content_length":4715,"starttransfer_time":0.056780999999999998,"redirect_time":0,"redirect_url":"","primary_ip":"46.235.53.70","certinfo":[],"primary_port":443,"local_ip":"188.225.57.79","local_port":34194,"http_version":3,"protocol":2,"ssl_verifyresult":0,"scheme":"HTTPS","appconnect_time_us":56644,"connect_time_us":35185,"namelookup_time_us":24064,"pretransfer_time_us":56778,"redirect_time_us":0,"starttransfer_time_us":56781,"total_time_us":1966137},"params":{"method":"crm.lead.add","params":{"fields":{"NAME":"\u0412\u0430\u0441\u0438\u043b\u0438\u0439","PHONE":[{"VALUE":"8 (902) 053-80-91","VALUE_TYPE":"WORK"}],"EMAIL":[{"VALUE":"001001125@mail.ru","VALUE_TYPE":"WORK"}],"TRACE":"{\u0022url\u0022:\u0022https:\/\/tingard.ru\/?utm_source=yandex\u0026utm_medium=cpc\u0026utm_campaign=mk_rf_kval\u0026utm_content=17359044794\u0026utm_term=---autotargeting\u0026roistat=direct14_search_702036728_rsMasterGroup_rsMasterBanner_---autotargeting\u0026etext=2202.M00fHXdmwV2lSsoptu_4wHEIpTrj9W0hBt2T4r1RyQpfnqkSWZNkQUxo69LerupLOdNR3zmDvyXbds-J1W7ZpuVpBXV5VucH25xclT6-4nrhKgRXrfTO8RPTjQcxcF7yjc41MJ6Xn8U_j6SgB-sox3d3cmN2bnBhbmlmdm9wcmk.9823e410b798f5925a60a2ae90e3cd9353505d75\u0026yclid=8644701358571651071\u0026ybaip=1\u0022,\u0022ref\u0022:\u0022https:\/\/yandex.ru\/\u0022,\u0022device\u0022:{\u0022isMobile\u0022:true},\u0022tags\u0022:{\u0022ts\u0022:1765405504,\u0022list\u0022:{\u0022utm_source\u0022:\u0022yandex\u0022,\u0022utm_medium\u0022:\u0022cpc\u0022,\u0022utm_campaign\u0022:\u0022mk_rf_kval\u0022,\u0022utm_content\u0022:\u002217359044794\u0022,\u0022utm_term\u0022:\u0022---autotargeting\u0022},\u0022gclid\u0022:null},\u0022client\u0022:{\u0022yaId\u0022:\u00221765404692580795314\u0022},\u0022pages\u0022:{\u0022list\u0022:[[\u0022https:\/\/tingard.ru\/?utm_source=yandex\u0026utm_medium=cpc\u0026utm_campaign=mk_rf_kval\u0026utm_content=17359044788\u0026utm_term=---autotargeting\u0026roistat=direct14_search_702036728_rsMasterGroup_rsMasterBanner_---autotargeting\u0026etext=2202.unMoCe9NE3vBYZQY2clgWTToNWt0UZ2GSQXqd6rRUsZYt13nT0Z_qXNxQyLHGtAhXdpnPIg8HNY4VeZf7iQmPmptb3FrcmlqcXJzdWZ2ZnA.31e2ec9d8285c571c0e9697d87988be97b45a25f\u0026yclid=6956135333560844287\u0026ybaip=1\u0022,1765404693,\u0022TINGARD \u2014 \u0431\u0435\u0441\u0448\u043e\u0432\u043d\u044b\u0439 \u043f\u043b\u0430\u0441\u0442\u0438\u043a\u043e\u0432\u044b\u0439 \u043f\u043e\u0433\u0440\u0435\u0431 \u0441\u0022],[\u0022https:\/\/tingard.ru\/?utm_source=yandex\u0026utm_medium=cpc\u0026utm_campaign=mk_rf_kval\u0026utm_content=17359044794\u0026utm_term=---autotargeting\u0026roistat=direct14_search_702036728_rsMasterGroup_rsMasterBanner_---autotargeting\u0026etext=2202.M00fHXdmwV2lSsoptu_4wHEIpTrj9W0hBt2T4r1RyQpfnqkSWZNkQUxo69LerupLOdNR3zmDvyXbds-J1W7ZpuVpBXV5VucH25xclT6-4nrhKgRXrfTO8RPTjQcxcF7yjc41MJ6Xn8U_j6SgB-sox3d3cmN2bnBhbmlmdm9wcmk.9823e410b798f5925a60a2ae90e3cd9353505d75\u0026yclid=8644701358571651071\u0026ybaip=1\u0022,1765405504,\u0022TINGARD \u2014 \u0431\u0435\u0441\u0448\u043e\u0432\u043d\u044b\u0439 \u043f\u043b\u0430\u0441\u0442\u0438\u043a\u043e\u0432\u044b\u0439 \u043f\u043e\u0433\u0440\u0435\u0431 \u0441\u0022]]},\u0022gid\u0022:null,\u0022previous\u0022:{\u0022list\u0022:[]}}","UF_CRM_1736853511":"1765404692580795314","UF_CRM_1736853555":"1765404692580795314","UF_CRM_1736853537":"1765404692580795314","UF_CRM_1517561552":"3833868","COMMENTS":"\u003Cb\u003E\u0413\u0434\u0435 \u043f\u043b\u0430\u043d\u0438\u0440\u0443\u0435\u0442\u0435 \u0443\u0441\u0442\u0430\u043d\u0430\u0432\u043b\u0438\u0432\u0430\u0442\u044c \u043f\u043e\u0433\u0440\u0435\u0431?\u003C\/b\u003E \u043d\u0430 \u043e\u0442\u043a\u0440\u044b\u0442\u043e\u043c \u0443\u0447\u0430\u0441\u0442\u043a\u0435\u003Cbr\u003E\u003Cb\u003E\u041a\u0430\u043a\u043e\u0439 \u0443\u0440\u043e\u0432\u0435\u043d\u044c \u0433\u0440\u0443\u043d\u0442\u043e\u0432\u044b\u0445 \u0432\u043e\u0434 \u043d\u0430 \u0432\u0430\u0448\u0435\u043c \u0443\u0447\u0430\u0441\u0442\u043a\u0435?\u003C\/b\u003E \u0432\u044b\u0441\u043e\u043a\u0438\u0439\u003Cbr\u003E\u003Cb\u003E\u041f\u043e\u0434\u0431\u0435\u0440\u0438 \u043f\u043e\u0433\u0440\u0435\u0431 \u0437\u0430 30 \u0441\u0435\u043a\u0443\u043d\u0434\u003C\/b\u003E \u0434\u043e 200 \u0431\u0430\u043d\u043e\u043a \u0438 \u0434\u043e 20 \u044f\u0449\u0438\u043a\u043e\u0432\u003Cbr\u003E\u003Cb\u003E\u041a\u0442\u043e \u0431\u0443\u0434\u0435\u0442 \u0437\u0430\u043d\u0438\u043c\u0430\u0442\u044c\u0441\u044f \u0443\u0441\u0442\u0430\u043d\u043e\u0432\u043a\u043e\u0439 \u043f\u043e\u0433\u0440\u0435\u0431\u0430?\u003C\/b\u003E \u0441\u0430\u043c\u043e\u0441\u0442\u043e\u044f\u0442\u0435\u043b\u044c\u043d\u043e\u003Cbr\u003E\u003Cb\u003E\u041a\u043e\u0433\u0434\u0430 \u0432\u044b \u043f\u043b\u0430\u043d\u0438\u0440\u0443\u0435\u0442\u0435 \u043f\u0440\u0438\u043e\u0431\u0440\u0435\u0441\u0442\u0438 \u043f\u043e\u0433\u0440\u0435\u0431?\u003C\/b\u003E \u0432 \u0441\u043b\u0435\u0434\u0443\u044e\u0449\u0435\u043c \u0433\u043e\u0434\u0443\u003Cbr\u003E","TITLE":"\u041f\u043e\u0434\u043e\u0431\u0440\u0430\u0442\u044c \u043f\u043e\u0433\u0440\u0435\u0431 (\u043a\u0432\u0438\u0437)","UF_CRM_1449663065":68,"ASSIGNED_BY_ID":58,"SOURCE_ID":9}}},"result":{"result":635206,"time":{"start":1765405745,"finish":1765405746.9188781,"duration":1.9188780784606934,"processing":1,"date_start":"2025-12-11T01:29:05+03:00","date_finish":"2025-12-11T01:29:06+03:00","operating_reset_at":1765406345,"operating":1.8058090209960938}}}