{"url":"https:\/\/tinger.bitrix24.ru\/rest\/190\/42tc2gxq8od2858i\/crm.lead.add.json","info":{"url":"https:\/\/tinger.bitrix24.ru\/rest\/190\/42tc2gxq8od2858i\/crm.lead.add.json","content_type":"application\/json; charset=utf-8","http_code":200,"header_size":1030,"request_size":207,"filetime":-1,"ssl_verify_result":0,"redirect_count":0,"total_time":2.490596,"namelookup_time":0.01374,"connect_time":0.023480000000000001,"pretransfer_time":0.041269,"size_upload":3242,"size_download":288,"speed_download":115,"speed_upload":1302,"download_content_length":-1,"upload_content_length":3242,"starttransfer_time":0.041272999999999997,"redirect_time":0,"redirect_url":"","primary_ip":"89.208.228.119","certinfo":[],"primary_port":443,"local_ip":"188.225.57.79","local_port":39802,"http_version":3,"protocol":2,"ssl_verifyresult":0,"scheme":"HTTPS","appconnect_time_us":41146,"connect_time_us":23480,"namelookup_time_us":13740,"pretransfer_time_us":41269,"redirect_time_us":0,"starttransfer_time_us":41273,"total_time_us":2490596},"params":{"method":"crm.lead.add","params":{"fields":{"NAME":"\u041b\u0435\u043e\u043d\u0438\u0434","PHONE":[{"VALUE":"+7 (911) 921-63-34","VALUE_TYPE":"WORK"}],"EMAIL":[{"VALUE":null,"VALUE_TYPE":"WORK"}],"COMMENTS":null,"TRACE":"{\u0022url\u0022:\u0022https:\/\/tingard.ru\/?roistat=direct14_search_14432610914_tingard\u0026roistat_referrer=none\u0026roistat_pos=premium_3\u0026utm_source=yandex\u0026utm_medium=cpc\u0026utm_campaign=poisk_retarget\u0026utm_content=14432610914\u0026utm_term=tingard\u0026yclid=15314865473643347967\u0022,\u0022ref\u0022:\u0022https:\/\/yandex.ru\/\u0022,\u0022device\u0022:{\u0022isMobile\u0022:true},\u0022tags\u0022:{\u0022ts\u0022:1695241810,\u0022list\u0022:{\u0022utm_source\u0022:\u0022yandex\u0022,\u0022utm_medium\u0022:\u0022cpc\u0022,\u0022utm_campaign\u0022:\u0022poisk_retarget\u0022,\u0022utm_content\u0022:\u002214432610914\u0022,\u0022utm_term\u0022:\u0022tingard\u0022},\u0022gclid\u0022:null},\u0022client\u0022:{\u0022yaId\u0022:\u00221681932755951833980\u0022},\u0022pages\u0022:{\u0022list\u0022:[[\u0022https:\/\/tingard.ru\/?roistat=direct14_search_14432610914_tingard\u0026roistat_referrer=none\u0026roistat_pos=premium_3\u0026utm_source=yandex\u0026utm_medium=cpc\u0026utm_campaign=poisk_retarget\u0026utm_content=14432610914\u0026utm_term=tingard\u0026yclid=15314865473643347967\u0022,1695241811,\u0022TINGARD \u2014 \u0431\u0435\u0441\u0448\u043e\u0432\u043d\u044b\u0439 \u043f\u043b\u0430\u0441\u0442\u0438\u043a\u043e\u0432\u044b\u0439 \u043f\u043e\u0433\u0440\u0435\u0431 \u2116\u0022]]},\u0022gid\u0022:null,\u0022previous\u0022:{\u0022list\u0022:[{\u0022url\u0022:\u0022https:\/\/tingard.ru\/?roistat=direct14_search_14432610914_tingard\u0026roistat_referrer=none\u0026roistat_pos=premium_3\u0026utm_source=yandex\u0026utm_medium=cpc\u0026utm_campaign=poisk_retarget\u0026utm_content=14432610914\u0026utm_term=tingard\u0026yclid=15314865473643347967\u0022,\u0022device\u0022:{\u0022isMobile\u0022:true},\u0022tags\u0022:{\u0022ts\u0022:1681932756,\u0022list\u0022:{\u0022utm_source\u0022:\u0022yandex_kirill\u0022,\u0022utm_medium\u0022:\u0022cpc\u0022,\u0022utm_campaign\u0022:\u0022pogreba_rozn_umnaya_copy_11_04\u0022,\u0022utm_content\u0022:\u002213300555438\u0022,\u0022utm_term\u0022:\u0022---autotargeting\u0022},\u0022gclid\u0022:null},\u0022client\u0022:{\u0022yaId\u0022:\u00221681932755951833980\u0022},\u0022pages\u0022:{\u0022list\u0022:[[\u0022https:\/\/tingard.ru\/?utm_source=yandex_kirill\u0026utm_medium=cpc\u0026utm_campaign=pogreba_rozn_umnaya_copy_11_04\u0026utm_content=13300555438\u0026utm_term=---autotargeting\u0026roistat=direct14_search_13300555438_---autotargeting\u0026roistat_referrer=none\u0026roistat_pos=premium_2\u0026_openstat=ZGlyZWN0LnlhbmRleC5ydTs4MjAyMDc3MTsxMzMwMDU1NTQzODt5YW5kZXgucnU6cHJlbWl1bQ\u0026yclid=2596401682934923263\u0022,1681932756,\u0022TINGARD \u2014 \u0431\u0435\u0441\u0448\u043e\u0432\u043d\u044b\u0439 \u043f\u043b\u0430\u0441\u0442\u0438\u043a\u043e\u0432\u044b\u0439 \u043f\u043e\u0433\u0440\u0435\u0431 #\u0022]]},\u0022gid\u0022:null}]}}","TITLE":"\u041f\u043e\u043b\u0443\u0447\u0438\u0442\u044c \u043f\u0440\u0435\u0434\u043b\u043e\u0436\u0435\u043d\u0438\u0435 \u043f\u043e \u043f\u043e\u0433\u0440\u0435\u0431\u0443 TINGARD 2500\u0411","UF_CRM_1449663065":68,"ASSIGNED_BY_ID":58,"SOURCE_ID":9}}},"result":{"result":471672,"time":{"start":1695242272.737427,"finish":1695242275.0951531,"duration":2.3577260971069336,"processing":2.3084421157836914,"date_start":"2023-09-20T23:37:52+03:00","date_finish":"2023-09-20T23:37:55+03:00","operating_reset_at":1695242872,"operating":4.5254228115081787}}}