{"url":"https:\/\/tinger.bitrix24.ru\/rest\/190\/42tc2gxq8od2858i\/crm.lead.add.json","info":{"url":"https:\/\/tinger.bitrix24.ru\/rest\/190\/42tc2gxq8od2858i\/crm.lead.add.json","content_type":"application\/json; charset=utf-8","http_code":200,"header_size":1027,"request_size":207,"filetime":-1,"ssl_verify_result":0,"redirect_count":0,"total_time":0.89940699999999996,"namelookup_time":0.0031710000000000002,"connect_time":0.0048599999999999997,"pretransfer_time":0.016643999999999999,"size_upload":2217,"size_download":291,"speed_download":323,"speed_upload":2466,"download_content_length":-1,"upload_content_length":2217,"starttransfer_time":0.016646000000000001,"redirect_time":0,"redirect_url":"","primary_ip":"178.132.201.52","certinfo":[],"primary_port":443,"local_ip":"188.225.57.79","local_port":45624,"http_version":3,"protocol":2,"ssl_verifyresult":0,"scheme":"HTTPS","appconnect_time_us":16549,"connect_time_us":4860,"namelookup_time_us":3171,"pretransfer_time_us":16644,"redirect_time_us":0,"starttransfer_time_us":16646,"total_time_us":899407},"params":{"method":"crm.lead.add","params":{"fields":{"NAME":"\u041c\u0430\u0440\u0438\u043d\u0430","PHONE":[{"VALUE":"8 (989) 746-55-64","VALUE_TYPE":"WORK"}],"EMAIL":[{"VALUE":null,"VALUE_TYPE":"WORK"}],"TRACE":"{\u0022url\u0022:\u0022https:\/\/tingard.ru\/?roistat=direct14_context_16233427521_%D0%BF%D1%80%D0%BE%D0%BF%D0%BE%D0%BB%D0%BA%D0%B0%20%D0%BA%D0%B0%D1%80%D1%82%D0%BE%D1%84%D0%B5%D0%BB%D1%8F\u0026roistat_referrer=dzen.ru\u0026roistat_pos=none_0\u0026y_ref=dzen.ru\u0026utm_source=yandex\u0026utm_medium=cpc\u0026utm_campaign=rsya-click\u0026utm_content=16233427521\u0026utm_term=dzen.ru\u0026yclid=2288657616668459007\u0022,\u0022ref\u0022:\u0022https:\/\/dzen.ru\/\u0022,\u0022device\u0022:{\u0022isMobile\u0022:true},\u0022tags\u0022:{\u0022ts\u0022:1727905486,\u0022list\u0022:{\u0022utm_source\u0022:\u0022yandex\u0022,\u0022utm_medium\u0022:\u0022cpc\u0022,\u0022utm_campaign\u0022:\u0022rsya-click\u0022,\u0022utm_content\u0022:\u002216233427521\u0022,\u0022utm_term\u0022:\u0022dzen.ru\u0022},\u0022gclid\u0022:null},\u0022client\u0022:{\u0022yaId\u0022:\u00221727905483920634402\u0022},\u0022pages\u0022:{\u0022list\u0022:[[\u0022https:\/\/tingard.ru\/?roistat=direct14_context_16233427521_%D0%BF%D1%80%D0%BE%D0%BF%D0%BE%D0%BB%D0%BA%D0%B0%20%D0%BA%D0%B0%D1%80%D1%82%D0%BE%D1%84%D0%B5%D0%BB%D1%8F\u0026roistat_referrer=dzen.ru\u0026roistat_pos=none_0\u0026y_ref=dzen.ru\u0026utm_source=yandex\u0026utm_medium=cpc\u0026utm_campaign=rsya-click\u0026utm_content=16233427521\u0026utm_term=dzen.ru\u0026yclid=2288657616668459007\u0022,1727905486,\u0022TINGARD \u2014 \u0431\u0435\u0441\u0448\u043e\u0432\u043d\u044b\u0439 \u043f\u043b\u0430\u0441\u0442\u0438\u043a\u043e\u0432\u044b\u0439 \u043f\u043e\u0433\u0440\u0435\u0431 \u2116\u0022]]},\u0022gid\u0022:null,\u0022previous\u0022:{\u0022list\u0022:[]}}","UF_CRM_1517561552":"3489239","COMMENTS":null,"TITLE":"\u0420\u0430\u0441\u0441\u0440\u043e\u0447\u043a\u0430 (\u0443\u0437\u043d\u0430\u0442\u044c \u043f\u043e\u0434\u0440\u043e\u0431\u043d\u043e\u0441\u0442\u0438)","UF_CRM_1449663065":68,"ASSIGNED_BY_ID":58,"SOURCE_ID":9}}},"result":{"result":553784,"time":{"start":1727905636.6893489,"finish":1727905637.5033929,"duration":0.81404399871826172,"processing":0.7806849479675293,"date_start":"2024-10-03T00:47:16+03:00","date_finish":"2024-10-03T00:47:17+03:00","operating_reset_at":1727906236,"operating":0.78065991401672363}}}