{"url":"https:\/\/tinger.bitrix24.ru\/rest\/190\/42tc2gxq8od2858i\/crm.lead.add.json","info":{"url":"https:\/\/tinger.bitrix24.ru\/rest\/190\/42tc2gxq8od2858i\/crm.lead.add.json","content_type":"application\/json; charset=utf-8","http_code":200,"header_size":1030,"request_size":207,"filetime":-1,"ssl_verify_result":0,"redirect_count":0,"total_time":1.623853,"namelookup_time":0.016865000000000002,"connect_time":0.025935,"pretransfer_time":0.042666999999999997,"size_upload":1639,"size_download":289,"speed_download":178,"speed_upload":1009,"download_content_length":-1,"upload_content_length":1639,"starttransfer_time":0.042668999999999999,"redirect_time":0,"redirect_url":"","primary_ip":"95.163.249.170","certinfo":[],"primary_port":443,"local_ip":"188.225.57.79","local_port":54344,"http_version":3,"protocol":2,"ssl_verifyresult":0,"scheme":"HTTPS","appconnect_time_us":42556,"connect_time_us":25935,"namelookup_time_us":16865,"pretransfer_time_us":42667,"redirect_time_us":0,"starttransfer_time_us":42669,"total_time_us":1623853},"params":{"method":"crm.lead.add","params":{"fields":{"NAME":"\u0422\u0430\u0442\u044c\u044f\u043d\u0430","PHONE":[{"VALUE":"+7 (985) 777-15-97","VALUE_TYPE":"WORK"}],"EMAIL":[{"VALUE":null,"VALUE_TYPE":"WORK"}],"TRACE":"{\u0022url\u0022:\u0022https:\/\/tingard.ru\/?rb_clickid=163311383-1720966147-343673597-0-912619cfd4d1b740ff774ec534e4933a6693dc039b0f2e706c2dc58e67dd45c5b9b13deead288356\u0026utm_campaign=96858947\u0026utm_content=163311383\u0026utm_medium=cpm\u0026utm_source=vk_ads\u0022,\u0022device\u0022:{\u0022isMobile\u0022:true},\u0022tags\u0022:{\u0022ts\u0022:1720966159,\u0022list\u0022:{\u0022utm_campaign\u0022:\u002296858947\u0022,\u0022utm_content\u0022:\u0022163311383\u0022,\u0022utm_medium\u0022:\u0022cpm\u0022,\u0022utm_source\u0022:\u0022vk_ads\u0022},\u0022gclid\u0022:null},\u0022client\u0022:{\u0022yaId\u0022:\u00221720966157750674834\u0022},\u0022pages\u0022:{\u0022list\u0022:[[\u0022https:\/\/tingard.ru\/?rb_clickid=163311383-1720966147-343673597-0-912619cfd4d1b740ff774ec534e4933a6693dc039b0f2e706c2dc58e67dd45c5b9b13deead288356\u0026utm_campaign=96858947\u0026utm_content=163311383\u0026utm_medium=cpm\u0026utm_source=vk_ads\u0022,1720966159,\u0022TINGARD \u2014 \u0431\u0435\u0441\u0448\u043e\u0432\u043d\u044b\u0439 \u043f\u043b\u0430\u0441\u0442\u0438\u043a\u043e\u0432\u044b\u0439 \u043f\u043e\u0433\u0440\u0435\u0431 \u2116\u0022]]},\u0022gid\u0022:null,\u0022previous\u0022:{\u0022list\u0022:[]}}","UF_CRM_1517561552":"3337525","COMMENTS":null,"TITLE":"\u0417\u0430\u043a\u0430\u0437\u0430\u0442\u044c \u043f\u043e\u0433\u0440\u0435\u0431","UF_CRM_1449663065":68,"ASSIGNED_BY_ID":58,"SOURCE_ID":9}}},"result":{"result":528560,"time":{"start":1720966367.0512991,"finish":1720966368.5662799,"duration":1.5149807929992676,"processing":1.4838128089904785,"date_start":"2024-07-14T17:12:47+03:00","date_finish":"2024-07-14T17:12:48+03:00","operating_reset_at":1720966967,"operating":1.4837939739227295}}}