{"url":"https:\/\/tinger.bitrix24.ru\/rest\/190\/42tc2gxq8od2858i\/crm.lead.add.json","info":{"url":"https:\/\/tinger.bitrix24.ru\/rest\/190\/42tc2gxq8od2858i\/crm.lead.add.json","content_type":"application\/json; charset=utf-8","http_code":200,"header_size":923,"request_size":207,"filetime":-1,"ssl_verify_result":0,"redirect_count":0,"total_time":2.0827089999999999,"namelookup_time":0.015821000000000002,"connect_time":0.025729999999999999,"pretransfer_time":0.044094000000000001,"size_upload":2431,"size_download":262,"speed_download":125,"speed_upload":1167,"download_content_length":-1,"upload_content_length":2431,"starttransfer_time":0.044096999999999997,"redirect_time":0,"redirect_url":"","primary_ip":"109.120.182.255","certinfo":[],"primary_port":443,"local_ip":"188.225.57.79","local_port":45874,"http_version":3,"protocol":2,"ssl_verifyresult":0,"scheme":"HTTPS","appconnect_time_us":44009,"connect_time_us":25730,"namelookup_time_us":15821,"pretransfer_time_us":44094,"redirect_time_us":0,"starttransfer_time_us":44097,"total_time_us":2082709},"params":{"method":"crm.lead.add","params":{"fields":{"NAME":"\u0413\u0435\u043d\u043d\u0430\u0434\u0438\u0439","PHONE":[{"VALUE":"+7 (906) 233-13-51","VALUE_TYPE":"WORK"}],"EMAIL":[{"VALUE":"pribitkovg@gmail.com","VALUE_TYPE":"WORK"}],"TRACE":"{\u0022url\u0022:\u0022https:\/\/tingard.ru\/?utm_source=yandex\u0026utm_medium=cpc\u0026utm_campaign=mk_rf_kval\u0026utm_content=1900772303016972232\u0026utm_term=---autotargeting\u0026roistat=direct14_search_702036728_rsMasterGroup_rsMasterBanner_---autotargeting\u0026etext=2202.NUsD2FeZHftqpx4y9gk9qTM0MZrl1aZaw4RUxvjcIGMMSF14Kwh5yJNJJtAqlrsIGwNY8mkdATF-35aqIFUrE2l5eXZpbHBrZmZtaW5zeWI.450a40fc7745311a0f457c8355027ae895e01635\u0026yclid=8409418596853743615\u0026ybaip=1\u0022,\u0022ref\u0022:\u0022https:\/\/yandex.ru\/\u0022,\u0022device\u0022:{\u0022isMobile\u0022:true},\u0022tags\u0022:{\u0022ts\u0022:1773844502,\u0022list\u0022:{\u0022utm_source\u0022:\u0022yandex\u0022,\u0022utm_medium\u0022:\u0022cpc\u0022,\u0022utm_campaign\u0022:\u0022mk_rf_kval\u0022,\u0022utm_content\u0022:\u00221900772303016972232\u0022,\u0022utm_term\u0022:\u0022---autotargeting\u0022},\u0022gclid\u0022:null},\u0022client\u0022:{\u0022yaId\u0022:\u00221773844502355910216\u0022},\u0022pages\u0022:{\u0022list\u0022:[[\u0022https:\/\/tingard.ru\/?utm_source=yandex\u0026utm_medium=cpc\u0026utm_campaign=mk_rf_kval\u0026utm_content=1900772303016972232\u0026utm_term=---autotargeting\u0026roistat=direct14_search_702036728_rsMasterGroup_rsMasterBanner_---autotargeting\u0026etext=2202.NUsD2FeZHftqpx4y9gk9qTM0MZrl1aZaw4RUxvjcIGMMSF14Kwh5yJNJJtAqlrsIGwNY8mkdATF-35aqIFUrE2l5eXZpbHBrZmZtaW5zeWI.450a40fc7745311a0f457c8355027ae895e01635\u0026yclid=8409418596853743615\u0026ybaip=1\u0022,1773844502,\u0022TINGARD \u2014 \u0431\u0435\u0441\u0448\u043e\u0432\u043d\u044b\u0439 \u043f\u043b\u0430\u0441\u0442\u0438\u043a\u043e\u0432\u044b\u0439 \u043f\u043e\u0433\u0440\u0435\u0431 \u0441\u0022]]},\u0022gid\u0022:null,\u0022previous\u0022:{\u0022list\u0022:[]}}","UF_CRM_1736853511":"1773844502355910216","UF_CRM_1736853555":"1773844502355910216","UF_CRM_1736853537":"1773844502355910216","UF_CRM_1517561552":"3891668","COMMENTS":null,"TITLE":"\u0420\u0430\u0441\u0441\u0447\u0438\u0442\u0430\u0442\u044c \u0441\u0442\u043e\u0438\u043c\u043e\u0441\u0442\u044c \u043f\u043e\u0433\u0440\u0435\u0431\u0430","UF_CRM_1449663065":68,"ASSIGNED_BY_ID":58,"SOURCE_ID":9}}},"result":{"result":648500,"time":{"start":1773844851,"finish":1773844853.820796,"duration":2.820796012878418,"processing":2,"date_start":"2026-03-18T17:40:51+03:00","date_finish":"2026-03-18T17:40:53+03:00","operating_reset_at":1773845451,"operating":1.9509479999542236}}}