{"url":"https:\/\/tinger.bitrix24.ru\/rest\/190\/42tc2gxq8od2858i\/crm.lead.add.json","info":{"url":"https:\/\/tinger.bitrix24.ru\/rest\/190\/42tc2gxq8od2858i\/crm.lead.add.json","content_type":"application\/json; charset=utf-8","http_code":200,"header_size":1027,"request_size":207,"filetime":-1,"ssl_verify_result":0,"redirect_count":0,"total_time":2.2882310000000001,"namelookup_time":0.017670000000000002,"connect_time":0.018984999999999998,"pretransfer_time":0.030370999999999999,"size_upload":4401,"size_download":288,"speed_download":125,"speed_upload":1923,"download_content_length":-1,"upload_content_length":4401,"starttransfer_time":0.030377000000000001,"redirect_time":0,"redirect_url":"","primary_ip":"178.132.201.50","certinfo":[],"primary_port":443,"local_ip":"188.225.57.79","local_port":33342,"http_version":3,"protocol":2,"ssl_verifyresult":0,"scheme":"HTTPS","appconnect_time_us":30161,"connect_time_us":18985,"namelookup_time_us":17670,"pretransfer_time_us":30371,"redirect_time_us":0,"starttransfer_time_us":30377,"total_time_us":2288231},"params":{"method":"crm.lead.add","params":{"fields":{"NAME":"\u0410\u043d\u0434\u0440\u0435\u0439 ","PHONE":[{"VALUE":"+7 (902) 765-20-04","VALUE_TYPE":"WORK"}],"EMAIL":[{"VALUE":null,"VALUE_TYPE":"WORK"}],"COMMENTS":"\u003Cb\u003E\u0412\u044b\u0431\u0440\u0430\u043d\u043d\u044b\u0439 \u0432\u0435\u0437\u0434\u0435\u0445\u043e\u0434:\u003C\/b\u003E \u041f\u0435\u0440\u0435\u043b\u043e\u043c\u043a\u0430 TINGER\u003Cbr\u003E\u003Cb\u003E\u0412\u044b\u0431\u0440\u0430\u043d\u043d\u043e\u0435 \u043c\u0435\u0441\u0442\u043e \u043f\u0440\u043e\u0432\u0435\u0434\u0435\u043d\u0438\u044f \u0442\u0435\u0441\u0442-\u0434\u0440\u0430\u0439\u0432\u0430:\u003C\/b\u003E \u0432\u044b\u0435\u0437\u0434\u043d\u043e\u0439 (\u0432 \u041c\u043e\u0441\u043a\u0432\u0435 \u0438\u043b\u0438 \u0421\u0430\u043d\u043a\u0442-\u041f\u0435\u0440\u0435\u0440\u0431\u0443\u0440\u0433\u0435) (\u043d\u0435 \u0432\u044b\u0431\u0440\u0430\u043d\u043e)\u003Cbr\u003E\u003Cb\u003E\u0412\u044b\u0431\u0440\u0430\u043d\u043d\u0430\u044f \u0434\u0430\u0442\u0430:\u003C\/b\u003E 2023-09-08","TRACE":"{\u0022url\u0022:\u0022https:\/\/tinger.ru\/testdrive\/\u0022,\u0022ref\u0022:\u0022https:\/\/www.google.com\/\u0022,\u0022device\u0022:{\u0022isMobile\u0022:true},\u0022tags\u0022:{\u0022ts\u0022:1693011636,\u0022list\u0022:{},\u0022gclid\u0022:null},\u0022client\u0022:{\u0022gaId\u0022:\u0022713223402.1692963553\u0022,\u0022yaId\u0022:\u00221676384387273366081\u0022},\u0022pages\u0022:{\u0022list\u0022:[[\u0022https:\/\/tinger.ru\/catalog\/\u0022,1693011636,\u0022\u041c\u043e\u0434\u0435\u043b\u044c\u043d\u044b\u0439 \u0440\u044f\u0434 \u0432\u0435\u0437\u0434\u0435\u0445\u043e\u0434\u043d\u043e\u0439 \u0442\u0435\u0445\u043d\u0438\u043a\u0438\u0022],[\u0022https:\/\/tinger.ru\/catalog\/perelomka\/\u0022,1693014684,\u0022\u041a\u0443\u043f\u0438\u0442\u044c \u0432\u0435\u0437\u0434\u0435\u0445\u043e\u0434 \u043f\u0435\u0440\u0435\u043b\u043e\u043c\u043a\u0443 \u0432 \u0420\u043e\u0441\u0441\u0438\u0438\u0022],[\u0022https:\/\/tinger.ru\/testdrive\/\u0022,1693015206,\u0022\u0422\u0435\u0441\u0442-\u0434\u0440\u0430\u0439\u0432 \u0432\u0435\u0437\u0434\u0435\u0445\u043e\u0434\u043e\u0432 TINGER\u0022]]},\u0022gid\u0022:null,\u0022previous\u0022:{\u0022list\u0022:[{\u0022url\u0022:\u0022https:\/\/tinger.ru\/catalog\/\u0022,\u0022device\u0022:{\u0022isMobile\u0022:true},\u0022tags\u0022:{},\u0022client\u0022:{\u0022gaId\u0022:\u0022713223402.1692963553\u0022,\u0022yaId\u0022:\u00221676384387273366081\u0022},\u0022pages\u0022:{\u0022list\u0022:[[\u0022https:\/\/tinger.ru\/production\/\u0022,1687256954,\u0022\u041f\u0440\u043e\u0438\u0437\u0432\u043e\u0434\u0441\u0442\u0432\u043e \u0432\u0435\u0437\u0434\u0435\u0445\u043e\u0434\u043e\u0432 TINGER \u0438 \u0434\u0440\u0443\u0433\u043e\u0439 \u0022],[\u0022https:\/\/tinger.ru\/catalog\/perelomka\/\u0022,1692963554,\u0022\u041a\u0443\u043f\u0438\u0442\u044c \u0432\u0435\u0437\u0434\u0435\u0445\u043e\u0434 \u043f\u0435\u0440\u0435\u043b\u043e\u043c\u043a\u0443 \u0432 \u0420\u043e\u0441\u0441\u0438\u0438\u0022]]},\u0022gid\u0022:null},{\u0022url\u0022:\u0022https:\/\/tinger.ru\/catalog\/\u0022,\u0022device\u0022:{\u0022isMobile\u0022:true},\u0022tags\u0022:{\u0022ts\u0022:1692973783,\u0022list\u0022:{},\u0022gclid\u0022:null},\u0022client\u0022:{\u0022gaId\u0022:\u0022713223402.1692963553\u0022,\u0022yaId\u0022:35231225},\u0022pages\u0022:{\u0022list\u0022:[[\u0022https:\/\/tinger.ru\/catalog\/\u0022,1692973784,\u0022\u041c\u043e\u0434\u0435\u043b\u044c\u043d\u044b\u0439 \u0440\u044f\u0434 \u0432\u0435\u0437\u0434\u0435\u0445\u043e\u0434\u043d\u043e\u0439 \u0442\u0435\u0445\u043d\u0438\u043a\u0438\u0022],[\u0022https:\/\/tinger.ru\/catalog\/tinger-t\/\u0022,1692973812,\u0022\u041f\u0440\u0438\u0446\u0435\u043f\u044b \u0434\u043b\u044f \u0432\u0435\u0437\u0434\u0435\u0445\u043e\u0434\u043e\u0432 TINGER\u0022],[\u0022https:\/\/tinger.ru\/catalog\/tinger-armor\/\u0022,1693011628,\u0022\u041a\u0443\u043f\u0438\u0442\u044c \u0432\u0435\u0437\u0434\u0435\u0445\u043e\u0434\u044b \u043d\u0430 \u0448\u0438\u043d\u0430\u0445 \u043d\u0438\u0437\u043a\u043e\u0433\u043e \u0434\u0430\u0432\u043b\u0435\u043d\u0022]]},\u0022gid\u0022:null}]}}","TITLE":"\u0417\u0430\u043f\u0438\u0441\u0430\u0442\u044c\u0441\u044f \u043d\u0430 \u0442\u0435\u0441\u0442-\u0434\u0440\u0430\u0439\u0432","UF_CRM_1449663065":64,"ASSIGNED_BY_ID":58,"SOURCE_ID":"WEB"}}},"result":{"result":465418,"time":{"start":1693015317.2546611,"finish":1693015319.436868,"duration":2.1822068691253662,"processing":2.1406879425048828,"date_start":"2023-08-26T05:01:57+03:00","date_finish":"2023-08-26T05:01:59+03:00","operating_reset_at":1693015917,"operating":2.1406641006469727}}}