{"url":"https:\/\/tinger.bitrix24.ru\/rest\/190\/42tc2gxq8od2858i\/crm.lead.add.json","info":{"url":"https:\/\/tinger.bitrix24.ru\/rest\/190\/42tc2gxq8od2858i\/crm.lead.add.json","content_type":"application\/json; charset=utf-8","http_code":200,"header_size":1034,"request_size":207,"filetime":-1,"ssl_verify_result":0,"redirect_count":0,"total_time":1.997522,"namelookup_time":0.01575,"connect_time":0.030133,"pretransfer_time":0.053273000000000001,"size_upload":2173,"size_download":286,"speed_download":143,"speed_upload":1088,"download_content_length":-1,"upload_content_length":2173,"starttransfer_time":0.053275000000000003,"redirect_time":0,"redirect_url":"","primary_ip":"195.208.185.4","certinfo":[],"primary_port":443,"local_ip":"188.225.57.79","local_port":33138,"http_version":3,"protocol":2,"ssl_verifyresult":0,"scheme":"HTTPS","appconnect_time_us":53170,"connect_time_us":30133,"namelookup_time_us":15750,"pretransfer_time_us":53273,"redirect_time_us":0,"starttransfer_time_us":53275,"total_time_us":1997522},"params":{"method":"crm.lead.add","params":{"fields":{"NAME":"\u0412\u0430\u043b\u0435\u0440\u0438\u0439","PHONE":[{"VALUE":"+7 (914) 800-12-20","VALUE_TYPE":"WORK"}],"EMAIL":[{"VALUE":"silaev.valery2017@yandex.ru","VALUE_TYPE":"WORK"}],"TRACE":"{\u0022url\u0022:\u0022https:\/\/tingard.ru\/dealers\/\u0022,\u0022ref\u0022:\u0022https:\/\/yandex.ru\/\u0022,\u0022device\u0022:{\u0022isMobile\u0022:true},\u0022tags\u0022:{\u0022ts\u0022:1754975933,\u0022list\u0022:{\u0022utm_source\u0022:\u0022yandex\u0022,\u0022utm_medium\u0022:\u0022cpc\u0022,\u0022utm_campaign\u0022:\u0022mk_rf_kval\u0022,\u0022utm_content\u0022:\u002217189060398\u0022,\u0022utm_term\u0022:\u0022---autotargeting\u0022},\u0022gclid\u0022:null},\u0022client\u0022:{\u0022yaId\u0022:\u00221754975929324011250\u0022},\u0022pages\u0022:{\u0022list\u0022:[[\u0022https:\/\/tingard.ru\/?utm_source=yandex\u0026utm_medium=cpc\u0026utm_campaign=mk_rf_kval\u0026utm_content=17189060398\u0026utm_term=---autotargeting\u0026roistat=direct14_search_702036728_rsMasterGroup_rsMasterBanner_---autotargeting\u0026yclid=6167389816583356415\u0022,1754975933,\u0022TINGARD \u2014 \u0431\u0435\u0441\u0448\u043e\u0432\u043d\u044b\u0439 \u043f\u043b\u0430\u0441\u0442\u0438\u043a\u043e\u0432\u044b\u0439 \u043f\u043e\u0433\u0440\u0435\u0431 \u0441\u0022],[\u0022https:\/\/tingard.ru\/catalog\/\u0022,1754975961,\u0022\u041a\u0430\u0442\u0430\u043b\u043e\u0433 \u043f\u043e\u0433\u0440\u0435\u0431\u043e\u0432\u0022],[\u0022https:\/\/tingard.ru\/dealers\/\u0022,1754976087,\u0022\u041d\u0430\u0448\u0438 \u0434\u0438\u043b\u0435\u0440\u044b \u0435\u0441\u0442\u044c \u0432 52 \u0433\u043e\u0440\u043e\u0434\u0430\u0445 \u0420\u043e\u0441\u0441\u0438\u0438\u0022]]},\u0022gid\u0022:null,\u0022previous\u0022:{\u0022list\u0022:[]}}","UF_CRM_1736853511":"1754975929324011250","UF_CRM_1736853555":"1754975929324011250","UF_CRM_1736853537":"1754975929324011250","UF_CRM_1517561552":"3728363","COMMENTS":null,"TITLE":"\u041f\u043e\u0434\u043e\u0431\u0440\u0430\u0442\u044c \u0434\u0438\u043b\u0435\u0440\u0430","UF_CRM_1449663065":68,"ASSIGNED_BY_ID":58,"SOURCE_ID":9}}},"result":{"result":616378,"time":{"start":1754976117.1638801,"finish":1754976119.0407741,"duration":1.8768939971923828,"processing":1.8429920673370361,"date_start":"2025-08-12T08:21:57+03:00","date_finish":"2025-08-12T08:21:59+03:00","operating_reset_at":1754976717,"operating":1.8429679870605469}}}