{"url":"https:\/\/tinger.bitrix24.ru\/rest\/190\/42tc2gxq8od2858i\/crm.lead.add.json","info":{"url":"https:\/\/tinger.bitrix24.ru\/rest\/190\/42tc2gxq8od2858i\/crm.lead.add.json","content_type":"application\/json; charset=utf-8","http_code":200,"header_size":1034,"request_size":207,"filetime":-1,"ssl_verify_result":0,"redirect_count":0,"total_time":2.0266850000000001,"namelookup_time":0.0019849999999999998,"connect_time":0.013363,"pretransfer_time":0.032795999999999999,"size_upload":1819,"size_download":288,"speed_download":142,"speed_upload":897,"download_content_length":-1,"upload_content_length":1819,"starttransfer_time":0.032799000000000002,"redirect_time":0,"redirect_url":"","primary_ip":"46.235.53.67","certinfo":[],"primary_port":443,"local_ip":"188.225.57.79","local_port":38214,"http_version":3,"protocol":2,"ssl_verifyresult":0,"scheme":"HTTPS","appconnect_time_us":32636,"connect_time_us":13363,"namelookup_time_us":1985,"pretransfer_time_us":32796,"redirect_time_us":0,"starttransfer_time_us":32799,"total_time_us":2026685},"params":{"method":"crm.lead.add","params":{"fields":{"NAME":"\u0411\u0440\u043e\u043d\u043d\u0438\u043a\u043e\u0432 \u0414\u0435\u043d\u0438\u0441 \u0412\u043b\u0430\u0434\u0438\u043c\u0438\u0440\u043e\u0432\u0438\u0447","PHONE":[{"VALUE":"89641902164","VALUE_TYPE":"WORK"}],"EMAIL":[{"VALUE":null,"VALUE_TYPE":"WORK"}],"TRACE":"{\u0022url\u0022:\u0022https:\/\/tinger.ru\/catalog\/perelomka\/?ysclid=lrujiuboog272055866\u0022,\u0022device\u0022:{\u0022isMobile\u0022:true},\u0022tags\u0022:{\u0022ts\u0022:1705909431,\u0022list\u0022:{},\u0022gclid\u0022:null},\u0022client\u0022:{\u0022gaId\u0022:\u0022285724105.1706267351\u0022,\u0022yaId\u0022:\u00221705909432273493992\u0022},\u0022pages\u0022:{\u0022list\u0022:[[\u0022https:\/\/tinger.ru\/?ysclid=lromfehhix117588892\u0022,1705909432,\u0022\u0412\u0435\u0437\u0434\u0435\u0445\u043e\u0434\u044b \u0438 \u0431\u043e\u043b\u043e\u0442\u043e\u0445\u043e\u0434\u044b \u043e\u0442 \u043f\u0440\u043e\u0438\u0437\u0432\u043e\u0434\u0438\u0442\u0435\u043b\u044f \u0022],[\u0022https:\/\/tinger.ru\/catalog\/perelomka\/\u0022,1705909439,\u0022\u041a\u0443\u043f\u0438\u0442\u044c \u0432\u0435\u0437\u0434\u0435\u0445\u043e\u0434 \u043f\u0435\u0440\u0435\u043b\u043e\u043c\u043a\u0443 TINGER TF4 \u0432 \u0420\u0022],[\u0022https:\/\/tinger.ru\/catalog\/perelomka\/?ysclid=lrujiuboog272055866\u0022,1706267351,\u0022\u041a\u0443\u043f\u0438\u0442\u044c \u0432\u0435\u0437\u0434\u0435\u0445\u043e\u0434 \u043f\u0435\u0440\u0435\u043b\u043e\u043c\u043a\u0443 TINGER TF4 \u0432 \u0420\u0022]]},\u0022gid\u0022:null,\u0022previous\u0022:{\u0022list\u0022:[]}}","COMMENTS":null,"TITLE":"\u041a\u0443\u043f\u0438\u0442\u044c \u0432\u0435\u0437\u0434\u0435\u0445\u043e\u0434 TINGER TF4","UF_CRM_1449663065":64,"ASSIGNED_BY_ID":58,"SOURCE_ID":"WEB"}}},"result":{"result":493786,"time":{"start":1706267666.100528,"finish":1706267668.0297949,"duration":1.9292669296264648,"processing":1.8942990303039551,"date_start":"2024-01-26T14:14:26+03:00","date_finish":"2024-01-26T14:14:28+03:00","operating_reset_at":1706268266,"operating":3.7809791564941406}}}