{"url":"https:\/\/tinger.bitrix24.ru\/rest\/190\/42tc2gxq8od2858i\/crm.lead.add.json","info":{"url":"https:\/\/tinger.bitrix24.ru\/rest\/190\/42tc2gxq8od2858i\/crm.lead.add.json","content_type":"application\/json; charset=utf-8","http_code":200,"header_size":1028,"request_size":207,"filetime":-1,"ssl_verify_result":0,"redirect_count":0,"total_time":1.067434,"namelookup_time":0.0090500000000000008,"connect_time":0.020025999999999999,"pretransfer_time":0.031289999999999998,"size_upload":2427,"size_download":290,"speed_download":271,"speed_upload":2274,"download_content_length":-1,"upload_content_length":2427,"starttransfer_time":0.031292,"redirect_time":0,"redirect_url":"","primary_ip":"178.132.201.50","certinfo":[],"primary_port":443,"local_ip":"188.225.57.79","local_port":39372,"http_version":3,"protocol":2,"ssl_verifyresult":0,"scheme":"HTTPS","appconnect_time_us":31185,"connect_time_us":20026,"namelookup_time_us":9050,"pretransfer_time_us":31290,"redirect_time_us":0,"starttransfer_time_us":31292,"total_time_us":1067434},"params":{"method":"crm.lead.add","params":{"fields":{"NAME":"\u0412\u0430\u043b\u0435\u043d\u0442\u0438\u043d\u0430","PHONE":[{"VALUE":"+7 (908) 622-35-21","VALUE_TYPE":"WORK"}],"EMAIL":[{"VALUE":null,"VALUE_TYPE":"WORK"}],"TRACE":"{\u0022url\u0022:\u0022https:\/\/tingard.ru\/?roistat=direct14_context_16233427521_%D0%BA%D0%B0%D0%BF%D0%B5%D0%BB%D1%8C%D0%BD%D0%B8%D1%86%D1%8B%20%D0%B4%D0%BB%D1%8F%20%D0%BF%D0%BE%D0%BB%D0%B8%D0%B2%D0%B0\u0026roistat_referrer=konstruktortestov.ru\u0026roistat_pos=none_0\u0026y_ref=konstruktortestov.ru\u0026utm_source=yandex\u0026utm_medium=cpc\u0026utm_campaign=rsya-click\u0026utm_content=16233427521\u0026utm_term=konstruktortestov.ru\u0026yclid=10116123416079630335\u0022,\u0022ref\u0022:\u0022https:\/\/konstruktortestov.ru\/\u0022,\u0022device\u0022:{\u0022isMobile\u0022:true},\u0022tags\u0022:{\u0022ts\u0022:1724326430,\u0022list\u0022:{\u0022utm_source\u0022:\u0022yandex\u0022,\u0022utm_medium\u0022:\u0022cpc\u0022,\u0022utm_campaign\u0022:\u0022rsya-click\u0022,\u0022utm_content\u0022:\u002216233427521\u0022,\u0022utm_term\u0022:\u0022konstruktortestov.ru\u0022},\u0022gclid\u0022:null},\u0022client\u0022:{\u0022yaId\u0022:\u0022172432643265223747\u0022},\u0022pages\u0022:{\u0022list\u0022:[[\u0022https:\/\/tingard.ru\/?roistat=direct14_context_16233427521_%D0%BA%D0%B0%D0%BF%D0%B5%D0%BB%D1%8C%D0%BD%D0%B8%D1%86%D1%8B%20%D0%B4%D0%BB%D1%8F%20%D0%BF%D0%BE%D0%BB%D0%B8%D0%B2%D0%B0\u0026roistat_referrer=konstruktortestov.ru\u0026roistat_pos=none_0\u0026y_ref=konstruktortestov.ru\u0026utm_source=yandex\u0026utm_medium=cpc\u0026utm_campaign=rsya-click\u0026utm_content=16233427521\u0026utm_term=konstruktortestov.ru\u0026yclid=10116123416079630335\u0022,1724326430,\u0022TINGARD \u2014 \u0431\u0435\u0441\u0448\u043e\u0432\u043d\u044b\u0439 \u043f\u043b\u0430\u0441\u0442\u0438\u043a\u043e\u0432\u044b\u0439 \u043f\u043e\u0433\u0440\u0435\u0431 \u2116\u0022]]},\u0022gid\u0022:null,\u0022previous\u0022:{\u0022list\u0022:[]}}","UF_CRM_1517561552":"3413940","COMMENTS":null,"TITLE":"\u0423\u0437\u043d\u0430\u0442\u044c \u043f\u043e\u0434\u0440\u043e\u0431\u043d\u0435\u0435 \u043e \u00ab\u0412\u0438\u043d\u043d\u044b\u0439 \u0441\u0442\u0435\u043b\u043b\u0430\u0436 TINGARD\u00bb","UF_CRM_1449663065":68,"ASSIGNED_BY_ID":58,"SOURCE_ID":9}}},"result":{"result":540616,"time":{"start":1724326477.748045,"finish":1724326478.7113211,"duration":0.96327614784240723,"processing":0.93284893035888672,"date_start":"2024-08-22T14:34:37+03:00","date_finish":"2024-08-22T14:34:38+03:00","operating_reset_at":1724327077,"operating":2.1324708461761475}}}