{"url":"https:\/\/tinger.bitrix24.ru\/rest\/190\/42tc2gxq8od2858i\/crm.deal.add.json","info":{"url":"https:\/\/tinger.bitrix24.ru\/rest\/190\/42tc2gxq8od2858i\/crm.deal.add.json","content_type":"application\/json; charset=utf-8","http_code":200,"header_size":1034,"request_size":207,"filetime":-1,"ssl_verify_result":0,"redirect_count":0,"total_time":2.0369769999999998,"namelookup_time":0.001305,"connect_time":0.012544,"pretransfer_time":0.037185000000000003,"size_upload":2351,"size_download":286,"speed_download":140,"speed_upload":1154,"download_content_length":-1,"upload_content_length":2351,"starttransfer_time":0.037187999999999999,"redirect_time":0,"redirect_url":"","primary_ip":"195.208.185.4","certinfo":[],"primary_port":443,"local_ip":"188.225.57.79","local_port":45958,"http_version":3,"protocol":2,"ssl_verifyresult":0,"scheme":"HTTPS","appconnect_time_us":37108,"connect_time_us":12544,"namelookup_time_us":1305,"pretransfer_time_us":37185,"redirect_time_us":0,"starttransfer_time_us":37188,"total_time_us":2036977},"params":{"method":"crm.deal.add","params":{"fields":{"NAME":"\u0421\u0435\u0440\u0435\u0434\u0430 \u043d\u0438\u043d\u0430 \u0432\u0438\u043a\u0442\u043e\u0440\u043e\u0432\u043d\u0430","PHONE":[{"VALUE":"+7 (981) 469-05-60","VALUE_TYPE":"WORK"}],"EMAIL":[{"VALUE":"ninasereda960@gmail.com","VALUE_TYPE":"WORK"}],"TRACE":"{\u0022url\u0022:\u0022https:\/\/tinger.ru\/vacancies\/\u0022,\u0022ref\u0022:\u0022https:\/\/yandex.ru\/\u0022,\u0022device\u0022:{\u0022isMobile\u0022:true},\u0022tags\u0022:{\u0022ts\u0022:1713532734,\u0022list\u0022:{},\u0022gclid\u0022:null},\u0022client\u0022:{\u0022gaId\u0022:\u0022697978315.1713532734\u0022,\u0022yaId\u0022:\u00221713532734953298024\u0022},\u0022pages\u0022:{\u0022list\u0022:[[\u0022https:\/\/tinger.ru\/vacancies\/rabota-na-proizvodstve\/\u0022,1713532742,\u0022\u0420\u0430\u0431\u043e\u0442\u0430 \u043d\u0430 \u043f\u0440\u043e\u0438\u0437\u0432\u043e\u0434\u0441\u0442\u0432\u0435 TINGER\u0022],[\u0022https:\/\/tinger.ru\/vacancies\/\u0022,1713532797,\u0022\u0412\u0430\u043a\u0430\u043d\u0441\u0438\u0438 \u0432 \u0427\u0435\u0440\u0435\u043f\u043e\u0432\u0446\u0435 \u0432 \u0433\u0440\u0443\u043f\u043f\u0435 \u043a\u043e\u043c\u043f\u0430\u043d\u0438\u0439 T\u0022]]},\u0022gid\u0022:null,\u0022previous\u0022:{\u0022list\u0022:[]}}","COMMENTS":", \u0440\u0430\u0431\u043e\u0442\u0430\u043b\u0430 \u043d\u0430 \u0443\u0433\u043e\u043b\u044c\u043d\u043e\u0439 \u043f\u0440\u043e\u043c\u044b\u0448\u043b\u0435\u043d\u043d\u043e\u0441\u0442\u0438. \u041f\u0440\u043e\u0434\u0430\u0432\u0446\u043e\u043c. \u041d\u0430 \u0437\u0430\u043f\u0440\u0430\u0432\u043a\u0435 . \u0443 \u0432\u0430\u0441 \u0441 \u043e\u0431\u0443\u0447\u0435\u043d\u0438\u0435\u043c \u043c\u043e\u0436\u043d\u043e . \u0441 \u0443\u0434\u043e\u0432\u043e\u043b\u044c\u0441\u0442\u0432\u0438\u0435\u043c \u0431\u0443\u0434\u0443 \u043e\u0431\u0443\u0447\u0430\u0442\u044c\u0441\u044f .","TITLE":"\u0425\u043e\u0447\u0443 \u0440\u0430\u0431\u043e\u0442\u0430\u0442\u044c \u0443 \u0432\u0430\u0441, \u043d\u043e \u043d\u0435 \u043e\u043f\u0440\u0435\u0434\u0435\u043b\u0438\u043b\u0441\u044f \u0441 \u0432\u0430\u043a\u0430\u043d\u0441\u0438\u0435\u0439","CATEGORY_ID":26,"SOURCE_ID":"WEB","ASSIGNED_BY_ID":50856,"UF_CRM_5742B4FC41290":null,"CONTACT_ID":70974}}},"result":{"result":95300,"time":{"start":1713532960.1889329,"finish":1713532962.124563,"duration":1.9356300830841064,"processing":1.898859977722168,"date_start":"2024-04-19T16:22:40+03:00","date_finish":"2024-04-19T16:22:42+03:00","operating_reset_at":1713533560,"operating":1.8988358974456787}}}