{"url":"https:\/\/tinger.bitrix24.ru\/rest\/190\/42tc2gxq8od2858i\/crm.lead.add.json","info":{"url":"https:\/\/tinger.bitrix24.ru\/rest\/190\/42tc2gxq8od2858i\/crm.lead.add.json","content_type":"application\/json; charset=utf-8","http_code":200,"header_size":926,"request_size":207,"filetime":-1,"ssl_verify_result":0,"redirect_count":0,"total_time":2.076241,"namelookup_time":0.020525999999999999,"connect_time":0.031635000000000003,"pretransfer_time":0.050004,"size_upload":2353,"size_download":262,"speed_download":126,"speed_upload":1133,"download_content_length":-1,"upload_content_length":2353,"starttransfer_time":0.050007000000000003,"redirect_time":0,"redirect_url":"","primary_ip":"46.235.53.70","certinfo":[],"primary_port":443,"local_ip":"188.225.57.79","local_port":53888,"http_version":3,"protocol":2,"ssl_verifyresult":0,"scheme":"HTTPS","appconnect_time_us":49894,"connect_time_us":31635,"namelookup_time_us":20526,"pretransfer_time_us":50004,"redirect_time_us":0,"starttransfer_time_us":50007,"total_time_us":2076241},"params":{"method":"crm.lead.add","params":{"fields":{"NAME":"\u0410\u043b\u0438\u043d\u0430 ","PHONE":[{"VALUE":"+7 (995) 121-28-12","VALUE_TYPE":"WORK"}],"EMAIL":[{"VALUE":"sobin.alina@yandex.ru","VALUE_TYPE":"WORK"}],"TRACE":"{\u0022url\u0022:\u0022https:\/\/tingard.ru\/catalog\/\u0022,\u0022device\u0022:{\u0022isMobile\u0022:true},\u0022tags\u0022:{\u0022ts\u0022:1771274143,\u0022list\u0022:{\u0022utm_source\u0022:\u0022yandex\u0022,\u0022utm_medium\u0022:\u0022cpc\u0022,\u0022utm_campaign\u0022:\u0022mk_rf_kval\u0022,\u0022utm_content\u0022:\u00221900772303016972232\u0022,\u0022utm_term\u0022:\u0022---autotargeting\u0022},\u0022gclid\u0022:null},\u0022client\u0022:{\u0022yaId\u0022:\u00221771274144938400558\u0022},\u0022pages\u0022:{\u0022list\u0022:[[\u0022https:\/\/tingard.ru\/?utm_source=yandex\u0026utm_medium=cpc\u0026utm_campaign=mk_rf_kval\u0026utm_content=1900772303016972232\u0026utm_term=---autotargeting\u0026roistat=direct14_search_702036728_rsMasterGroup_rsMasterBanner_---autotargeting\u0026etext=2202.6UXPVyZh4rB1rmNcTAqHjX08ws0zDg4_LqE7czsJrwhxc292b3ZncG1lcXdwZGpr.3a6df165ab37a70688e7d580b77a757973131449\u0026yclid=1784187741005414399\u0026ybaip=1\u0022,1771274144,\u0022TINGARD \u2014 \u0431\u0435\u0441\u0448\u043e\u0432\u043d\u044b\u0439 \u043f\u043b\u0430\u0441\u0442\u0438\u043a\u043e\u0432\u044b\u0439 \u043f\u043e\u0433\u0440\u0435\u0431 \u0441\u0022],[\u0022https:\/\/tingard.ru\/?ysclid=mlqua5ut59812763205\u0022,1771347024,\u0022TINGARD \u2014 \u0431\u0435\u0441\u0448\u043e\u0432\u043d\u044b\u0439 \u043f\u043b\u0430\u0441\u0442\u0438\u043a\u043e\u0432\u044b\u0439 \u043f\u043e\u0433\u0440\u0435\u0431 \u0441\u0022],[\u0022https:\/\/tingard.ru\/catalog\/\u0022,1771347029,\u0022\u041a\u0430\u0442\u0430\u043b\u043e\u0433 \u043f\u043e\u0433\u0440\u0435\u0431\u043e\u0432\u0022]]},\u0022gid\u0022:null,\u0022previous\u0022:{\u0022list\u0022:[]}}","UF_CRM_1736853511":"1771274144938400558","UF_CRM_1736853555":"1771274144938400558","UF_CRM_1736853537":"1771274144938400558","UF_CRM_1517561552":"3866620","COMMENTS":null,"TITLE":"\u0420\u0430\u0441\u0441\u0447\u0438\u0442\u0430\u0442\u044c \u0441\u0442\u043e\u0438\u043c\u043e\u0441\u0442\u044c \u043f\u043e\u0433\u0440\u0435\u0431\u0430","UF_CRM_1449663065":68,"ASSIGNED_BY_ID":58,"SOURCE_ID":9}}},"result":{"result":644734,"time":{"start":1771347190,"finish":1771347192.1764801,"duration":2.1764800548553467,"processing":2,"date_start":"2026-02-17T19:53:10+03:00","date_finish":"2026-02-17T19:53:12+03:00","operating_reset_at":1771347790,"operating":1.9199049472808838}}}