{"url":"https:\/\/tinger.bitrix24.ru\/rest\/190\/42tc2gxq8od2858i\/crm.lead.add.json","info":{"url":"https:\/\/tinger.bitrix24.ru\/rest\/190\/42tc2gxq8od2858i\/crm.lead.add.json","content_type":"application\/json; charset=utf-8","http_code":200,"header_size":1034,"request_size":207,"filetime":-1,"ssl_verify_result":0,"redirect_count":0,"total_time":2.3793890000000002,"namelookup_time":0.017545000000000002,"connect_time":0.028702999999999999,"pretransfer_time":0.051617000000000003,"size_upload":3111,"size_download":285,"speed_download":119,"speed_upload":1307,"download_content_length":-1,"upload_content_length":3111,"starttransfer_time":0.051619999999999999,"redirect_time":0,"redirect_url":"","primary_ip":"46.235.53.69","certinfo":[],"primary_port":443,"local_ip":"188.225.57.79","local_port":45532,"http_version":3,"protocol":2,"ssl_verifyresult":0,"scheme":"HTTPS","appconnect_time_us":51502,"connect_time_us":28703,"namelookup_time_us":17545,"pretransfer_time_us":51617,"redirect_time_us":0,"starttransfer_time_us":51620,"total_time_us":2379389},"params":{"method":"crm.lead.add","params":{"fields":{"NAME":"\u0412\u0438\u043a\u0442\u043e\u0440 \u043f\u0440\u0438\u0432\u0435\u0442","PHONE":[{"VALUE":"+61","VALUE_TYPE":"WORK"}],"EMAIL":[{"VALUE":null,"VALUE_TYPE":"WORK"}],"TRACE":"{\u0022url\u0022:\u0022https:\/\/tinger.ru\/pnevmodiski\/\u0022,\u0022device\u0022:{\u0022isMobile\u0022:true},\u0022tags\u0022:{\u0022ts\u0022:1709106800,\u0022list\u0022:{\u0022utm_source\u0022:\u0022yandex\u0022,\u0022utm_medium\u0022:\u0022cpc\u0022,\u0022utm_campaign\u0022:\u0022mk_click_tf4\u0022,\u0022utm_content\u0022:\u002215450801326\u0022,\u0022utm_term\u0022:\u0022---autotargeting\u0022},\u0022gclid\u0022:null},\u0022client\u0022:{\u0022gaId\u0022:\u00222087021332.1709106798\u0022,\u0022yaId\u0022:\u00221709106799384473954\u0022},\u0022pages\u0022:{\u0022list\u0022:null},\u0022gid\u0022:null,\u0022previous\u0022:{\u0022list\u0022:[]}}","COMMENTS":"\u041f\u0430\u0440\u0430\u043c\u0435\u0442\u0440\u044b \u0434\u0438\u0441\u043a\u0430:\u003Cbr\u003E\u003Cb\u003E\u041d\u0430\u0437\u0432\u0430\u043d\u0438\u0435 \u0448\u0438\u043d\u044b:\u003C\/b\u003E \u003Cbr\u003E\u003Cb\u003E\u0414\u0438\u0430\u043c\u0435\u0442\u0440 \u0434\u0438\u0441\u043a\u0430, \u0434\u044e\u0439\u043c\u043e\u0432:\u003C\/b\u003E \u003Cbr\u003E\u003Cb\u003E\u0412\u044b\u043b\u0435\u0442 \u0434\u0438\u0441\u043a\u0430, \u043c\u043c:\u003C\/b\u003E \u003Cbr\u003E\u003Cb\u003E\u0428\u0438\u0440\u0438\u043d\u0430 \u0434\u0438\u0441\u043a\u0430, \u043c\u043c:\u003C\/b\u003E \u003Cbr\u003E\u003Cb\u003E\u041f\u043e\u0441\u0430\u0434\u043e\u0447\u043d\u044b\u0439 \u0434\u0438\u0430\u043c\u0435\u0442\u0440 \u043f\u043e\u0434 \u0441\u0442\u0443\u043f\u0438\u0446\u0443, \u043c\u043c:\u003C\/b\u003E \u003Cbr\u003E\u003Cb\u003E\u0428\u0438\u0440\u0438\u043d\u0430 \u043f\u043e\u0441\u0430\u0434\u043a\u0438 \u0431\u043e\u0440\u0442\u0430 \u0448\u0438\u043d\u044b, \u043c\u043c:\u003C\/b\u003E \u003Cbr\u003E\u003Cb\u003E\u0414\u0438\u0430\u043c\u0435\u0442\u0440 \u0441\u0442\u0443\u043f\u0438\u0447\u043d\u043e\u0433\u043e \u0444\u043b\u0430\u043d\u0446\u0430, \u043c\u043c:\u003C\/b\u003E \u003Cbr\u003E\u003Cb\u003E\u041a\u043e\u043b\u0438\u0447\u0435\u0441\u0442\u0432\u043e \u0434\u0438\u0441\u043a\u043e\u0432, \u0448\u0442.:\u003C\/b\u003E \u003Cbr\u003E\u003Cb\u003E\u0420\u0430\u0437\u0431\u043e\u043b\u0442\u043e\u0432\u043a\u0430 \u0434\u0438\u0441\u043a\u0430, \u043c\u043c:\u003C\/b\u003E \u2014\u003Cbr\u003E\u003Cb\u003E\u0414\u0438\u0430\u043c\u0435\u0442\u0440 \u043f\u043e\u0441\u0430\u0434\u043e\u0447\u043d\u044b\u0445 \u043e\u0442\u0432\u0435\u0440\u0441\u0442\u0438\u0439, \u043c\u043c:\u003C\/b\u003E \u2014\u003Cbr\u003E\u003Cb\u003E\u0426\u0432\u0435\u0442 \u043f\u043b\u0430\u0441\u0442\u0438\u043a\u043e\u0432\u043e\u0439 \u043a\u0440\u044b\u0448\u043a\u0438:\u003C\/b\u003E \u0447\u0451\u0440\u043d\u044b\u0439\u003Cbr\u003E\u003Cb\u003E\u0426\u0432\u0435\u0442 \u0434\u0438\u0441\u043a\u0430:\u003C\/b\u003E \u0447\u0451\u0440\u043d\u044b\u0439 (0 \u0440\u0443\u0431.)\u003Cbr\u003E","TITLE":"\u041f\u043e\u0434\u0431\u043e\u0440 \u043f\u043d\u0435\u0432\u043c\u043e\u0434\u0438\u0441\u043a\u0430 \u043f\u043e \u0440\u0430\u0437\u043c\u0435\u0440\u0430\u043c","UF_CRM_1449663065":"16522","ASSIGNED_BY_ID":58,"SOURCE_ID":"WEB"}}},"result":{"result":499068,"time":{"start":1709107377.4996679,"finish":1709107379.7614,"duration":2.2617321014404297,"processing":2.2226989269256592,"date_start":"2024-02-28T11:02:57+03:00","date_finish":"2024-02-28T11:02:59+03:00","operating_reset_at":1709107977,"operating":4.464207649230957}}}