{"url":"https:\/\/tinger.bitrix24.ru\/rest\/190\/42tc2gxq8od2858i\/crm.lead.add.json","info":{"url":"https:\/\/tinger.bitrix24.ru\/rest\/190\/42tc2gxq8od2858i\/crm.lead.add.json","content_type":"application\/json; charset=utf-8","http_code":200,"header_size":923,"request_size":207,"filetime":-1,"ssl_verify_result":0,"redirect_count":0,"total_time":1.5940570000000001,"namelookup_time":0.0063200000000000001,"connect_time":0.017198000000000001,"pretransfer_time":0.037083999999999999,"size_upload":1939,"size_download":261,"speed_download":163,"speed_upload":1216,"download_content_length":-1,"upload_content_length":1939,"starttransfer_time":0.037087000000000002,"redirect_time":0,"redirect_url":"","primary_ip":"217.16.18.181","certinfo":[],"primary_port":443,"local_ip":"188.225.57.79","local_port":38142,"http_version":3,"protocol":2,"ssl_verifyresult":0,"scheme":"HTTPS","appconnect_time_us":36972,"connect_time_us":17198,"namelookup_time_us":6320,"pretransfer_time_us":37084,"redirect_time_us":0,"starttransfer_time_us":37087,"total_time_us":1594057},"params":{"method":"crm.lead.add","params":{"fields":{"NAME":"Ko\u043d\u0441\u0442\u0430\u043d\u0442\u0438\u043d","PHONE":[{"VALUE":"+7 (953) 426-62-31","VALUE_TYPE":"WORK"}],"EMAIL":[{"VALUE":"a905hx@mail.ru","VALUE_TYPE":"WORK"}],"TRACE":"{\u0022url\u0022:\u0022https:\/\/tingard.ru\/\u0022,\u0022ref\u0022:\u0022https:\/\/www.google.com\/\u0022,\u0022device\u0022:{\u0022isMobile\u0022:true},\u0022tags\u0022:{\u0022ts\u0022:1774163656,\u0022list\u0022:{},\u0022gclid\u0022:null},\u0022client\u0022:{\u0022yaId\u0022:\u00221761461183323260135\u0022},\u0022pages\u0022:{\u0022list\u0022:[[\u0022https:\/\/tingard.ru\/\u0022,1774163656,\u0022TINGARD \u2014 \u0431\u0435\u0441\u0448\u043e\u0432\u043d\u044b\u0439 \u043f\u043b\u0430\u0441\u0442\u0438\u043a\u043e\u0432\u044b\u0439 \u043f\u043e\u0433\u0440\u0435\u0431 \u0441\u0022]]},\u0022gid\u0022:null,\u0022previous\u0022:{\u0022list\u0022:[{\u0022url\u0022:\u0022https:\/\/tingard.ru\/\u0022,\u0022device\u0022:{\u0022isMobile\u0022:true},\u0022tags\u0022:{\u0022ts\u0022:1761461182,\u0022list\u0022:{},\u0022gclid\u0022:null},\u0022client\u0022:{\u0022yaId\u0022:\u00221761461183323260135\u0022},\u0022pages\u0022:{\u0022list\u0022:[[\u0022https:\/\/tingard.ru\/\u0022,1761461183,\u0022TINGARD \u2014 \u0431\u0435\u0441\u0448\u043e\u0432\u043d\u044b\u0439 \u043f\u043b\u0430\u0441\u0442\u0438\u043a\u043e\u0432\u044b\u0439 \u043f\u043e\u0433\u0440\u0435\u0431 \u0441\u0022]]},\u0022gid\u0022:null}]}}","UF_CRM_1736853511":"1761461183323260135","UF_CRM_1736853555":"1761461183323260135","UF_CRM_1736853537":"1761461183323260135","UF_CRM_1517561552":"3894972","COMMENTS":null,"TITLE":"\u0420\u0430\u0441\u0441\u0447\u0438\u0442\u0430\u0442\u044c \u0441\u0442\u043e\u0438\u043c\u043e\u0441\u0442\u044c \u043f\u043e\u0433\u0440\u0435\u0431\u0430","UF_CRM_1449663065":68,"ASSIGNED_BY_ID":58,"SOURCE_ID":9}}},"result":{"result":652492,"time":{"start":1774163791,"finish":1774163792.6701119,"duration":1.6701118946075439,"processing":1,"date_start":"2026-03-22T10:16:31+03:00","date_finish":"2026-03-22T10:16:32+03:00","operating_reset_at":1774164391,"operating":2.8458960056304932}}}