{"url":"https:\/\/tinger.bitrix24.ru\/rest\/190\/42tc2gxq8od2858i\/crm.lead.add.json","info":{"url":"https:\/\/tinger.bitrix24.ru\/rest\/190\/42tc2gxq8od2858i\/crm.lead.add.json","content_type":"application\/json; charset=utf-8","http_code":200,"header_size":1027,"request_size":207,"filetime":-1,"ssl_verify_result":0,"redirect_count":0,"total_time":2.3391700000000002,"namelookup_time":0.017021000000000001,"connect_time":0.018287999999999999,"pretransfer_time":0.036180999999999998,"size_upload":2512,"size_download":289,"speed_download":123,"speed_upload":1073,"download_content_length":-1,"upload_content_length":2512,"starttransfer_time":0.036183,"redirect_time":0,"redirect_url":"","primary_ip":"178.132.201.53","certinfo":[],"primary_port":443,"local_ip":"188.225.57.79","local_port":56510,"http_version":3,"protocol":2,"ssl_verifyresult":0,"scheme":"HTTPS","appconnect_time_us":35961,"connect_time_us":18288,"namelookup_time_us":17021,"pretransfer_time_us":36181,"redirect_time_us":0,"starttransfer_time_us":36183,"total_time_us":2339170},"params":{"method":"crm.lead.add","params":{"fields":{"NAME":"\u0412\u043b\u0430\u0434\u0438\u043c\u0438\u0440 ","PHONE":[{"VALUE":"8 (911) 308-08-61","VALUE_TYPE":"WORK"}],"EMAIL":[{"VALUE":"vdmitriev51@gmail.com","VALUE_TYPE":"WORK"}],"COMMENTS":"\u0414\u043e\u0431\u0440\u044b\u0439 \u0432\u0435\u0447\u0435\u0440. \u041c\u043e\u0436\u043d\u043e \u043b\u0438 \u043e\u0442\u0434\u0435\u043b\u044c\u043d\u043e \u043a\u0443\u043f\u0438\u0442\u044c \u0448\u0438\u043d\u044b 1400*650 \u0441 \u043d\u043e\u0432\u043e\u0439 \u043f\u0435\u0440\u0435\u043b\u043e\u043c\u0430\u043c? \u041a\u0430\u043a\u043e\u0432\u0430 \u0438\u0445 \u0434\u043e\u043f\u0443\u0441\u0442\u0438\u043c\u0430\u044f \u043d\u0430\u0433\u0440\u0443\u0437\u043a\u0430, \u043f\u043e\u0441\u0430\u0434\u043e\u0447\u043d\u044b\u0439 \u0440\u0430\u0437\u043c\u0435\u0440, \u043f\u0440\u043e\u0431\u0435\u0433 \u0438\u0441\u043f\u043e\u043b\u044c\u0437\u043e\u0432\u0430\u043d\u0438\u044f?","TRACE":"{\u0022url\u0022:\u0022https:\/\/tinger.ru\/contacts\/\u0022,\u0022ref\u0022:\u0022https:\/\/yandex.ru\/\u0022,\u0022device\u0022:{\u0022isMobile\u0022:true},\u0022tags\u0022:{\u0022ts\u0022:1696454250,\u0022list\u0022:{},\u0022gclid\u0022:null},\u0022client\u0022:{\u0022gaId\u0022:\u002226736908.1696454250\u0022,\u0022yaId\u0022:\u00221696454250274597223\u0022},\u0022pages\u0022:{\u0022list\u0022:[[\u0022https:\/\/tinger.ru\/\u0022,1696454250,\u0022\u0412\u0435\u0437\u0434\u0435\u0445\u043e\u0434\u044b \u0438 \u0431\u043e\u043b\u043e\u0442\u043e\u0445\u043e\u0434\u044b \u043e\u0442 \u043f\u0440\u043e\u0438\u0437\u0432\u043e\u0434\u0438\u0442\u0435\u043b\u044f \u0022],[\u0022https:\/\/tinger.ru\/catalog\/perelomka\/\u0022,1696454259,\u0022\u041a\u0443\u043f\u0438\u0442\u044c \u0432\u0435\u0437\u0434\u0435\u0445\u043e\u0434 \u043f\u0435\u0440\u0435\u043b\u043e\u043c\u043a\u0443 TINGER TF4 \u0432 \u0420\u0022],[\u0022https:\/\/tinger.ru\/contacts\/\u0022,1696454342,\u0022\u041a\u043e\u043d\u0442\u0430\u043a\u0442\u044b \u0433\u0440\u0443\u043f\u043f\u044b \u043a\u043e\u043c\u043f\u0430\u043d\u0438\u0439 TINGER\u0022]]},\u0022gid\u0022:null,\u0022previous\u0022:{\u0022list\u0022:[]}}","TITLE":"\u0412\u043e\u043f\u0440\u043e\u0441\u044b, \u0437\u0430\u043c\u0435\u0447\u0430\u043d\u0438\u044f \u0438\u043b\u0438 \u043f\u0440\u0435\u0434\u043b\u043e\u0436\u0435\u043d\u0438\u044f","UF_CRM_1449663065":64,"ASSIGNED_BY_ID":58,"SOURCE_ID":"WEB"}}},"result":{"result":475958,"time":{"start":1696454315.4803791,"finish":1696454317.7100489,"duration":2.2296698093414307,"processing":2.1916909217834473,"date_start":"2023-10-05T00:18:35+03:00","date_finish":"2023-10-05T00:18:37+03:00","operating_reset_at":1696454915,"operating":2.1916670799255371}}}