{"url":"https:\/\/tinger.bitrix24.ru\/rest\/190\/42tc2gxq8od2858i\/crm.lead.add.json","info":{"url":"https:\/\/tinger.bitrix24.ru\/rest\/190\/42tc2gxq8od2858i\/crm.lead.add.json","content_type":"application\/json; charset=utf-8","http_code":200,"header_size":1030,"request_size":207,"filetime":-1,"ssl_verify_result":0,"redirect_count":0,"total_time":1.517185,"namelookup_time":0.014034,"connect_time":0.022352,"pretransfer_time":0.037974000000000001,"size_upload":1898,"size_download":285,"speed_download":187,"speed_upload":1251,"download_content_length":-1,"upload_content_length":1898,"starttransfer_time":0.037976999999999997,"redirect_time":0,"redirect_url":"","primary_ip":"217.16.18.181","certinfo":[],"primary_port":443,"local_ip":"188.225.57.79","local_port":39110,"http_version":3,"protocol":2,"ssl_verifyresult":0,"scheme":"HTTPS","appconnect_time_us":37870,"connect_time_us":22352,"namelookup_time_us":14034,"pretransfer_time_us":37974,"redirect_time_us":0,"starttransfer_time_us":37977,"total_time_us":1517185},"params":{"method":"crm.lead.add","params":{"fields":{"NAME":"\u041f\u0435\u0442\u0440","PHONE":[{"VALUE":"+7 (999) 000-02-02","VALUE_TYPE":"WORK"}],"TRACE":"{\u0022url\u0022:\u0022https:\/\/tingard.ru\/?utm_source=yandex\u0026utm_medium=cpc\u0026utm_campaign=mk_rf_kval_click\u0026utm_content=17134107055\u0026utm_term=---autotargeting\u0026roistat=direct14_context_701489563_rsMasterGroup_rsMasterBanner_---autotargeting\u0026yclid=8551467258268090367\u0022,\u0022ref\u0022:\u0022https:\/\/yandex.com\/games\/app\/262910\u0022,\u0022device\u0022:{\u0022isMobile\u0022:false},\u0022tags\u0022:{\u0022ts\u0022:1751293275,\u0022list\u0022:{\u0022utm_source\u0022:\u0022yandex\u0022,\u0022utm_medium\u0022:\u0022cpc\u0022,\u0022utm_campaign\u0022:\u0022mk_rf_kval_click\u0022,\u0022utm_content\u0022:\u002217134107055\u0022,\u0022utm_term\u0022:\u0022---autotargeting\u0022},\u0022gclid\u0022:null},\u0022client\u0022:{\u0022yaId\u0022:\u00221751293275720987246\u0022},\u0022pages\u0022:{\u0022list\u0022:[[\u0022https:\/\/tingard.ru\/?utm_source=yandex\u0026utm_medium=cpc\u0026utm_campaign=mk_rf_kval_click\u0026utm_content=17134107055\u0026utm_term=---autotargeting\u0026roistat=direct14_context_701489563_rsMasterGroup_rsMasterBanner_---autotargeting\u0026yclid=8551467258268090367\u0022,1751293275,\u0022TINGARD \u2014 \u0431\u0435\u0441\u0448\u043e\u0432\u043d\u044b\u0439 \u043f\u043b\u0430\u0441\u0442\u0438\u043a\u043e\u0432\u044b\u0439 \u043f\u043e\u0433\u0440\u0435\u0431 \u2116\u0022]]},\u0022gid\u0022:null,\u0022previous\u0022:{\u0022list\u0022:[]}}","UF_CRM_1736853511":"1751293275720987246","UF_CRM_1736853555":"1751293275720987246","UF_CRM_1736853537":"1751293275720987246","UF_CRM_1517561552":"3681622","COMMENTS":null,"TITLE":"\u0417\u0430\u043a\u0430\u0437\u0430\u0442\u044c \u043f\u043e\u0433\u0440\u0435\u0431","UF_CRM_1449663065":68,"ASSIGNED_BY_ID":58,"SOURCE_ID":9}}},"result":{"result":609404,"time":{"start":1751296194.775429,"finish":1751296196.193295,"duration":1.4178659915924072,"processing":1.387516975402832,"date_start":"2025-06-30T18:09:54+03:00","date_finish":"2025-06-30T18:09:56+03:00","operating_reset_at":1751296794,"operating":2.671738862991333}}}