{"url":"https:\/\/tinger.bitrix24.ru\/rest\/190\/42tc2gxq8od2858i\/crm.lead.add.json","info":{"url":"https:\/\/tinger.bitrix24.ru\/rest\/190\/42tc2gxq8od2858i\/crm.lead.add.json","content_type":"application\/json; charset=utf-8","http_code":200,"header_size":1030,"request_size":207,"filetime":-1,"ssl_verify_result":0,"redirect_count":0,"total_time":3.3202099999999999,"namelookup_time":0.0019849999999999998,"connect_time":0.010605,"pretransfer_time":0.028660000000000001,"size_upload":1900,"size_download":289,"speed_download":87,"speed_upload":572,"download_content_length":-1,"upload_content_length":1900,"starttransfer_time":0.028662,"redirect_time":0,"redirect_url":"","primary_ip":"95.163.249.170","certinfo":[],"primary_port":443,"local_ip":"188.225.57.79","local_port":35114,"http_version":3,"protocol":2,"ssl_verifyresult":0,"scheme":"HTTPS","appconnect_time_us":28537,"connect_time_us":10605,"namelookup_time_us":1985,"pretransfer_time_us":28660,"redirect_time_us":0,"starttransfer_time_us":28662,"total_time_us":3320210},"params":{"method":"crm.lead.add","params":{"fields":{"UF_CRM_1449663065":"16452","SOURCE_ID":98,"ASSIGNED_BY_ID":58,"TITLE":"\u0421\u0432\u044f\u0437\u0430\u0442\u044c\u0441\u044f \u0441 \u043f\u0440\u043e\u0438\u0437\u0432\u043e\u0434\u0438\u0442\u0435\u043b\u0435\u043c","NAME":"\u0414\u0430\u043d\u0438\u044d\u043b","PHONE":[{"VALUE":"+7 (922) 050-13-46","VALUE_TYPE":"WORK"}],"EMAIL":[{"VALUE":null,"VALUE_TYPE":"WORK"}],"COMMENTS":"\u043f\u0438\u0440\u0435\u0437\u0432\u0430\u043d\u0438\u0442\u0438 \u0434\u043b\u044f \u043a\u0430\u043d\u0441\u0443\u043b\u044c\u0442\u0430\u0446\u0438\u044f","TRACE":"{\u0022url\u0022:\u0022https:\/\/pt.tingerplast.ru\/?utm_source=yandex\u0026utm_medium=cpc\u0026utm_campaign=emkosti_mk_rf\u0026utm_content=14787090173\u0026utm_term=---autotargeting\u0026yclid=5963994933066274110\u0022,\u0022ref\u0022:\u0022https:\/\/dzen.ru\/a\/ZLoaUCdsMRtBN2jH?referrer_clid=3000\u0026\u0022,\u0022device\u0022:{\u0022isMobile\u0022:false},\u0022tags\u0022:{\u0022ts\u0022:1696923641,\u0022list\u0022:{\u0022utm_source\u0022:\u0022yandex\u0022,\u0022utm_medium\u0022:\u0022cpc\u0022,\u0022utm_campaign\u0022:\u0022emkosti_mk_rf\u0022,\u0022utm_content\u0022:\u002214787090173\u0022,\u0022utm_term\u0022:\u0022---autotargeting\u0022},\u0022gclid\u0022:null},\u0022client\u0022:{\u0022yaId\u0022:\u00221696923640992796316\u0022},\u0022pages\u0022:{\u0022list\u0022:[[\u0022https:\/\/pt.tingerplast.ru\/?utm_source=yandex\u0026utm_medium=cpc\u0026utm_campaign=emkosti_mk_rf\u0026utm_content=14787090173\u0026utm_term=---autotargeting\u0026yclid=5963994933066274110\u0022,1696923641,\u0022\u041f\u043b\u0430\u0441\u0442\u0438\u043a\u043e\u0432\u044b\u0435 \u0451\u043c\u043a\u043e\u0441\u0442\u0438 \u0431\u043e\u043b\u044c\u0448\u043e\u0433\u043e \u043e\u0431\u044a\u0451\u043c\u0430 \u043e\u0442 \u043f\u0022]]},\u0022gid\u0022:null,\u0022previous\u0022:{\u0022list\u0022:[]}}"}}},"result":{"result":476860,"time":{"start":1696923722.2312751,"finish":1696923725.3821721,"duration":3.1508970260620117,"processing":3.0609970092773438,"date_start":"2023-10-10T10:42:02+03:00","date_finish":"2023-10-10T10:42:05+03:00","operating_reset_at":1696924322,"operating":3.0609159469604492}}}