{"url":"https:\/\/tinger.bitrix24.ru\/rest\/190\/42tc2gxq8od2858i\/crm.lead.add.json","info":{"url":"https:\/\/tinger.bitrix24.ru\/rest\/190\/42tc2gxq8od2858i\/crm.lead.add.json","content_type":"application\/json; charset=utf-8","http_code":200,"header_size":1034,"request_size":207,"filetime":-1,"ssl_verify_result":0,"redirect_count":0,"total_time":3.7017199999999999,"namelookup_time":0.0020799999999999998,"connect_time":0.013280999999999999,"pretransfer_time":0.039189000000000002,"size_upload":8777,"size_download":289,"speed_download":78,"speed_upload":2371,"download_content_length":-1,"upload_content_length":8777,"starttransfer_time":0.039194,"redirect_time":0,"redirect_url":"","primary_ip":"195.208.185.4","certinfo":[],"primary_port":443,"local_ip":"188.225.57.79","local_port":35306,"http_version":3,"protocol":2,"ssl_verifyresult":0,"scheme":"HTTPS","appconnect_time_us":38925,"connect_time_us":13281,"namelookup_time_us":2080,"pretransfer_time_us":39189,"redirect_time_us":0,"starttransfer_time_us":39194,"total_time_us":3701720},"params":{"method":"crm.lead.add","params":{"fields":{"NAME":"\u041d\u0430\u0434\u0435\u0436\u0434\u0430 ","PHONE":[{"VALUE":"8 (961) 692-39-98","VALUE_TYPE":"WORK"}],"EMAIL":[{"VALUE":null,"VALUE_TYPE":"WORK"}],"COMMENTS":"undefined","TRACE":"{\u0022url\u0022:\u0022https:\/\/tingard.ru\/?utm_source=yandex_kirill\u0026utm_medium=cpc\u0026utm_campaign=pogreba_rozn_umnaya_copy_11_04\u0026utm_content=13300555439\u0026utm_term=---autotargeting\u0026roistat=direct14_context_13300555439_---autotargeting\u0026roistat_referrer=com.avito.android\u0026roistat_pos=none_0\u0026yclid=6665640950922023669\u0022,\u0022ref\u0022:\u0022https:\/\/volgograd.regtorg.ru\/\u0022,\u0022device\u0022:{\u0022isMobile\u0022:true},\u0022tags\u0022:{\u0022ts\u0022:1699600207,\u0022list\u0022:{\u0022utm_source\u0022:\u0022yandex_kirill\u0022,\u0022utm_medium\u0022:\u0022cpc\u0022,\u0022utm_campaign\u0022:\u0022pogreba_rozn_umnaya_copy_11_04\u0022,\u0022utm_content\u0022:\u002213300555439\u0022,\u0022utm_term\u0022:\u0022---autotargeting\u0022},\u0022gclid\u0022:null},\u0022client\u0022:{\u0022yaId\u0022:\u00221699028028880326143\u0022},\u0022pages\u0022:{\u0022list\u0022:[[\u0022https:\/\/tingard.ru\/?utm_source=yandex_kirill\u0026utm_medium=cpc\u0026utm_campaign=pogreba_rozn_umnaya_copy_11_04\u0026utm_content=13300555439\u0026utm_term=---autotargeting\u0026roistat=direct14_context_13300555439_---autotargeting\u0026roistat_referrer=com.avito.android\u0026roistat_pos=none_0\u0026yclid=6665640950922023669\u0022,1699600208,\u0022TINGARD \u2014 \u0431\u0435\u0441\u0448\u043e\u0432\u043d\u044b\u0439 \u043f\u043b\u0430\u0441\u0442\u0438\u043a\u043e\u0432\u044b\u0439 \u043f\u043e\u0433\u0440\u0435\u0431 \u2116\u0022]]},\u0022gid\u0022:null,\u0022previous\u0022:{\u0022list\u0022:[{\u0022url\u0022:\u0022https:\/\/tingard.ru\/?utm_source=yandex_kirill\u0026utm_medium=cpc\u0026utm_campaign=pogreba_rozn_umnaya_copy_11_04\u0026utm_content=13300555439\u0026utm_term=---autotargeting\u0026roistat=direct14_context_13300555439_---autotargeting\u0026roistat_referrer=com.avito.android\u0026roistat_pos=none_0\u0026yclid=6583390338536247928\u0022,\u0022ref\u0022:\u0022https:\/\/volgograd.regtorg.ru\/\u0022,\u0022device\u0022:{\u0022isMobile\u0022:true},\u0022tags\u0022:{\u0022ts\u0022:1699128084,\u0022list\u0022:{\u0022utm_source\u0022:\u0022yandex\u0022,\u0022utm_medium\u0022:\u0022cpc\u0022,\u0022utm_campaign\u0022:\u0022retarget\u0022,\u0022utm_content\u0022:\u002213705809174\u0022},\u0022gclid\u0022:null},\u0022client\u0022:{\u0022yaId\u0022:\u00221699028028880326143\u0022},\u0022pages\u0022:{\u0022list\u0022:[[\u0022https:\/\/tingard.ru\/?roistat=direct14_context_13705809174_\u0026roistat_referrer=com.avito.android\u0026roistat_pos=none_0\u0026utm_source=yandex\u0026utm_medium=cpc\u0026utm_campaign=retarget\u0026utm_content=13705809174\u0026utm_term=\u0026yclid=6541876474849071850\u0022,1699128084,\u0022TINGARD \u2014 \u0431\u0435\u0441\u0448\u043e\u0432\u043d\u044b\u0439 \u043f\u043b\u0430\u0441\u0442\u0438\u043a\u043e\u0432\u044b\u0439 \u043f\u043e\u0433\u0440\u0435\u0431 \u2116\u0022]]},\u0022gid\u0022:null},{\u0022url\u0022:\u0022https:\/\/tingard.ru\/?roistat=direct14_context_13705809174_\u0026roistat_referrer=com.avito.android\u0026roistat_pos=none_0\u0026utm_source=yandex\u0026utm_medium=cpc\u0026utm_campaign=retarget\u0026utm_content=13705809174\u0026utm_term=\u0026yclid=6583504512691016509\u0022,\u0022ref\u0022:\u0022https:\/\/volgograd.regtorg.ru\/\u0022,\u0022device\u0022:{\u0022isMobile\u0022:true},\u0022tags\u0022:{\u0022ts\u0022:1699286447,\u0022list\u0022:{\u0022utm_source\u0022:\u0022yandex_kirill\u0022,\u0022utm_medium\u0022:\u0022cpc\u0022,\u0022utm_campaign\u0022:\u0022pogreba_rozn_umnaya_copy_11_04\u0022,\u0022utm_content\u0022:\u002213300555439\u0022,\u0022utm_term\u0022:\u0022---autotargeting\u0022},\u0022gclid\u0022:null},\u0022client\u0022:{\u0022yaId\u0022:\u00221699028028880326143\u0022},\u0022pages\u0022:{\u0022list\u0022:[[\u0022https:\/\/tingard.ru\/?utm_source=yandex_kirill\u0026utm_medium=cpc\u0026utm_campaign=pogreba_rozn_umnaya_copy_11_04\u0026utm_content=13300555439\u0026utm_term=---autotargeting\u0026roistat=direct14_context_13300555439_---autotargeting\u0026roistat_referrer=com.avito.android\u0026roistat_pos=none_0\u0026yclid=6583390338536247928\u0022,1699286448,\u0022TINGARD \u2014 \u0431\u0435\u0441\u0448\u043e\u0432\u043d\u044b\u0439 \u043f\u043b\u0430\u0441\u0442\u0438\u043a\u043e\u0432\u044b\u0439 \u043f\u043e\u0433\u0440\u0435\u0431 \u2116\u0022]]},\u0022gid\u0022:null},{\u0022url\u0022:\u0022https:\/\/tingard.ru\/?utm_source=yandex_kirill\u0026utm_medium=cpc\u0026utm_campaign=pogreba_rozn_umnaya_copy_11_04\u0026utm_content=13300555439\u0026utm_term=---autotargeting\u0026roistat=direct14_context_13300555439_---autotargeting\u0026roistat_referrer=com.avito.android\u0026roistat_pos=none_0\u0026yclid=6603852528133149473\u0022,\u0022ref\u0022:\u0022https:\/\/volgograd.regtorg.ru\/\u0022,\u0022device\u0022:{\u0022isMobile\u0022:true},\u0022tags\u0022:{\u0022ts\u0022:1699286881,\u0022list\u0022:{\u0022utm_source\u0022:\u0022yandex\u0022,\u0022utm_medium\u0022:\u0022cpc\u0022,\u0022utm_campaign\u0022:\u0022retarget\u0022,\u0022utm_content\u0022:\u002213705809174\u0022},\u0022gclid\u0022:null},\u0022client\u0022:{\u0022yaId\u0022:\u00221699028028880326143\u0022},\u0022pages\u0022:{\u0022list\u0022:[[\u0022https:\/\/tingard.ru\/?roistat=direct14_context_13705809174_\u0026roistat_referrer=com.avito.android\u0026roistat_pos=none_0\u0026utm_source=yandex\u0026utm_medium=cpc\u0026utm_campaign=retarget\u0026utm_content=13705809174\u0026utm_term=\u0026yclid=6583504512691016509\u0022,1699286882,\u0022TINGARD \u2014 \u0431\u0435\u0441\u0448\u043e\u0432\u043d\u044b\u0439 \u043f\u043b\u0430\u0441\u0442\u0438\u043a\u043e\u0432\u044b\u0439 \u043f\u043e\u0433\u0440\u0435\u0431 \u2116\u0022]]},\u0022gid\u0022:null},{\u0022url\u0022:\u0022https:\/\/tingard.ru\/?utm_source=yandex_kirill\u0026utm_medium=cpc\u0026utm_campaign=pogreba_rozn_umnaya_copy_11_04\u0026utm_content=13300555439\u0026utm_term=---autotargeting\u0026roistat=direct14_context_13300555439_---autotargeting\u0026roistat_referrer=com.avito.android\u0026roistat_pos=none_0\u0026yclid=6603852528133149473\u0022,\u0022ref\u0022:\u0022https:\/\/volgograd.regtorg.ru\/\u0022,\u0022device\u0022:{\u0022isMobile\u0022:true},\u0022tags\u0022:{\u0022ts\u0022:1699364503,\u0022list\u0022:{\u0022utm_source\u0022:\u0022yandex_kirill\u0022,\u0022utm_medium\u0022:\u0022cpc\u0022,\u0022utm_campaign\u0022:\u0022pogreba_rozn_umnaya_copy_11_04\u0022,\u0022utm_content\u0022:\u002213300555439\u0022,\u0022utm_term\u0022:\u0022---autotargeting\u0022},\u0022gclid\u0022:null},\u0022client\u0022:{\u0022yaId\u0022:\u00221699028028880326143\u0022},