{"url":"https:\/\/tinger.bitrix24.ru\/rest\/190\/42tc2gxq8od2858i\/crm.lead.add.json","info":{"url":"https:\/\/tinger.bitrix24.ru\/rest\/190\/42tc2gxq8od2858i\/crm.lead.add.json","content_type":"application\/json; charset=utf-8","http_code":200,"header_size":1034,"request_size":207,"filetime":-1,"ssl_verify_result":0,"redirect_count":0,"total_time":2.234302,"namelookup_time":0.0025430000000000001,"connect_time":0.013531,"pretransfer_time":0.033229000000000002,"size_upload":3241,"size_download":287,"speed_download":128,"speed_upload":1450,"download_content_length":-1,"upload_content_length":3241,"starttransfer_time":0.033232999999999999,"redirect_time":0,"redirect_url":"","primary_ip":"195.208.185.4","certinfo":[],"primary_port":443,"local_ip":"188.225.57.79","local_port":38476,"http_version":3,"protocol":2,"ssl_verifyresult":0,"scheme":"HTTPS","appconnect_time_us":33084,"connect_time_us":13531,"namelookup_time_us":2543,"pretransfer_time_us":33229,"redirect_time_us":0,"starttransfer_time_us":33233,"total_time_us":2234302},"params":{"method":"crm.lead.add","params":{"fields":{"NAME":"\u0414\u0435\u043d\u0438\u0441 ","PHONE":[{"VALUE":"+7 (922) 439-58-98","VALUE_TYPE":"WORK"}],"EMAIL":[{"VALUE":null,"VALUE_TYPE":"WORK"}],"TRACE":"{\u0022url\u0022:\u0022https:\/\/tingard.ru\/?utm_source=yandex_kirill\u0026utm_medium=cpc\u0026utm_campaign=pogreba_rozn_umnaya_click_perezapusk_15_01\u0026utm_content=15676822921\u0026utm_term=---autotargeting\u0026roistat=direct14_context_15676822921_---autotargeting\u0026roistat_referrer=com.avito.android\u0026roistat_pos=none_0\u0026yclid=3474565360473341951\u0022,\u0022device\u0022:{\u0022isMobile\u0022:true},\u0022tags\u0022:{\u0022ts\u0022:1716372244,\u0022list\u0022:{\u0022utm_source\u0022:\u0022yandex_kirill\u0022,\u0022utm_medium\u0022:\u0022cpc\u0022,\u0022utm_campaign\u0022:\u0022pogreba_rozn_umnaya_click_perezapusk_15_01\u0022,\u0022utm_content\u0022:\u002215676822921\u0022,\u0022utm_term\u0022:\u0022---autotargeting\u0022},\u0022gclid\u0022:null},\u0022client\u0022:{\u0022yaId\u0022:\u00221682740166504112634\u0022},\u0022pages\u0022:{\u0022list\u0022:[[\u0022https:\/\/tingard.ru\/?utm_source=yandex_kirill\u0026utm_medium=cpc\u0026utm_campaign=pogreba_rozn_umnaya_click_perezapusk_15_01\u0026utm_content=15676822921\u0026utm_term=---autotargeting\u0026roistat=direct14_context_15676822921_---autotargeting\u0026roistat_referrer=com.avito.android\u0026roistat_pos=none_0\u0026yclid=3474565360473341951\u0022,1716372245,\u0022TINGARD \u2014 \u0431\u0435\u0441\u0448\u043e\u0432\u043d\u044b\u0439 \u043f\u043b\u0430\u0441\u0442\u0438\u043a\u043e\u0432\u044b\u0439 \u043f\u043e\u0433\u0440\u0435\u0431 \u2116\u0022]]},\u0022gid\u0022:null,\u0022previous\u0022:{\u0022list\u0022:[{\u0022url\u0022:\u0022https:\/\/tingard.ru\/?utm_source=yandex_kirill\u0026utm_medium=cpc\u0026utm_campaign=pogreba_rozn_umnaya_click_perezapusk_15_01\u0026utm_content=15676822921\u0026utm_term=---autotargeting\u0026roistat=direct14_context_15676822921_---autotargeting\u0026roistat_referrer=com.avito.android\u0026roistat_pos=none_0\u0026yclid=3474565360473341951\u0022,\u0022device\u0022:{\u0022isMobile\u0022:true},\u0022tags\u0022:{\u0022ts\u0022:1682740167,\u0022list\u0022:{\u0022utm_source\u0022:\u0022yandex_kirill\u0022,\u0022utm_medium\u0022:\u0022cpc\u0022,\u0022utm_campaign\u0022:\u0022pogreba_rozn_umnaya_copy_11_04\u0022,\u0022utm_content\u0022:\u002213300555435\u0022,\u0022utm_term\u0022:\u0022---autotargeting\u0022},\u0022gclid\u0022:null},\u0022client\u0022:{\u0022yaId\u0022:\u00221682740166504112634\u0022},\u0022pages\u0022:{\u0022list\u0022:[[\u0022https:\/\/tingard.ru\/?utm_source=yandex_kirill\u0026utm_medium=cpc\u0026utm_campaign=pogreba_rozn_umnaya_copy_11_04\u0026utm_content=13300555435\u0026utm_term=---autotargeting\u0026roistat=direct14_context_13300555435_---autotargeting\u0026roistat_referrer=m.pogoda.yandex.ru\u0026roistat_pos=none_0\u0026yclid=2245883388493894181\u0022,1682740167,\u0022TINGARD \u2014 \u0431\u0435\u0441\u0448\u043e\u0432\u043d\u044b\u0439 \u043f\u043b\u0430\u0441\u0442\u0438\u043a\u043e\u0432\u044b\u0439 \u043f\u043e\u0433\u0440\u0435\u0431 #\u0022]]},\u0022gid\u0022:null}]}}","COMMENTS":null,"TITLE":"\u0417\u0430\u043a\u0430\u0437\u0430\u0442\u044c \u043f\u043e\u0433\u0440\u0435\u0431","UF_CRM_1449663065":68,"ASSIGNED_BY_ID":58,"SOURCE_ID":9}}},"result":{"result":513570,"time":{"start":1716372330.644006,"finish":1716372332.770143,"duration":2.1261370182037354,"processing":2.0913360118865967,"date_start":"2024-05-22T13:05:30+03:00","date_finish":"2024-05-22T13:05:32+03:00","operating_reset_at":1716372930,"operating":2.0913069248199463}}}