{"url":"https:\/\/tinger.bitrix24.ru\/rest\/190\/42tc2gxq8od2858i\/crm.lead.add.json","info":{"url":"https:\/\/tinger.bitrix24.ru\/rest\/190\/42tc2gxq8od2858i\/crm.lead.add.json","content_type":"application\/json; charset=utf-8","http_code":200,"header_size":1033,"request_size":207,"filetime":-1,"ssl_verify_result":0,"redirect_count":0,"total_time":1.2021409999999999,"namelookup_time":0.0031979999999999999,"connect_time":0.012572,"pretransfer_time":0.030287999999999999,"size_upload":1998,"size_download":289,"speed_download":240,"speed_upload":1662,"download_content_length":-1,"upload_content_length":1998,"starttransfer_time":0.030290000000000001,"redirect_time":0,"redirect_url":"","primary_ip":"46.235.53.67","certinfo":[],"primary_port":443,"local_ip":"188.225.57.79","local_port":37906,"http_version":3,"protocol":2,"ssl_verifyresult":0,"scheme":"HTTPS","appconnect_time_us":30178,"connect_time_us":12572,"namelookup_time_us":3198,"pretransfer_time_us":30288,"redirect_time_us":0,"starttransfer_time_us":30290,"total_time_us":1202141},"params":{"method":"crm.lead.add","params":{"fields":{"NAME":"\u0420\u0438\u043c\u043c\u0430","PHONE":[{"VALUE":"8 (911) 033-81-28","VALUE_TYPE":"WORK"}],"EMAIL":[{"VALUE":null,"VALUE_TYPE":"WORK"}],"TRACE":"{\u0022url\u0022:\u0022https:\/\/tingard.ru\/?roistat=direct14_context_16225516162_%D1%81%D0%B5%D0%BF%D1%82%D0%BE%D0%B1%D0%B0%D0%BA\u0026roistat_referrer=sila-zakona.su\u0026roistat_pos=none_0\u0026y_ref=sila-zakona.su\u0026utm_source=yandex\u0026utm_medium=cpc\u0026utm_campaign=rsya-click\u0026utm_content=16225516162\u0026utm_term=sila-zakona.su\u0026yclid=1854213518546173951\u0022,\u0022ref\u0022:\u0022https:\/\/sila-zakona.su\/\u0022,\u0022device\u0022:{\u0022isMobile\u0022:true},\u0022tags\u0022:{\u0022ts\u0022:1727700469,\u0022list\u0022:{\u0022utm_source\u0022:\u0022yandex\u0022,\u0022utm_medium\u0022:\u0022cpc\u0022,\u0022utm_campaign\u0022:\u0022rsya-click\u0022,\u0022utm_content\u0022:\u002216225516162\u0022,\u0022utm_term\u0022:\u0022sila-zakona.su\u0022},\u0022gclid\u0022:null},\u0022client\u0022:{\u0022yaId\u0022:\u00221727700468498996844\u0022},\u0022pages\u0022:{\u0022list\u0022:[[\u0022https:\/\/tingard.ru\/?roistat=direct14_context_16225516162_%D1%81%D0%B5%D0%BF%D1%82%D0%BE%D0%B1%D0%B0%D0%BA\u0026roistat_referrer=sila-zakona.su\u0026roistat_pos=none_0\u0026y_ref=sila-zakona.su\u0026utm_source=yandex\u0026utm_medium=cpc\u0026utm_campaign=rsya-click\u0026utm_content=16225516162\u0026utm_term=sila-zakona.su\u0026yclid=1854213518546173951\u0022,1727700469,\u0022TINGARD \u2014 \u0431\u0435\u0441\u0448\u043e\u0432\u043d\u044b\u0439 \u043f\u043b\u0430\u0441\u0442\u0438\u043a\u043e\u0432\u044b\u0439 \u043f\u043e\u0433\u0440\u0435\u0431 \u2116\u0022]]},\u0022gid\u0022:null,\u0022previous\u0022:{\u0022list\u0022:[]}}","UF_CRM_1517561552":"3485151","COMMENTS":null,"TITLE":"\u0417\u0430\u043a\u0430\u0437\u0430\u0442\u044c \u043f\u043e\u0433\u0440\u0435\u0431","UF_CRM_1449663065":68,"ASSIGNED_BY_ID":58,"SOURCE_ID":9}}},"result":{"result":552432,"time":{"start":1727700536.3353889,"finish":1727700537.4219451,"duration":1.0865561962127686,"processing":1.0496070384979248,"date_start":"2024-09-30T15:48:56+03:00","date_finish":"2024-09-30T15:48:57+03:00","operating_reset_at":1727701136,"operating":1.0495810508728027}}}