{"url":"https:\/\/tinger.bitrix24.ru\/rest\/190\/42tc2gxq8od2858i\/crm.lead.add.json","info":{"url":"https:\/\/tinger.bitrix24.ru\/rest\/190\/42tc2gxq8od2858i\/crm.lead.add.json","content_type":"application\/json; charset=utf-8","http_code":200,"header_size":1030,"request_size":207,"filetime":-1,"ssl_verify_result":0,"redirect_count":0,"total_time":1.129267,"namelookup_time":0.049824,"connect_time":0.058402000000000003,"pretransfer_time":0.074758000000000005,"size_upload":2145,"size_download":291,"speed_download":257,"speed_upload":1899,"download_content_length":-1,"upload_content_length":2145,"starttransfer_time":0.074760999999999994,"redirect_time":0,"redirect_url":"","primary_ip":"109.120.182.255","certinfo":[],"primary_port":443,"local_ip":"188.225.57.79","local_port":58474,"http_version":3,"protocol":2,"ssl_verifyresult":0,"scheme":"HTTPS","appconnect_time_us":74638,"connect_time_us":58402,"namelookup_time_us":49824,"pretransfer_time_us":74758,"redirect_time_us":0,"starttransfer_time_us":74761,"total_time_us":1129267},"params":{"method":"crm.lead.add","params":{"fields":{"NAME":"\u0427\u0443\u043a\u0430\u0439","PHONE":[{"VALUE":"+7 (928) 877-02-36","VALUE_TYPE":"WORK"}],"TRACE":"{\u0022url\u0022:\u0022https:\/\/tingard.ru\/?roistat=direct14_context_16233427521_%D1%88%D0%BB%D0%B0%D0%BD%D0%B3%20%D0%B4%D0%BB%D1%8F%20%D0%BF%D0%BE%D0%BB%D0%B8%D0%B2%D0%B0\u0026roistat_referrer=com.avito.android\u0026roistat_pos=none_0\u0026y_ref=com.avito.android\u0026utm_source=yandex\u0026utm_medium=cpc\u0026utm_campaign=rsya-click\u0026utm_content=16233427521\u0026utm_term=com.avito.android\u0026yclid=18333412360585478143\u0022,\u0022device\u0022:{\u0022isMobile\u0022:true},\u0022tags\u0022:{\u0022ts\u0022:1731355418,\u0022list\u0022:{\u0022utm_source\u0022:\u0022yandex\u0022,\u0022utm_medium\u0022:\u0022cpc\u0022,\u0022utm_campaign\u0022:\u0022rsya-click\u0022,\u0022utm_content\u0022:\u002216233427521\u0022,\u0022utm_term\u0022:\u0022com.avito.android\u0022},\u0022gclid\u0022:null},\u0022client\u0022:{\u0022yaId\u0022:\u00221715067698558297631\u0022},\u0022pages\u0022:{\u0022list\u0022:[[\u0022https:\/\/tingard.ru\/?roistat=direct14_context_16233427521_%D1%88%D0%BB%D0%B0%D0%BD%D0%B3%20%D0%B4%D0%BB%D1%8F%20%D0%BF%D0%BE%D0%BB%D0%B8%D0%B2%D0%B0\u0026roistat_referrer=com.avito.android\u0026roistat_pos=none_0\u0026y_ref=com.avito.android\u0026utm_source=yandex\u0026utm_medium=cpc\u0026utm_campaign=rsya-click\u0026utm_content=16233427521\u0026utm_term=com.avito.android\u0026yclid=18333412360585478143\u0022,1731355418,\u0022TINGARD \u2014 \u0431\u0435\u0441\u0448\u043e\u0432\u043d\u044b\u0439 \u043f\u043b\u0430\u0441\u0442\u0438\u043a\u043e\u0432\u044b\u0439 \u043f\u043e\u0433\u0440\u0435\u0431 \u2116\u0022]]},\u0022gid\u0022:null,\u0022previous\u0022:{\u0022list\u0022:[]}}","UF_CRM_1517561552":"3556785","COMMENTS":null,"TITLE":"\u0420\u0430\u0441\u0441\u0440\u043e\u0447\u043a\u0430 (\u0443\u0437\u043d\u0430\u0442\u044c \u043f\u043e\u0434\u0440\u043e\u0431\u043d\u043e\u0441\u0442\u0438)","UF_CRM_1449663065":68,"ASSIGNED_BY_ID":58,"SOURCE_ID":9}}},"result":{"result":564636,"time":{"start":1731355441.5369229,"finish":1731355442.516824,"duration":0.97990107536315918,"processing":0.92919301986694336,"date_start":"2024-11-11T23:04:01+03:00","date_finish":"2024-11-11T23:04:02+03:00","operating_reset_at":1731356041,"operating":0.92916607856750488}}}