{"url":"https:\/\/tinger.bitrix24.ru\/rest\/190\/42tc2gxq8od2858i\/crm.lead.add.json","info":{"url":"https:\/\/tinger.bitrix24.ru\/rest\/190\/42tc2gxq8od2858i\/crm.lead.add.json","content_type":"application\/json; charset=utf-8","http_code":200,"header_size":1030,"request_size":207,"filetime":-1,"ssl_verify_result":0,"redirect_count":0,"total_time":1.9892879999999999,"namelookup_time":0.016355000000000001,"connect_time":0.025267999999999999,"pretransfer_time":0.042046,"size_upload":2371,"size_download":289,"speed_download":145,"speed_upload":1192,"download_content_length":-1,"upload_content_length":2371,"starttransfer_time":0.042049000000000003,"redirect_time":0,"redirect_url":"","primary_ip":"95.163.249.170","certinfo":[],"primary_port":443,"local_ip":"188.225.57.79","local_port":54758,"http_version":3,"protocol":2,"ssl_verifyresult":0,"scheme":"HTTPS","appconnect_time_us":41929,"connect_time_us":25268,"namelookup_time_us":16355,"pretransfer_time_us":42046,"redirect_time_us":0,"starttransfer_time_us":42049,"total_time_us":1989288},"params":{"method":"crm.lead.add","params":{"fields":{"NAME":"\u0410\u0440\u0438\u043d\u0430","PHONE":[{"VALUE":"+7 (931) 261-56-02","VALUE_TYPE":"WORK"}],"EMAIL":[{"VALUE":null,"VALUE_TYPE":"WORK"}],"TRACE":"{\u0022url\u0022:\u0022https:\/\/tingard.ru\/?roistat=direct14_context_16225328535_\u0026roistat_referrer=vaogr.store\u0026roistat_pos=none_0\u0026yclid=10925823816346107903\u0022,\u0022ref\u0022:\u0022https:\/\/vaogr.store\/\u0022,\u0022device\u0022:{\u0022isMobile\u0022:false},\u0022tags\u0022:{\u0022ts\u0022:1721142001,\u0022list\u0022:{},\u0022gclid\u0022:null},\u0022client\u0022:{\u0022yaId\u0022:\u00221721140838601115576\u0022},\u0022pages\u0022:{\u0022list\u0022:[[\u0022https:\/\/tingard.ru\/?roistat=direct14_context_16225328535_\u0026roistat_referrer=vaogr.store\u0026roistat_pos=none_0\u0026yclid=10925823816346107903\u0022,1721142001,\u0022TINGARD \u2014 \u0431\u0435\u0441\u0448\u043e\u0432\u043d\u044b\u0439 \u043f\u043b\u0430\u0441\u0442\u0438\u043a\u043e\u0432\u044b\u0439 \u043f\u043e\u0433\u0440\u0435\u0431 \u2116\u0022]]},\u0022gid\u0022:null,\u0022previous\u0022:{\u0022list\u0022:[{\u0022url\u0022:\u0022https:\/\/tingard.ru\/?roistat=direct14_context_16225328535_\u0026roistat_referrer=vaogr.store\u0026roistat_pos=none_0\u0026yclid=10925823816346107903\u0022,\u0022ref\u0022:\u0022https:\/\/myzoj.ru\/\u0022,\u0022device\u0022:{\u0022isMobile\u0022:false},\u0022tags\u0022:{\u0022ts\u0022:1721140838,\u0022list\u0022:{},\u0022gclid\u0022:null},\u0022client\u0022:{\u0022yaId\u0022:\u00221721140838601115576\u0022},\u0022pages\u0022:{\u0022list\u0022:[[\u0022https:\/\/tingard.ru\/?roistat=direct14_context_16233427522_\u0026roistat_referrer=myzoj.ru\u0026roistat_pos=none_0\u0026yclid=3385193854661296127\u0022,1721140839,\u0022TINGARD \u2014 \u0431\u0435\u0441\u0448\u043e\u0432\u043d\u044b\u0439 \u043f\u043b\u0430\u0441\u0442\u0438\u043a\u043e\u0432\u044b\u0439 \u043f\u043e\u0433\u0440\u0435\u0431 \u2116\u0022],[\u0022https:\/\/tingard.ru\/thanks\/\u0022,1721140852,\u0022\u0421\u043f\u0430\u0441\u0438\u0431\u043e \u0437\u0430 \u0437\u0430\u044f\u0432\u043a\u0443\u0022]]},\u0022gid\u0022:null}]}}","UF_CRM_1517561552":"3340773","COMMENTS":null,"TITLE":"\u0417\u0430\u043a\u0430\u0437\u0430\u0442\u044c \u043f\u043e\u0433\u0440\u0435\u0431","UF_CRM_1449663065":68,"ASSIGNED_BY_ID":58,"SOURCE_ID":9}}},"result":{"result":529110,"time":{"start":1721142041.6962719,"finish":1721142043.5793891,"duration":1.8831171989440918,"processing":1.8498909473419189,"date_start":"2024-07-16T18:00:41+03:00","date_finish":"2024-07-16T18:00:43+03:00","operating_reset_at":1721142641,"operating":1.8498680591583252}}}