{"url":"https:\/\/tinger.bitrix24.ru\/rest\/190\/42tc2gxq8od2858i\/crm.deal.add.json","info":{"url":"https:\/\/tinger.bitrix24.ru\/rest\/190\/42tc2gxq8od2858i\/crm.deal.add.json","content_type":"application\/json; charset=utf-8","http_code":200,"header_size":919,"request_size":207,"filetime":-1,"ssl_verify_result":0,"redirect_count":0,"total_time":2.822654,"namelookup_time":0.001537,"connect_time":0.0027929999999999999,"pretransfer_time":0.011724999999999999,"size_upload":2720,"size_download":263,"speed_download":93,"speed_upload":963,"download_content_length":-1,"upload_content_length":2720,"starttransfer_time":0.011727,"redirect_time":0,"redirect_url":"","primary_ip":"178.132.201.51","certinfo":[],"primary_port":443,"local_ip":"188.225.57.79","local_port":32792,"http_version":3,"protocol":2,"ssl_verifyresult":0,"scheme":"HTTPS","appconnect_time_us":11654,"connect_time_us":2793,"namelookup_time_us":1537,"pretransfer_time_us":11725,"redirect_time_us":0,"starttransfer_time_us":11727,"total_time_us":2822654},"params":{"method":"crm.deal.add","params":{"fields":{"NAME":"\u0412\u0430\u043b\u0435\u0440\u0438\u0439 ","PHONE":[{"VALUE":"8 (905) 273-21-07","VALUE_TYPE":"WORK"}],"EMAIL":[{"VALUE":"valeri_maksimov1@mail.ru","VALUE_TYPE":"WORK"}],"TRACE":"{\u0022url\u0022:\u0022https:\/\/tinger.ru\/customer-support\/\u0022,\u0022ref\u0022:\u0022https:\/\/yandex.ru\/\u0022,\u0022device\u0022:{\u0022isMobile\u0022:true},\u0022tags\u0022:{\u0022ts\u0022:1767527372,\u0022list\u0022:{},\u0022gclid\u0022:null},\u0022client\u0022:{\u0022yaId\u0022:\u00221767444903707862975\u0022},\u0022pages\u0022:{\u0022list\u0022:[[\u0022https:\/\/tinger.ru\/parts\/starter-v-sbore\/?ysclid=mjzl5a4sn7101380709\u0022,1767527372,\u0022\u0421\u0442\u0430\u0440\u0442\u0435\u0440\u0022],[\u0022https:\/\/tinger.ru\/customer-support\/\u0022,1767527387,\u0022\u041a\u043b\u0438\u0435\u043d\u0442\u0441\u043a\u0430\u044f \u043f\u043e\u0434\u0434\u0435\u0440\u0436\u043a\u0430 \u0434\u043b\u044f \u0432\u043b\u0430\u0434\u0435\u043b\u044c\u0446\u0435\u0432 \u0442\u0435\u0445\u043d\u0022]]},\u0022gid\u0022:null,\u0022previous\u0022:{\u0022list\u0022:[{\u0022url\u0022:\u0022https:\/\/tinger.ru\/parts\/starter-v-sbore\/?ysclid=mjzl5a4sn7101380709\u0022,\u0022device\u0022:{\u0022isMobile\u0022:true},\u0022tags\u0022:{\u0022ts\u0022:1767444903,\u0022list\u0022:{},\u0022gclid\u0022:null},\u0022client\u0022:{\u0022yaId\u0022:\u00221767444903707862975\u0022},\u0022pages\u0022:{\u0022list\u0022:[[\u0022https:\/\/tinger.ru\/manual\/?ysclid=mjyb23kc6z135649047\u0022,1767444903,\u0022\u0420\u0443\u043a\u043e\u0432\u043e\u0434\u0441\u0442\u0432\u043e \u043f\u043e \u044d\u043a\u0441\u043f\u043b\u0443\u0430\u0442\u0430\u0446\u0438\u0438 \u0442\u0435\u0445\u043d\u0438\u043a\u0438 TING\u0022],[\u0022https:\/\/tinger.ru\/parts\/starter-v-sbore\/?ysclid=mjzl5a4sn7101380709\u0022,1767522314,\u0022\u0421\u0442\u0430\u0440\u0442\u0435\u0440\u0022]]},\u0022gid\u0022:null}]}}","UF_CRM_1736853511":"1767444903707862975","UF_CRM_1736853555":"1767444903707862975","UF_CRM_1736853537":"1767444903707862975","UF_CRM_1517561552":"4030859","COMMENTS":"\u0414\u043e\u0431\u0440\u044b\u0439 \u0434\u0435\u043d\u044c! \u041f\u043e\u0434\u0441\u043a\u0430\u0436\u0438\u0442\u0435 \u043a\u0430\u043a \u0434\u043e \u0441\u0442\u0430\u0440\u0442\u0435\u0440\u0430 \u0434\u043e\u0431\u0440\u0430\u0442\u044c\u0441\u044f \u043d\u0430 \u0422\u0440\u0430\u043a 2?","TITLE":"\u041a\u043b\u0438\u0435\u043d\u0442\u0441\u043a\u0430\u044f \u043f\u043e\u0434\u0434\u0435\u0440\u0436\u043a\u0430","CATEGORY_ID":"6","UF_CRM_5697ACD86C4A4":null,"UF_CRM_1580391801":null,"UF_CRM_1558422147767":null,"UF_CRM_1558422105224":null,"UF_CRM_1558421988817":null,"UF_CRM_1558443579026":null,"SOURCE_ID":"WEB","CONTACT_ID":90234}}},"result":{"result":132588,"time":{"start":1767527477,"finish":1767527479.9517081,"duration":2.9517080783843994,"processing":2,"date_start":"2026-01-04T14:51:17+03:00","date_finish":"2026-01-04T14:51:19+03:00","operating_reset_at":1767528077,"operating":2.7368650436401367}}}