{"url":"https:\/\/tinger.bitrix24.ru\/rest\/190\/42tc2gxq8od2858i\/crm.lead.add.json","info":{"url":"https:\/\/tinger.bitrix24.ru\/rest\/190\/42tc2gxq8od2858i\/crm.lead.add.json","content_type":"application\/json; charset=utf-8","http_code":200,"header_size":926,"request_size":207,"filetime":-1,"ssl_verify_result":0,"redirect_count":0,"total_time":1.3164830000000001,"namelookup_time":0.0082199999999999999,"connect_time":0.020549999999999999,"pretransfer_time":0.044313999999999999,"size_upload":1400,"size_download":263,"speed_download":199,"speed_upload":1063,"download_content_length":-1,"upload_content_length":1400,"starttransfer_time":0.044318999999999997,"redirect_time":0,"redirect_url":"","primary_ip":"46.235.53.58","certinfo":[],"primary_port":443,"local_ip":"188.225.57.79","local_port":50166,"http_version":3,"protocol":2,"ssl_verifyresult":0,"scheme":"HTTPS","appconnect_time_us":43515,"connect_time_us":20550,"namelookup_time_us":8220,"pretransfer_time_us":44314,"redirect_time_us":0,"starttransfer_time_us":44319,"total_time_us":1316483},"params":{"method":"crm.lead.add","params":{"fields":{"NAME":"\u0410\u041b\u0415\u041a\u0421\u0410\u041d\u0414\u0420 \u041a\u0423\u0429","PHONE":[{"VALUE":"+7 (914) 426-57-77","VALUE_TYPE":"WORK"}],"EMAIL":[{"VALUE":"bcrfylth@mail.ru","VALUE_TYPE":"WORK"}],"TRACE":"{\u0022url\u0022:\u0022https:\/\/tingard.ru\/?utm_content=gift\u0026yclid=15847481668862476287\u0026ybaip=1\u0022,\u0022ref\u0022:\u0022https:\/\/dzen.ru\/\u0022,\u0022device\u0022:{\u0022isMobile\u0022:true},\u0022tags\u0022:{\u0022ts\u0022:1775221244,\u0022list\u0022:{\u0022utm_content\u0022:\u0022gift\u0022},\u0022gclid\u0022:null},\u0022client\u0022:{\u0022yaId\u0022:32216254},\u0022pages\u0022:{\u0022list\u0022:[[\u0022https:\/\/tingard.ru\/?utm_content=gift\u0026yclid=15847481668862476287\u0026ybaip=1\u0022,1775221245,\u0022TINGARD \u2014 \u0431\u0435\u0441\u0448\u043e\u0432\u043d\u044b\u0439 \u043f\u043b\u0430\u0441\u0442\u0438\u043a\u043e\u0432\u044b\u0439 \u043f\u043e\u0433\u0440\u0435\u0431 \u0441\u0022]]},\u0022gid\u0022:null,\u0022previous\u0022:{\u0022list\u0022:[]}}","UF_CRM_1736853511":null,"UF_CRM_1736853555":null,"UF_CRM_1736853537":null,"UF_CRM_1517561552":"nocookie","COMMENTS":null,"TITLE":"\u0420\u0430\u0441\u0441\u0447\u0438\u0442\u0430\u0442\u044c \u0441\u0442\u043e\u0438\u043c\u043e\u0441\u0442\u044c \u043f\u043e\u0433\u0440\u0435\u0431\u0430","UF_CRM_1449663065":68,"ASSIGNED_BY_ID":58,"SOURCE_ID":9}}},"result":{"result":655156,"time":{"start":1775221376,"finish":1775221377.3219481,"duration":1.3219480514526367,"processing":1,"date_start":"2026-04-03T16:02:56+03:00","date_finish":"2026-04-03T16:02:57+03:00","operating_reset_at":1775221976,"operating":1.2024431228637695}}}