{"url":"https:\/\/tinger.bitrix24.ru\/rest\/190\/42tc2gxq8od2858i\/crm.lead.add.json","info":{"url":"https:\/\/tinger.bitrix24.ru\/rest\/190\/42tc2gxq8od2858i\/crm.lead.add.json","content_type":"application\/json; charset=utf-8","http_code":200,"header_size":1033,"request_size":207,"filetime":-1,"ssl_verify_result":0,"redirect_count":0,"total_time":1.035085,"namelookup_time":0.019424,"connect_time":0.028093,"pretransfer_time":0.043857,"size_upload":2472,"size_download":291,"speed_download":281,"speed_upload":2388,"download_content_length":-1,"upload_content_length":2472,"starttransfer_time":0.043859000000000002,"redirect_time":0,"redirect_url":"","primary_ip":"46.235.53.69","certinfo":[],"primary_port":443,"local_ip":"188.225.57.79","local_port":41326,"http_version":3,"protocol":2,"ssl_verifyresult":0,"scheme":"HTTPS","appconnect_time_us":43768,"connect_time_us":28093,"namelookup_time_us":19424,"pretransfer_time_us":43857,"redirect_time_us":0,"starttransfer_time_us":43859,"total_time_us":1035085},"params":{"method":"crm.lead.add","params":{"fields":{"NAME":"\u0421\u0432\u0435\u0442\u043b\u0430\u043d\u0430 ","PHONE":[{"VALUE":"+7 (924) 191 17-17","VALUE_TYPE":"WORK"}],"EMAIL":[{"VALUE":null,"VALUE_TYPE":"WORK"}],"TRACE":"{\u0022url\u0022:\u0022https:\/\/tingard.ru\/?roistat=direct14_context_16225570742_%D0%BA%D0%B0%D0%BF%D1%83%D1%81%D1%82%D0%B0%20%D0%B1%D1%80%D0%BE%D0%BA%D0%BA%D0%BE%D0%BB%D0%B8%20%D0%B2%D1%8B%D1%80%D0%B0%D1%89%D0%B8%D0%B2%D0%B0%D0%BD%D0%B8%D0%B5\u0026roistat_referrer=m.dzen.ru\u0026roistat_pos=none_0\u0026y_ref=m.dzen.ru\u0026utm_source=yandex\u0026utm_medium=cpc\u0026utm_campaign=rsya-click\u0026utm_content=16225570742\u0026utm_term=m.dzen.ru\u0026yclid=5245552084209369087\u0022,\u0022ref\u0022:\u0022https:\/\/m.dzen.ru\/\u0022,\u0022device\u0022:{\u0022isMobile\u0022:true},\u0022tags\u0022:{\u0022ts\u0022:1724439267,\u0022list\u0022:{\u0022utm_source\u0022:\u0022yandex\u0022,\u0022utm_medium\u0022:\u0022cpc\u0022,\u0022utm_campaign\u0022:\u0022rsya-click\u0022,\u0022utm_content\u0022:\u002216225570742\u0022,\u0022utm_term\u0022:\u0022m.dzen.ru\u0022},\u0022gclid\u0022:null},\u0022client\u0022:{\u0022yaId\u0022:\u00221724439267124269492\u0022},\u0022pages\u0022:{\u0022list\u0022:[[\u0022https:\/\/tingard.ru\/?roistat=direct14_context_16225570742_%D0%BA%D0%B0%D0%BF%D1%83%D1%81%D1%82%D0%B0%20%D0%B1%D1%80%D0%BE%D0%BA%D0%BA%D0%BE%D0%BB%D0%B8%20%D0%B2%D1%8B%D1%80%D0%B0%D1%89%D0%B8%D0%B2%D0%B0%D0%BD%D0%B8%D0%B5\u0026roistat_referrer=m.dzen.ru\u0026roistat_pos=none_0\u0026y_ref=m.dzen.ru\u0026utm_source=yandex\u0026utm_medium=cpc\u0026utm_campaign=rsya-click\u0026utm_content=16225570742\u0026utm_term=m.dzen.ru\u0026yclid=5245552084209369087\u0022,1724439268,\u0022TINGARD \u2014 \u0431\u0435\u0441\u0448\u043e\u0432\u043d\u044b\u0439 \u043f\u043b\u0430\u0441\u0442\u0438\u043a\u043e\u0432\u044b\u0439 \u043f\u043e\u0433\u0440\u0435\u0431 \u2116\u0022]]},\u0022gid\u0022:null,\u0022previous\u0022:{\u0022list\u0022:[]}}","UF_CRM_1517561552":"3416268","COMMENTS":null,"TITLE":"\u0423\u0437\u043d\u0430\u0442\u044c \u043f\u043e\u0434\u0440\u043e\u0431\u043d\u0435\u0435 \u043e \u043d\u043e\u0432\u043e\u043c \u043f\u043e\u0433\u0440\u0435\u0431\u0435 TINGARD 1900\u0411\u041a","UF_CRM_1449663065":68,"ASSIGNED_BY_ID":58,"SOURCE_ID":9}}},"result":{"result":541102,"time":{"start":1724439652.3953669,"finish":1724439653.3125141,"duration":0.91714715957641602,"processing":0.8620600700378418,"date_start":"2024-08-23T22:00:52+03:00","date_finish":"2024-08-23T22:00:53+03:00","operating_reset_at":1724440252,"operating":0.86202597618103027}}}