{"url":"https:\/\/tinger.bitrix24.ru\/rest\/190\/42tc2gxq8od2858i\/crm.lead.add.json","info":{"url":"https:\/\/tinger.bitrix24.ru\/rest\/190\/42tc2gxq8od2858i\/crm.lead.add.json","content_type":"application\/json; charset=utf-8","http_code":200,"header_size":1027,"request_size":207,"filetime":-1,"ssl_verify_result":0,"redirect_count":0,"total_time":1.8800840000000001,"namelookup_time":0.016761999999999999,"connect_time":0.018282,"pretransfer_time":0.031656999999999998,"size_upload":3298,"size_download":288,"speed_download":153,"speed_upload":1754,"download_content_length":-1,"upload_content_length":3298,"starttransfer_time":0.031662999999999997,"redirect_time":0,"redirect_url":"","primary_ip":"178.132.201.52","certinfo":[],"primary_port":443,"local_ip":"188.225.57.79","local_port":36142,"http_version":3,"protocol":2,"ssl_verifyresult":0,"scheme":"HTTPS","appconnect_time_us":31446,"connect_time_us":18282,"namelookup_time_us":16762,"pretransfer_time_us":31657,"redirect_time_us":0,"starttransfer_time_us":31663,"total_time_us":1880084},"params":{"method":"crm.lead.add","params":{"fields":{"NAME":"\u041d\u0430\u0442\u0430\u043b\u044c\u044f","PHONE":[{"VALUE":"8 (964) 446-04-21","VALUE_TYPE":"WORK"}],"EMAIL":[{"VALUE":null,"VALUE_TYPE":"WORK"}],"TRACE":"{\u0022url\u0022:\u0022https:\/\/sale.tingard.ru\/?utm_source=yandex\u0026utm_medium=cpc\u0026utm_campaign=pogreba_rozn_umnaya_click_new_lending\u0026utm_content=16132301005\u0026utm_term=---autotargeting\u0026roistat=direct14_context_16132301005_---autotargeting\u0026roistat_referrer=www.gismeteo.ru\u0026roistat_pos=none_0\u0026yclid=10982856719986589695\u0022,\u0022device\u0022:{\u0022isMobile\u0022:true},\u0022tags\u0022:{\u0022ts\u0022:1716700737,\u0022list\u0022:{\u0022utm_source\u0022:\u0022yandex\u0022,\u0022utm_medium\u0022:\u0022cpc\u0022,\u0022utm_campaign\u0022:\u0022pogreba_rozn_umnaya_click_new_lending\u0022,\u0022utm_content\u0022:\u002216132301005\u0022,\u0022utm_term\u0022:\u0022---autotargeting\u0022},\u0022gclid\u0022:null},\u0022client\u0022:{\u0022yaId\u0022:\u00221704829864668676581\u0022},\u0022pages\u0022:{\u0022list\u0022:[[\u0022https:\/\/sale.tingard.ru\/?utm_source=yandex\u0026utm_medium=cpc\u0026utm_campaign=pogreba_rozn_umnaya_click_new_lending\u0026utm_content=16132301005\u0026utm_term=---autotargeting\u0026roistat=direct14_context_16132301005_---autotargeting\u0026roistat_referrer=www.gismeteo.ru\u0026roistat_pos=none_0\u0026yclid=10982856719986589695\u0022,1716700737,\u0022\u0411\u0435\u0441\u0448\u043e\u0432\u043d\u044b\u0435 \u043f\u043b\u0430\u0441\u0442\u0438\u043a\u043e\u0432\u044b\u0435 \u043f\u043e\u0433\u0440\u0435\u0431\u0430 TINGARD \u2014 \u0022]]},\u0022gid\u0022:null,\u0022previous\u0022:{\u0022list\u0022:[{\u0022url\u0022:\u0022https:\/\/sale.tingard.ru\/?utm_source=yandex\u0026utm_medium=cpc\u0026utm_campaign=pogreba_rozn_umnaya_click_new_lending\u0026utm_content=16132301005\u0026utm_term=---autotargeting\u0026roistat=direct14_context_16132301005_---autotargeting\u0026roistat_referrer=www.gismeteo.ru\u0026roistat_pos=none_0\u0026yclid=10982856719986589695\u0022,\u0022ref\u0022:\u0022https:\/\/primamedia.ru\/\u0022,\u0022device\u0022:{\u0022isMobile\u0022:true},\u0022tags\u0022:{\u0022ts\u0022:1715778495,\u0022list\u0022:{\u0022utm_source\u0022:\u0022yandex\u0022,\u0022utm_medium\u0022:\u0022cpc\u0022,\u0022utm_campaign\u0022:\u0022pogreba_rozn_umnaya_click_new_lending\u0022,\u0022utm_content\u0022:\u002216136013839\u0022,\u0022utm_term\u0022:\u0022---autotargeting\u0022},\u0022gclid\u0022:null},\u0022client\u0022:{\u0022yaId\u0022:\u00221704829864668676581\u0022},\u0022pages\u0022:{\u0022list\u0022:[[\u0022https:\/\/sale.tingard.ru\/?utm_source=yandex\u0026utm_medium=cpc\u0026utm_campaign=pogreba_rozn_umnaya_click_new_lending\u0026utm_content=16136013839\u0026utm_term=---autotargeting\u0026roistat=direct14_context_16136013839_---autotargeting\u0026roistat_referrer=primamedia.ru\u0026roistat_pos=none_0\u0026yclid=16440044077663387647\u0022,1715778496,\u0022\u0411\u0435\u0441\u0448\u043e\u0432\u043d\u044b\u0435 \u043f\u043b\u0430\u0441\u0442\u0438\u043a\u043e\u0432\u044b\u0435 \u043f\u043e\u0433\u0440\u0435\u0431\u0430 TINGARD \u2014 \u0022]]},\u0022gid\u0022:null}]}}","COMMENTS":null,"TITLE":"\u0420\u0430\u0441\u0441\u0440\u043e\u0447\u043a\u0430 \u043d\u0430 \u043f\u043e\u0433\u0440\u0435\u0431 TINGARD 1900","UF_CRM_1449663065":68,"ASSIGNED_BY_ID":58,"SOURCE_ID":85}}},"result":{"result":514702,"time":{"start":1716701346.307035,"finish":1716701348.0789101,"duration":1.7718751430511475,"processing":1.7388529777526855,"date_start":"2024-05-26T08:29:06+03:00","date_finish":"2024-05-26T08:29:08+03:00","operating_reset_at":1716701946,"operating":1.7388260364532471}}}