{"url":"https:\/\/tinger.bitrix24.ru\/rest\/190\/42tc2gxq8od2858i\/crm.lead.add.json","info":{"url":"https:\/\/tinger.bitrix24.ru\/rest\/190\/42tc2gxq8od2858i\/crm.lead.add.json","content_type":"application\/json; charset=utf-8","http_code":200,"header_size":922,"request_size":207,"filetime":-1,"ssl_verify_result":0,"redirect_count":0,"total_time":2.6346810000000001,"namelookup_time":0.022553,"connect_time":0.030835000000000001,"pretransfer_time":0.053872999999999997,"size_upload":1980,"size_download":261,"speed_download":99,"speed_upload":751,"download_content_length":-1,"upload_content_length":1980,"starttransfer_time":0.053878000000000002,"redirect_time":0,"redirect_url":"","primary_ip":"217.16.18.181","certinfo":[],"primary_port":443,"local_ip":"188.225.57.79","local_port":45312,"http_version":3,"protocol":2,"ssl_verifyresult":0,"scheme":"HTTPS","appconnect_time_us":53771,"connect_time_us":30835,"namelookup_time_us":22553,"pretransfer_time_us":53873,"redirect_time_us":0,"starttransfer_time_us":53878,"total_time_us":2634681},"params":{"method":"crm.lead.add","params":{"fields":{"NAME":"\u0412\u043b\u0430\u0434\u0438\u043c\u0438\u0440","PHONE":[{"VALUE":"8 (910) 948-54-37","VALUE_TYPE":"WORK"}],"EMAIL":[{"VALUE":"tula211455@gmail.com","VALUE_TYPE":"WORK"}],"TRACE":"{\u0022url\u0022:\u0022https:\/\/tingard.ru\/?utm_content=gift\u0026utm_source=youtube\u0026utm_medium=pr\u0026utm_compaign=gift\u0026bx_sender_conversion_id=7923540\u0026utm_source=newsletter\u0026utm_medium=mail\u0026utm_campaign=koleso_podarkov\u0022,\u0022ref\u0022:\u0022android-app:\/\/com.google.android.gm\/\u0022,\u0022device\u0022:{\u0022isMobile\u0022:true},\u0022tags\u0022:{\u0022ts\u0022:1763549346,\u0022list\u0022:{\u0022utm_content\u0022:\u0022gift\u0022,\u0022utm_source\u0022:\u0022newsletter\u0022,\u0022utm_medium\u0022:\u0022mail\u0022,\u0022utm_campaign\u0022:\u0022koleso_podarkov\u0022},\u0022gclid\u0022:null},\u0022client\u0022:{\u0022yaId\u0022:\u0022176354934786380745\u0022},\u0022pages\u0022:{\u0022list\u0022:[[\u0022https:\/\/tingard.ru\/?utm_content=gift\u0026utm_source=youtube\u0026utm_medium=pr\u0026utm_compaign=gift\u0026bx_sender_conversion_id=7923540\u0026utm_source=newsletter\u0026utm_medium=mail\u0026utm_campaign=koleso_podarkov\u0022,1763549347,\u0022TINGARD \u2014 \u0431\u0435\u0441\u0448\u043e\u0432\u043d\u044b\u0439 \u043f\u043b\u0430\u0441\u0442\u0438\u043a\u043e\u0432\u044b\u0439 \u043f\u043e\u0433\u0440\u0435\u0431 \u0441\u0022]]},\u0022gid\u0022:null,\u0022previous\u0022:{\u0022list\u0022:[]}}","UF_CRM_1736853511":"176354934786380745","UF_CRM_1736853555":"176354934786380745","UF_CRM_1736853537":"176354934786380745","UF_CRM_1517561552":"3818617","COMMENTS":null,"TITLE":"\u041a\u043e\u043b\u0435\u0441\u043e \u043f\u043e\u0434\u0430\u0440\u043a\u043e\u0432 (\u041c\u043e\u043d\u0442\u0430\u0436\u043d\u044b\u0439 \u043a\u043e\u043c\u043f\u043b\u0435\u043a\u0442)","UF_CRM_1449663065":68,"ASSIGNED_BY_ID":58,"SOURCE_ID":9}}},"result":{"result":632642,"time":{"start":1763549397,"finish":1763549399.6263261,"duration":2.6263260841369629,"processing":2,"date_start":"2025-11-19T13:49:57+03:00","date_finish":"2025-11-19T13:49:59+03:00","operating_reset_at":1763549997,"operating":5.0616011619567871}}}