{"url":"https:\/\/tinger.bitrix24.ru\/rest\/190\/42tc2gxq8od2858i\/crm.lead.add.json","info":{"url":"https:\/\/tinger.bitrix24.ru\/rest\/190\/42tc2gxq8od2858i\/crm.lead.add.json","content_type":"application\/json; charset=utf-8","http_code":200,"header_size":1030,"request_size":207,"filetime":-1,"ssl_verify_result":0,"redirect_count":0,"total_time":1.5955889999999999,"namelookup_time":0.0039319999999999997,"connect_time":0.011547999999999999,"pretransfer_time":0.029464000000000001,"size_upload":1816,"size_download":288,"speed_download":180,"speed_upload":1138,"download_content_length":-1,"upload_content_length":1816,"starttransfer_time":0.029467,"redirect_time":0,"redirect_url":"","primary_ip":"178.248.236.39","certinfo":[],"primary_port":443,"local_ip":"188.225.57.79","local_port":54372,"http_version":3,"protocol":2,"ssl_verifyresult":0,"scheme":"HTTPS","appconnect_time_us":29313,"connect_time_us":11548,"namelookup_time_us":3932,"pretransfer_time_us":29464,"redirect_time_us":0,"starttransfer_time_us":29467,"total_time_us":1595589},"params":{"method":"crm.lead.add","params":{"fields":{"NAME":"\u0412\u0430\u043b\u0435\u043d\u0442\u0438\u043d","PHONE":[{"VALUE":"+7 (929) 141-39-16","VALUE_TYPE":"WORK"}],"EMAIL":[{"VALUE":null,"VALUE_TYPE":"WORK"}],"TRACE":"{\u0022url\u0022:\u0022https:\/\/tinger.ru\/catalog\/perelomka\/?utm_source=yandex\u0026utm_medium=cpc\u0026utm_campaign=mk_click_tf4\u0026utm_content=16623890244\u0026utm_term=---autotargeting\u0026roistat=direct20_context_111795943_rsMasterGroup_rsMasterBanner_---autotargeting\u0026yclid=2808116395084873727\u0022,\u0022device\u0022:{\u0022isMobile\u0022:true},\u0022tags\u0022:{\u0022ts\u0022:1732758129,\u0022list\u0022:{\u0022utm_source\u0022:\u0022yandex\u0022,\u0022utm_medium\u0022:\u0022cpc\u0022,\u0022utm_campaign\u0022:\u0022mk_click_tf4\u0022,\u0022utm_content\u0022:\u002216623890244\u0022,\u0022utm_term\u0022:\u0022---autotargeting\u0022},\u0022gclid\u0022:null},\u0022client\u0022:{\u0022gaId\u0022:\u00221620803360.1732758128\u0022,\u0022yaId\u0022:\u00221732758129447771098\u0022},\u0022pages\u0022:{\u0022list\u0022:[[\u0022https:\/\/tinger.ru\/catalog\/perelomka\/?utm_source=yandex\u0026utm_medium=cpc\u0026utm_campaign=mk_click_tf4\u0026utm_content=16623890244\u0026utm_term=---autotargeting\u0026roistat=direct20_context_111795943_rsMasterGroup_rsMasterBanner_---autotargeting\u0026yclid=2808116395084873727\u0022,1732758129,\u0022\u041a\u0443\u043f\u0438\u0442\u044c \u0432\u0435\u0437\u0434\u0435\u0445\u043e\u0434 \u043f\u0435\u0440\u0435\u043b\u043e\u043c\u043a\u0443 TINGER TF4 \u0432 \u0420\u0022]]},\u0022gid\u0022:null,\u0022previous\u0022:{\u0022list\u0022:[]}}","UF_CRM_1517561552":"3775625","COMMENTS":null,"TITLE":"\u041a\u0443\u043f\u0438\u0442\u044c \u043f\u0435\u0440\u0435\u043b\u043e\u043c\u043a\u0443 TINGER","UF_CRM_1449663065":64,"ASSIGNED_BY_ID":58,"SOURCE_ID":"WEB"}}},"result":{"result":567450,"time":{"start":1732758161.4059119,"finish":1732758162.8391631,"duration":1.4332511425018311,"processing":1.4035019874572754,"date_start":"2024-11-28T04:42:41+03:00","date_finish":"2024-11-28T04:42:42+03:00","operating_reset_at":1732758761,"operating":1.403480052947998}}}