{"url":"https:\/\/tinger.bitrix24.ru\/rest\/190\/42tc2gxq8od2858i\/crm.lead.add.json","info":{"url":"https:\/\/tinger.bitrix24.ru\/rest\/190\/42tc2gxq8od2858i\/crm.lead.add.json","content_type":"application\/json; charset=utf-8","http_code":200,"header_size":1028,"request_size":207,"filetime":-1,"ssl_verify_result":0,"redirect_count":0,"total_time":1.700904,"namelookup_time":0.024081000000000002,"connect_time":0.026119,"pretransfer_time":0.040717000000000003,"size_upload":3754,"size_download":286,"speed_download":168,"speed_upload":2208,"download_content_length":-1,"upload_content_length":3754,"starttransfer_time":0.040719999999999999,"redirect_time":0,"redirect_url":"","primary_ip":"178.132.201.53","certinfo":[],"primary_port":443,"local_ip":"188.225.57.79","local_port":50770,"http_version":3,"protocol":2,"ssl_verifyresult":0,"scheme":"HTTPS","appconnect_time_us":40595,"connect_time_us":26119,"namelookup_time_us":24081,"pretransfer_time_us":40717,"redirect_time_us":0,"starttransfer_time_us":40720,"total_time_us":1700904},"params":{"method":"crm.lead.add","params":{"fields":{"NAME":"\u0421\u0430\u0448\u0430","PHONE":[{"VALUE":"+7 (953) 319-74-24","VALUE_TYPE":"WORK"}],"EMAIL":[{"VALUE":null,"VALUE_TYPE":"WORK"}],"TRACE":"{\u0022url\u0022:\u0022https:\/\/tinger.ru\/catalog\/perelomka\/?utm_source=yandex\u0026utm_medium=cpc\u0026utm_campaign=mk_click_ru4ka_tf4\u0026utm_content=16623889961\u0026utm_term=---autotargeting\u0026roistat=direct20_context_114766688_rsMasterGroup_rsMasterBanner_---autotargeting\u0026yclid=13606365660673998847\u0022,\u0022ref\u0022:\u0022https:\/\/m.dzen.ru\/pogoda\/6\u0022,\u0022device\u0022:{\u0022isMobile\u0022:true},\u0022tags\u0022:{\u0022ts\u0022:1741028642,\u0022list\u0022:{\u0022utm_source\u0022:\u0022yandex\u0022,\u0022utm_medium\u0022:\u0022cpc\u0022,\u0022utm_campaign\u0022:\u0022mk_click_ru4ka_tf4\u0022,\u0022utm_content\u0022:\u002216623889961\u0022,\u0022utm_term\u0022:\u0022---autotargeting\u0022},\u0022gclid\u0022:null},\u0022client\u0022:{\u0022gaId\u0022:\u00221243950533.1740848026\u0022,\u0022yaId\u0022:\u0022172405303062585489\u0022},\u0022pages\u0022:{\u0022list\u0022:[[\u0022https:\/\/tinger.ru\/catalog\/perelomka\/?utm_source=yandex\u0026utm_medium=cpc\u0026utm_campaign=mk_click_ru4ka_tf4\u0026utm_content=16623889961\u0026utm_term=---autotargeting\u0026roistat=direct20_context_114766688_rsMasterGroup_rsMasterBanner_---autotargeting\u0026yclid=13606365660673998847\u0022,1741028643,\u0022\u041a\u0443\u043f\u0438\u0442\u044c \u0432\u0435\u0437\u0434\u0435\u0445\u043e\u0434 \u043f\u0435\u0440\u0435\u043b\u043e\u043c\u043a\u0443 TINGER TF4 \u0432 \u0420\u0022]]},\u0022gid\u0022:null,\u0022previous\u0022:{\u0022list\u0022:[{\u0022url\u0022:\u0022https:\/\/tinger.ru\/catalog\/perelomka\/?utm_source=yandex\u0026utm_medium=cpc\u0026utm_campaign=mk_click_ru4ka_tf4\u0026utm_content=16623889961\u0026utm_term=---autotargeting\u0026roistat=direct20_context_114766688_rsMasterGroup_rsMasterBanner_---autotargeting\u0026yclid=13606365660673998847\u0022,\u0022ref\u0022:\u0022https:\/\/m.dzen.ru\/news\/story\/523eeaaf-53a8-568c-b9f0-0c36221ce802?lang=ru\u0026fan=1\u0026t=1740847363\u0026tt=true\u0026persistent_id=3145024909\u0026cl4url=5fd181a41c0e315b2eba3df88a5d9290\u0026story=94c7faee-1943-5d63-9086-2c8db11888a3\u0022,\u0022device\u0022:{\u0022isMobile\u0022:true},\u0022tags\u0022:{\u0022ts\u0022:1740848025,\u0022list\u0022:{\u0022utm_source\u0022:\u0022yandex\u0022,\u0022utm_medium\u0022:\u0022cpc\u0022,\u0022utm_campaign\u0022:\u0022mk_click_ru4ka_tf4\u0022,\u0022utm_content\u0022:\u002216623889961\u0022,\u0022utm_term\u0022:\u0022---autotargeting\u0022},\u0022gclid\u0022:null},\u0022client\u0022:{\u0022gaId\u0022:\u00221243950533.1740848026\u0022,\u0022yaId\u0022:\u0022172405303062585489\u0022},\u0022pages\u0022:{\u0022list\u0022:[[\u0022https:\/\/tinger.ru\/catalog\/perelomka\/?utm_source=yandex\u0026utm_medium=cpc\u0026utm_campaign=mk_click_ru4ka_tf4\u0026utm_content=16623889961\u0026utm_term=---autotargeting\u0026roistat=direct20_context_114766688_rsMasterGroup_rsMasterBanner_---autotargeting\u0026yclid=6209536738844475391\u0022,1740848026,\u0022\u041a\u0443\u043f\u0438\u0442\u044c \u0432\u0435\u0437\u0434\u0435\u0445\u043e\u0434 \u043f\u0435\u0440\u0435\u043b\u043e\u043c\u043a\u0443 TINGER TF4 \u0432 \u0420\u0022],[\u0022https:\/\/tinger.ru\/thanks\/\u0022,1740848045,\u0022\u0421\u043f\u0430\u0441\u0438\u0431\u043e \u0437\u0430 \u0437\u0430\u044f\u0432\u043a\u0443\u0022]]},\u0022gid\u0022:null}]}}","UF_CRM_1736853511":"172405303062585489","UF_CRM_1736853555":"172405303062585489","UF_CRM_1736853537":"172405303062585489","UF_CRM_1517561552":"3830409","COMMENTS":null,"TITLE":"\u041a\u0443\u043f\u0438\u0442\u044c \u0432\u0435\u0437\u0434\u0435\u0445\u043e\u0434 TINGER TF4","UF_CRM_1449663065":64,"ASSIGNED_BY_ID":58,"SOURCE_ID":"WEB"}}},"result":{"result":581640,"time":{"start":1741028661.575402,"finish":1741028663.11181,"duration":1.5364079475402832,"processing":1.4980778694152832,"date_start":"2025-03-03T22:04:21+03:00","date_finish":"2025-03-03T22:04:23+03:00","operating_reset_at":1741029261,"operating":1.4980549812316895}}}