{"url":"https:\/\/tinger.bitrix24.ru\/rest\/190\/42tc2gxq8od2858i\/crm.lead.add.json","info":{"url":"https:\/\/tinger.bitrix24.ru\/rest\/190\/42tc2gxq8od2858i\/crm.lead.add.json","content_type":"application\/json; charset=utf-8","http_code":200,"header_size":1031,"request_size":207,"filetime":-1,"ssl_verify_result":0,"redirect_count":0,"total_time":1.1139829999999999,"namelookup_time":0.0018519999999999999,"connect_time":0.010529999999999999,"pretransfer_time":0.027751000000000001,"size_upload":2077,"size_download":291,"speed_download":261,"speed_upload":1866,"download_content_length":-1,"upload_content_length":2077,"starttransfer_time":0.027754000000000001,"redirect_time":0,"redirect_url":"","primary_ip":"109.120.182.255","certinfo":[],"primary_port":443,"local_ip":"188.225.57.79","local_port":55156,"http_version":3,"protocol":2,"ssl_verifyresult":0,"scheme":"HTTPS","appconnect_time_us":27617,"connect_time_us":10530,"namelookup_time_us":1852,"pretransfer_time_us":27751,"redirect_time_us":0,"starttransfer_time_us":27754,"total_time_us":1113983},"params":{"method":"crm.lead.add","params":{"fields":{"NAME":"\u0423\u043b\u044c\u044f\u043d\u0430","PHONE":[{"VALUE":null,"VALUE_TYPE":"WORK"}],"EMAIL":[{"VALUE":"starceva_2015@bk.ru","VALUE_TYPE":"WORK"}],"TRACE":"{\u0022url\u0022:\u0022https:\/\/tingard.ru\/\u0022,\u0022device\u0022:{\u0022isMobile\u0022:true},\u0022tags\u0022:{\u0022ts\u0022:1727860986,\u0022list\u0022:{},\u0022gclid\u0022:null},\u0022client\u0022:{\u0022yaId\u0022:\u00221727860986613178932\u0022},\u0022pages\u0022:{\u0022list\u0022:[[\u0022https:\/\/tingard.ru\/thanks\/\u0022,1727866131,\u0022\u0421\u043f\u0430\u0441\u0438\u0431\u043e \u0437\u0430 \u0437\u0430\u044f\u0432\u043a\u0443\u0022],[\u0022https:\/\/tingard.ru\/\u0022,1727866145,\u0022TINGARD \u2014 \u0431\u0435\u0441\u0448\u043e\u0432\u043d\u044b\u0439 \u043f\u043b\u0430\u0441\u0442\u0438\u043a\u043e\u0432\u044b\u0439 \u043f\u043e\u0433\u0440\u0435\u0431 \u2116\u0022]]},\u0022gid\u0022:null,\u0022previous\u0022:{\u0022list\u0022:[]}}","UF_CRM_1517561552":"3488162","COMMENTS":"\u0417\u0434\u0440\u0430\u0432\u0441\u0442\u0432\u0443\u0439\u0442\u0435.\r\n\u041f\u0440\u0438\u043e\u0431\u0440\u0435\u043b\u0438 \u043f\u043e\u0433\u0440\u0435\u0431.\r\n\u041f\u0440\u043e\u0440\u0430\u0431 \u0437\u0430\u043f\u0440\u0430\u0448\u0438\u0432\u0430\u0435\u0442 \u0438\u043d\u0444\u043e\u0440\u043c\u0430\u0446\u0438\u044e. \u0423\u0442\u043e\u0447\u043d\u0438\u0442\u0435, \u043f\u043e\u0436\u0430\u043b\u0443\u0439\u0441\u0442\u0430, \u043a\u0430\u043a\u0430\u044f \u043f\u0440\u0435\u0434\u0435\u043b\u044c\u043d\u043e \u0434\u043e\u043f\u0443\u0441\u0442\u0438\u043c\u0430\u044f \u043d\u0430\u0433\u0440\u0443\u0437\u043a\u0430 \u043d\u0430 \u0431\u043e\u043a\u043e\u0432\u0443\u044e \u043f\u043e\u0432\u0435\u0440\u0445\u043d\u043e\u0441\u0442\u044c ?","TITLE":"\u0421\u0432\u044f\u0437\u0430\u0442\u044c\u0441\u044f \u0441 \u043f\u0440\u043e\u0438\u0437\u0432\u043e\u0434\u0438\u0442\u0435\u043b\u0435\u043c","UF_CRM_1449663065":68,"ASSIGNED_BY_ID":58,"SOURCE_ID":9}}},"result":{"result":553684,"time":{"start":1727866400.5409811,"finish":1727866401.5572309,"duration":1.0162498950958252,"processing":0.98258399963378906,"date_start":"2024-10-02T13:53:20+03:00","date_finish":"2024-10-02T13:53:21+03:00","operating_reset_at":1727867000,"operating":0.98255586624145508}}}