{"url":"https:\/\/tinger.bitrix24.ru\/rest\/190\/42tc2gxq8od2858i\/crm.lead.add.json","info":{"url":"https:\/\/tinger.bitrix24.ru\/rest\/190\/42tc2gxq8od2858i\/crm.lead.add.json","content_type":"application\/json; charset=utf-8","http_code":200,"header_size":1028,"request_size":207,"filetime":-1,"ssl_verify_result":0,"redirect_count":0,"total_time":1.1166210000000001,"namelookup_time":0.0068389999999999996,"connect_time":0.0091540000000000007,"pretransfer_time":0.025312999999999999,"size_upload":2369,"size_download":289,"speed_download":258,"speed_upload":2122,"download_content_length":-1,"upload_content_length":2369,"starttransfer_time":0.025316999999999999,"redirect_time":0,"redirect_url":"","primary_ip":"178.132.201.52","certinfo":[],"primary_port":443,"local_ip":"188.225.57.79","local_port":49464,"http_version":3,"protocol":2,"ssl_verifyresult":0,"scheme":"HTTPS","appconnect_time_us":25120,"connect_time_us":9154,"namelookup_time_us":6839,"pretransfer_time_us":25313,"redirect_time_us":0,"starttransfer_time_us":25317,"total_time_us":1116621},"params":{"method":"crm.lead.add","params":{"fields":{"NAME":"\u0417\u0443\u0444\u0430\u0440","PHONE":[{"VALUE":"+7 (919) 035-01-00","VALUE_TYPE":"WORK"}],"EMAIL":[{"VALUE":null,"VALUE_TYPE":"WORK"}],"TRACE":"{\u0022url\u0022:\u0022https:\/\/tingard.ru\/?roistat=direct14_context_16225570742_%D0%B7%D0%B0%D0%B3%D0%BE%D1%82%D0%BE%D0%B2%D0%BA%D0%B8%20%D0%BD%D0%B0%20%D0%B7%D0%B8%D0%BC%D1%83%20%D1%80%D0%B5%D1%86%D0%B5%D0%BF%D1%82%D1%8B\u0026roistat_referrer=dzen.ru\u0026roistat_pos=none_0\u0026y_ref=dzen.ru\u0026utm_source=yandex\u0026utm_medium=cpc\u0026utm_campaign=rsya-click\u0026utm_content=16225570742\u0026utm_term=dzen.ru\u0026yclid=10393384842095493119\u0022,\u0022ref\u0022:\u0022https:\/\/dzen.ru\/\u0022,\u0022device\u0022:{\u0022isMobile\u0022:true},\u0022tags\u0022:{\u0022ts\u0022:1725015174,\u0022list\u0022:{\u0022utm_source\u0022:\u0022yandex\u0022,\u0022utm_medium\u0022:\u0022cpc\u0022,\u0022utm_campaign\u0022:\u0022rsya-click\u0022,\u0022utm_content\u0022:\u002216225570742\u0022,\u0022utm_term\u0022:\u0022dzen.ru\u0022},\u0022gclid\u0022:null},\u0022client\u0022:{\u0022yaId\u0022:\u00221725015174541569334\u0022},\u0022pages\u0022:{\u0022list\u0022:[[\u0022https:\/\/tingard.ru\/?roistat=direct14_context_16225570742_%D0%B7%D0%B0%D0%B3%D0%BE%D1%82%D0%BE%D0%B2%D0%BA%D0%B8%20%D0%BD%D0%B0%20%D0%B7%D0%B8%D0%BC%D1%83%20%D1%80%D0%B5%D1%86%D0%B5%D0%BF%D1%82%D1%8B\u0026roistat_referrer=dzen.ru\u0026roistat_pos=none_0\u0026y_ref=dzen.ru\u0026utm_source=yandex\u0026utm_medium=cpc\u0026utm_campaign=rsya-click\u0026utm_content=16225570742\u0026utm_term=dzen.ru\u0026yclid=10393384842095493119\u0022,1725015174,\u0022TINGARD \u2014 \u0431\u0435\u0441\u0448\u043e\u0432\u043d\u044b\u0439 \u043f\u043b\u0430\u0441\u0442\u0438\u043a\u043e\u0432\u044b\u0439 \u043f\u043e\u0433\u0440\u0435\u0431 \u2116\u0022]]},\u0022gid\u0022:null,\u0022previous\u0022:{\u0022list\u0022:[]}}","UF_CRM_1517561552":"3426928","COMMENTS":null,"TITLE":"\u0423\u0437\u043d\u0430\u0442\u044c \u043f\u043e\u0434\u0440\u043e\u0431\u043d\u0435\u0435 \u043e \u043d\u043e\u0432\u043e\u043c \u043f\u043e\u0433\u0440\u0435\u0431\u0435 TINGARD 1900\u0411\u041a","UF_CRM_1449663065":68,"ASSIGNED_BY_ID":58,"SOURCE_ID":9}}},"result":{"result":544154,"time":{"start":1725015203.565351,"finish":1725015204.5759439,"duration":1.0105929374694824,"processing":0.97252583503723145,"date_start":"2024-08-30T13:53:23+03:00","date_finish":"2024-08-30T13:53:24+03:00","operating_reset_at":1725015803,"operating":2.7298901081085205}}}