{"url":"https:\/\/tinger.bitrix24.ru\/rest\/190\/42tc2gxq8od2858i\/crm.lead.add.json","info":{"url":"https:\/\/tinger.bitrix24.ru\/rest\/190\/42tc2gxq8od2858i\/crm.lead.add.json","content_type":"application\/json; charset=utf-8","http_code":200,"header_size":1033,"request_size":207,"filetime":-1,"ssl_verify_result":0,"redirect_count":0,"total_time":1.029374,"namelookup_time":0.0031679999999999998,"connect_time":0.012442999999999999,"pretransfer_time":0.028138,"size_upload":2469,"size_download":292,"speed_download":283,"speed_upload":2399,"download_content_length":-1,"upload_content_length":2469,"starttransfer_time":0.028140999999999999,"redirect_time":0,"redirect_url":"","primary_ip":"46.235.53.67","certinfo":[],"primary_port":443,"local_ip":"188.225.57.79","local_port":41242,"http_version":3,"protocol":2,"ssl_verifyresult":0,"scheme":"HTTPS","appconnect_time_us":28031,"connect_time_us":12443,"namelookup_time_us":3168,"pretransfer_time_us":28138,"redirect_time_us":0,"starttransfer_time_us":28141,"total_time_us":1029374},"params":{"method":"crm.lead.add","params":{"fields":{"NAME":"\u0412\u043b\u0430\u0434\u0438\u043c\u0438\u0440","PHONE":[{"VALUE":"+7 (980) 513-58-22","VALUE_TYPE":"WORK"}],"EMAIL":[{"VALUE":null,"VALUE_TYPE":"WORK"}],"TRACE":"{\u0022url\u0022:\u0022https:\/\/sale.tingard.ru\/?utm_source=yandex\u0026utm_medium=cpc\u0026utm_campaign=pogreba_rozn_new_lend_conv\u0026utm_content=16219644743\u0026utm_term=---autotargeting\u0026roistat=direct14_search_111793018_rsMasterGroup_rsMasterBanner_---autotargeting\u0026yclid=15599736983254990847#katalog\u0022,\u0022ref\u0022:\u0022https:\/\/yandex.ru\/\u0022,\u0022device\u0022:{\u0022isMobile\u0022:false},\u0022tags\u0022:{\u0022ts\u0022:1725481023,\u0022list\u0022:{\u0022utm_source\u0022:\u0022yandex\u0022,\u0022utm_medium\u0022:\u0022cpc\u0022,\u0022utm_campaign\u0022:\u0022pogreba_rozn_new_lend_conv\u0022,\u0022utm_content\u0022:\u002216219644743\u0022,\u0022utm_term\u0022:\u0022---autotargeting\u0022},\u0022gclid\u0022:null},\u0022client\u0022:{\u0022yaId\u0022:\u0022172548006852805172\u0022},\u0022pages\u0022:{\u0022list\u0022:[[\u0022https:\/\/sale.tingard.ru\/?utm_source=yandex\u0026utm_medium=cpc\u0026utm_campaign=pogreba_rozn_new_lend_conv\u0026utm_content=16219644743\u0026utm_term=---autotargeting\u0026roistat=direct14_search_111793018_rsMasterGroup_rsMasterBanner_---autotargeting\u0026yclid=15599736983254990847\u0022,1725480068,\u0022\u0411\u0435\u0441\u0448\u043e\u0432\u043d\u044b\u0435 \u043f\u043b\u0430\u0441\u0442\u0438\u043a\u043e\u0432\u044b\u0435 \u043f\u043e\u0433\u0440\u0435\u0431\u0430 TINGARD \u2014 \u0022],[\u0022https:\/\/sale.tingard.ru\/?utm_source=yandex\u0026utm_medium=cpc\u0026utm_campaign=pogreba_rozn_new_lend_conv\u0026utm_content=16219644743\u0026utm_term=---autotargeting\u0026roistat=direct14_search_111793018_rsMasterGroup_rsMasterBanner_---autotargeting\u0026yclid=15599736983254990847#katalog\u0022,1725481024,\u0022\u0411\u0435\u0441\u0448\u043e\u0432\u043d\u044b\u0435 \u043f\u043b\u0430\u0441\u0442\u0438\u043a\u043e\u0432\u044b\u0435 \u043f\u043e\u0433\u0440\u0435\u0431\u0430 TINGARD \u2014 \u0022]]},\u0022gid\u0022:null,\u0022previous\u0022:{\u0022list\u0022:[]}}","UF_CRM_1517561552":"3436087","COMMENTS":null,"TITLE":"\u041f\u043e\u043b\u0443\u0447\u0438\u0442\u044c \u043f\u0440\u0435\u0434\u043b\u043e\u0436\u0435\u043d\u0438\u0435 \u043f\u043e \u043f\u043e\u0433\u0440\u0435\u0431\u0443 TINGARD 2500\u0411","UF_CRM_1449663065":68,"ASSIGNED_BY_ID":58,"SOURCE_ID":85}}},"result":{"result":545954,"time":{"start":1725481646.4830439,"finish":1725481647.4130681,"duration":0.93002414703369141,"processing":0.89701008796691895,"date_start":"2024-09-04T23:27:26+03:00","date_finish":"2024-09-04T23:27:27+03:00","operating_reset_at":1725482246,"operating":0.89698696136474609}}}