{"url":"https:\/\/tinger.bitrix24.ru\/rest\/190\/42tc2gxq8od2858i\/crm.lead.add.json","info":{"url":"https:\/\/tinger.bitrix24.ru\/rest\/190\/42tc2gxq8od2858i\/crm.lead.add.json","content_type":"application\/json; charset=utf-8","http_code":200,"header_size":1033,"request_size":207,"filetime":-1,"ssl_verify_result":0,"redirect_count":0,"total_time":0.94781199999999999,"namelookup_time":0.0028769999999999998,"connect_time":0.011594,"pretransfer_time":0.027084,"size_upload":2829,"size_download":290,"speed_download":306,"speed_upload":2987,"download_content_length":-1,"upload_content_length":2829,"starttransfer_time":0.027085999999999999,"redirect_time":0,"redirect_url":"","primary_ip":"46.235.53.67","certinfo":[],"primary_port":443,"local_ip":"188.225.57.79","local_port":54822,"http_version":3,"protocol":2,"ssl_verifyresult":0,"scheme":"HTTPS","appconnect_time_us":26980,"connect_time_us":11594,"namelookup_time_us":2877,"pretransfer_time_us":27084,"redirect_time_us":0,"starttransfer_time_us":27086,"total_time_us":947812},"params":{"method":"crm.lead.add","params":{"fields":{"NAME":"\u0432\u0430\u043b\u0435\u0440\u0438\u0439","PHONE":[{"VALUE":"+7 (903) 589-25-03","VALUE_TYPE":"WORK"}],"EMAIL":[{"VALUE":null,"VALUE_TYPE":"WORK"}],"TRACE":"{\u0022url\u0022:\u0022https:\/\/tingard.ru\/?roistat=direct14_context_16225570742_%D0%B3%D1%80%D1%8F%D0%B4%D0%BA%D0%B0%20%D0%BF%D0%BE%D0%B4%20%D1%82%D0%B5%D0%BF%D0%BB%D0%B8%D1%86%D1%83\u0026roistat_referrer=yandex.ru\u0026roistat_pos=none_0\u0026y_ref=yandex.ru\u0026utm_source=yandex\u0026utm_medium=cpc\u0026utm_campaign=rsya-click\u0026utm_content=16225570742\u0026utm_term=yandex.ru\u0026yclid=14336138911984648191\u0022,\u0022ref\u0022:\u0022https:\/\/yandex.ru\/images\/search?img_url=https%3A%2F%2Fgradusi.net%2Fmedia%2Fproducts%2F3072%2Faafc7dc0-0a89-4b7f-a8be-2abba6fe6ba3.png\u0026lr=117455\u0026p=1\u0026pos=4\u0026rpt=simage\u0026source=serp\u0026stype=image\u0026text=%D0%BA%D1%8C%D1%8F%D0%BD%D1%82%D0%B8%20%D0%B2%D0%B8%D0%BD%D0%BE%20%D0%BA%D1%80%D0%B0%D1%81%D0%BD%D0%BE%D0%B5%20%D1%81%D1%83%D1%85%D0%BE%D0%B5%20%D0%BA%D1%83%D0%BF%D0%B8%D1%82%D1%8C%20%D0%B2%20%D0%BC%D0%BE%D1%81%D0%BA%D0%B2%D0%B5\u0022,\u0022device\u0022:{\u0022isMobile\u0022:false},\u0022tags\u0022:{\u0022ts\u0022:1725482804,\u0022list\u0022:{\u0022utm_source\u0022:\u0022yandex\u0022,\u0022utm_medium\u0022:\u0022cpc\u0022,\u0022utm_campaign\u0022:\u0022rsya-click\u0022,\u0022utm_content\u0022:\u002216225570742\u0022,\u0022utm_term\u0022:\u0022yandex.ru\u0022},\u0022gclid\u0022:null},\u0022client\u0022:{\u0022yaId\u0022:\u00221725482805436693319\u0022},\u0022pages\u0022:{\u0022list\u0022:[[\u0022https:\/\/tingard.ru\/?roistat=direct14_context_16225570742_%D0%B3%D1%80%D1%8F%D0%B4%D0%BA%D0%B0%20%D0%BF%D0%BE%D0%B4%20%D1%82%D0%B5%D0%BF%D0%BB%D0%B8%D1%86%D1%83\u0026roistat_referrer=yandex.ru\u0026roistat_pos=none_0\u0026y_ref=yandex.ru\u0026utm_source=yandex\u0026utm_medium=cpc\u0026utm_campaign=rsya-click\u0026utm_content=16225570742\u0026utm_term=yandex.ru\u0026yclid=14336138911984648191\u0022,1725482804,\u0022TINGARD \u2014 \u0431\u0435\u0441\u0448\u043e\u0432\u043d\u044b\u0439 \u043f\u043b\u0430\u0441\u0442\u0438\u043a\u043e\u0432\u044b\u0439 \u043f\u043e\u0433\u0440\u0435\u0431 \u2116\u0022]]},\u0022gid\u0022:null,\u0022previous\u0022:{\u0022list\u0022:[]}}","UF_CRM_1517561552":"3436124","COMMENTS":"undefined","TITLE":"\u041f\u043e\u0434\u043e\u0431\u0440\u0430\u0442\u044c \u043f\u043e\u0433\u0440\u0435\u0431 (\u043a\u0432\u0438\u0437)","UF_CRM_1449663065":68,"ASSIGNED_BY_ID":58,"SOURCE_ID":9}}},"result":{"result":545956,"time":{"start":1725483432.706332,"finish":1725483433.555692,"duration":0.84935998916625977,"processing":0.81511497497558594,"date_start":"2024-09-04T23:57:12+03:00","date_finish":"2024-09-04T23:57:13+03:00","operating_reset_at":1725484032,"operating":0.81508994102478027}}}