{"url":"https:\/\/tinger.bitrix24.ru\/rest\/190\/42tc2gxq8od2858i\/crm.lead.add.json","info":{"url":"https:\/\/tinger.bitrix24.ru\/rest\/190\/42tc2gxq8od2858i\/crm.lead.add.json","content_type":"application\/json; charset=utf-8","http_code":200,"header_size":1033,"request_size":207,"filetime":-1,"ssl_verify_result":0,"redirect_count":0,"total_time":1.027854,"namelookup_time":0.0090519999999999993,"connect_time":0.017909999999999999,"pretransfer_time":0.034203999999999998,"size_upload":4178,"size_download":292,"speed_download":284,"speed_upload":4068,"download_content_length":-1,"upload_content_length":4178,"starttransfer_time":0.034206,"redirect_time":0,"redirect_url":"","primary_ip":"46.235.53.67","certinfo":[],"primary_port":443,"local_ip":"188.225.57.79","local_port":47446,"http_version":3,"protocol":2,"ssl_verifyresult":0,"scheme":"HTTPS","appconnect_time_us":34078,"connect_time_us":17910,"namelookup_time_us":9052,"pretransfer_time_us":34204,"redirect_time_us":0,"starttransfer_time_us":34206,"total_time_us":1027854},"params":{"method":"crm.lead.add","params":{"fields":{"NAME":"\u0438\u0440\u0438\u043d\u0430","PHONE":[{"VALUE":"+7 (984) 132-92-77","VALUE_TYPE":"WORK"}],"EMAIL":[{"VALUE":null,"VALUE_TYPE":"WORK"}],"TRACE":"{\u0022url\u0022:\u0022https:\/\/sale.tingard.ru\/?utm_source=yandex\u0026utm_medium=cpc\u0026utm_campaign=pogreba_rozn_new_lend_conv\u0026utm_content=16219644756\u0026utm_term=---autotargeting\u0026roistat=direct14_search_111793018_rsMasterGroup_rsMasterBanner_---autotargeting\u0026yclid=1955704312407261183\u0022,\u0022ref\u0022:\u0022https:\/\/yandex.ru\/\u0022,\u0022device\u0022:{\u0022isMobile\u0022:true},\u0022tags\u0022:{\u0022ts\u0022:1724364683,\u0022list\u0022:{\u0022utm_source\u0022:\u0022yandex\u0022,\u0022utm_medium\u0022:\u0022cpc\u0022,\u0022utm_campaign\u0022:\u0022pogreba_rozn_new_lend_conv\u0022,\u0022utm_content\u0022:\u002216219644756\u0022,\u0022utm_term\u0022:\u0022---autotargeting\u0022},\u0022gclid\u0022:null},\u0022client\u0022:{\u0022yaId\u0022:\u0022172435859954536505\u0022},\u0022pages\u0022:{\u0022list\u0022:[[\u0022https:\/\/sale.tingard.ru\/?utm_source=yandex\u0026utm_medium=cpc\u0026utm_campaign=pogreba_rozn_new_lend_conv\u0026utm_content=16219644756\u0026utm_term=---autotargeting\u0026roistat=direct14_search_111793018_rsMasterGroup_rsMasterBanner_---autotargeting\u0026yclid=1955704312407261183\u0022,1724364684,\u0022\u0411\u0435\u0441\u0448\u043e\u0432\u043d\u044b\u0435 \u043f\u043b\u0430\u0441\u0442\u0438\u043a\u043e\u0432\u044b\u0435 \u043f\u043e\u0433\u0440\u0435\u0431\u0430 TINGARD \u2014 \u0022]]},\u0022gid\u0022:null,\u0022previous\u0022:{\u0022list\u0022:[{\u0022url\u0022:\u0022https:\/\/sale.tingard.ru\/?utm_source=yandex\u0026utm_medium=cpc\u0026utm_campaign=pogreba_rozn_new_lend_conv\u0026utm_content=16219644756\u0026utm_term=---autotargeting\u0026roistat=direct14_search_111793018_rsMasterGroup_rsMasterBanner_---autotargeting\u0026yclid=1955704312407261183\u0022,\u0022ref\u0022:\u0022https:\/\/dzen.ru\/a\/ZkWCUv1RJWrjeY-y\u0022,\u0022device\u0022:{\u0022isMobile\u0022:true},\u0022tags\u0022:{\u0022ts\u0022:1724359168,\u0022list\u0022:{\u0022utm_source\u0022:\u0022yandex\u0022,\u0022utm_medium\u0022:\u0022cpc\u0022,\u0022utm_campaign\u0022:\u0022pogreba_rozn_new_lend_conv\u0022,\u0022utm_content\u0022:\u002216219644785\u0022,\u0022utm_term\u0022:\u0022---autotargeting\u0022},\u0022gclid\u0022:null},\u0022client\u0022:{\u0022yaId\u0022:\u0022172435859954536505\u0022},\u0022pages\u0022:{\u0022list\u0022:[[\u0022https:\/\/sale.tingard.ru\/?utm_source=yandex\u0026utm_medium=cpc\u0026utm_campaign=pogreba_rozn_new_lend_conv\u0026utm_content=16219644785\u0026utm_term=---autotargeting\u0026roistat=direct14_context_111793018_rsMasterGroup_rsMasterBanner_---autotargeting\u0026yclid=16118353196424888319\u0022,1724358603,\u0022\u0411\u0435\u0441\u0448\u043e\u0432\u043d\u044b\u0435 \u043f\u043b\u0430\u0441\u0442\u0438\u043a\u043e\u0432\u044b\u0435 \u043f\u043e\u0433\u0440\u0435\u0431\u0430 TINGARD \u2014 \u0022],[\u0022https:\/\/sale.tingard.ru\/?utm_source=yandex\u0026utm_medium=cpc\u0026utm_campaign=pogreba_rozn_new_lend_conv\u0026utm_content=16219644785\u0026utm_term=---autotargeting\u0026roistat=direct14_context_111793018_rsMasterGroup_rsMasterBanner_---autotargeting\u0026yclid=435932344720031743\u0022,1724359006,\u0022\u0411\u0435\u0441\u0448\u043e\u0432\u043d\u044b\u0435 \u043f\u043b\u0430\u0441\u0442\u0438\u043a\u043e\u0432\u044b\u0435 \u043f\u043e\u0433\u0440\u0435\u0431\u0430 TINGARD \u2014 \u0022],[\u0022https:\/\/sale.tingard.ru\/?utm_source=yandex\u0026utm_medium=cpc\u0026utm_campaign=pogreba_rozn_new_lend_conv\u0026utm_content=16219644785\u0026utm_term=---autotargeting\u0026roistat=direct14_context_111793018_rsMasterGroup_rsMasterBanner_---autotargeting\u0026yclid=12459367315404488703\u0022,1724359169,\u0022\u0411\u0435\u0441\u0448\u043e\u0432\u043d\u044b\u0435 \u043f\u043b\u0430\u0441\u0442\u0438\u043a\u043e\u0432\u044b\u0435 \u043f\u043e\u0433\u0440\u0435\u0431\u0430 TINGARD \u2014 \u0022]]},\u0022gid\u0022:null}]}}","UF_CRM_1517561552":"3414583","COMMENTS":null,"TITLE":"\u041f\u043e\u0434\u043e\u0431\u0440\u0430\u0442\u044c \u043f\u043e\u0433\u0440\u0435\u0431","UF_CRM_1449663065":68,"ASSIGNED_BY_ID":58,"SOURCE_ID":85}}},"result":{"result":540766,"time":{"start":1724364706.6437509,"finish":1724364707.5706811,"duration":0.92693018913269043,"processing":0.89572906494140625,"date_start":"2024-08-23T01:11:46+03:00","date_finish":"2024-08-23T01:11:47+03:00","operating_reset_at":1724365306,"operating":0.89570903778076172}}}