{"url":"https:\/\/tinger.bitrix24.ru\/rest\/190\/42tc2gxq8od2858i\/crm.lead.add.json","info":{"url":"https:\/\/tinger.bitrix24.ru\/rest\/190\/42tc2gxq8od2858i\/crm.lead.add.json","content_type":"application\/json; charset=utf-8","http_code":200,"header_size":1028,"request_size":207,"filetime":-1,"ssl_verify_result":0,"redirect_count":0,"total_time":1.7292540000000001,"namelookup_time":0.017276,"connect_time":0.019234000000000001,"pretransfer_time":0.03109,"size_upload":2014,"size_download":288,"speed_download":166,"speed_upload":1164,"download_content_length":-1,"upload_content_length":2014,"starttransfer_time":0.031092000000000002,"redirect_time":0,"redirect_url":"","primary_ip":"178.132.201.53","certinfo":[],"primary_port":443,"local_ip":"188.225.57.79","local_port":37472,"http_version":3,"protocol":2,"ssl_verifyresult":0,"scheme":"HTTPS","appconnect_time_us":30991,"connect_time_us":19234,"namelookup_time_us":17276,"pretransfer_time_us":31090,"redirect_time_us":0,"starttransfer_time_us":31092,"total_time_us":1729254},"params":{"method":"crm.lead.add","params":{"fields":{"NAME":"\u041f\u0435\u0442\u0440","PHONE":[{"VALUE":"+7 (999) 000-02-02","VALUE_TYPE":"WORK"}],"EMAIL":[{"VALUE":"Petr@gmail.com","VALUE_TYPE":"WORK"}],"TRACE":"{\u0022url\u0022:\u0022https:\/\/tinger.ru\/contacts\/\u0022,\u0022ref\u0022:\u0022https:\/\/yandex.ru\/games\/app\/210231\u0022,\u0022device\u0022:{\u0022isMobile\u0022:true},\u0022tags\u0022:{\u0022ts\u0022:1723899232,\u0022list\u0022:{\u0022utm_source\u0022:\u0022yandex\u0022,\u0022utm_medium\u0022:\u0022cpc\u0022,\u0022utm_campaign\u0022:\u0022mk_ozk_tf4\u0022,\u0022utm_content\u0022:\u002216219855373\u0022,\u0022utm_term\u0022:\u0022---autotargeting\u0022},\u0022gclid\u0022:null},\u0022client\u0022:{\u0022gaId\u0022:\u00221713735194.1723899232\u0022,\u0022yaId\u0022:\u00221723899232656592825\u0022},\u0022pages\u0022:{\u0022list\u0022:[[\u0022https:\/\/tinger.ru\/catalog\/perelomka\/?utm_source=yandex\u0026utm_medium=cpc\u0026utm_campaign=mk_ozk_tf4\u0026utm_content=16219855373\u0026utm_term=---autotargeting\u0026roistat=direct20_context_111795810_rsMasterGroup_rsMasterBanner_---autotargeting\u0026yclid=2404687354938261503\u0022,1723899232,\u0022\u041a\u0443\u043f\u0438\u0442\u044c \u0432\u0435\u0437\u0434\u0435\u0445\u043e\u0434 \u043f\u0435\u0440\u0435\u043b\u043e\u043c\u043a\u0443 TINGER TF4 \u0432 \u0420\u0022],[\u0022https:\/\/tinger.ru\/contacts\/\u0022,1723899245,\u0022\u041a\u043e\u043d\u0442\u0430\u043a\u0442\u044b \u0433\u0440\u0443\u043f\u043f\u044b \u043a\u043e\u043c\u043f\u0430\u043d\u0438\u0439 TINGER\u0022]]},\u0022gid\u0022:null,\u0022previous\u0022:{\u0022list\u0022:[]}}","UF_CRM_1517561552":"3713002","COMMENTS":"\u0412\u043e\u043f\u0440\u043e\u0441","TITLE":"\u0412\u043e\u043f\u0440\u043e\u0441\u044b, \u0437\u0430\u043c\u0435\u0447\u0430\u043d\u0438\u044f \u0438\u043b\u0438 \u043f\u0440\u0435\u0434\u043b\u043e\u0436\u0435\u043d\u0438\u044f","UF_CRM_1449663065":64,"ASSIGNED_BY_ID":58,"SOURCE_ID":"WEB"}}},"result":{"result":539196,"time":{"start":1723899270.738395,"finish":1723899272.3605421,"duration":1.6221470832824707,"processing":1.5868229866027832,"date_start":"2024-08-17T15:54:30+03:00","date_finish":"2024-08-17T15:54:32+03:00","operating_reset_at":1723899870,"operating":1.5868010520935059}}}