{"url":"https:\/\/tinger.bitrix24.ru\/rest\/190\/42tc2gxq8od2858i\/crm.lead.add.json","info":{"url":"https:\/\/tinger.bitrix24.ru\/rest\/190\/42tc2gxq8od2858i\/crm.lead.add.json","content_type":"application\/json; charset=utf-8","http_code":200,"header_size":1027,"request_size":207,"filetime":-1,"ssl_verify_result":0,"redirect_count":0,"total_time":1.9846779999999999,"namelookup_time":0.025862,"connect_time":0.027841999999999999,"pretransfer_time":0.041973999999999997,"size_upload":3498,"size_download":288,"speed_download":145,"speed_upload":1763,"download_content_length":-1,"upload_content_length":3498,"starttransfer_time":0.041977,"redirect_time":0,"redirect_url":"","primary_ip":"178.132.201.52","certinfo":[],"primary_port":443,"local_ip":"188.225.57.79","local_port":47720,"http_version":3,"protocol":2,"ssl_verifyresult":0,"scheme":"HTTPS","appconnect_time_us":41864,"connect_time_us":27842,"namelookup_time_us":25862,"pretransfer_time_us":41974,"redirect_time_us":0,"starttransfer_time_us":41977,"total_time_us":1984678},"params":{"method":"crm.lead.add","params":{"fields":{"NAME":"\u0421\u0435\u0440\u0433\u0435\u0439","PHONE":[{"VALUE":"+7 (989) 356-28-25","VALUE_TYPE":"WORK"}],"TRACE":"{\u0022url\u0022:\u0022https:\/\/tingard.ru\/?utm_source=yandex\u0026utm_medium=cpc\u0026utm_campaign=mk_rf\u0026utm_content=14460640497\u0026utm_term=---autotargeting\u0026roistat=direct14_context_89463958_rsMasterGroup_rsMasterBanner_---autotargeting\u0026yclid=9149671584248102911\u0022,\u0022ref\u0022:\u0022https:\/\/konstruktortestov.ru\/\u0022,\u0022device\u0022:{\u0022isMobile\u0022:true},\u0022tags\u0022:{\u0022ts\u0022:1743963892,\u0022list\u0022:{\u0022utm_source\u0022:\u0022yandex\u0022,\u0022utm_medium\u0022:\u0022cpc\u0022,\u0022utm_campaign\u0022:\u0022mk_rf\u0022,\u0022utm_content\u0022:\u002214460640497\u0022,\u0022utm_term\u0022:\u0022---autotargeting\u0022},\u0022gclid\u0022:null},\u0022client\u0022:{\u0022yaId\u0022:\u00221743963892461772451\u0022},\u0022pages\u0022:{\u0022list\u0022:[[\u0022https:\/\/tingard.ru\/?utm_source=yandex\u0026utm_medium=cpc\u0026utm_campaign=mk_rf\u0026utm_content=14460640497\u0026utm_term=---autotargeting\u0026roistat=direct14_context_89463958_rsMasterGroup_rsMasterBanner_---autotargeting\u0026yclid=9149671584248102911\u0022,1743963892,\u0022TINGARD \u2014 \u0431\u0435\u0441\u0448\u043e\u0432\u043d\u044b\u0439 \u043f\u043b\u0430\u0441\u0442\u0438\u043a\u043e\u0432\u044b\u0439 \u043f\u043e\u0433\u0440\u0435\u0431 \u2116\u0022]]},\u0022gid\u0022:null,\u0022previous\u0022:{\u0022list\u0022:[]}}","UF_CRM_1736853511":"1743963892461772451","UF_CRM_1736853555":"1743963892461772451","UF_CRM_1736853537":"1743963892461772451","UF_CRM_1517561552":"3632292","COMMENTS":"\u003Cb\u003E\u0413\u0434\u0435 \u043f\u043b\u0430\u043d\u0438\u0440\u0443\u0435\u0442\u0435 \u0443\u0441\u0442\u0430\u043d\u0430\u0432\u043b\u0438\u0432\u0430\u0442\u044c \u043f\u043e\u0433\u0440\u0435\u0431?\u003C\/b\u003E \u043f\u043e\u0434 \u0431\u0435\u0441\u0435\u0434\u043a\u0443\/\u0433\u0430\u0440\u0430\u0436\u003Cbr\u003E\u003Cb\u003E\u041a\u0430\u043a\u043e\u0439 \u0443\u0440\u043e\u0432\u0435\u043d\u044c \u0433\u0440\u0443\u043d\u0442\u043e\u0432\u044b\u0445 \u0432\u043e\u0434 \u043d\u0430 \u0432\u0430\u0448\u0435\u043c \u0443\u0447\u0430\u0441\u0442\u043a\u0435?\u003C\/b\u003E \u043d\u0443\u0436\u043d\u0430 \u043a\u043e\u043d\u0441\u0443\u043b\u044c\u0442\u0430\u0446\u0438\u044f\u003Cbr\u003E\u003Cb\u003E\u041f\u043e\u0434\u0431\u0435\u0440\u0438 \u043f\u043e\u0433\u0440\u0435\u0431 \u0437\u0430 30 \u0441\u0435\u043a\u0443\u043d\u0434\u003C\/b\u003E \u0434\u043e 350 \u0431\u0430\u043d\u043e\u043a \u0438 \u0434\u043e 35 \u044f\u0449\u0438\u043a\u043e\u0432\u003Cbr\u003E\u003Cb\u003E\u041a\u0442\u043e \u0431\u0443\u0434\u0435\u0442 \u0437\u0430\u043d\u0438\u043c\u0430\u0442\u044c\u0441\u044f \u0443\u0441\u0442\u0430\u043d\u043e\u0432\u043a\u043e\u0439 \u043f\u043e\u0433\u0440\u0435\u0431\u0430?\u003C\/b\u003E \u0441\u0430\u043c\u043e\u0441\u0442\u043e\u044f\u0442\u0435\u043b\u044c\u043d\u043e\u003Cbr\u003E\u003Cb\u003E\u041a\u043e\u0433\u0434\u0430 \u0432\u044b \u043f\u043b\u0430\u043d\u0438\u0440\u0443\u0435\u0442\u0435 \u043f\u0440\u0438\u043e\u0431\u0440\u0435\u0441\u0442\u0438 \u043f\u043e\u0433\u0440\u0435\u0431?\u003C\/b\u003E \u0434\u043e \u043a\u043e\u043d\u0446\u0430 \u0433\u043e\u0434\u0430\u003Cbr\u003E","TITLE":"\u041f\u043e\u0434\u043e\u0431\u0440\u0430\u0442\u044c \u043f\u043e\u0433\u0440\u0435\u0431 (\u043a\u0432\u0438\u0437)","UF_CRM_1449663065":68,"ASSIGNED_BY_ID":58,"SOURCE_ID":9}}},"result":{"result":588258,"time":{"start":1743963915.610117,"finish":1743963917.4667339,"duration":1.8566169738769531,"processing":1.8138918876647949,"date_start":"2025-04-06T21:25:15+03:00","date_finish":"2025-04-06T21:25:17+03:00","operating_reset_at":1743964515,"operating":1.8138620853424072}}}