{"url":"https:\/\/tinger.bitrix24.ru\/rest\/190\/42tc2gxq8od2858i\/crm.lead.add.json","info":{"url":"https:\/\/tinger.bitrix24.ru\/rest\/190\/42tc2gxq8od2858i\/crm.lead.add.json","content_type":"application\/json; charset=utf-8","http_code":200,"header_size":1030,"request_size":207,"filetime":-1,"ssl_verify_result":0,"redirect_count":0,"total_time":2.0115500000000002,"namelookup_time":0.001709,"connect_time":0.010623,"pretransfer_time":0.026956999999999998,"size_upload":2188,"size_download":289,"speed_download":143,"speed_upload":1088,"download_content_length":-1,"upload_content_length":2188,"starttransfer_time":0.026960000000000001,"redirect_time":0,"redirect_url":"","primary_ip":"95.163.249.170","certinfo":[],"primary_port":443,"local_ip":"188.225.57.79","local_port":47128,"http_version":3,"protocol":2,"ssl_verifyresult":0,"scheme":"HTTPS","appconnect_time_us":26847,"connect_time_us":10623,"namelookup_time_us":1709,"pretransfer_time_us":26957,"redirect_time_us":0,"starttransfer_time_us":26960,"total_time_us":2011550},"params":{"method":"crm.lead.add","params":{"fields":{"NAME":"\u0418\u0433\u043e\u0440\u044c \u0416\u0443\u043a\u043e\u0432","PHONE":[{"VALUE":"8 (915) 838-05-05","VALUE_TYPE":"WORK"}],"EMAIL":[{"VALUE":null,"VALUE_TYPE":"WORK"}],"TRACE":"{\u0022url\u0022:\u0022https:\/\/tinger.ru\/catalog\/perelomka\/\u0022,\u0022ref\u0022:\u0022https:\/\/yandex.ru\/\u0022,\u0022device\u0022:{\u0022isMobile\u0022:true},\u0022tags\u0022:{\u0022ts\u0022:1721119048,\u0022list\u0022:{},\u0022gclid\u0022:null},\u0022client\u0022:{\u0022gaId\u0022:\u0022946242710.1720940284\u0022,\u0022yaId\u0022:\u00221718597231284782060\u0022},\u0022pages\u0022:{\u0022list\u0022:[[\u0022https:\/\/tinger.ru\/?ysclid=lyirpzynmf246862917\u0022,1721119049,\u0022\u0412\u0435\u0437\u0434\u0435\u0445\u043e\u0434\u044b \u0438 \u0431\u043e\u043b\u043e\u0442\u043e\u0445\u043e\u0434\u044b \u043e\u0442 \u043f\u0440\u043e\u0438\u0437\u0432\u043e\u0434\u0438\u0442\u0435\u043b\u044f \u0022],[\u0022https:\/\/tinger.ru\/catalog\/perelomka\/\u0022,1721119147,\u0022\u041a\u0443\u043f\u0438\u0442\u044c \u0432\u0435\u0437\u0434\u0435\u0445\u043e\u0434 \u043f\u0435\u0440\u0435\u043b\u043e\u043c\u043a\u0443 TINGER TF4 \u0432 \u0420\u0022]]},\u0022gid\u0022:null,\u0022previous\u0022:{\u0022list\u0022:[{\u0022url\u0022:\u0022https:\/\/tinger.ru\/?ysclid=lyirpzynmf246862917\u0022,\u0022device\u0022:{\u0022isMobile\u0022:true},\u0022tags\u0022:{\u0022ts\u0022:1720793004,\u0022list\u0022:{},\u0022gclid\u0022:null},\u0022client\u0022:{\u0022gaId\u0022:\u0022946242710.1720940284\u0022,\u0022yaId\u0022:\u00221718597231284782060\u0022},\u0022pages\u0022:{\u0022list\u0022:[[\u0022https:\/\/tinger.ru\/?ysclid=lyirpzynmf246862917\u0022,1720940285,\u0022\u0412\u0435\u0437\u0434\u0435\u0445\u043e\u0434\u044b \u0438 \u0431\u043e\u043b\u043e\u0442\u043e\u0445\u043e\u0434\u044b \u043e\u0442 \u043f\u0440\u043e\u0438\u0437\u0432\u043e\u0434\u0438\u0442\u0435\u043b\u044f \u0022]]},\u0022gid\u0022:null}]}}","UF_CRM_1517561552":"3691034","COMMENTS":null,"TITLE":"\u041a\u0443\u043f\u0438\u0442\u044c \u0432\u0435\u0437\u0434\u0435\u0445\u043e\u0434 TINGER TF4","UF_CRM_1449663065":64,"ASSIGNED_BY_ID":58,"SOURCE_ID":"WEB"}}},"result":{"result":528936,"time":{"start":1721119158.6495709,"finish":1721119160.5554039,"duration":1.9058330059051514,"processing":1.8674211502075195,"date_start":"2024-07-16T11:39:18+03:00","date_finish":"2024-07-16T11:39:20+03:00","operating_reset_at":1721119758,"operating":3.7961368560791016}}}