{"url":"https:\/\/tinger.bitrix24.ru\/rest\/190\/42tc2gxq8od2858i\/crm.lead.add.json","info":{"url":"https:\/\/tinger.bitrix24.ru\/rest\/190\/42tc2gxq8od2858i\/crm.lead.add.json","content_type":"application\/json; charset=utf-8","http_code":200,"header_size":926,"request_size":207,"filetime":-1,"ssl_verify_result":0,"redirect_count":0,"total_time":1.787982,"namelookup_time":0.018429999999999998,"connect_time":0.028886999999999999,"pretransfer_time":0.051790999999999997,"size_upload":2335,"size_download":263,"speed_download":147,"speed_upload":1306,"download_content_length":-1,"upload_content_length":2335,"starttransfer_time":0.051794,"redirect_time":0,"redirect_url":"","primary_ip":"46.235.53.69","certinfo":[],"primary_port":443,"local_ip":"188.225.57.79","local_port":52674,"http_version":3,"protocol":2,"ssl_verifyresult":0,"scheme":"HTTPS","appconnect_time_us":51680,"connect_time_us":28887,"namelookup_time_us":18430,"pretransfer_time_us":51791,"redirect_time_us":0,"starttransfer_time_us":51794,"total_time_us":1787982},"params":{"method":"crm.lead.add","params":{"fields":{"NAME":"\u0410\u043d\u043d\u0430","PHONE":[{"VALUE":"+7 (987) 458-53-57","VALUE_TYPE":"WORK"}],"EMAIL":[{"VALUE":"oxanavladkohz@gmail.com","VALUE_TYPE":"WORK"}],"TRACE":"{\u0022url\u0022:\u0022https:\/\/tingard.ru\/?utm_source=yandex\u0026utm_medium=cpc\u0026utm_campaign=mk_rf_kval\u0026utm_content=1900772303016972232\u0026utm_term=---autotargeting\u0026roistat=direct14_context_702036728_rsMasterGroup_rsMasterBanner_---autotargeting\u0026yclid=3887689365125595135\u0026ybaip=1\u0022,\u0022device\u0022:{\u0022isMobile\u0022:true},\u0022tags\u0022:{\u0022ts\u0022:1772893351,\u0022list\u0022:{\u0022utm_source\u0022:\u0022yandex\u0022,\u0022utm_medium\u0022:\u0022cpc\u0022,\u0022utm_campaign\u0022:\u0022mk_rf_kval\u0022,\u0022utm_content\u0022:\u00221900772303016972232\u0022,\u0022utm_term\u0022:\u0022---autotargeting\u0022},\u0022gclid\u0022:null},\u0022client\u0022:{\u0022yaId\u0022:\u00221772893353959555662\u0022},\u0022pages\u0022:{\u0022list\u0022:[[\u0022https:\/\/tingard.ru\/?utm_source=yandex\u0026utm_medium=cpc\u0026utm_campaign=mk_rf_kval\u0026utm_content=1900772303016972232\u0026utm_term=---autotargeting\u0026roistat=direct14_context_702036728_rsMasterGroup_rsMasterBanner_---autotargeting\u0026yclid=3887689365125595135\u0026ybaip=1\u0022,1772893351,\u0022TINGARD \u2014 \u0431\u0435\u0441\u0448\u043e\u0432\u043d\u044b\u0439 \u043f\u043b\u0430\u0441\u0442\u0438\u043a\u043e\u0432\u044b\u0439 \u043f\u043e\u0433\u0440\u0435\u0431 \u0441\u0022],[\u0022https:\/\/tingard.ru\/agreement-policy\/\u0022,1772893670,\u0022\u0421\u043e\u0433\u043b\u0430\u0441\u0438\u0435 \u043d\u0430 \u043e\u0431\u0440\u0430\u0431\u043e\u0442\u043a\u0443 \u043c\u043e\u0438\u0445 \u043f\u0435\u0440\u0441\u043e\u043d\u0430\u043b\u044c\u043d\u044b\u0445 \u0022]]},\u0022gid\u0022:null,\u0022previous\u0022:{\u0022list\u0022:[]}}","UF_CRM_1736853511":"1772893353959555662","UF_CRM_1736853555":"1772893353959555662","UF_CRM_1736853537":"1772893353959555662","UF_CRM_1517561552":"3879491","COMMENTS":null,"TITLE":"\u0420\u0430\u0441\u0441\u0447\u0438\u0442\u0430\u0442\u044c \u0441\u0442\u043e\u0438\u043c\u043e\u0441\u0442\u044c \u043f\u043e\u0433\u0440\u0435\u0431\u0430","UF_CRM_1449663065":68,"ASSIGNED_BY_ID":58,"SOURCE_ID":9}}},"result":{"result":647084,"time":{"start":1772893678,"finish":1772893679.9938829,"duration":1.9938828945159912,"processing":1,"date_start":"2026-03-07T17:27:58+03:00","date_finish":"2026-03-07T17:27:59+03:00","operating_reset_at":1772894278,"operating":3.5232269763946533}}}