{"url":"https:\/\/tinger.bitrix24.ru\/rest\/190\/42tc2gxq8od2858i\/crm.deal.add.json","info":{"url":"https:\/\/tinger.bitrix24.ru\/rest\/190\/42tc2gxq8od2858i\/crm.deal.add.json","content_type":"application\/json; charset=utf-8","http_code":200,"header_size":1028,"request_size":207,"filetime":-1,"ssl_verify_result":0,"redirect_count":0,"total_time":1.8429199999999999,"namelookup_time":0.001289,"connect_time":0.0047959999999999999,"pretransfer_time":0.018536,"size_upload":2576,"size_download":286,"speed_download":155,"speed_upload":1398,"download_content_length":-1,"upload_content_length":2576,"starttransfer_time":0.018537999999999999,"redirect_time":0,"redirect_url":"","primary_ip":"178.132.201.50","certinfo":[],"primary_port":443,"local_ip":"188.225.57.79","local_port":53138,"http_version":3,"protocol":2,"ssl_verifyresult":0,"scheme":"HTTPS","appconnect_time_us":18443,"connect_time_us":4796,"namelookup_time_us":1289,"pretransfer_time_us":18536,"redirect_time_us":0,"starttransfer_time_us":18538,"total_time_us":1842920},"params":{"method":"crm.deal.add","params":{"fields":{"NAME":"\u0421\u0443\u0441\u043b\u043e\u043d\u043e\u0432 \u0412\u043b\u0430\u0434\u0438\u043c\u0438\u0440 ","PHONE":[{"VALUE":"+7 (953) 511-05-40","VALUE_TYPE":"WORK"}],"EMAIL":[{"VALUE":"vovasuslonov14@gmail.com","VALUE_TYPE":"WORK"}],"TRACE":"{\u0022url\u0022:\u0022https:\/\/tinger.ru\/vacancies\/rabota-na-proizvodstve\/sborshchik-avtotekhniki\/\u0022,\u0022ref\u0022:\u0022https:\/\/yandex.ru\/\u0022,\u0022device\u0022:{\u0022isMobile\u0022:true},\u0022tags\u0022:{\u0022ts\u0022:1752473214,\u0022list\u0022:{},\u0022gclid\u0022:null},\u0022client\u0022:{\u0022gaId\u0022:\u0022792872343.1752473213\u0022,\u0022yaId\u0022:\u00221752473214261050755\u0022},\u0022pages\u0022:{\u0022list\u0022:[[\u0022https:\/\/tinger.ru\/vacancies\/?ysclid=md2patz5em443420948\u0022,1752473214,\u0022\u0412\u0430\u043a\u0430\u043d\u0441\u0438\u0438 \u0432 \u0427\u0435\u0440\u0435\u043f\u043e\u0432\u0446\u0435 \u0432 \u0433\u0440\u0443\u043f\u043f\u0435 \u043a\u043e\u043c\u043f\u0430\u043d\u0438\u0439 T\u0022],[\u0022https:\/\/tinger.ru\/vacancies\/rabota-na-proizvodstve\/rabochiy-na-proizvodstvo\/\u0022,1752473238,\u0022\u0420\u0430\u0431\u043e\u0447\u0438\u0439 \u043d\u0430 \u043f\u0440\u043e\u0438\u0437\u0432\u043e\u0434\u0441\u0442\u0432\u043e\u0022],[\u0022https:\/\/tinger.ru\/vacancies\/rabota-na-proizvodstve\/\u0022,1752473283,\u0022\u0420\u0430\u0431\u043e\u0442\u0430 \u043d\u0430 \u043f\u0440\u043e\u0438\u0437\u0432\u043e\u0434\u0441\u0442\u0432\u0435 TINGER\u0022],[\u0022https:\/\/tinger.ru\/vacancies\/rabota-na-proizvodstve\/sborshchik-avtotekhniki\/\u0022,1752473287,\u0022\u0421\u0431\u043e\u0440\u0449\u0438\u043a \u0430\u0432\u0442\u043e\u0442\u0435\u0445\u043d\u0438\u043a\u0438\u0022]]},\u0022gid\u0022:null,\u0022previous\u0022:{\u0022list\u0022:[]}}","UF_CRM_1736853511":"1752473214261050755","UF_CRM_1736853555":"1752473214261050755","UF_CRM_1736853537":"1752473214261050755","UF_CRM_1517561552":"3908039","COMMENTS":null,"TITLE":"\u041e\u0442\u043a\u043b\u0438\u043a \u043d\u0430 \u0432\u0430\u043a\u0430\u043d\u0441\u0438\u044e \u00ab\u0421\u0431\u043e\u0440\u0449\u0438\u043a \u0430\u0432\u0442\u043e\u0442\u0435\u0445\u043d\u0438\u043a\u0438\u00bb","CATEGORY_ID":26,"SOURCE_ID":"WEB","ASSIGNED_BY_ID":50856,"UF_CRM_5742B4FC41290":"\u0420\u0430\u0431\u043e\u0442\u0430 \u043d\u0430 \u043f\u0440\u043e\u0438\u0437\u0432\u043e\u0434\u0441\u0442\u0432\u0435","CONTACT_ID":87596}}},"result":{"result":124208,"time":{"start":1752473347.0327301,"finish":1752473348.783989,"duration":1.7512588500976562,"processing":1.7185559272766113,"date_start":"2025-07-14T09:09:07+03:00","date_finish":"2025-07-14T09:09:08+03:00","operating_reset_at":1752473947,"operating":1.7185330390930176}}}