{"url":"https:\/\/tinger.bitrix24.ru\/rest\/190\/42tc2gxq8od2858i\/crm.lead.add.json","info":{"url":"https:\/\/tinger.bitrix24.ru\/rest\/190\/42tc2gxq8od2858i\/crm.lead.add.json","content_type":"application\/json; charset=utf-8","http_code":200,"header_size":1027,"request_size":207,"filetime":-1,"ssl_verify_result":0,"redirect_count":0,"total_time":0.97403399999999996,"namelookup_time":0.017364999999999998,"connect_time":0.018593999999999999,"pretransfer_time":0.031546999999999999,"size_upload":2302,"size_download":292,"speed_download":299,"speed_upload":2363,"download_content_length":-1,"upload_content_length":2302,"starttransfer_time":0.031549000000000001,"redirect_time":0,"redirect_url":"","primary_ip":"178.132.201.51","certinfo":[],"primary_port":443,"local_ip":"188.225.57.79","local_port":37952,"http_version":3,"protocol":2,"ssl_verifyresult":0,"scheme":"HTTPS","appconnect_time_us":31447,"connect_time_us":18594,"namelookup_time_us":17365,"pretransfer_time_us":31547,"redirect_time_us":0,"starttransfer_time_us":31549,"total_time_us":974034},"params":{"method":"crm.lead.add","params":{"fields":{"NAME":"\u041a\u043e\u043d\u0441\u0442\u0430\u043d\u0442\u0438\u043d ","PHONE":[{"VALUE":"+7 (989) 304-13-57","VALUE_TYPE":"WORK"}],"EMAIL":[{"VALUE":null,"VALUE_TYPE":"WORK"}],"TRACE":"{\u0022url\u0022:\u0022https:\/\/tingard.ru\/?roistat=direct14_context_16233427522_%D0%BF%D0%BE%D0%BB%D0%B8%D0%B2%20%D1%82%D0%BE%D0%BC%D0%B0%D1%82%D0%BE%D0%B2%20%D0%BF%D0%BE%D1%81%D0%BB%D0%B5%20%D0%B2%D1%8B%D1%81%D0%B0%D0%B4%D0%BA%D0%B8\u0026roistat_referrer=yandex.ru\u0026roistat_pos=none_0\u0026utm_source=yandex\u0026utm_medium=cpc\u0026utm_campaign=rsya-click\u0026utm_content=16233427522\u0026utm_term=yandex.ru\u0026yclid=1637500499848855551\u0022,\u0022ref\u0022:\u0022https:\/\/yandex.ru\/\u0022,\u0022device\u0022:{\u0022isMobile\u0022:true},\u0022tags\u0022:{\u0022ts\u0022:1723871607,\u0022list\u0022:{\u0022utm_source\u0022:\u0022yandex\u0022,\u0022utm_medium\u0022:\u0022cpc\u0022,\u0022utm_campaign\u0022:\u0022rsya-click\u0022,\u0022utm_content\u0022:\u002216233427522\u0022,\u0022utm_term\u0022:\u0022yandex.ru\u0022},\u0022gclid\u0022:null},\u0022client\u0022:{\u0022yaId\u0022:\u00221723871606852003530\u0022},\u0022pages\u0022:{\u0022list\u0022:[[\u0022https:\/\/tingard.ru\/?roistat=direct14_context_16233427522_%D0%BF%D0%BE%D0%BB%D0%B8%D0%B2%20%D1%82%D0%BE%D0%BC%D0%B0%D1%82%D0%BE%D0%B2%20%D0%BF%D0%BE%D1%81%D0%BB%D0%B5%20%D0%B2%D1%8B%D1%81%D0%B0%D0%B4%D0%BA%D0%B8\u0026roistat_referrer=yandex.ru\u0026roistat_pos=none_0\u0026utm_source=yandex\u0026utm_medium=cpc\u0026utm_campaign=rsya-click\u0026utm_content=16233427522\u0026utm_term=yandex.ru\u0026yclid=1637500499848855551\u0022,1723871608,\u0022TINGARD \u2014 \u0431\u0435\u0441\u0448\u043e\u0432\u043d\u044b\u0439 \u043f\u043b\u0430\u0441\u0442\u0438\u043a\u043e\u0432\u044b\u0439 \u043f\u043e\u0433\u0440\u0435\u0431 \u2116\u0022]]},\u0022gid\u0022:null,\u0022previous\u0022:{\u0022list\u0022:[]}}","UF_CRM_1517561552":"3405821","COMMENTS":null,"TITLE":"\u0417\u0430\u043a\u0430\u0437\u0430\u0442\u044c \u043f\u043e\u0433\u0440\u0435\u0431","UF_CRM_1449663065":68,"ASSIGNED_BY_ID":58,"SOURCE_ID":9}}},"result":{"result":539108,"time":{"start":1723871641.2038331,"finish":1723871642.0757689,"duration":0.87193584442138672,"processing":0.83672094345092773,"date_start":"2024-08-17T08:14:01+03:00","date_finish":"2024-08-17T08:14:02+03:00","operating_reset_at":1723872241,"operating":0.83669781684875488}}}