{"url":"https:\/\/tinger.bitrix24.ru\/rest\/190\/42tc2gxq8od2858i\/crm.lead.add.json","info":{"url":"https:\/\/tinger.bitrix24.ru\/rest\/190\/42tc2gxq8od2858i\/crm.lead.add.json","content_type":"application\/json; charset=utf-8","http_code":200,"header_size":1034,"request_size":207,"filetime":-1,"ssl_verify_result":0,"redirect_count":0,"total_time":2.0495480000000001,"namelookup_time":0.0092739999999999993,"connect_time":0.020204,"pretransfer_time":0.039975999999999998,"size_upload":1899,"size_download":289,"speed_download":141,"speed_upload":926,"download_content_length":-1,"upload_content_length":1899,"starttransfer_time":0.039979000000000001,"redirect_time":0,"redirect_url":"","primary_ip":"195.208.185.4","certinfo":[],"primary_port":443,"local_ip":"188.225.57.79","local_port":33952,"http_version":3,"protocol":2,"ssl_verifyresult":0,"scheme":"HTTPS","appconnect_time_us":39823,"connect_time_us":20204,"namelookup_time_us":9274,"pretransfer_time_us":39976,"redirect_time_us":0,"starttransfer_time_us":39979,"total_time_us":2049548},"params":{"method":"crm.lead.add","params":{"fields":{"NAME":"\u0410\u043b\u0435\u043a\u0441\u0435\u0439","PHONE":[{"VALUE":"+7 (861) 236-60-56","VALUE_TYPE":"WORK"}],"EMAIL":[{"VALUE":"avtomk@yandex.ru","VALUE_TYPE":"WORK"}],"TRACE":"{\u0022url\u0022:\u0022https:\/\/tinger.ru\/contacts\/?_route_=contacts\/\u0022,\u0022device\u0022:{\u0022isMobile\u0022:false},\u0022tags\u0022:{\u0022ts\u0022:1706922436,\u0022list\u0022:{},\u0022gclid\u0022:null},\u0022client\u0022:{\u0022gaId\u0022:\u00222124501375.1706922441\u0022,\u0022yaId\u0022:\u00221706922437202571022\u0022},\u0022pages\u0022:{\u0022list\u0022:[[\u0022https:\/\/tinger.ru\/parts\/\u0022,1706922437,\u0022\u041a\u0430\u0442\u0430\u043b\u043e\u0433 \u043e\u0440\u0438\u0433\u0438\u043d\u0430\u043b\u044c\u043d\u044b\u0445 \u0437\u0430\u043f\u0447\u0430\u0441\u0442\u0435\u0439\u0022],[\u0022https:\/\/tinger.ru\/contacts\/?_route_=contacts\/\u0022,1706922441,\u0022\u041a\u043e\u043d\u0442\u0430\u043a\u0442\u044b \u0433\u0440\u0443\u043f\u043f\u044b \u043a\u043e\u043c\u043f\u0430\u043d\u0438\u0439 TINGER\u0022]]},\u0022gid\u0022:null,\u0022previous\u0022:{\u0022list\u0022:[]}}","COMMENTS":"\u041f\u0440\u043e\u0433\u0440\u0430\u043c\u043c\u0438\u0441\u0442 \u0441 \u043e\u043f\u044b\u0442\u043e\u043c \u0440\u0430\u0431\u043e\u0442\u044b \u0440\u0435\u0430\u043b\u0438\u0437\u0443\u0435\u0442 \u0437\u0430\u0434\u0430\u0447\u0438 \u043f\u0440\u0435\u0434\u043f\u0440\u0438\u044f\u0442\u0438\u044f. avtomk-\u0441\u043e\u0431\u0430\u043a\u0430-yandex-\u0442\u043e\u0447\u043a\u0430-ru","TITLE":"\u0412\u043e\u043f\u0440\u043e\u0441\u044b, \u0437\u0430\u043c\u0435\u0447\u0430\u043d\u0438\u044f \u0438\u043b\u0438 \u043f\u0440\u0435\u0434\u043b\u043e\u0436\u0435\u043d\u0438\u044f","UF_CRM_1449663065":64,"ASSIGNED_BY_ID":58,"SOURCE_ID":"WEB"}}},"result":{"result":494794,"time":{"start":1706922447.7084651,"finish":1706922449.6511049,"duration":1.9426398277282715,"processing":1.9091780185699463,"date_start":"2024-02-03T04:07:27+03:00","date_finish":"2024-02-03T04:07:29+03:00","operating_reset_at":1706923047,"operating":1.9091589450836182}}}