{"url":"https:\/\/tinger.bitrix24.ru\/rest\/190\/42tc2gxq8od2858i\/crm.lead.add.json","info":{"url":"https:\/\/tinger.bitrix24.ru\/rest\/190\/42tc2gxq8od2858i\/crm.lead.add.json","content_type":"application\/json; charset=utf-8","http_code":200,"header_size":1031,"request_size":207,"filetime":-1,"ssl_verify_result":0,"redirect_count":0,"total_time":1.539617,"namelookup_time":0.0020379999999999999,"connect_time":0.011657000000000001,"pretransfer_time":0.029822999999999999,"size_upload":1702,"size_download":287,"speed_download":186,"speed_upload":1105,"download_content_length":-1,"upload_content_length":1702,"starttransfer_time":0.029825000000000001,"redirect_time":0,"redirect_url":"","primary_ip":"95.163.249.170","certinfo":[],"primary_port":443,"local_ip":"188.225.57.79","local_port":53880,"http_version":3,"protocol":2,"ssl_verifyresult":0,"scheme":"HTTPS","appconnect_time_us":29709,"connect_time_us":11657,"namelookup_time_us":2038,"pretransfer_time_us":29823,"redirect_time_us":0,"starttransfer_time_us":29825,"total_time_us":1539617},"params":{"method":"crm.lead.add","params":{"fields":{"UF_CRM_1449663065":null,"SOURCE_ID":"CONFERENCE","ASSIGNED_BY_ID":58,"TITLE":null,"NAME":null,"PHONE":[{"VALUE":null,"VALUE_TYPE":"WORK"}],"EMAIL":[{"VALUE":null,"VALUE_TYPE":"WORK"}],"COMMENTS":null,"TRACE":"{\u0022url\u0022:\u0022https:\/\/tingerplast.ru\/account\/restore-password\/?clear_cache=Y\u0022,\u0022ref\u0022:\u0022https:\/\/corp.mworks.ru\/\u0022,\u0022device\u0022:{\u0022isMobile\u0022:false},\u0022tags\u0022:{\u0022ts\u0022:1721050771,\u0022list\u0022:{},\u0022gclid\u0022:null},\u0022client\u0022:{\u0022yaId\u0022:\u00221715686656414851150\u0022},\u0022pages\u0022:{\u0022list\u0022:[[\u0022https:\/\/tingerplast.ru\/account\/\u0022,1721509380,\u0022\u041b\u0438\u0447\u043d\u044b\u0439 \u043a\u0430\u0431\u0438\u043d\u0435\u0442 \u0434\u0438\u043b\u0435\u0440\u0430\u0022],[\u0022https:\/\/tingerplast.ru\/account_html\/restore-password\/\u0022,1721509447,\u0022\u0412\u043e\u0441\u0441\u0442\u0430\u043d\u043e\u0432\u043b\u0435\u043d\u0438\u0435 \u043f\u0430\u0440\u043e\u043b\u044f\u0022],[\u0022https:\/\/tingerplast.ru\/account\/restore-password\/\u0022,1721509478,\u0022\u0412\u043e\u0441\u0441\u0442\u0430\u043d\u043e\u0432\u043b\u0435\u043d\u0438\u0435 \u043f\u0430\u0440\u043e\u043b\u044f\u0022],[\u0022https:\/\/tingerplast.ru\/thanks\/\u0022,1721509585,\u0022\u0421\u043f\u0430\u0441\u0438\u0431\u043e \u0437\u0430 \u0437\u0430\u044f\u0432\u043a\u0443\u0022],[\u0022https:\/\/tingerplast.ru\/account\/restore-password\/?clear_cache=Y\u0022,1721509596,\u0022\u0412\u043e\u0441\u0441\u0442\u0430\u043d\u043e\u0432\u043b\u0435\u043d\u0438\u0435 \u043f\u0430\u0440\u043e\u043b\u044f\u0022]]},\u0022gid\u0022:null,\u0022previous\u0022:{\u0022list\u0022:[]}}","UF_CRM_1517561552":"3333779"}}},"result":{"result":531150,"time":{"start":1721509617.135637,"finish":1721509618.575458,"duration":1.4398210048675537,"processing":1.4097659587860107,"date_start":"2024-07-21T00:06:57+03:00","date_finish":"2024-07-21T00:06:58+03:00","operating_reset_at":1721510217,"operating":4.0289909839630127}}}