{"url":"https:\/\/tinger.bitrix24.ru\/rest\/190\/42tc2gxq8od2858i\/crm.lead.add.json","info":{"url":"https:\/\/tinger.bitrix24.ru\/rest\/190\/42tc2gxq8od2858i\/crm.lead.add.json","content_type":"application\/json; charset=utf-8","http_code":200,"header_size":1030,"request_size":207,"filetime":-1,"ssl_verify_result":0,"redirect_count":0,"total_time":1.3332999999999999,"namelookup_time":0.014446000000000001,"connect_time":0.023073,"pretransfer_time":0.040709000000000002,"size_upload":1325,"size_download":285,"speed_download":213,"speed_upload":993,"download_content_length":-1,"upload_content_length":1325,"starttransfer_time":0.040711999999999998,"redirect_time":0,"redirect_url":"","primary_ip":"95.163.249.170","certinfo":[],"primary_port":443,"local_ip":"188.225.57.79","local_port":56002,"http_version":3,"protocol":2,"ssl_verifyresult":0,"scheme":"HTTPS","appconnect_time_us":40615,"connect_time_us":23073,"namelookup_time_us":14446,"pretransfer_time_us":40709,"redirect_time_us":0,"starttransfer_time_us":40712,"total_time_us":1333300},"params":{"method":"crm.lead.add","params":{"fields":{"NAME":"\u0410\u043b\u0435\u043a\u0441\u0430\u043d\u0434\u0440 ","PHONE":[{"VALUE":"+7 (495) 575-78-90","VALUE_TYPE":"WORK"}],"TRACE":"{\u0022url\u0022:\u0022https:\/\/tingard.ru\/\u0022,\u0022ref\u0022:\u0022https:\/\/www.google.com\/\u0022,\u0022device\u0022:{\u0022isMobile\u0022:true},\u0022tags\u0022:{\u0022ts\u0022:1748883134,\u0022list\u0022:{},\u0022gclid\u0022:null},\u0022client\u0022:{\u0022yaId\u0022:\u00221739232474217066841\u0022},\u0022pages\u0022:{\u0022list\u0022:[[\u0022https:\/\/tingard.ru\/\u0022,1748883135,\u0022TINGARD \u2014 \u0431\u0435\u0441\u0448\u043e\u0432\u043d\u044b\u0439 \u043f\u043b\u0430\u0441\u0442\u0438\u043a\u043e\u0432\u044b\u0439 \u043f\u043e\u0433\u0440\u0435\u0431 \u2116\u0022]]},\u0022gid\u0022:null,\u0022previous\u0022:{\u0022list\u0022:[]}}","UF_CRM_1736853511":"1739232474217066841","UF_CRM_1736853555":"1739232474217066841","UF_CRM_1736853537":"1739232474217066841","UF_CRM_1517561552":"3660708","COMMENTS":null,"TITLE":"\u041f\u043e\u043b\u0443\u0447\u0438\u0442\u044c \u043f\u0440\u0435\u0434\u043b\u043e\u0436\u0435\u043d\u0438\u0435 \u043f\u043e \u043f\u043e\u0433\u0440\u0435\u0431\u0443 TINGARD 3500","UF_CRM_1449663065":68,"ASSIGNED_BY_ID":58,"SOURCE_ID":9}}},"result":{"result":600292,"time":{"start":1748883350.7802689,"finish":1748883352.0111439,"duration":1.2308750152587891,"processing":1.1962039470672607,"date_start":"2025-06-02T19:55:50+03:00","date_finish":"2025-06-02T19:55:52+03:00","operating_reset_at":1748883950,"operating":1.196181058883667}}}