{"url":"https:\/\/tinger.bitrix24.ru\/rest\/190\/42tc2gxq8od2858i\/crm.lead.add.json","info":{"url":"https:\/\/tinger.bitrix24.ru\/rest\/190\/42tc2gxq8od2858i\/crm.lead.add.json","content_type":"application\/json; charset=utf-8","http_code":200,"header_size":1027,"request_size":207,"filetime":-1,"ssl_verify_result":0,"redirect_count":0,"total_time":2.3273779999999999,"namelookup_time":0.0025950000000000001,"connect_time":0.0044099999999999999,"pretransfer_time":0.014633,"size_upload":1913,"size_download":288,"speed_download":123,"speed_upload":822,"download_content_length":-1,"upload_content_length":1913,"starttransfer_time":0.014636,"redirect_time":0,"redirect_url":"","primary_ip":"178.132.201.50","certinfo":[],"primary_port":443,"local_ip":"188.225.57.79","local_port":54576,"http_version":3,"protocol":2,"ssl_verifyresult":0,"scheme":"HTTPS","appconnect_time_us":14522,"connect_time_us":4410,"namelookup_time_us":2595,"pretransfer_time_us":14633,"redirect_time_us":0,"starttransfer_time_us":14636,"total_time_us":2327378},"params":{"method":"crm.lead.add","params":{"fields":{"UF_CRM_1449663065":"16452","SOURCE_ID":98,"ASSIGNED_BY_ID":58,"TITLE":"\u0417\u0430\u043a\u0430\u0437\u0430\u0442\u044c \u0451\u043c\u043a\u043e\u0441\u0442\u044c","NAME":"Albert Hamachev Jokin","PHONE":[{"VALUE":"+7 (981) 974-33-25","VALUE_TYPE":"WORK"}],"EMAIL":[{"VALUE":null,"VALUE_TYPE":"WORK"}],"COMMENTS":"","TRACE":"{\u0022url\u0022:\u0022https:\/\/pt.tingerplast.ru\/?roistat=direct14_context_14436563655_---autotargeting\u0026roistat_referrer=yandex.ru\u0026roistat_pos=none_0\u0026utm_source=yandex\u0026utm_medium=cpc\u0026utm_campaign=emkosti_rsya_rf\u0026utm_content=14436563655\u0026utm_term=---autotargeting\u0026yclid=6768607722307641221\u0022,\u0022ref\u0022:\u0022https:\/\/yandex.ru\/games\/app\/255438?utm_source=tableau_folder_yabro\u0022,\u0022device\u0022:{\u0022isMobile\u0022:false},\u0022tags\u0022:{\u0022ts\u0022:1699992982,\u0022list\u0022:{\u0022utm_source\u0022:\u0022yandex\u0022,\u0022utm_medium\u0022:\u0022cpc\u0022,\u0022utm_campaign\u0022:\u0022emkosti_rsya_rf\u0022,\u0022utm_content\u0022:\u002214436563655\u0022,\u0022utm_term\u0022:\u0022---autotargeting\u0022},\u0022gclid\u0022:null},\u0022client\u0022:{\u0022yaId\u0022:\u0022169999298276831664\u0022},\u0022pages\u0022:{\u0022list\u0022:[[\u0022https:\/\/pt.tingerplast.ru\/?roistat=direct14_context_14436563655_---autotargeting\u0026roistat_referrer=yandex.ru\u0026roistat_pos=none_0\u0026utm_source=yandex\u0026utm_medium=cpc\u0026utm_campaign=emkosti_rsya_rf\u0026utm_content=14436563655\u0026utm_term=---autotargeting\u0026yclid=6768607722307641221\u0022,1699992983,\u0022\u041f\u043b\u0430\u0441\u0442\u0438\u043a\u043e\u0432\u044b\u0435 \u0451\u043c\u043a\u043e\u0441\u0442\u0438 \u0431\u043e\u043b\u044c\u0448\u043e\u0433\u043e \u043e\u0431\u044a\u0451\u043c\u0430 \u043e\u0442 \u043f\u0022]]},\u0022gid\u0022:null,\u0022previous\u0022:{\u0022list\u0022:[]}}"}}},"result":{"result":483862,"time":{"start":1699993032.260046,"finish":1699993034.5061669,"duration":2.2461209297180176,"processing":2.2049598693847656,"date_start":"2023-11-14T23:17:12+03:00","date_finish":"2023-11-14T23:17:14+03:00","operating_reset_at":1699993632,"operating":2.2049319744110107}}}