{"url":"https:\/\/tinger.bitrix24.ru\/rest\/190\/42tc2gxq8od2858i\/crm.lead.add.json","info":{"url":"https:\/\/tinger.bitrix24.ru\/rest\/190\/42tc2gxq8od2858i\/crm.lead.add.json","content_type":"application\/json; charset=utf-8","http_code":200,"header_size":1034,"request_size":207,"filetime":-1,"ssl_verify_result":0,"redirect_count":0,"total_time":1.577583,"namelookup_time":0.020407999999999999,"connect_time":0.031744000000000001,"pretransfer_time":0.051573000000000001,"size_upload":2035,"size_download":289,"speed_download":183,"speed_upload":1290,"download_content_length":-1,"upload_content_length":2035,"starttransfer_time":0.051575000000000003,"redirect_time":0,"redirect_url":"","primary_ip":"46.235.53.69","certinfo":[],"primary_port":443,"local_ip":"188.225.57.79","local_port":52200,"http_version":3,"protocol":2,"ssl_verifyresult":0,"scheme":"HTTPS","appconnect_time_us":51461,"connect_time_us":31744,"namelookup_time_us":20408,"pretransfer_time_us":51573,"redirect_time_us":0,"starttransfer_time_us":51575,"total_time_us":1577583},"params":{"method":"crm.lead.add","params":{"fields":{"NAME":"\u0441\u0435\u0440\u0433\u0435\u0439","PHONE":[{"VALUE":"+7 (927) 136-93-68","VALUE_TYPE":"WORK"}],"TRACE":"{\u0022url\u0022:\u0022https:\/\/tingard.ru\/?roistat=direct14_context_16225318444_---autotargeting\u0026roistat_referrer=mail.ru\u0026roistat_pos=none_0\u0026y_ref=mail.ru\u0026utm_source=yandex\u0026utm_medium=cpc\u0026utm_campaign=rsya-click\u0026utm_content=16225318444\u0026utm_term=mail.ru\u0026yclid=16297935158651912191\u0022,\u0022ref\u0022:\u0022https:\/\/mail.ru\/\u0022,\u0022device\u0022:{\u0022isMobile\u0022:false},\u0022tags\u0022:{\u0022ts\u0022:1739237715,\u0022list\u0022:{\u0022utm_source\u0022:\u0022yandex\u0022,\u0022utm_medium\u0022:\u0022cpc\u0022,\u0022utm_campaign\u0022:\u0022rsya-click\u0022,\u0022utm_content\u0022:\u002216225318444\u0022,\u0022utm_term\u0022:\u0022mail.ru\u0022},\u0022gclid\u0022:null},\u0022client\u0022:{\u0022yaId\u0022:\u00221728547567958985143\u0022},\u0022pages\u0022:{\u0022list\u0022:[[\u0022https:\/\/tingard.ru\/?roistat=direct14_context_16225318444_---autotargeting\u0026roistat_referrer=mail.ru\u0026roistat_pos=none_0\u0026y_ref=mail.ru\u0026utm_source=yandex\u0026utm_medium=cpc\u0026utm_campaign=rsya-click\u0026utm_content=16225318444\u0026utm_term=mail.ru\u0026yclid=16297935158651912191\u0022,1739237715,\u0022TINGARD \u2014 \u0431\u0435\u0441\u0448\u043e\u0432\u043d\u044b\u0439 \u043f\u043b\u0430\u0441\u0442\u0438\u043a\u043e\u0432\u044b\u0439 \u043f\u043e\u0433\u0440\u0435\u0431 \u2116\u0022]]},\u0022gid\u0022:null,\u0022previous\u0022:{\u0022list\u0022:[]}}","UF_CRM_1736853511":"1728547567958985143","UF_CRM_1736853555":"1728547567958985143","UF_CRM_1736853537":"1728547567958985143","UF_CRM_1517561552":"3606531","COMMENTS":null,"TITLE":"\u041f\u043e\u043b\u0443\u0447\u0438\u0442\u044c \u043f\u0440\u0435\u0434\u043b\u043e\u0436\u0435\u043d\u0438\u0435 \u043f\u043e \u043f\u043e\u0433\u0440\u0435\u0431\u0443 TINGARD 1900\u041a","UF_CRM_1449663065":68,"ASSIGNED_BY_ID":58,"SOURCE_ID":9}}},"result":{"result":578252,"time":{"start":1739237890.3942249,"finish":1739237891.8278461,"duration":1.4336211681365967,"processing":1.4024438858032227,"date_start":"2025-02-11T04:38:10+03:00","date_finish":"2025-02-11T04:38:11+03:00","operating_reset_at":1739238490,"operating":1.4024200439453125}}}