{"url":"https:\/\/tinger.bitrix24.ru\/rest\/190\/42tc2gxq8od2858i\/crm.lead.add.json","info":{"url":"https:\/\/tinger.bitrix24.ru\/rest\/190\/42tc2gxq8od2858i\/crm.lead.add.json","content_type":"application\/json; charset=utf-8","http_code":200,"header_size":1027,"request_size":207,"filetime":-1,"ssl_verify_result":0,"redirect_count":0,"total_time":2.0932710000000001,"namelookup_time":0.016039999999999999,"connect_time":0.017995000000000001,"pretransfer_time":0.026096999999999999,"size_upload":1970,"size_download":287,"speed_download":137,"speed_upload":941,"download_content_length":-1,"upload_content_length":1970,"starttransfer_time":0.026100000000000002,"redirect_time":0,"redirect_url":"","primary_ip":"178.132.201.52","certinfo":[],"primary_port":443,"local_ip":"188.225.57.79","local_port":37306,"http_version":3,"protocol":2,"ssl_verifyresult":0,"scheme":"HTTPS","appconnect_time_us":25963,"connect_time_us":17995,"namelookup_time_us":16040,"pretransfer_time_us":26097,"redirect_time_us":0,"starttransfer_time_us":26100,"total_time_us":2093271},"params":{"method":"crm.lead.add","params":{"fields":{"NAME":"\u0412\u043b\u0430\u0434\u0438\u043c\u0438\u0440","PHONE":[{"VALUE":"8 (960) 744-86-26","VALUE_TYPE":"WORK"}],"EMAIL":[{"VALUE":null,"VALUE_TYPE":"WORK"}],"TRACE":"{\u0022url\u0022:\u0022https:\/\/tingard.ru\/?utm_source=yandex_kirill\u0026utm_medium=cpc\u0026utm_campaign=pogreba_rozn_umnaya_click_perezapusk_15_01\u0026utm_content=15676822894\u0026utm_term=---autotargeting\u0026roistat=direct14_search_15676822894_---autotargeting\u0026roistat_referrer=none\u0026roistat_pos=premium_1\u0026yclid=8921257395805487103\u0022,\u0022ref\u0022:\u0022https:\/\/yandex.ru\/\u0022,\u0022device\u0022:{\u0022isMobile\u0022:true},\u0022tags\u0022:{\u0022ts\u0022:1717323484,\u0022list\u0022:{\u0022utm_source\u0022:\u0022yandex_kirill\u0022,\u0022utm_medium\u0022:\u0022cpc\u0022,\u0022utm_campaign\u0022:\u0022pogreba_rozn_umnaya_click_perezapusk_15_01\u0022,\u0022utm_content\u0022:\u002215676822894\u0022,\u0022utm_term\u0022:\u0022---autotargeting\u0022},\u0022gclid\u0022:null},\u0022client\u0022:{\u0022yaId\u0022:\u00221717323484220710834\u0022},\u0022pages\u0022:{\u0022list\u0022:[[\u0022https:\/\/tingard.ru\/?utm_source=yandex_kirill\u0026utm_medium=cpc\u0026utm_campaign=pogreba_rozn_umnaya_click_perezapusk_15_01\u0026utm_content=15676822894\u0026utm_term=---autotargeting\u0026roistat=direct14_search_15676822894_---autotargeting\u0026roistat_referrer=none\u0026roistat_pos=premium_1\u0026yclid=8921257395805487103\u0022,1717323484,\u0022TINGARD \u2014 \u0431\u0435\u0441\u0448\u043e\u0432\u043d\u044b\u0439 \u043f\u043b\u0430\u0441\u0442\u0438\u043a\u043e\u0432\u044b\u0439 \u043f\u043e\u0433\u0440\u0435\u0431 \u2116\u0022]]},\u0022gid\u0022:null,\u0022previous\u0022:{\u0022list\u0022:[]}}","COMMENTS":"undefined","TITLE":"\u041f\u043e\u0434\u043e\u0431\u0440\u0430\u0442\u044c \u043f\u043e\u0433\u0440\u0435\u0431 (\u043a\u0432\u0438\u0437)","UF_CRM_1449663065":68,"ASSIGNED_BY_ID":58,"SOURCE_ID":9}}},"result":{"result":516966,"time":{"start":1717324595.513464,"finish":1717324597.499377,"duration":1.9859130382537842,"processing":1.9490821361541748,"date_start":"2024-06-02T13:36:35+03:00","date_finish":"2024-06-02T13:36:37+03:00","operating_reset_at":1717325195,"operating":1.9490599632263184}}}