{"url":"https:\/\/tinger.bitrix24.ru\/rest\/190\/42tc2gxq8od2858i\/crm.lead.add.json","info":{"url":"https:\/\/tinger.bitrix24.ru\/rest\/190\/42tc2gxq8od2858i\/crm.lead.add.json","content_type":"application\/json; charset=utf-8","http_code":200,"header_size":926,"request_size":208,"filetime":-1,"ssl_verify_result":0,"redirect_count":0,"total_time":2.255865,"namelookup_time":0.016493000000000001,"connect_time":0.03168,"pretransfer_time":0.052819999999999999,"size_upload":12201,"size_download":261,"speed_download":115,"speed_upload":5410,"download_content_length":-1,"upload_content_length":12201,"starttransfer_time":0.052822000000000001,"redirect_time":0,"redirect_url":"","primary_ip":"46.235.53.70","certinfo":[],"primary_port":443,"local_ip":"188.225.57.79","local_port":58102,"http_version":3,"protocol":2,"ssl_verifyresult":0,"scheme":"HTTPS","appconnect_time_us":52717,"connect_time_us":31680,"namelookup_time_us":16493,"pretransfer_time_us":52820,"redirect_time_us":0,"starttransfer_time_us":52822,"total_time_us":2255865},"params":{"method":"crm.lead.add","params":{"fields":{"NAME":"\u0415\u043b\u0435\u043d\u0430","PHONE":[{"VALUE":"8 (915) 349-46-69","VALUE_TYPE":"WORK"}],"EMAIL":[{"VALUE":"Lapina_ev@yahoo.com","VALUE_TYPE":"WORK"}],"TRACE":"{\u0022url\u0022:\u0022https:\/\/tingard.ru\/installation\/\u0022,\u0022device\u0022:{\u0022isMobile\u0022:true},\u0022tags\u0022:{\u0022ts\u0022:1773065771,\u0022list\u0022:{\u0022utm_source\u0022:\u0022yandex\u0022,\u0022utm_medium\u0022:\u0022cpc\u0022,\u0022utm_campaign\u0022:\u0022mk_rf_kval_click\u0022,\u0022utm_content\u0022:\u00221900790426702357346\u0022,\u0022utm_term\u0022:\u0022---autotargeting\u0022},\u0022gclid\u0022:null},\u0022client\u0022:{\u0022yaId\u0022:\u00221757852770760985884\u0022},\u0022pages\u0022:{\u0022list\u0022:[[\u0022https:\/\/tingard.ru\/manufacture\/\u0022,1773379881,\u0022\u0417\u0430\u0432\u043e\u0434 \u043f\u043e \u043f\u0440\u043e\u0438\u0437\u0432\u043e\u0434\u0441\u0442\u0432\u0443 \u0431\u0435\u0441\u0448\u043e\u0432\u043d\u044b\u0445 \u043f\u043b\u0430\u0441\u0442\u0438\u043a\u043e\u0022],[\u0022https:\/\/tingard.ru\/catalog\/\u0022,1773638906,\u0022\u041a\u0430\u0442\u0430\u043b\u043e\u0433 \u043f\u043e\u0433\u0440\u0435\u0431\u043e\u0432\u0022],[\u0022https:\/\/tingard.ru\/contacts\/\u0022,1773638971,\u0022\u041a\u043e\u043d\u0442\u0430\u043a\u0442\u044b\u0022],[\u0022https:\/\/tingard.ru\/payment\/\u0022,1773638980,\u0022\u0418\u043d\u0444\u043e\u0440\u043c\u0430\u0446\u0438\u044f \u043f\u043e \u0434\u043e\u0441\u0442\u0430\u0432\u043a\u0435 \u0438 \u043e\u043f\u043b\u0430\u0442\u0435 \u0431\u0435\u0441\u0448\u043e\u0432\u043d\u044b\u0022],[\u0022https:\/\/tingard.ru\/installation\/\u0022,1773641023,\u0022\u041c\u043e\u043d\u0442\u0430\u0436 \u0431\u0435\u0441\u0448\u043e\u0432\u043d\u044b\u0445 \u043f\u043e\u0433\u0440\u0435\u0431\u043e\u0432 TINGARD \u0437\u0430 1 \u0434\u0022]]},\u0022gid\u0022:null,\u0022previous\u0022:{\u0022list\u0022:[{\u0022url\u0022:\u0022https:\/\/tingard.ru\/?utm_content=gift\u0026utm_source=yandex\u0026utm_medium=cpc\u0026utm_campaign=mk_rf_kval_test\u0026utm_term=---autotargeting\u0026roistat=direct14_search_704697320_rsMasterGroup_rsMasterBanner_---autotargeting\u0026etext=2202.LgFq4TnRIsfAhi08nUl8BW13amF2a2l1cmxmbHBkZnc.f6996b3e6f1461269ecf5f0ffc14f5f0aa56bbbc\u0026yclid=15127202961098801151\u0026ybaip=1\u0022,\u0022device\u0022:{\u0022isMobile\u0022:true},\u0022tags\u0022:{\u0022ts\u0022:1769328268,\u0022list\u0022:{\u0022utm_source\u0022:\u0022yandex\u0022,\u0022utm_medium\u0022:\u0022cpc\u0022,\u0022utm_campaign\u0022:\u0022mk_rf_kval_click\u0022,\u0022utm_content\u0022:\u002217359046848\u0022,\u0022utm_term\u0022:\u0022---autotargeting\u0022},\u0022gclid\u0022:null},\u0022client\u0022:{\u0022yaId\u0022:\u00221757852770760985884\u0022},\u0022pages\u0022:{\u0022list\u0022:[[\u0022https:\/\/tingard.ru\/?utm_source=yandex\u0026utm_medium=cpc\u0026utm_campaign=mk_rf_kval_click\u0026utm_content=17359046848\u0026utm_term=---autotargeting\u0026roistat=direct14_context_701489563_rsMasterGroup_rsMasterBanner_---autotargeting\u0026yclid=13505683001923862527\u0026ybaip=1\u0022,1769328269,\u0022TINGARD \u2014 \u0431\u0435\u0441\u0448\u043e\u0432\u043d\u044b\u0439 \u043f\u043b\u0430\u0441\u0442\u0438\u043a\u043e\u0432\u044b\u0439 \u043f\u043e\u0433\u0440\u0435\u0431 \u0441\u0022],[\u0022https:\/\/tingard.ru\/catalog\/\u0022,1769328273,\u0022\u041a\u0430\u0442\u0430\u043b\u043e\u0433 \u043f\u043e\u0433\u0440\u0435\u0431\u043e\u0432\u0022]]},\u0022gid\u0022:null},{\u0022url\u0022:\u0022https:\/\/tingard.ru\/?utm_source=yandex\u0026utm_medium=cpc\u0026utm_campaign=mk_rf_kval_click\u0026utm_content=1900790426702357346\u0026utm_term=---autotargeting\u0026roistat=direct14_search_701489563_rsMasterGroup_rsMasterBanner_---autotargeting\u0026etext=2202.-1LldjxMMrckOhFMINwx_XZjYnB1b2hkY3Rjd2d5eGI.89141fbe11239d5a73de2b59e03fe10c598f4b57\u0026yclid=9198769294358872063\u0026ybaip=1\u0022,\u0022ref\u0022:\u0022https:\/\/yandex.ru\/\u0022,\u0022device\u0022:{\u0022isMobile\u0022:true},\u0022tags\u0022:{\u0022ts\u0022:1770543438,\u0022list\u0022:{\u0022utm_content\u0022:\u0022gift\u0022,\u0022utm_source\u0022:\u0022yandex\u0022,\u0022utm_medium\u0022:\u0022cpc\u0022,\u0022utm_campaign\u0022:\u0022mk_rf_kval_test\u0022,\u0022utm_term\u0022:\u0022---autotargeting\u0022},\u0022gclid\u0022:null},\u0022client\u0022:{\u0022yaId\u0022:32216254},\u0022pages\u0022:{\u0022list\u0022:[[\u0022https:\/\/tingard.ru\/?utm_content=gift\u0026utm_source=yandex\u0026utm_medium=cpc\u0026utm_campaign=mk_rf_kval_test\u0026utm_term=---autotargeting\u0026roistat=direct14_search_704697320_rsMasterGroup_rsMasterBanner_---autotargeting\u0026etext=2202.LgFq4TnRIsfAhi08nUl8BW13amF2a2l1cmxmbHBkZnc.f6996b3e6f1461269ecf5f0ffc14f5f0aa56bbbc\u0026yclid=15127202961098801151\u0026ybaip=1\u0022,1770543439,\u0022TINGARD \u2014 \u0431\u0435\u0441\u0448\u043e\u0432\u043d\u044b\u0439 \u043f\u043b\u0430\u0441\u0442\u0438\u043a\u043e\u0432\u044b\u0439 \u043f\u043e\u0433\u0440\u0435\u0431 \u0441\u0022],[\u0022https:\/\/tingard.ru\/\u0022,1771483830,\u0022TINGARD \u2014 \u0431\u0435\u0441\u0448\u043e\u0432\u043d\u044b\u0439 \u043f\u043b\u0430\u0441\u0442\u0438\u043a\u043e\u0432\u044b\u0439 \u043f\u043e\u0433\u0440\u0435\u0431 \u0441\u0022],[\u0022https:\/\/tingard.ru\/catalog\/\u0022,1771483834,\u0022\u041a\u0430\u0442\u0430\u043b\u043e\u0433 \u043f\u043e\u0433\u0440\u0435\u0431\u043e\u0432\u0022],[\u0022https:\/\/tingard.ru\/installation\/\u0022,1771483889,\u0022\u041c\u043e\u043d\u0442\u0430\u0436 \u0431\u0435\u0441\u0448\u043e\u0432\u043d\u044b\u0445 \u043f\u043e\u0433\u0440\u0435\u0431\u043e\u0432 TINGARD \u0437\u0430 1 \u0434\u0022],[\u0022https:\/\/tingard.ru\/manufacture\/\u0022,1771483930,\u0022\u0417\u0430\u0432\u043e\u0434 \u043f\u043e \u043f\u0440\u043e\u0438\u0437\u0432\u043e\u0434\u0441\u0442\u0432\u0443 \u0431\u0435\u0441\u0448\u043e\u0432\u043d\u044b\u0445 \u043f\u043b\u0430\u0441\u0442\u0438\u043a\u043e\u0022]]},\u0022gid\u0022:null},{\u0022url\u0022:\u0022https:\/\/tingard.ru\/?utm_source=yandex\u0026utm_medium=cpc\u0026utm_campaign=mk_rf_kval_click\u0026utm_content=1900790426702357346\u0026utm_term=---autotargeting\u0026roistat=direct14_search_701489563_rsMasterGroup_rsMasterBanner_---autotargeting\u0026etext=2202.-1LldjxMMrckOhFMINwx_XZjYnB1b2hkY3Rjd2d5eGI.89141fbe11239d5a73de2b59e03fe10c598f4b57\u0026yclid=9198769294358872063\u0026ybaip=1\u0022,\u0022device\u0022:{\u0022isMobile\u0022:true},\u0022tags\u0022:{\u0022ts\u0022:1771563047,\u0022list\u0022:{\u0022utm_source\u0022:\u0022yandex\u0022,\u0022utm_medium\u0022:\u0022cpc\u0022,\u0022utm_campaign\u0022:\u0022mk_rf_kval_click\u0022,\u0022utm_content\u0022:\u00221900790426702357346\u0022,\u0022utm_term\u0022:\u0022---autotargeting\u0022},\u0022gclid\u0022:null},\u0022client\u0022:{\u0022yaId\u0022:\u00221757852770760985884\u0022},