{"url":"https:\/\/tinger.bitrix24.ru\/rest\/190\/42tc2gxq8od2858i\/crm.lead.add.json","info":{"url":"https:\/\/tinger.bitrix24.ru\/rest\/190\/42tc2gxq8od2858i\/crm.lead.add.json","content_type":"application\/json; charset=utf-8","http_code":200,"header_size":922,"request_size":207,"filetime":-1,"ssl_verify_result":0,"redirect_count":0,"total_time":7.4293480000000001,"namelookup_time":5.3065509999999998,"connect_time":5.3150110000000002,"pretransfer_time":5.3328519999999999,"size_upload":7561,"size_download":263,"speed_download":35,"speed_upload":1017,"download_content_length":-1,"upload_content_length":7561,"starttransfer_time":5.3328540000000002,"redirect_time":0,"redirect_url":"","primary_ip":"217.16.18.181","certinfo":[],"primary_port":443,"local_ip":"188.225.57.79","local_port":55850,"http_version":3,"protocol":2,"ssl_verifyresult":0,"scheme":"HTTPS","appconnect_time_us":5332751,"connect_time_us":5315011,"namelookup_time_us":5306551,"pretransfer_time_us":5332852,"redirect_time_us":0,"starttransfer_time_us":5332854,"total_time_us":7429348},"params":{"method":"crm.lead.add","params":{"fields":{"NAME":"\u041c\u0430\u0440\u0438\u044f \u0410\u043b\u0435\u043a\u0441\u0430\u043d\u0434\u0440\u043e\u0432\u043d\u0430 \u041a\u0440\u0443\u0433\u043b\u043e\u0432\u0430","PHONE":[{"VALUE":"+7 (927) 403-99-07","VALUE_TYPE":"WORK"}],"EMAIL":[{"VALUE":"Xgrifonx@mail.ru","VALUE_TYPE":"WORK"}],"TRACE":"{\u0022url\u0022:\u0022https:\/\/tingard.ru\/?utm_source=yandex\u0026utm_medium=cpc\u0026utm_campaign=mk_rf\u0026utm_content=1900728619974771567\u0026utm_term=---autotargeting\u0026roistat=direct14_search_89463958_rsMasterGroup_rsMasterBanner_---autotargeting\u0026etext=2202.AU2dlnEf2NmmjPZnkQbqelM7okNUDRgJfu70z7hEA08djU_qSfplg09_yVtx1T5xalQ4teXDGUxddP_PJTrJ1q3xBVwHDrSVOpkF9vlhrtVqYWNwcGRzb2RzY2Z4a3Fk.c5fdb5f385f6ad3e1749d5ba140d6d60988cd737\u0026yclid=11353836889129877503\u0026ybaip=1\u0022,\u0022ref\u0022:\u0022https:\/\/yandex.ru\/\u0022,\u0022device\u0022:{\u0022isMobile\u0022:true},\u0022tags\u0022:{\u0022ts\u0022:1773643285,\u0022list\u0022:{\u0022utm_source\u0022:\u0022yandex\u0022,\u0022utm_medium\u0022:\u0022cpc\u0022,\u0022utm_campaign\u0022:\u0022mk_rf\u0022,\u0022utm_content\u0022:\u00221900728619974771567\u0022,\u0022utm_term\u0022:\u0022---autotargeting\u0022},\u0022gclid\u0022:null},\u0022client\u0022:{\u0022yaId\u0022:\u00221772670832688646984\u0022},\u0022pages\u0022:{\u0022list\u0022:[[\u0022https:\/\/tingard.ru\/?utm_source=yandex\u0026utm_medium=cpc\u0026utm_campaign=mk_rf\u0026utm_content=1900728619974771567\u0026utm_term=---autotargeting\u0026roistat=direct14_search_89463958_rsMasterGroup_rsMasterBanner_---autotargeting\u0026etext=2202.AU2dlnEf2NmmjPZnkQbqelM7okNUDRgJfu70z7hEA08djU_qSfplg09_yVtx1T5xalQ4teXDGUxddP_PJTrJ1q3xBVwHDrSVOpkF9vlhrtVqYWNwcGRzb2RzY2Z4a3Fk.c5fdb5f385f6ad3e1749d5ba140d6d60988cd737\u0026yclid=11353836889129877503\u0026ybaip=1\u0022,1773643286,\u0022TINGARD \u2014 \u0431\u0435\u0441\u0448\u043e\u0432\u043d\u044b\u0439 \u043f\u043b\u0430\u0441\u0442\u0438\u043a\u043e\u0432\u044b\u0439 \u043f\u043e\u0433\u0440\u0435\u0431 \u0441\u0022]]},\u0022gid\u0022:null,\u0022previous\u0022:{\u0022list\u0022:[{\u0022url\u0022:\u0022https:\/\/tingard.ru\/?utm_source=yandex\u0026utm_medium=cpc\u0026utm_campaign=mk_rf_kval\u0026utm_content=1900772303016972232\u0026utm_term=---autotargeting\u0026roistat=direct14_search_702036728_rsMasterGroup_rsMasterBanner_---autotargeting\u0026etext=2202.1rmWjmh196IyTVpGCzrT_ereDNClqUCVziqPurJr2nSTZ0uxz_J8o3aCuC5skfK2xPdXxk1LrWySvHXsksgbkN9rbhjYLVTPm6paH8FlJrFjZW9sa2djYnl1cm5lamZl.e583f69b5c890a26c484b65e5650639de8d4f615\u0026yclid=4787835645108682751\u0026ybaip=1\u0022,\u0022ref\u0022:\u0022https:\/\/yandex.ru\/\u0022,\u0022device\u0022:{\u0022isMobile\u0022:true},\u0022tags\u0022:{\u0022ts\u0022:1772670831,\u0022list\u0022:{\u0022utm_source\u0022:\u0022yandex\u0022,\u0022utm_medium\u0022:\u0022cpc\u0022,\u0022utm_campaign\u0022:\u0022mk_rf_kval_click\u0022,\u0022utm_content\u0022:\u00221900790426702357346\u0022,\u0022utm_term\u0022:\u0022---autotargeting\u0022},\u0022gclid\u0022:null},\u0022client\u0022:{},\u0022pages\u0022:{\u0022list\u0022:[[\u0022https:\/\/tingard.ru\/?utm_source=yandex\u0026utm_medium=cpc\u0026utm_campaign=mk_rf_kval_click\u0026utm_content=1900790426702357346\u0026utm_term=---autotargeting\u0026roistat=direct14_search_701489563_rsMasterGroup_rsMasterBanner_---autotargeting\u0026etext=2202.oDFTgDnJBtk6MLrN9XTbisPMi9hl8K_ZwvNpaipdtaoLkpBFOx7Oqz8obJ7z0r2F6nVSXfYu9T3MGMTuHb9NuG5yaWJhdW5pYWthbW1uZmM.d0ce7a6fec247ac6b4cec874427ea81040155331\u0026yclid=13811006889733128191\u0026ybaip=1\u0022,1772670832,\u0022TINGARD \u2014 \u0431\u0435\u0441\u0448\u043e\u0432\u043d\u044b\u0439 \u043f\u043b\u0430\u0441\u0442\u0438\u043a\u043e\u0432\u044b\u0439 \u043f\u043e\u0433\u0440\u0435\u0431 \u0441\u0022]]},\u0022gid\u0022:null},{\u0022url\u0022:\u0022https:\/\/tingard.ru\/?utm_source=yandex\u0026utm_medium=cpc\u0026utm_campaign=mk_rf\u0026utm_content=1900728619974771567\u0026utm_term=---autotargeting\u0026roistat=direct14_search_89463958_rsMasterGroup_rsMasterBanner_---autotargeting\u0026etext=2202.AU2dlnEf2NmmjPZnkQbqelM7okNUDRgJfu70z7hEA08djU_qSfplg09_yVtx1T5xalQ4teXDGUxddP_PJTrJ1q3xBVwHDrSVOpkF9vlhrtVqYWNwcGRzb2RzY2Z4a3Fk.c5fdb5f385f6ad3e1749d5ba140d6d60988cd737\u0026yclid=11353836889129877503\u0026ybaip=1\u0022,\u0022device\u0022:{\u0022isMobile\u0022:true},\u0022tags\u0022:{\u0022ts\u0022:1773560034,\u0022list\u0022:{\u0022utm_source\u0022:\u0022yandex\u0022,\u0022utm_medium\u0022:\u0022cpc\u0022,\u0022utm_campaign\u0022:\u0022mk_rf_kval\u0022,\u0022utm_content\u0022:\u00221900772303016972232\u0022,\u0022utm_term\u0022:\u0022---autotargeting\u0022},\u0022gclid\u0022:null},\u0022client\u0022:{},\u0022pages\u0022:{\u0022list\u0022:[[\u0022https:\/\/tingard.ru\/?utm_source=yandex\u0026utm_medium=cpc\u0026utm_campaign=mk_rf_kval\u0026utm_content=1900772303016972232\u0026utm_term=---autotargeting\u0026roistat=direct14_search_702036728_rsMasterGroup_rsMasterBanner_---autotargeting\u0026etext=2202.1rmWjmh196IyTVpGCzrT_ereDNClqUCVziqPurJr2nSTZ0uxz_J8o3aCuC5skfK2xPdXxk1LrWySvHXsksgbkN9rbhjYLVTPm6paH8FlJrFjZW9sa2djYnl1cm5lamZl.e583f69b5c890a26c484b65e5650639de8d4f615\u0026yclid=4787835645108682751\u0026ybaip=1\u0022,1773560034,\u0022TINGARD \u2014 \u0431\u0435\u0441\u0448\u043e\u0432\u043d\u044b\u0439 \u043f\u043b\u0430\u0441\u0442\u0438\u043a\u043e\u0432\u044b\u0439 \u043f\u043e\u0433\u0440\u0435\u0431 \u0441\u0022],[\u0022https:\/\/tingard.ru\/catalog\/\u0022,1773560093,\u0022\u041a\u0430\u0442\u0430\u043b\u043e\u0433 \u043f\u043e\u0433\u0440\u0435\u0431\u043e\u0432\u0022]]},\u0022gid\u0022:null}]}}","UF_CRM_1736853511":"1772670832688646984","UF_CRM_1736853555":"1772670832688646984","UF_CRM_1736853537":"1772670832688646984","UF_CRM_1517561552":"3877405",