{"url":"https:\/\/tinger.bitrix24.ru\/rest\/190\/42tc2gxq8od2858i\/crm.lead.add.json","info":{"url":"https:\/\/tinger.bitrix24.ru\/rest\/190\/42tc2gxq8od2858i\/crm.lead.add.json","content_type":"application\/json; charset=utf-8","http_code":200,"header_size":1034,"request_size":208,"filetime":-1,"ssl_verify_result":0,"redirect_count":0,"total_time":2.4380890000000002,"namelookup_time":0.015520000000000001,"connect_time":0.025930999999999999,"pretransfer_time":0.045462000000000002,"size_upload":13548,"size_download":289,"speed_download":118,"speed_upload":5557,"download_content_length":-1,"upload_content_length":13548,"starttransfer_time":0.045463999999999997,"redirect_time":0,"redirect_url":"","primary_ip":"195.208.185.4","certinfo":[],"primary_port":443,"local_ip":"188.225.57.79","local_port":51670,"http_version":3,"protocol":2,"ssl_verifyresult":0,"scheme":"HTTPS","appconnect_time_us":45332,"connect_time_us":25931,"namelookup_time_us":15520,"pretransfer_time_us":45462,"redirect_time_us":0,"starttransfer_time_us":45464,"total_time_us":2438089},"params":{"method":"crm.lead.add","params":{"fields":{"NAME":"\u0413\u043e\u0441\u0442\u044c","PHONE":[{"VALUE":null,"VALUE_TYPE":"WORK"}],"EMAIL":[{"VALUE":"r.biryukov@bars.su","VALUE_TYPE":"WORK"}],"TRACE":"{\u0022url\u0022:\u0022https:\/\/tinger.ru\/configurator\/\u0022,\u0022device\u0022:{\u0022isMobile\u0022:false},\u0022tags\u0022:{\u0022ts\u0022:1717160371,\u0022list\u0022:{},\u0022gclid\u0022:null},\u0022client\u0022:{\u0022gaId\u0022:\u00221934246838.1717160014\u0022,\u0022yaId\u0022:\u00221568621140299325844\u0022},\u0022pages\u0022:{\u0022list\u0022:[[\u0022https:\/\/tinger.ru\/\u0022,1711542475,\u0022\u0412\u0435\u0437\u0434\u0435\u0445\u043e\u0434\u044b \u0438 \u0431\u043e\u043b\u043e\u0442\u043e\u0445\u043e\u0434\u044b \u043e\u0442 \u043f\u0440\u043e\u0438\u0437\u0432\u043e\u0434\u0438\u0442\u0435\u043b\u044f \u0022],[\u0022https:\/\/tinger.ru\/catalog\/perelomka\/\u0022,1717160024,\u0022\u041a\u0443\u043f\u0438\u0442\u044c \u0432\u0435\u0437\u0434\u0435\u0445\u043e\u0434 \u043f\u0435\u0440\u0435\u043b\u043e\u043c\u043a\u0443 TINGER TF4 \u0432 \u0420\u0022],[\u0022https:\/\/tinger.ru\/configurator\/\u0022,1717160371,\u0022\u041a\u043e\u043d\u0444\u0438\u0433\u0443\u0440\u0430\u0442\u043e\u0440 \u0432\u0435\u0437\u0434\u0435\u0445\u043e\u0434\u043d\u043e\u0439 \u0442\u0435\u0445\u043d\u0438\u043a\u0438\u0022]]},\u0022gid\u0022:null,\u0022previous\u0022:{\u0022list\u0022:[{\u0022url\u0022:\u0022https:\/\/tinger.ru\/\u0022,\u0022device\u0022:{\u0022isMobile\u0022:false},\u0022tags\u0022:{\u0022ts\u0022:1596708872,\u0022list\u0022:{},\u0022gclid\u0022:null},\u0022client\u0022:{\u0022gaId\u0022:\u00221074187651.1568621140\u0022,\u0022yaId\u0022:\u00221568621140299325844\u0022},\u0022pages\u0022:{\u0022list\u0022:[[\u0022https:\/\/tinger.ru\/company\/about-company\/\u0022,1589894510,\u0022\u041e \u043a\u043e\u043c\u043f\u0430\u043d\u0438\u0438 \u2014 TINGER\u0022],[\u0022https:\/\/tinger.ru\/model\/ar\/\u0022,1589894804,\u0022\u041c\u043e\u0434\u0435\u043b\u0438 \u0432\u0435\u0437\u0434\u0435\u0445\u043e\u0434\u043e\u0432 \u0442\u0438\u043d\u0433\u0435\u0440, \u0441\u043d\u0435\u0433\u043e\u0445\u043e\u0434\u043e\u0432, \u0431\u043e\u0022],[\u0022https:\/\/tinger.ru\/thanks\/\u0022,1589955278,\u0022\u0421\u043f\u0430\u0441\u0438\u0431\u043e\u0022],[\u0022https:\/\/tinger.ru\/\u0022,1596708866,\u0022\u0412\u0435\u0437\u0434\u0435\u0445\u043e\u0434\u044b \u0422\u0438\u043d\u0433\u0435\u0440 - \u043e\u0444\u0438\u0446\u0438\u0430\u043b\u044c\u043d\u044b\u0439 \u0441\u0430\u0439\u0442\u0022],[\u0022https:\/\/tinger.ru\/conf\/\u0022,1596708872,\u0022\u041a\u043e\u043d\u0444\u0438\u0433\u0443\u0440\u0430\u0442\u043e\u0440 \u2014 Tinger\u0022]]},\u0022gid\u0022:null},{\u0022url\u0022:\u0022https:\/\/tinger.ru\/\u0022,\u0022device\u0022:{\u0022isMobile\u0022:false},\u0022tags\u0022:{\u0022ts\u0022:1691759707,\u0022list\u0022:{},\u0022gclid\u0022:null},\u0022client\u0022:{\u0022gaId\u0022:\u00221917214339.1691759648\u0022,\u0022yaId\u0022:\u00221568621140299325844\u0022},\u0022pages\u0022:{\u0022list\u0022:[[\u0022https:\/\/tinger.ru\/\u0022,1608211407,\u0022\u0412\u0435\u0437\u0434\u0435\u0445\u043e\u0434\u044b \u0422\u0438\u043d\u0433\u0435\u0440 - \u043e\u0444\u0438\u0446\u0438\u0430\u043b\u044c\u043d\u044b\u0439 \u0441\u0430\u0439\u0442\u0022],[\u0022https:\/\/tinger.ru\/model\/sc\/\u0022,1608211416,\u0022\u0412\u0435\u0437\u0434\u0435\u0445\u043e\u0434 tinger scout\u0022],[\u0022https:\/\/tinger.ru\/dealers\/\u0022,1691759707,\u0022\u0414\u0438\u043b\u0435\u0440\u0441\u043a\u0430\u044f \u0441\u0435\u0442\u044c \u0432\u0435\u0437\u0434\u0435\u0445\u043e\u0434\u043e\u0432 \u0438 \u0434\u0440\u0443\u0433\u043e\u0439 \u0442\u0435\u0445\u043d\u0438\u0022],[\u0022https:\/\/tinger.ru\/contacts\/\u0022,1691759778,\u0022\u041a\u043e\u043d\u0442\u0430\u043a\u0442\u044b \u0433\u0440\u0443\u043f\u043f\u044b \u043a\u043e\u043c\u043f\u0430\u043d\u0438\u0439 TINGER\u0022],[\u0022https:\/\/tinger.ru\/catalog\/tinger-dog\/\u0022,1692948299,\u0022\u041c\u043e\u0442\u043e\u0431\u0443\u043a\u0441\u0438\u0440\u043e\u0432\u0449\u0438\u043a TINGER Dog\u0022]]},\u0022gid\u0022:null},{\u0022url\u0022:\u0022https:\/\/tinger.ru\/\u0022,\u0022device\u0022:{\u0022isMobile\u0022:false},\u0022tags\u0022:{},\u0022client\u0022:{\u0022gaId\u0022:\u0022351361645.1707483710\u0022,\u0022yaId\u0022:\u00221568621140299325844\u0022},\u0022pages\u0022:{\u0022list\u0022:[[\u0022https:\/\/tinger.ru\/\u0022,1698761595,\u0022\u0412\u0435\u0437\u0434\u0435\u0445\u043e\u0434\u044b \u0438 \u0431\u043e\u043b\u043e\u0442\u043e\u0445\u043e\u0434\u044b \u043e\u0442 \u043f\u0440\u043e\u0438\u0437\u0432\u043e\u0434\u0438\u0442\u0435\u043b\u044f \u0022],[\u0022https:\/\/tinger.ru\/catalog\/tinger-armor\/\u0022,1698761610,\u0022\u041a\u0443\u043f\u0438\u0442\u044c \u0432\u0435\u0437\u0434\u0435\u0445\u043e\u0434\u044b \u043d\u0430 \u0448\u0438\u043d\u0430\u0445 \u043d\u0438\u0437\u043a\u043e\u0433\u043e \u0434\u0430\u0432\u043b\u0435\u043d\u0022],[\u0022https:\/\/tinger.ru\/parts\/gusenitsa-380-mm-viking-track-1-90-zatsepov-45-klykov\/\u0022,1698834409,\u0022\u0413\u0443\u0441\u0435\u043d\u0438\u0446\u0430 380 \u043c\u043c Viking \/ Track 1 (90 \u0437\u0430\u0446\u0022],[\u0022https:\/\/tinger.ru\/configurator\/\u0022,1707483711,\u0022\u041a\u043e\u043d\u0444\u0438\u0433\u0443\u0440\u0430\u0442\u043e\u0440 \u0432\u0435\u0437\u0434\u0435\u0445\u043e\u0434\u043d\u043e\u0439 \u0442\u0435\u0445\u043d\u0438\u043a\u0438\u0022]]},\u0022gid\u0022:null},{\u0022url\u0022:\u0022https:\/\/tinger.ru\/\u0022,\u0022device\u0022:{\u0022isMobile\u0022:false},\u0022tags\u0022:{\u0022ts\u0022:1707832779,\u0022list\u0022:{},\u0022gclid\u0022:null},\u0022client\u0022:{\u0022gaId\u0022:\u0022351361645.1707483710\u0022,\u0022yaId\u0022:35231225},\u0022pages\u0022:{\u0022list\u0022:[[\u0022https:\/\/tinger.ru\/\u0022,1707832779,\u0022\u0412\u0435\u0437\u0434\u0435\u0445\u043e\u0434\u044b \u0438 \u0431\u043e\u043b\u043e\u0442\u043e\u0445\u043e\u0434\u044b \u043e\u0442 \u043f\u0440\u043e\u0438\u0437\u0432\u043e\u0434\u0438\u0442\u0435\u043b\u044f \u0022]]},\u0022gid\u0022:null}]}}",