{"url":"https:\/\/tinger.bitrix24.ru\/rest\/190\/42tc2gxq8od2858i\/crm.lead.add.json","info":{"url":"https:\/\/tinger.bitrix24.ru\/rest\/190\/42tc2gxq8od2858i\/crm.lead.add.json","content_type":"application\/json; charset=utf-8","http_code":200,"header_size":920,"request_size":207,"filetime":-1,"ssl_verify_result":0,"redirect_count":0,"total_time":17.591743000000001,"namelookup_time":15.226775,"connect_time":15.228861999999999,"pretransfer_time":15.238491,"size_upload":2147,"size_download":261,"speed_download":14,"speed_upload":122,"download_content_length":-1,"upload_content_length":2147,"starttransfer_time":15.238493999999999,"redirect_time":0,"redirect_url":"","primary_ip":"178.132.201.52","certinfo":[],"primary_port":443,"local_ip":"188.225.57.79","local_port":39194,"http_version":3,"protocol":2,"ssl_verifyresult":0,"scheme":"HTTPS","appconnect_time_us":15238374,"connect_time_us":15228862,"namelookup_time_us":15226775,"pretransfer_time_us":15238491,"redirect_time_us":0,"starttransfer_time_us":15238494,"total_time_us":17591743},"params":{"method":"crm.lead.add","params":{"fields":{"NAME":"\u0410\u043d\u0434\u0440\u0435\u0439","PHONE":[{"VALUE":"+7 (985) 193-52-57","VALUE_TYPE":"WORK"}],"EMAIL":[{"VALUE":"kuper71@mail.ru","VALUE_TYPE":"WORK"}],"TRACE":"{\u0022url\u0022:\u0022https:\/\/tingard.ru\/catalog\/\u0022,\u0022device\u0022:{\u0022isMobile\u0022:false},\u0022tags\u0022:{\u0022ts\u0022:1773141507,\u0022list\u0022:{\u0022utm_source\u0022:\u0022yandex\u0022,\u0022utm_medium\u0022:\u0022cpc\u0022,\u0022utm_campaign\u0022:\u0022mk_rf_kval\u0022,\u0022utm_content\u0022:\u00221900772303016972232\u0022,\u0022utm_term\u0022:\u0022---autotargeting\u0022},\u0022gclid\u0022:null},\u0022client\u0022:{\u0022yaId\u0022:\u00221772713475169539219\u0022},\u0022pages\u0022:{\u0022list\u0022:[[\u0022https:\/\/tingard.ru\/?utm_source=yandex\u0026utm_medium=cpc\u0026utm_campaign=mk_rf_kval\u0026utm_content=1900772303016972232\u0026utm_term=---autotargeting\u0026roistat=direct14_search_702036728_rsMasterGroup_rsMasterBanner_---autotargeting\u0026etext=2202.4jqsxnYxITuNKhBIPjVITNuapsXIfLIotL60JtlO4JKgT-zqNLKLy-I0AiDz92YoeWl3dmZydHJ5Y2VremZpZQ.81fbd62440521459cfe7077bc6c1f0d0839e1365\u0026yclid=9546370319930359807\u0026ybaip=1\u0022,1773141507,\u0022TINGARD \u2014 \u0431\u0435\u0441\u0448\u043e\u0432\u043d\u044b\u0439 \u043f\u043b\u0430\u0441\u0442\u0438\u043a\u043e\u0432\u044b\u0439 \u043f\u043e\u0433\u0440\u0435\u0431 \u0441\u0022],[\u0022https:\/\/tingard.ru\/catalog\/\u0022,1773141510,\u0022\u041a\u0430\u0442\u0430\u043b\u043e\u0433 \u043f\u043e\u0433\u0440\u0435\u0431\u043e\u0432\u0022],[\u0022https:\/\/tingard.ru\/contacts\/\u0022,1773141770,\u0022\u041a\u043e\u043d\u0442\u0430\u043a\u0442\u044b\u0022]]},\u0022gid\u0022:null,\u0022previous\u0022:{\u0022list\u0022:[]}}","UF_CRM_1736853511":"1772713475169539219","UF_CRM_1736853555":"1772713475169539219","UF_CRM_1736853537":"1772713475169539219","UF_CRM_1517561552":"3882450","COMMENTS":null,"TITLE":"\u0417\u0430\u043a\u0430\u0437\u0430\u0442\u044c \u043f\u043e\u0433\u0440\u0435\u0431","UF_CRM_1449663065":68,"ASSIGNED_BY_ID":58,"SOURCE_ID":9}}},"result":{"result":647288,"time":{"start":1773141628,"finish":1773141630.3197589,"duration":2.3197588920593262,"processing":2,"date_start":"2026-03-10T14:20:28+03:00","date_finish":"2026-03-10T14:20:30+03:00","operating_reset_at":1773142228,"operating":2.252410888671875}}}