{"url":"https:\/\/tinger.bitrix24.ru\/rest\/190\/42tc2gxq8od2858i\/crm.lead.add.json","info":{"url":"https:\/\/tinger.bitrix24.ru\/rest\/190\/42tc2gxq8od2858i\/crm.lead.add.json","content_type":"application\/json; charset=utf-8","http_code":200,"header_size":1035,"request_size":207,"filetime":-1,"ssl_verify_result":0,"redirect_count":0,"total_time":2.5393620000000001,"namelookup_time":0.001575,"connect_time":0.0095779999999999997,"pretransfer_time":0.027054000000000002,"size_upload":1879,"size_download":289,"speed_download":113,"speed_upload":740,"download_content_length":-1,"upload_content_length":1879,"starttransfer_time":0.027057000000000001,"redirect_time":0,"redirect_url":"","primary_ip":"178.248.236.39","certinfo":[],"primary_port":443,"local_ip":"188.225.57.79","local_port":51966,"http_version":3,"protocol":2,"ssl_verifyresult":0,"scheme":"HTTPS","appconnect_time_us":26924,"connect_time_us":9578,"namelookup_time_us":1575,"pretransfer_time_us":27054,"redirect_time_us":0,"starttransfer_time_us":27057,"total_time_us":2539362},"params":{"method":"crm.lead.add","params":{"fields":{"NAME":"\u0410\u043b\u0435\u043a\u0441\u0430\u043d\u0434\u0440","PHONE":[{"VALUE":"+7 (914) 159-82-43","VALUE_TYPE":"WORK"}],"EMAIL":[{"VALUE":null,"VALUE_TYPE":"WORK"}],"TRACE":"{\u0022url\u0022:\u0022https:\/\/tingard.ru\/?utm_source=yandex\u0026utm_medium=cpc\u0026utm_campaign=pogreba_rozn_umnaya_click_perezapusk_29_03\u0026utm_content=16002504788\u0026utm_term=---autotargeting\u0026roistat=direct14_context_16002504788_---autotargeting\u0026roistat_referrer=ru.yandex.weatherplugin\u0026roistat_pos=none_0\u0026yclid=10825187323345633279\u0022,\u0022device\u0022:{\u0022isMobile\u0022:true},\u0022tags\u0022:{\u0022ts\u0022:1715599284,\u0022list\u0022:{\u0022utm_source\u0022:\u0022yandex\u0022,\u0022utm_medium\u0022:\u0022cpc\u0022,\u0022utm_campaign\u0022:\u0022pogreba_rozn_umnaya_click_perezapusk_29_03\u0022,\u0022utm_content\u0022:\u002216002504788\u0022,\u0022utm_term\u0022:\u0022---autotargeting\u0022},\u0022gclid\u0022:null},\u0022client\u0022:{\u0022yaId\u0022:\u00221715599277725201396\u0022},\u0022pages\u0022:{\u0022list\u0022:[[\u0022https:\/\/tingard.ru\/?utm_source=yandex\u0026utm_medium=cpc\u0026utm_campaign=pogreba_rozn_umnaya_click_perezapusk_29_03\u0026utm_content=16002504788\u0026utm_term=---autotargeting\u0026roistat=direct14_context_16002504788_---autotargeting\u0026roistat_referrer=ru.yandex.weatherplugin\u0026roistat_pos=none_0\u0026yclid=10825187323345633279\u0022,1715599285,\u0022TINGARD \u2014 \u0431\u0435\u0441\u0448\u043e\u0432\u043d\u044b\u0439 \u043f\u043b\u0430\u0441\u0442\u0438\u043a\u043e\u0432\u044b\u0439 \u043f\u043e\u0433\u0440\u0435\u0431 \u2116\u0022]]},\u0022gid\u0022:null,\u0022previous\u0022:{\u0022list\u0022:[]}}","COMMENTS":null,"TITLE":"\u0417\u0430\u043a\u0430\u0437\u0430\u0442\u044c \u043f\u043e\u0433\u0440\u0435\u0431","UF_CRM_1449663065":68,"ASSIGNED_BY_ID":58,"SOURCE_ID":9}}},"result":{"result":511822,"time":{"start":1715599309.4404621,"finish":1715599311.8602879,"duration":2.4198257923126221,"processing":2.3738369941711426,"date_start":"2024-05-13T14:21:49+03:00","date_finish":"2024-05-13T14:21:51+03:00","operating_reset_at":1715599909,"operating":2.3738088607788086}}}