{"url":"https:\/\/tinger.bitrix24.ru\/rest\/190\/42tc2gxq8od2858i\/crm.lead.add.json","info":{"url":"https:\/\/tinger.bitrix24.ru\/rest\/190\/42tc2gxq8od2858i\/crm.lead.add.json","content_type":"application\/json; charset=utf-8","http_code":200,"header_size":1032,"request_size":207,"filetime":-1,"ssl_verify_result":0,"redirect_count":0,"total_time":2.8607990000000001,"namelookup_time":0.013276,"connect_time":0.022754,"pretransfer_time":0.046047999999999999,"size_upload":2669,"size_download":288,"speed_download":100,"speed_upload":933,"download_content_length":-1,"upload_content_length":2669,"starttransfer_time":0.046052000000000003,"redirect_time":0,"redirect_url":"","primary_ip":"46.235.53.69","certinfo":[],"primary_port":443,"local_ip":"188.225.57.79","local_port":36952,"http_version":3,"protocol":2,"ssl_verifyresult":0,"scheme":"HTTPS","appconnect_time_us":45863,"connect_time_us":22754,"namelookup_time_us":13276,"pretransfer_time_us":46048,"redirect_time_us":0,"starttransfer_time_us":46052,"total_time_us":2860799},"params":{"method":"crm.lead.add","params":{"fields":{"NAME":"\u041d\u0438\u043d\u0430","PHONE":[{"VALUE":"+7 (987) 223-00-82","VALUE_TYPE":"WORK"}],"EMAIL":[{"VALUE":null,"VALUE_TYPE":"WORK"}],"COMMENTS":null,"TRACE":"{\u0022url\u0022:\u0022https:\/\/tingard.ru\/?utm_source=yandex_kirill\u0026utm_medium=cpc\u0026utm_campaign=pogreba_rozn_umnaya_copy_11_04\u0026utm_content=13300555437\u0026utm_term=---autotargeting\u0026roistat=direct14_search_13300555437_---autotargeting\u0026roistat_referrer=none\u0026roistat_pos=premium_1\u0026yclid=2417037008500686847\u0022,\u0022ref\u0022:\u0022https:\/\/yandex.ru\/\u0022,\u0022device\u0022:{\u0022isMobile\u0022:false},\u0022tags\u0022:{\u0022ts\u0022:1696482185,\u0022list\u0022:{\u0022utm_source\u0022:\u0022yandex_kirill\u0022,\u0022utm_medium\u0022:\u0022cpc\u0022,\u0022utm_campaign\u0022:\u0022pogreba_rozn_umnaya_copy_11_04\u0022,\u0022utm_content\u0022:\u002213300555437\u0022,\u0022utm_term\u0022:\u0022---autotargeting\u0022},\u0022gclid\u0022:null},\u0022client\u0022:{\u0022yaId\u0022:\u00221676635634786573427\u0022},\u0022pages\u0022:{\u0022list\u0022:[[\u0022https:\/\/tingard.ru\/?utm_source=yandex_kirill\u0026utm_medium=cpc\u0026utm_campaign=pogreba_rozn_umnaya_copy_11_04\u0026utm_content=13300555437\u0026utm_term=---autotargeting\u0026roistat=direct14_search_13300555437_---autotargeting\u0026roistat_referrer=none\u0026roistat_pos=premium_1\u0026yclid=2417037008500686847\u0022,1696482186,\u0022TINGARD \u2014 \u0431\u0435\u0441\u0448\u043e\u0432\u043d\u044b\u0439 \u043f\u043b\u0430\u0441\u0442\u0438\u043a\u043e\u0432\u044b\u0439 \u043f\u043e\u0433\u0440\u0435\u0431 \u2116\u0022]]},\u0022gid\u0022:null,\u0022previous\u0022:{\u0022list\u0022:[{\u0022url\u0022:\u0022https:\/\/tingard.ru\/?utm_source=yandex_kirill\u0026utm_medium=cpc\u0026utm_campaign=pogreba_rozn_umnaya_copy_11_04\u0026utm_content=13300555437\u0026utm_term=---autotargeting\u0026roistat=direct14_search_13300555437_---autotargeting\u0026roistat_referrer=none\u0026roistat_pos=premium_1\u0026yclid=2417037008500686847\u0022,\u0022device\u0022:{\u0022isMobile\u0022:false},\u0022tags\u0022:{\u0022ts\u0022:1676635636,\u0022list\u0022:{},\u0022gclid\u0022:null},\u0022client\u0022:{\u0022yaId\u0022:32216254},\u0022pages\u0022:{\u0022list\u0022:[[\u0022https:\/\/tingard.ru\/\u0022,1676635637,\u0022TINGARD \u2014 \u0431\u0435\u0441\u0448\u043e\u0432\u043d\u044b\u0439 \u043f\u043b\u0430\u0441\u0442\u0438\u043a\u043e\u0432\u044b\u0439 \u043f\u043e\u0433\u0440\u0435\u0431 #\u0022]]},\u0022gid\u0022:null}]}}","TITLE":"\u0417\u0430\u043a\u0430\u0437\u0430\u0442\u044c \u043f\u043e\u0433\u0440\u0435\u0431","UF_CRM_1449663065":68,"ASSIGNED_BY_ID":58,"SOURCE_ID":9}}},"result":{"result":475974,"time":{"start":1696482241.2201791,"finish":1696482243.971055,"duration":2.7508759498596191,"processing":2.7069180011749268,"date_start":"2023-10-05T08:04:01+03:00","date_finish":"2023-10-05T08:04:03+03:00","operating_reset_at":1696482841,"operating":2.7068920135498047}}}