{"url":"https:\/\/tinger.bitrix24.ru\/rest\/190\/42tc2gxq8od2858i\/crm.lead.add.json","info":{"url":"https:\/\/tinger.bitrix24.ru\/rest\/190\/42tc2gxq8od2858i\/crm.lead.add.json","content_type":"application\/json; charset=utf-8","http_code":200,"header_size":1030,"request_size":207,"filetime":-1,"ssl_verify_result":0,"redirect_count":0,"total_time":0.95721299999999998,"namelookup_time":0.0034870000000000001,"connect_time":0.012034,"pretransfer_time":0.028115000000000001,"size_upload":2309,"size_download":291,"speed_download":304,"speed_upload":2412,"download_content_length":-1,"upload_content_length":2309,"starttransfer_time":0.028118000000000001,"redirect_time":0,"redirect_url":"","primary_ip":"89.208.228.119","certinfo":[],"primary_port":443,"local_ip":"188.225.57.79","local_port":48516,"http_version":3,"protocol":2,"ssl_verifyresult":0,"scheme":"HTTPS","appconnect_time_us":27985,"connect_time_us":12034,"namelookup_time_us":3487,"pretransfer_time_us":28115,"redirect_time_us":0,"starttransfer_time_us":28118,"total_time_us":957213},"params":{"method":"crm.lead.add","params":{"fields":{"NAME":"\u0414\u043c\u0438\u0442\u0440\u0438\u0439","PHONE":[{"VALUE":"+7 (920) 087-66-99","VALUE_TYPE":"WORK"}],"EMAIL":[{"VALUE":null,"VALUE_TYPE":"WORK"}],"TRACE":"{\u0022url\u0022:\u0022https:\/\/tingard.ru\/?roistat=direct14_context_16233427521_%D1%83%D0%B4%D0%BE%D0%B1%D1%80%D0%B5%D0%BD%D0%B8%D0%B5%20%D0%B4%D0%BB%D1%8F%20%D1%86%D0%B2%D0%B5%D1%82%D0%BE%D0%B2\u0026roistat_referrer=com.avito.android\u0026roistat_pos=none_0\u0026y_ref=com.avito.android\u0026utm_source=yandex\u0026utm_medium=cpc\u0026utm_campaign=rsya-click\u0026utm_content=16233427521\u0026utm_term=com.avito.android\u0026yclid=6357475752415330303\u0022,\u0022device\u0022:{\u0022isMobile\u0022:true},\u0022tags\u0022:{\u0022ts\u0022:1729397124,\u0022list\u0022:{\u0022utm_source\u0022:\u0022yandex\u0022,\u0022utm_medium\u0022:\u0022cpc\u0022,\u0022utm_campaign\u0022:\u0022rsya-click\u0022,\u0022utm_content\u0022:\u002216233427521\u0022,\u0022utm_term\u0022:\u0022com.avito.android\u0022},\u0022gclid\u0022:null},\u0022client\u0022:{\u0022yaId\u0022:\u00221729397125945804296\u0022},\u0022pages\u0022:{\u0022list\u0022:[[\u0022https:\/\/tingard.ru\/?roistat=direct14_context_16233427521_%D1%83%D0%B4%D0%BE%D0%B1%D1%80%D0%B5%D0%BD%D0%B8%D0%B5%20%D0%B4%D0%BB%D1%8F%20%D1%86%D0%B2%D0%B5%D1%82%D0%BE%D0%B2\u0026roistat_referrer=com.avito.android\u0026roistat_pos=none_0\u0026y_ref=com.avito.android\u0026utm_source=yandex\u0026utm_medium=cpc\u0026utm_campaign=rsya-click\u0026utm_content=16233427521\u0026utm_term=com.avito.android\u0026yclid=6357475752415330303\u0022,1729397125,\u0022TINGARD \u2014 \u0431\u0435\u0441\u0448\u043e\u0432\u043d\u044b\u0439 \u043f\u043b\u0430\u0441\u0442\u0438\u043a\u043e\u0432\u044b\u0439 \u043f\u043e\u0433\u0440\u0435\u0431 \u2116\u0022]]},\u0022gid\u0022:null,\u0022previous\u0022:{\u0022list\u0022:[]}}","UF_CRM_1517561552":"3528386","COMMENTS":null,"TITLE":"\u0423\u0437\u043d\u0430\u0442\u044c \u043f\u043e\u0434\u0440\u043e\u0431\u043d\u0435\u0435 \u043e \u00ab\u041d\u0430\u043f\u043e\u043b\u044c\u043d\u044b\u0439 \u043b\u044e\u043a TINGARD\u00bb","UF_CRM_1449663065":68,"ASSIGNED_BY_ID":58,"SOURCE_ID":9}}},"result":{"result":559298,"time":{"start":1729397278.965085,"finish":1729397279.8352251,"duration":0.87014007568359375,"processing":0.83749103546142578,"date_start":"2024-10-20T07:07:58+03:00","date_finish":"2024-10-20T07:07:59+03:00","operating_reset_at":1729397878,"operating":0.83746910095214844}}}