{"url":"https:\/\/tinger.bitrix24.ru\/rest\/190\/42tc2gxq8od2858i\/crm.lead.add.json","info":{"url":"https:\/\/tinger.bitrix24.ru\/rest\/190\/42tc2gxq8od2858i\/crm.lead.add.json","content_type":"application\/json; charset=utf-8","http_code":200,"header_size":1028,"request_size":207,"filetime":-1,"ssl_verify_result":0,"redirect_count":0,"total_time":1.817107,"namelookup_time":0.022168,"connect_time":0.024760000000000001,"pretransfer_time":0.034633999999999998,"size_upload":2740,"size_download":289,"speed_download":159,"speed_upload":1507,"download_content_length":-1,"upload_content_length":2740,"starttransfer_time":0.034637000000000001,"redirect_time":0,"redirect_url":"","primary_ip":"178.132.201.51","certinfo":[],"primary_port":443,"local_ip":"188.225.57.79","local_port":49822,"http_version":3,"protocol":2,"ssl_verifyresult":0,"scheme":"HTTPS","appconnect_time_us":34530,"connect_time_us":24760,"namelookup_time_us":22168,"pretransfer_time_us":34634,"redirect_time_us":0,"starttransfer_time_us":34637,"total_time_us":1817107},"params":{"method":"crm.lead.add","params":{"fields":{"NAME":"\u0411\u043e\u0440\u0438\u0441\u043e\u0432\u0430 \u041d\u0430\u0442\u0430\u043b\u044c\u044f","PHONE":[{"VALUE":"+7 (906) 528-27-40","VALUE_TYPE":"WORK"}],"EMAIL":[{"VALUE":null,"VALUE_TYPE":"WORK"}],"TRACE":"{\u0022url\u0022:\u0022https:\/\/tinger.ru\/catalog\/tinger-armor\/\u0022,\u0022device\u0022:{\u0022isMobile\u0022:true},\u0022tags\u0022:{\u0022ts\u0022:1739516899,\u0022list\u0022:{\u0022utm_source\u0022:\u0022yandex\u0022,\u0022utm_medium\u0022:\u0022cpc\u0022,\u0022utm_campaign\u0022:\u0022mk_click_ru4ka_tf4\u0022,\u0022utm_content\u0022:\u002216623890002\u0022,\u0022utm_term\u0022:\u0022---autotargeting\u0022},\u0022gclid\u0022:null},\u0022client\u0022:{\u0022gaId\u0022:\u00221031417038.1734509358\u0022,\u0022yaId\u0022:\u00221734509358188145193\u0022},\u0022pages\u0022:{\u0022list\u0022:[[\u0022https:\/\/tinger.ru\/catalog\/perelomka\/?utm_source=yandex\u0026utm_medium=cpc\u0026utm_campaign=mk_click_ru4ka_tf4\u0026utm_content=16623890002\u0026utm_term=---autotargeting\u0026roistat=direct20_context_114766688_rsMasterGroup_rsMasterBanner_---autotargeting\u0026yclid=9691271157894348799\u0022,1739516899,\u0022\u041a\u0443\u043f\u0438\u0442\u044c \u0432\u0435\u0437\u0434\u0435\u0445\u043e\u0434 \u043f\u0435\u0440\u0435\u043b\u043e\u043c\u043a\u0443 TINGER TF4 \u0432 \u0420\u0022],[\u0022https:\/\/tinger.ru\/thanks\/\u0022,1739516925,\u0022\u0421\u043f\u0430\u0441\u0438\u0431\u043e \u0437\u0430 \u0437\u0430\u044f\u0432\u043a\u0443\u0022],[\u0022https:\/\/tinger.ru\/\u0022,1739516929,\u0022\u0420\u043e\u0441\u0441\u0438\u0439\u0441\u043a\u0438\u0435 \u0432\u0435\u0437\u0434\u0435\u0445\u043e\u0434\u044b \u043e\u0442 \u043f\u0440\u043e\u0438\u0437\u0432\u043e\u0434\u0438\u0442\u0435\u043b\u044f TI\u0022],[\u0022https:\/\/tinger.ru\/catalog\/tinger-track-2\/\u0022,1739516933,\u0022\u0412\u0435\u0437\u0434\u0435\u0445\u043e\u0434\u044b \u043d\u0430 \u0433\u0443\u0441\u0435\u043d\u0438\u0446\u0430\u0445\\nTINGER Track 2\u0022],[\u0022https:\/\/tinger.ru\/catalog\/tinger-armor\/\u0022,1739516969,\u00228-\u043c\u0438 \u043a\u043e\u043b\u0451\u0441\u043d\u044b\u0435 \u0432\u0435\u0437\u0434\u0435\u0445\u043e\u0434\u044b \u043d\u0430 \u0448\u0438\u043d\u0430\u0445 \u043d\u0438\u0437\u043a\u043e\u0433\u043e\u0022]]},\u0022gid\u0022:null,\u0022previous\u0022:{\u0022list\u0022:[]}}","UF_CRM_1736853511":"1734509358188145193","UF_CRM_1736853555":"1734509358188145193","UF_CRM_1736853537":"1734509358188145193","UF_CRM_1517561552":"3817133","COMMENTS":null,"TITLE":"\u041a\u0443\u043f\u0438\u0442\u044c \u0432\u0435\u0437\u0434\u0435\u0445\u043e\u0434 TINGER Armor","UF_CRM_1449663065":64,"ASSIGNED_BY_ID":58,"SOURCE_ID":"WEB"}}},"result":{"result":578962,"time":{"start":1739516980.8813169,"finish":1739516982.5771179,"duration":1.6958010196685791,"processing":1.6572210788726807,"date_start":"2025-02-14T10:09:40+03:00","date_finish":"2025-02-14T10:09:42+03:00","operating_reset_at":1739517580,"operating":5.1407461166381836}}}