{"url":"https:\/\/tinger.bitrix24.ru\/rest\/190\/42tc2gxq8od2858i\/crm.lead.add.json","info":{"url":"https:\/\/tinger.bitrix24.ru\/rest\/190\/42tc2gxq8od2858i\/crm.lead.add.json","content_type":"application\/json; charset=utf-8","http_code":200,"header_size":1030,"request_size":207,"filetime":-1,"ssl_verify_result":0,"redirect_count":0,"total_time":1.7437260000000001,"namelookup_time":0.019477000000000001,"connect_time":0.027935999999999999,"pretransfer_time":0.047552999999999998,"size_upload":2154,"size_download":286,"speed_download":164,"speed_upload":1235,"download_content_length":-1,"upload_content_length":2154,"starttransfer_time":0.047556000000000001,"redirect_time":0,"redirect_url":"","primary_ip":"95.163.249.170","certinfo":[],"primary_port":443,"local_ip":"188.225.57.79","local_port":41720,"http_version":3,"protocol":2,"ssl_verifyresult":0,"scheme":"HTTPS","appconnect_time_us":47420,"connect_time_us":27936,"namelookup_time_us":19477,"pretransfer_time_us":47553,"redirect_time_us":0,"starttransfer_time_us":47556,"total_time_us":1743726},"params":{"method":"crm.lead.add","params":{"fields":{"NAME":"\u0414\u043c\u0438\u0442\u0440\u0438\u0439","PHONE":[{"VALUE":"+7 (912) 321-32-13","VALUE_TYPE":"WORK"}],"EMAIL":[{"VALUE":null,"VALUE_TYPE":"WORK"}],"TRACE":"{\u0022url\u0022:\u0022https:\/\/tinger.ru\/catalog\/perelomka\/\u0022,\u0022device\u0022:{\u0022isMobile\u0022:false},\u0022tags\u0022:{\u0022ts\u0022:1747992377,\u0022list\u0022:{},\u0022gclid\u0022:null},\u0022client\u0022:{\u0022gaId\u0022:\u00221786288633.1741109661\u0022,\u0022yaId\u0022:\u00221741109661466062619\u0022},\u0022pages\u0022:{\u0022list\u0022:[[\u0022https:\/\/tinger.ru\/configurator\/\u0022,1748250406,\u0022\u041a\u043e\u043d\u0444\u0438\u0433\u0443\u0440\u0430\u0442\u043e\u0440 \u0432\u0435\u0437\u0434\u0435\u0445\u043e\u0434\u043d\u043e\u0439 \u0442\u0435\u0445\u043d\u0438\u043a\u0438\u0022],[\u0022https:\/\/tinger.ru\/catalog\/tf4pro\/\u0022,1750158505,\u0022\u041d\u043e\u0432\u0435\u0439\u0448\u0438\u0439 \u0432\u0435\u0437\u0434\u0435\u0445\u043e\u0434 TINGER TF4 Pro\u0022],[\u0022https:\/\/tinger.ru\/\u0022,1750257904,\u0022\u0420\u043e\u0441\u0441\u0438\u0439\u0441\u043a\u0438\u0435 \u0432\u0435\u0437\u0434\u0435\u0445\u043e\u0434\u044b \u043e\u0442 \u043f\u0440\u043e\u0438\u0437\u0432\u043e\u0434\u0438\u0442\u0435\u043b\u044f TI\u0022],[\u0022https:\/\/tinger.ru\/catalog\/perelomka\/\u0022,1750261581,\u0022\u041a\u0443\u043f\u0438\u0442\u044c \u0432\u0435\u0437\u0434\u0435\u0445\u043e\u0434 \u043f\u0435\u0440\u0435\u043b\u043e\u043c\u043a\u0443 TINGER TF4 \u0432 \u0420\u0022],[\u0022https:\/\/tinger.ru\/configurator\/onlyconfigurator.php?selectModel=perelomka\u0022,1750261581,\u0022onlyconfigurator\u0022]]},\u0022gid\u0022:null,\u0022previous\u0022:{\u0022list\u0022:[]}}","UF_CRM_1736853511":"1741109661466062619","UF_CRM_1736853555":"1741109661466062619","UF_CRM_1736853537":"1741109661466062619","UF_CRM_1517561552":"3895876","COMMENTS":null,"TITLE":"\u041a\u0443\u043f\u0438\u0442\u044c \u043f\u0435\u0440\u0435\u043b\u043e\u043c\u043a\u0443 TINGER","UF_CRM_1449663065":64,"ASSIGNED_BY_ID":58,"SOURCE_ID":"WEB"}}},"result":{"result":603416,"time":{"start":1750261582.8171649,"finish":1750261584.409941,"duration":1.5927760601043701,"processing":1.5562520027160645,"date_start":"2025-06-18T18:46:22+03:00","date_finish":"2025-06-18T18:46:24+03:00","operating_reset_at":1750262182,"operating":1.556229829788208}}}