{"url":"https:\/\/tinger.bitrix24.ru\/rest\/190\/42tc2gxq8od2858i\/crm.lead.add.json","info":{"url":"https:\/\/tinger.bitrix24.ru\/rest\/190\/42tc2gxq8od2858i\/crm.lead.add.json","content_type":"application\/json; charset=utf-8","http_code":200,"header_size":1030,"request_size":207,"filetime":-1,"ssl_verify_result":0,"redirect_count":0,"total_time":1.4044479999999999,"namelookup_time":0.022557000000000001,"connect_time":0.031689000000000002,"pretransfer_time":0.053109000000000003,"size_upload":2223,"size_download":288,"speed_download":205,"speed_upload":1583,"download_content_length":-1,"upload_content_length":2223,"starttransfer_time":0.053111999999999999,"redirect_time":0,"redirect_url":"","primary_ip":"109.120.182.255","certinfo":[],"primary_port":443,"local_ip":"188.225.57.79","local_port":39258,"http_version":3,"protocol":2,"ssl_verifyresult":0,"scheme":"HTTPS","appconnect_time_us":53008,"connect_time_us":31689,"namelookup_time_us":22557,"pretransfer_time_us":53109,"redirect_time_us":0,"starttransfer_time_us":53112,"total_time_us":1404448},"params":{"method":"crm.lead.add","params":{"fields":{"NAME":"\u043d\u0430\u0434\u0435\u0436\u0434\u0430","PHONE":[{"VALUE":"8 (966) 333-55-69","VALUE_TYPE":"WORK"}],"EMAIL":[{"VALUE":null,"VALUE_TYPE":"WORK"}],"TRACE":"{\u0022url\u0022:\u0022https:\/\/tingard.ru\/?roistat=direct14_context_16233427521_%D1%83%D0%B4%D0%BE%D0%B1%D1%80%D0%B5%D0%BD%D0%B8%D0%B5%20%D1%83%D1%87%D0%B0%D1%81%D1%82%D0%BA%D0%B0\u0026roistat_referrer=phys-ege.sdamgia.ru\u0026roistat_pos=none_0\u0026y_ref=phys-ege.sdamgia.ru\u0026utm_source=yandex\u0026utm_medium=cpc\u0026utm_campaign=rsya-click\u0026utm_content=16233427521\u0026utm_term=phys-ege.sdamgia.ru\u0026yclid=16662595240154628095\u0022,\u0022ref\u0022:\u0022https:\/\/phys-ege.sdamgia.ru\/\u0022,\u0022device\u0022:{\u0022isMobile\u0022:false},\u0022tags\u0022:{\u0022ts\u0022:1729597208,\u0022list\u0022:{\u0022utm_source\u0022:\u0022yandex\u0022,\u0022utm_medium\u0022:\u0022cpc\u0022,\u0022utm_campaign\u0022:\u0022rsya-click\u0022,\u0022utm_content\u0022:\u002216233427521\u0022,\u0022utm_term\u0022:\u0022phys-ege.sdamgia.ru\u0022},\u0022gclid\u0022:null},\u0022client\u0022:{\u0022yaId\u0022:\u00221729597208981992238\u0022},\u0022pages\u0022:{\u0022list\u0022:[[\u0022https:\/\/tingard.ru\/?roistat=direct14_context_16233427521_%D1%83%D0%B4%D0%BE%D0%B1%D1%80%D0%B5%D0%BD%D0%B8%D0%B5%20%D1%83%D1%87%D0%B0%D1%81%D1%82%D0%BA%D0%B0\u0026roistat_referrer=phys-ege.sdamgia.ru\u0026roistat_pos=none_0\u0026y_ref=phys-ege.sdamgia.ru\u0026utm_source=yandex\u0026utm_medium=cpc\u0026utm_campaign=rsya-click\u0026utm_content=16233427521\u0026utm_term=phys-ege.sdamgia.ru\u0026yclid=16662595240154628095\u0022,1729597209,\u0022TINGARD \u2014 \u0431\u0435\u0441\u0448\u043e\u0432\u043d\u044b\u0439 \u043f\u043b\u0430\u0441\u0442\u0438\u043a\u043e\u0432\u044b\u0439 \u043f\u043e\u0433\u0440\u0435\u0431 \u2116\u0022]]},\u0022gid\u0022:null,\u0022previous\u0022:{\u0022list\u0022:[]}}","UF_CRM_1517561552":"3534253","COMMENTS":null,"TITLE":"\u0417\u0430\u043a\u0430\u0437\u0430\u0442\u044c \u043f\u043e\u0433\u0440\u0435\u0431","UF_CRM_1449663065":68,"ASSIGNED_BY_ID":58,"SOURCE_ID":9}}},"result":{"result":560760,"time":{"start":1729597459.1675031,"finish":1729597460.4049571,"duration":1.2374539375305176,"processing":1.1902010440826416,"date_start":"2024-10-22T14:44:19+03:00","date_finish":"2024-10-22T14:44:20+03:00","operating_reset_at":1729598059,"operating":1.190169095993042}}}