{"url":"https:\/\/tinger.bitrix24.ru\/rest\/190\/42tc2gxq8od2858i\/crm.lead.add.json","info":{"url":"https:\/\/tinger.bitrix24.ru\/rest\/190\/42tc2gxq8od2858i\/crm.lead.add.json","content_type":"application\/json; charset=utf-8","http_code":200,"header_size":1030,"request_size":207,"filetime":-1,"ssl_verify_result":0,"redirect_count":0,"total_time":2.209857,"namelookup_time":0.011716000000000001,"connect_time":0.020275000000000001,"pretransfer_time":0.036476000000000001,"size_upload":1952,"size_download":288,"speed_download":130,"speed_upload":883,"download_content_length":-1,"upload_content_length":1952,"starttransfer_time":0.036479999999999999,"redirect_time":0,"redirect_url":"","primary_ip":"109.120.182.255","certinfo":[],"primary_port":443,"local_ip":"188.225.57.79","local_port":52070,"http_version":3,"protocol":2,"ssl_verifyresult":0,"scheme":"HTTPS","appconnect_time_us":36360,"connect_time_us":20275,"namelookup_time_us":11716,"pretransfer_time_us":36476,"redirect_time_us":0,"starttransfer_time_us":36480,"total_time_us":2209857},"params":{"method":"crm.lead.add","params":{"fields":{"NAME":"\u0414\u0435\u043d\u0438\u0441","PHONE":[{"VALUE":"+7 (916) 500-98-60","VALUE_TYPE":"WORK"}],"TRACE":"{\u0022url\u0022:\u0022https:\/\/tingard.ru\/?utm_source=yandex\u0026utm_medium=cpc\u0026utm_campaign=mk_rf\u0026utm_content=14460640497\u0026utm_term=---autotargeting\u0026roistat=direct14_context_89463958_rsMasterGroup_rsMasterBanner_---autotargeting\u0026yclid=5537613781454553087\u0022,\u0022ref\u0022:\u0022https:\/\/yandex.ru\/\u0022,\u0022device\u0022:{\u0022isMobile\u0022:true},\u0022tags\u0022:{\u0022ts\u0022:1745583801,\u0022list\u0022:{\u0022utm_source\u0022:\u0022yandex\u0022,\u0022utm_medium\u0022:\u0022cpc\u0022,\u0022utm_campaign\u0022:\u0022mk_rf\u0022,\u0022utm_content\u0022:\u002214460640497\u0022,\u0022utm_term\u0022:\u0022---autotargeting\u0022},\u0022gclid\u0022:null},\u0022client\u0022:{\u0022yaId\u0022:\u00221745583801642989279\u0022},\u0022pages\u0022:{\u0022list\u0022:[[\u0022https:\/\/tingard.ru\/?utm_source=yandex\u0026utm_medium=cpc\u0026utm_campaign=mk_rf\u0026utm_content=14460640497\u0026utm_term=---autotargeting\u0026roistat=direct14_context_89463958_rsMasterGroup_rsMasterBanner_---autotargeting\u0026yclid=5537613781454553087\u0022,1745583801,\u0022TINGARD \u2014 \u0431\u0435\u0441\u0448\u043e\u0432\u043d\u044b\u0439 \u043f\u043b\u0430\u0441\u0442\u0438\u043a\u043e\u0432\u044b\u0439 \u043f\u043e\u0433\u0440\u0435\u0431 \u2116\u0022]]},\u0022gid\u0022:null,\u0022previous\u0022:{\u0022list\u0022:[]}}","UF_CRM_1736853511":"1745583801642989279","UF_CRM_1736853555":"1745583801642989279","UF_CRM_1736853537":"1745583801642989279","UF_CRM_1517561552":"3639787","COMMENTS":null,"TITLE":"\u041f\u043e\u043b\u0443\u0447\u0438\u0442\u044c \u043f\u0440\u0435\u0434\u043b\u043e\u0436\u0435\u043d\u0438\u0435 \u043f\u043e \u043f\u043e\u0433\u0440\u0435\u0431\u0443 TINGARD 1900\u041a","UF_CRM_1449663065":68,"ASSIGNED_BY_ID":58,"SOURCE_ID":9}}},"result":{"result":592630,"time":{"start":1745583836.779393,"finish":1745583838.8689859,"duration":2.0895929336547852,"processing":2.0502738952636719,"date_start":"2025-04-25T15:23:56+03:00","date_finish":"2025-04-25T15:23:58+03:00","operating_reset_at":1745584436,"operating":2.0502429008483887}}}