{"url":"https:\/\/tinger.bitrix24.ru\/rest\/190\/42tc2gxq8od2858i\/crm.deal.add.json","info":{"url":"https:\/\/tinger.bitrix24.ru\/rest\/190\/42tc2gxq8od2858i\/crm.deal.add.json","content_type":"application\/json; charset=utf-8","http_code":200,"header_size":1033,"request_size":207,"filetime":-1,"ssl_verify_result":0,"redirect_count":0,"total_time":1.696769,"namelookup_time":0.0011670000000000001,"connect_time":0.0099900000000000006,"pretransfer_time":0.027796000000000001,"size_upload":1540,"size_download":287,"speed_download":169,"speed_upload":908,"download_content_length":-1,"upload_content_length":1540,"starttransfer_time":0.027799000000000001,"redirect_time":0,"redirect_url":"","primary_ip":"46.235.53.69","certinfo":[],"primary_port":443,"local_ip":"188.225.57.79","local_port":40070,"http_version":3,"protocol":2,"ssl_verifyresult":0,"scheme":"HTTPS","appconnect_time_us":27723,"connect_time_us":9990,"namelookup_time_us":1167,"pretransfer_time_us":27796,"redirect_time_us":0,"starttransfer_time_us":27799,"total_time_us":1696769},"params":{"method":"crm.deal.add","params":{"fields":{"TITLE":"\u0417\u0430\u044f\u0432\u043a\u0430 \u0438\u0437 LK tingerplast.ru \u0442\u0435\u0441\u0442\u0438\u0440\u043e\u0432\u0430\u043d\u0438\u0435","ASSIGNED_BY_ID":"16642","COMMENTS":"\u003Cb\u003E\u0412\u044b\u0431\u0440\u0430\u043d\u043d\u044b\u0435 \u0442\u043e\u0432\u0430\u0440\u043d\u044b\u0435 \u043f\u043e\u0437\u0438\u0446\u0438\u0438:\u003C\/b\u003E\u003Cbr\/\u003E1. TINGARD 3500(1 \u0448\u0442.) \u003Cbr\/\u003E\u003Cbr\/\u003E\u003Cb\u003E\u0414\u043e\u043f. \u043a\u043e\u043c\u043f\u043b\u0435\u043a\u0442\u0430\u0446\u0438\u044f:\u003C\/b\u003E \u003Cbr\/\u003E1. \u0410\u0432\u0442\u043e\u043c\u0430\u0442\u0438\u0447\u0435\u0441\u043a\u0438\u0439 \u0433\u0440\u0443\u0437\u043e\u043f\u043e\u0434\u044a\u0451\u043c\u043d\u0438\u043a(1 \u0448\u0442.) \u003Cbr\/\u003E\u003Cbr\/\u003E\u003Cb\u003E\u0421\u043a\u043b\u0430\u0434 \u043e\u0442\u0433\u0440\u0443\u0437\u043a\u0438: \u003C\/b\u003E\u0433. \u0427\u0435\u0440\u0435\u043f\u043e\u0432\u0435\u0446, \u0443\u043b. \u041e\u043a\u0440\u0443\u0436\u043d\u0430\u044f, 18 \u003Cbr\/\u003E\u003Cb\u003E\u0421\u043f\u043e\u0441\u043e\u0431 \u043e\u043f\u043b\u0430\u0442\u044b:\u003C\/b\u003E \u0411\u0435\u0437\u043d\u0430\u043b\u0438\u0447\u043d\u044b\u0439 \u0440\u0430\u0441\u0447\u0451\u0442 \u003Cbr\/\u003E\u003Cbr\/\u003E\u003Cb\u003E\u041a\u043e\u043c\u043c\u0435\u043d\u0442\u0430\u0440\u0438\u0439:\u003C\/b\u003E \u003Cbr\/\u003E","UF_CRM_1559301643671":"\u0421\u0430\u043c\u043e\u0432\u044b\u0432\u043e\u0437","UF_CRM_5697ACD8410AA":536,"UF_CRM_1449663065":66,"COMPANY_ID":"22068","CONTACT_ID":null}}},"result":{"result":106686,"time":{"start":1724352081.2948611,"finish":1724352082.892339,"duration":1.597477912902832,"processing":1.5640499591827393,"date_start":"2024-08-22T21:41:21+03:00","date_finish":"2024-08-22T21:41:22+03:00","operating_reset_at":1724352681,"operating":4.8821320533752441}}}