{"url":"https:\/\/tinger.bitrix24.ru\/rest\/190\/42tc2gxq8od2858i\/crm.lead.add.json","info":{"url":"https:\/\/tinger.bitrix24.ru\/rest\/190\/42tc2gxq8od2858i\/crm.lead.add.json","content_type":"application\/json; charset=utf-8","http_code":200,"header_size":1028,"request_size":207,"filetime":-1,"ssl_verify_result":0,"redirect_count":0,"total_time":2.8376510000000001,"namelookup_time":0.003326,"connect_time":0.005032,"pretransfer_time":0.019023999999999999,"size_upload":2856,"size_download":287,"speed_download":101,"speed_upload":1006,"download_content_length":-1,"upload_content_length":2856,"starttransfer_time":0.019026999999999999,"redirect_time":0,"redirect_url":"","primary_ip":"178.132.201.50","certinfo":[],"primary_port":443,"local_ip":"188.225.57.79","local_port":45592,"http_version":3,"protocol":2,"ssl_verifyresult":0,"scheme":"HTTPS","appconnect_time_us":18892,"connect_time_us":5032,"namelookup_time_us":3326,"pretransfer_time_us":19024,"redirect_time_us":0,"starttransfer_time_us":19027,"total_time_us":2837651},"params":{"method":"crm.lead.add","params":{"fields":{"NAME":"\u0410\u043b\u0435\u043a\u0441\u0435\u0439","PHONE":[{"VALUE":"+7 (913) 001-05-02","VALUE_TYPE":"WORK"}],"EMAIL":[{"VALUE":null,"VALUE_TYPE":"WORK"}],"TRACE":"{\u0022url\u0022:\u0022https:\/\/tinger.ru\/testdrive\/\u0022,\u0022device\u0022:{\u0022isMobile\u0022:false},\u0022tags\u0022:{\u0022ts\u0022:1702895379,\u0022list\u0022:{},\u0022gclid\u0022:null},\u0022client\u0022:{\u0022gaId\u0022:\u0022550443699.1702895379\u0022,\u0022yaId\u0022:\u00221702895382922621655\u0022},\u0022pages\u0022:{\u0022list\u0022:[[\u0022https:\/\/tinger.ru\/corp\/\u0022,1702983198,\u0022\u0412\u0435\u0437\u0434\u0435\u0445\u043e\u0434\u043d\u0430\u044f \u0442\u0435\u0445\u043d\u0438\u043a\u0430 TINGER \u0434\u043b\u044f \u043d\u0443\u0436\u0434 \u043e\u0440\u0433\u0430\u0022],[\u0022https:\/\/tinger.ru\/contacts\/\u0022,1702983298,\u0022\u041a\u043e\u043d\u0442\u0430\u043a\u0442\u044b \u0433\u0440\u0443\u043f\u043f\u044b \u043a\u043e\u043c\u043f\u0430\u043d\u0438\u0439 TINGER\u0022],[\u0022https:\/\/tinger.ru\/dealers\/\u0022,1702983311,\u0022\u0414\u0438\u043b\u0435\u0440\u0441\u043a\u0430\u044f \u0441\u0435\u0442\u044c \u0432\u0435\u0437\u0434\u0435\u0445\u043e\u0434\u043e\u0432 \u0438 \u0434\u0440\u0443\u0433\u043e\u0439 \u0442\u0435\u0445\u043d\u0438\u0022],[\u0022https:\/\/tinger.ru\/catalog\/tinger-track-2\/\u0022,1702985968,\u0022\u041a\u0443\u043f\u0438\u0442\u044c \u0432\u0435\u0437\u0434\u0435\u0445\u043e\u0434\u044b \u043d\u0430 \u0433\u0443\u0441\u0435\u043d\u0438\u0446\u0430\u0445 \u0432 \u0420\u043e\u0441\u0441\u0438\u0438\\nT\u0022],[\u0022https:\/\/tinger.ru\/testdrive\/\u0022,1702987720,\u0022\u0422\u0435\u0441\u0442-\u0434\u0440\u0430\u0439\u0432 \u0432\u0435\u0437\u0434\u0435\u0445\u043e\u0434\u043e\u0432 TINGER\u0022]]},\u0022gid\u0022:null,\u0022previous\u0022:{\u0022list\u0022:[]}}","COMMENTS":"\u003Cb\u003E\u0412\u044b\u0431\u0440\u0430\u043d\u043d\u044b\u0439 \u0432\u0435\u0437\u0434\u0435\u0445\u043e\u0434:\u003C\/b\u003E TINGER Track 2\u003Cbr\u003E\u003Cb\u003E\u0412\u044b\u0431\u0440\u0430\u043d\u043d\u043e\u0435 \u043c\u0435\u0441\u0442\u043e \u043f\u0440\u043e\u0432\u0435\u0434\u0435\u043d\u0438\u044f \u0442\u0435\u0441\u0442-\u0434\u0440\u0430\u0439\u0432\u0430:\u003C\/b\u003E \u0443 \u043f\u0430\u0440\u0442\u043d\u0451\u0440\u043e\u0432 (\u0418\u041f \u0422\u0435\u0440\u0435\u043d\u0442\u044c\u0435\u0432 \u0410. \u0412. (\u041a\u0440\u0430\u0441\u043d\u043e\u044f\u0440\u0441\u043a))\u003Cbr\u003E\u003Cb\u003E\u0412\u044b\u0431\u0440\u0430\u043d\u043d\u0430\u044f \u0434\u0430\u0442\u0430:\u003C\/b\u003E 2023-12-30","TITLE":"\u0417\u0430\u043f\u0438\u0441\u0430\u0442\u044c\u0441\u044f \u043d\u0430 \u0442\u0435\u0441\u0442-\u0434\u0440\u0430\u0439\u0432","UF_CRM_1449663065":64,"ASSIGNED_BY_ID":58,"SOURCE_ID":"WEB"}}},"result":{"result":488600,"time":{"start":1702987921.911736,"finish":1702987924.631423,"duration":2.7196869850158691,"processing":2.6696269512176514,"date_start":"2023-12-19T15:12:01+03:00","date_finish":"2023-12-19T15:12:04+03:00","operating_reset_at":1702988521,"operating":2.6696028709411621}}}