{"url":"https:\/\/tinger.bitrix24.ru\/rest\/190\/42tc2gxq8od2858i\/crm.lead.add.json","info":{"url":"https:\/\/tinger.bitrix24.ru\/rest\/190\/42tc2gxq8od2858i\/crm.lead.add.json","content_type":"application\/json; charset=utf-8","http_code":200,"header_size":1030,"request_size":207,"filetime":-1,"ssl_verify_result":0,"redirect_count":0,"total_time":1.0622389999999999,"namelookup_time":0.017277000000000001,"connect_time":0.026151000000000001,"pretransfer_time":0.042759999999999999,"size_upload":1846,"size_download":287,"speed_download":270,"speed_upload":1738,"download_content_length":-1,"upload_content_length":1846,"starttransfer_time":0.042762000000000001,"redirect_time":0,"redirect_url":"","primary_ip":"217.16.18.181","certinfo":[],"primary_port":443,"local_ip":"188.225.57.79","local_port":44416,"http_version":3,"protocol":2,"ssl_verifyresult":0,"scheme":"HTTPS","appconnect_time_us":42625,"connect_time_us":26151,"namelookup_time_us":17277,"pretransfer_time_us":42760,"redirect_time_us":0,"starttransfer_time_us":42762,"total_time_us":1062239},"params":{"method":"crm.lead.add","params":{"fields":{"NAME":"\u043e\u043b\u044f","PHONE":[{"VALUE":"+7 (963) 964-89-15","VALUE_TYPE":"WORK"}],"TRACE":"{\u0022url\u0022:\u0022https:\/\/tingard.ru\/?utm_source=yandex\u0026utm_medium=cpc\u0026utm_campaign=mk_rf\u0026utm_content=14460640497\u0026utm_term=---autotargeting\u0026roistat=direct14_context_89463958_rsMasterGroup_rsMasterBanner_---autotargeting\u0026yclid=4894134362014482431\u0022,\u0022ref\u0022:\u0022https:\/\/xn--b1ajefikec6a.online\/\u0022,\u0022device\u0022:{\u0022isMobile\u0022:false},\u0022tags\u0022:{\u0022ts\u0022:1749886460,\u0022list\u0022:{\u0022utm_source\u0022:\u0022yandex\u0022,\u0022utm_medium\u0022:\u0022cpc\u0022,\u0022utm_campaign\u0022:\u0022mk_rf\u0022,\u0022utm_content\u0022:\u002214460640497\u0022,\u0022utm_term\u0022:\u0022---autotargeting\u0022},\u0022gclid\u0022:null},\u0022client\u0022:{\u0022yaId\u0022:\u0022174988646015525198\u0022},\u0022pages\u0022:{\u0022list\u0022:[[\u0022https:\/\/tingard.ru\/?utm_source=yandex\u0026utm_medium=cpc\u0026utm_campaign=mk_rf\u0026utm_content=14460640497\u0026utm_term=---autotargeting\u0026roistat=direct14_context_89463958_rsMasterGroup_rsMasterBanner_---autotargeting\u0026yclid=4894134362014482431\u0022,1749886460,\u0022TINGARD \u2014 \u0431\u0435\u0441\u0448\u043e\u0432\u043d\u044b\u0439 \u043f\u043b\u0430\u0441\u0442\u0438\u043a\u043e\u0432\u044b\u0439 \u043f\u043e\u0433\u0440\u0435\u0431 \u2116\u0022]]},\u0022gid\u0022:null,\u0022previous\u0022:{\u0022list\u0022:[]}}","UF_CRM_1736853511":"174988646015525198","UF_CRM_1736853555":"174988646015525198","UF_CRM_1736853537":"174988646015525198","UF_CRM_1517561552":"3665366","COMMENTS":null,"TITLE":"\u0417\u0430\u043a\u0430\u0437\u0430\u0442\u044c \u043f\u043e\u0433\u0440\u0435\u0431","UF_CRM_1449663065":68,"ASSIGNED_BY_ID":58,"SOURCE_ID":9}}},"result":{"result":602390,"time":{"start":1749886476.5967691,"finish":1749886477.557086,"duration":0.96031689643859863,"processing":0.92416000366210938,"date_start":"2025-06-14T10:34:36+03:00","date_finish":"2025-06-14T10:34:37+03:00","operating_reset_at":1749887076,"operating":0.92412781715393066}}}