{"url":"https:\/\/tinger.bitrix24.ru\/rest\/190\/42tc2gxq8od2858i\/crm.lead.add.json","info":{"url":"https:\/\/tinger.bitrix24.ru\/rest\/190\/42tc2gxq8od2858i\/crm.lead.add.json","content_type":"application\/json; charset=utf-8","http_code":200,"header_size":1034,"request_size":207,"filetime":-1,"ssl_verify_result":0,"redirect_count":0,"total_time":1.5074399999999999,"namelookup_time":0.0060540000000000004,"connect_time":0.023611,"pretransfer_time":0.044132999999999999,"size_upload":1868,"size_download":288,"speed_download":191,"speed_upload":1239,"download_content_length":-1,"upload_content_length":1868,"starttransfer_time":0.044137000000000003,"redirect_time":0,"redirect_url":"","primary_ip":"46.235.53.69","certinfo":[],"primary_port":443,"local_ip":"188.225.57.79","local_port":56502,"http_version":3,"protocol":2,"ssl_verifyresult":0,"scheme":"HTTPS","appconnect_time_us":43996,"connect_time_us":23611,"namelookup_time_us":6054,"pretransfer_time_us":44133,"redirect_time_us":0,"starttransfer_time_us":44137,"total_time_us":1507440},"params":{"method":"crm.lead.add","params":{"fields":{"NAME":"\u041f\u0451\u0442\u0440","PHONE":[{"VALUE":"8 (952) 338-51-22","VALUE_TYPE":"WORK"}],"EMAIL":[{"VALUE":null,"VALUE_TYPE":"WORK"}],"TRACE":"{\u0022url\u0022:\u0022https:\/\/tinger.ru\/catalog\/perelomka\/?utm_source=yandex\u0026utm_medium=cpc\u0026utm_campaign=mk_ozk_tf4\u0026utm_content=16219855373\u0026utm_term=---autotargeting\u0026roistat=direct20_context_111795810_rsMasterGroup_rsMasterBanner_---autotargeting\u0026yclid=5344314118508642303\u0022,\u0022ref\u0022:\u0022https:\/\/tadams.store\/\u0022,\u0022device\u0022:{\u0022isMobile\u0022:true},\u0022tags\u0022:{\u0022ts\u0022:1723569025,\u0022list\u0022:{\u0022utm_source\u0022:\u0022yandex\u0022,\u0022utm_medium\u0022:\u0022cpc\u0022,\u0022utm_campaign\u0022:\u0022mk_ozk_tf4\u0022,\u0022utm_content\u0022:\u002216219855373\u0022,\u0022utm_term\u0022:\u0022---autotargeting\u0022},\u0022gclid\u0022:null},\u0022client\u0022:{\u0022gaId\u0022:\u0022993726836.1723569025\u0022,\u0022yaId\u0022:\u00221723569024327737960\u0022},\u0022pages\u0022:{\u0022list\u0022:[[\u0022https:\/\/tinger.ru\/catalog\/perelomka\/?utm_source=yandex\u0026utm_medium=cpc\u0026utm_campaign=mk_ozk_tf4\u0026utm_content=16219855373\u0026utm_term=---autotargeting\u0026roistat=direct20_context_111795810_rsMasterGroup_rsMasterBanner_---autotargeting\u0026yclid=5344314118508642303\u0022,1723569025,\u0022\u041a\u0443\u043f\u0438\u0442\u044c \u0432\u0435\u0437\u0434\u0435\u0445\u043e\u0434 \u043f\u0435\u0440\u0435\u043b\u043e\u043c\u043a\u0443 TINGER TF4 \u0432 \u0420\u0022]]},\u0022gid\u0022:null,\u0022previous\u0022:{\u0022list\u0022:[]}}","UF_CRM_1517561552":"3711365","COMMENTS":null,"TITLE":"\u0417\u0430\u043a\u0430\u0437\u0430\u0442\u044c \u043e\u0431\u0440\u0430\u0442\u043d\u044b\u0439 \u0437\u0432\u043e\u043d\u043e\u043a","UF_CRM_1449663065":64,"ASSIGNED_BY_ID":58,"SOURCE_ID":"WEB"}}},"result":{"result":538066,"time":{"start":1723569061.634861,"finish":1723569063.0282681,"duration":1.3934071063995361,"processing":1.3622410297393799,"date_start":"2024-08-13T20:11:01+03:00","date_finish":"2024-08-13T20:11:03+03:00","operating_reset_at":1723569661,"operating":1.3622119426727295}}}