{"url":"https:\/\/tinger.bitrix24.ru\/rest\/190\/42tc2gxq8od2858i\/crm.lead.add.json","info":{"url":"https:\/\/tinger.bitrix24.ru\/rest\/190\/42tc2gxq8od2858i\/crm.lead.add.json","content_type":"application\/json; charset=utf-8","http_code":200,"header_size":1033,"request_size":207,"filetime":-1,"ssl_verify_result":0,"redirect_count":0,"total_time":1.9641029999999999,"namelookup_time":0.0039830000000000004,"connect_time":0.012929,"pretransfer_time":0.030026000000000001,"size_upload":3284,"size_download":287,"speed_download":146,"speed_upload":1672,"download_content_length":-1,"upload_content_length":3284,"starttransfer_time":0.030027999999999999,"redirect_time":0,"redirect_url":"","primary_ip":"195.208.185.4","certinfo":[],"primary_port":443,"local_ip":"188.225.57.79","local_port":44046,"http_version":3,"protocol":2,"ssl_verifyresult":0,"scheme":"HTTPS","appconnect_time_us":29902,"connect_time_us":12929,"namelookup_time_us":3983,"pretransfer_time_us":30026,"redirect_time_us":0,"starttransfer_time_us":30028,"total_time_us":1964103},"params":{"method":"crm.lead.add","params":{"fields":{"NAME":"\u0418\u043b\u044c\u043c\u0438\u0440","PHONE":[{"VALUE":"+7 (929) 703-99-20","VALUE_TYPE":"WORK"}],"EMAIL":[{"VALUE":null,"VALUE_TYPE":"WORK"}],"TRACE":"{\u0022url\u0022:\u0022https:\/\/tinger.ru\/catalog\/perelomka\/?utm_source=yandex\u0026utm_medium=cpc\u0026utm_campaign=mk_click_tf4\u0026utm_content=16219861941\u0026utm_term=---autotargeting\u0026roistat=direct20_context_111795943_rsMasterGroup_rsMasterBanner_---autotargeting\u0026yclid=10651207528597684223\u0022,\u0022ref\u0022:\u0022https:\/\/dzen.ru\/\u0022,\u0022device\u0022:{\u0022isMobile\u0022:true},\u0022tags\u0022:{\u0022ts\u0022:1730618731,\u0022list\u0022:{\u0022utm_source\u0022:\u0022yandex\u0022,\u0022utm_medium\u0022:\u0022cpc\u0022,\u0022utm_campaign\u0022:\u0022mk_click_tf4\u0022,\u0022utm_content\u0022:\u002216219861941\u0022,\u0022utm_term\u0022:\u0022---autotargeting\u0022},\u0022gclid\u0022:null},\u0022client\u0022:{\u0022gaId\u0022:\u00221116615683.1726545042\u0022,\u0022yaId\u0022:\u00221726545042941451422\u0022},\u0022pages\u0022:{\u0022list\u0022:[[\u0022https:\/\/tinger.ru\/catalog\/perelomka\/?utm_source=yandex\u0026utm_medium=cpc\u0026utm_campaign=mk_click_tf4\u0026utm_content=16219861941\u0026utm_term=---autotargeting\u0026roistat=direct20_context_111795943_rsMasterGroup_rsMasterBanner_---autotargeting\u0026yclid=10651207528597684223\u0022,1730618731,\u0022\u041a\u0443\u043f\u0438\u0442\u044c \u0432\u0435\u0437\u0434\u0435\u0445\u043e\u0434 \u043f\u0435\u0440\u0435\u043b\u043e\u043c\u043a\u0443 TINGER TF4 \u0432 \u0420\u0022]]},\u0022gid\u0022:null,\u0022previous\u0022:{\u0022list\u0022:[{\u0022url\u0022:\u0022https:\/\/tinger.ru\/catalog\/perelomka\/?utm_source=yandex\u0026utm_medium=cpc\u0026utm_campaign=mk_click_tf4\u0026utm_content=16219861941\u0026utm_term=---autotargeting\u0026roistat=direct20_context_111795943_rsMasterGroup_rsMasterBanner_---autotargeting\u0026yclid=10651207528597684223\u0022,\u0022device\u0022:{\u0022isMobile\u0022:true},\u0022tags\u0022:{\u0022ts\u0022:1726545042,\u0022list\u0022:{\u0022utm_source\u0022:\u0022yandex\u0022,\u0022utm_medium\u0022:\u0022cpc\u0022,\u0022utm_campaign\u0022:\u0022mk_ozk_tf4\u0022,\u0022utm_content\u0022:\u002216219855367\u0022,\u0022utm_term\u0022:\u0022---autotargeting\u0022},\u0022gclid\u0022:null},\u0022client\u0022:{\u0022gaId\u0022:\u00221116615683.1726545042\u0022,\u0022yaId\u0022:35231225},\u0022pages\u0022:{\u0022list\u0022:[[\u0022https:\/\/tinger.ru\/catalog\/perelomka\/?utm_source=yandex\u0026utm_medium=cpc\u0026utm_campaign=mk_ozk_tf4\u0026utm_content=16219855367\u0026utm_term=---autotargeting\u0026roistat=direct20_context_111795810_rsMasterGroup_rsMasterBanner_---autotargeting\u0026yclid=940250346946035711\u0022,1726545042,\u0022\u041a\u0443\u043f\u0438\u0442\u044c \u0432\u0435\u0437\u0434\u0435\u0445\u043e\u0434 \u043f\u0435\u0440\u0435\u043b\u043e\u043c\u043a\u0443 TINGER TF4 \u0432 \u0420\u0022],[\u0022https:\/\/tinger.ru\/thanks\/\u0022,1726545063,\u0022\u0421\u043f\u0430\u0441\u0438\u0431\u043e \u0437\u0430 \u0437\u0430\u044f\u0432\u043a\u0443\u0022]]},\u0022gid\u0022:null}]}}","UF_CRM_1517561552":"3760805","COMMENTS":null,"TITLE":"\u041a\u0443\u043f\u0438\u0442\u044c \u043f\u0435\u0440\u0435\u043b\u043e\u043c\u043a\u0443 TINGER","UF_CRM_1449663065":64,"ASSIGNED_BY_ID":58,"SOURCE_ID":"WEB"}}},"result":{"result":563098,"time":{"start":1730618754.674032,"finish":1730618756.540453,"duration":1.8664209842681885,"processing":1.8334519863128662,"date_start":"2024-11-03T10:25:54+03:00","date_finish":"2024-11-03T10:25:56+03:00","operating_reset_at":1730619354,"operating":1.8334298133850098}}}