{"url":"https:\/\/tinger.bitrix24.ru\/rest\/190\/42tc2gxq8od2858i\/crm.lead.add.json","info":{"url":"https:\/\/tinger.bitrix24.ru\/rest\/190\/42tc2gxq8od2858i\/crm.lead.add.json","content_type":"application\/json; charset=utf-8","http_code":200,"header_size":1027,"request_size":207,"filetime":-1,"ssl_verify_result":0,"redirect_count":0,"total_time":2.6200749999999999,"namelookup_time":0.0018339999999999999,"connect_time":0.0031540000000000001,"pretransfer_time":0.012035000000000001,"size_upload":3314,"size_download":288,"speed_download":109,"speed_upload":1264,"download_content_length":-1,"upload_content_length":3314,"starttransfer_time":0.012038,"redirect_time":0,"redirect_url":"","primary_ip":"178.132.201.53","certinfo":[],"primary_port":443,"local_ip":"188.225.57.79","local_port":52170,"http_version":3,"protocol":2,"ssl_verifyresult":0,"scheme":"HTTPS","appconnect_time_us":11910,"connect_time_us":3154,"namelookup_time_us":1834,"pretransfer_time_us":12035,"redirect_time_us":0,"starttransfer_time_us":12038,"total_time_us":2620075},"params":{"method":"crm.lead.add","params":{"fields":{"NAME":"\u0412\u0430\u043b\u0435\u0440\u0438\u0439","PHONE":[{"VALUE":"+7 (921) 830-38-08","VALUE_TYPE":"WORK"}],"EMAIL":[{"VALUE":null,"VALUE_TYPE":"WORK"}],"COMMENTS":null,"TRACE":"{\u0022url\u0022:\u0022https:\/\/tingard.ru\/?utm_source=yandex_kirill\u0026utm_medium=cpc\u0026utm_campaign=pogreba_rozn_umnaya_copy_11_04\u0026utm_content=13300555425\u0026utm_term=---autotargeting\u0026roistat=direct14_context_13300555425_---autotargeting\u0026roistat_referrer=com.avito.android\u0026roistat_pos=none_0\u0026yclid=5749823364247117855\u0022,\u0022device\u0022:{\u0022isMobile\u0022:true},\u0022tags\u0022:{\u0022ts\u0022:1696106636,\u0022list\u0022:{\u0022utm_source\u0022:\u0022yandex_kirill\u0022,\u0022utm_medium\u0022:\u0022cpc\u0022,\u0022utm_campaign\u0022:\u0022pogreba_rozn_umnaya_copy_11_04\u0022,\u0022utm_content\u0022:\u002213300555425\u0022,\u0022utm_term\u0022:\u0022---autotargeting\u0022},\u0022gclid\u0022:null},\u0022client\u0022:{\u0022yaId\u0022:\u0022166457063998069578\u0022},\u0022pages\u0022:{\u0022list\u0022:[[\u0022https:\/\/tingard.ru\/?utm_source=yandex_kirill\u0026utm_medium=cpc\u0026utm_campaign=pogreba_rozn_umnaya_copy_11_04\u0026utm_content=13300555425\u0026utm_term=---autotargeting\u0026roistat=direct14_context_13300555425_---autotargeting\u0026roistat_referrer=com.avito.android\u0026roistat_pos=none_0\u0026yclid=5749823364247117855\u0022,1696106636,\u0022TINGARD \u2014 \u0431\u0435\u0441\u0448\u043e\u0432\u043d\u044b\u0439 \u043f\u043b\u0430\u0441\u0442\u0438\u043a\u043e\u0432\u044b\u0439 \u043f\u043e\u0433\u0440\u0435\u0431 \u2116\u0022]]},\u0022gid\u0022:null,\u0022previous\u0022:{\u0022list\u0022:[{\u0022url\u0022:\u0022https:\/\/tingard.ru\/?utm_source=yandex_kirill\u0026utm_medium=cpc\u0026utm_campaign=pogreba_rozn_umnaya_copy_11_04\u0026utm_content=13300555425\u0026utm_term=---autotargeting\u0026roistat=direct14_context_13300555425_---autotargeting\u0026roistat_referrer=com.avito.android\u0026roistat_pos=none_0\u0026yclid=5749823364247117855\u0022,\u0022device\u0022:{\u0022isMobile\u0022:true},\u0022tags\u0022:{\u0022ts\u0022:1664570639,\u0022list\u0022:{\u0022utm_source\u0022:\u0022yandex_kirill\u0022,\u0022utm_medium\u0022:\u0022cpc\u0022,\u0022utm_campaign\u0022:\u0022pogreba_rozn_umnaya_copy_11_04\u0022,\u0022utm_content\u0022:\u002211973050477\u0022,\u0022utm_term\u0022:\u0022---autotargeting\u0022},\u0022gclid\u0022:null},\u0022client\u0022:{\u0022yaId\u0022:\u0022166457063998069578\u0022},\u0022pages\u0022:{\u0022list\u0022:[[\u0022https:\/\/tingard.ru\/?utm_source=yandex_kirill\u0026utm_medium=cpc\u0026utm_campaign=pogreba_rozn_umnaya_copy_11_04\u0026utm_content=11973050477\u0026utm_term=---autotargeting\u0026roistat=direct14_context_11973050477_---autotargeting\u0026roistat_referrer=com.avito.android\u0026roistat_pos=none_0\u0026yclid=5749824188457745605\u0022,1664570639,\u0022TINGARD \u2014 \u0431\u0435\u0441\u0448\u043e\u0432\u043d\u044b\u0439 \u043f\u043b\u0430\u0441\u0442\u0438\u043a\u043e\u0432\u044b\u0439 \u043f\u043e\u0433\u0440\u0435\u0431 #\u0022]]},\u0022gid\u0022:null}]}}","TITLE":"\u0423\u0437\u043d\u0430\u0442\u044c \u043f\u043e\u0434\u0440\u043e\u0431\u043d\u0435\u0435 \u043e \u00ab\u0412\u0438\u043d\u043d\u044b\u0439 \u0441\u0442\u0435\u043b\u043b\u0430\u0436 TINGARD\u00bb","UF_CRM_1449663065":68,"ASSIGNED_BY_ID":58,"SOURCE_ID":9}}},"result":{"result":473776,"time":{"start":1696106745.176069,"finish":1696106747.7183731,"duration":2.5423040390014648,"processing":2.4997940063476562,"date_start":"2023-09-30T23:45:45+03:00","date_finish":"2023-09-30T23:45:47+03:00","operating_reset_at":1696107345,"operating":2.4997670650482178}}}