{"url":"https:\/\/tinger.bitrix24.ru\/rest\/190\/42tc2gxq8od2858i\/crm.lead.add.json","info":{"url":"https:\/\/tinger.bitrix24.ru\/rest\/190\/42tc2gxq8od2858i\/crm.lead.add.json","content_type":"application\/json; charset=utf-8","http_code":200,"header_size":1033,"request_size":207,"filetime":-1,"ssl_verify_result":0,"redirect_count":0,"total_time":3.5811649999999999,"namelookup_time":0.018030000000000001,"connect_time":0.028441000000000001,"pretransfer_time":0.047384000000000003,"size_upload":3605,"size_download":289,"speed_download":80,"speed_upload":1006,"download_content_length":-1,"upload_content_length":3605,"starttransfer_time":0.047392999999999998,"redirect_time":0,"redirect_url":"","primary_ip":"195.208.185.4","certinfo":[],"primary_port":443,"local_ip":"188.225.57.79","local_port":55778,"http_version":3,"protocol":2,"ssl_verifyresult":0,"scheme":"HTTPS","appconnect_time_us":47255,"connect_time_us":28441,"namelookup_time_us":18030,"pretransfer_time_us":47384,"redirect_time_us":0,"starttransfer_time_us":47393,"total_time_us":3581165},"params":{"method":"crm.lead.add","params":{"fields":{"NAME":"\u041d\u0438\u043a\u043e\u043b\u0430\u0439","PHONE":[{"VALUE":"9028777701","VALUE_TYPE":"WORK"}],"EMAIL":[{"VALUE":null,"VALUE_TYPE":"WORK"}],"COMMENTS":"\u041f\u0430\u0440\u0430\u043c\u0435\u0442\u0440\u044b \u0434\u0438\u0441\u043a\u0430:\u003Cbr\u003E\u003Cb\u003E\u041d\u0430\u0437\u0432\u0430\u043d\u0438\u0435 \u0448\u0438\u043d\u044b:\u003C\/b\u003E \u0430\u0432\u0442\u0440\u043e\u0441 \u0440\u043e\u043b\u043b\u0438\u043d\u0433 \u0441\u0442\u043e\u0443\u043d\u003Cbr\u003E\u003Cb\u003E\u0414\u0438\u0430\u043c\u0435\u0442\u0440 \u0434\u0438\u0441\u043a\u0430, \u0434\u044e\u0439\u043c\u043e\u0432:\u003C\/b\u003E 21\u003Cbr\u003E\u003Cb\u003E\u0412\u044b\u043b\u0435\u0442 \u0434\u0438\u0441\u043a\u0430, \u043c\u043c:\u003C\/b\u003E 0\u003Cbr\u003E\u003Cb\u003E\u0428\u0438\u0440\u0438\u043d\u0430 \u0434\u0438\u0441\u043a\u0430, \u043c\u043c:\u003C\/b\u003E 500\u003Cbr\u003E\u003Cb\u003E\u041f\u043e\u0441\u0430\u0434\u043e\u0447\u043d\u044b\u0439 \u0434\u0438\u0430\u043c\u0435\u0442\u0440 \u043f\u043e\u0434 \u0441\u0442\u0443\u043f\u0438\u0446\u0443, \u043c\u043c:\u003C\/b\u003E \u0443\u0430\u0437\u003Cbr\u003E\u003Cb\u003E\u0428\u0438\u0440\u0438\u043d\u0430 \u043f\u043e\u0441\u0430\u0434\u043a\u0438 \u0431\u043e\u0440\u0442\u0430 \u0448\u0438\u043d\u044b, \u043c\u043c:\u003C\/b\u003E 2 \u0441\u043b\u043e\u044f\u003Cbr\u003E\u003Cb\u003E\u0414\u0438\u0430\u043c\u0435\u0442\u0440 \u0441\u0442\u0443\u043f\u0438\u0447\u043d\u043e\u0433\u043e \u0444\u043b\u0430\u043d\u0446\u0430, \u043c\u043c:\u003C\/b\u003E \u003Cbr\u003E\u003Cb\u003E\u041a\u043e\u043b\u0438\u0447\u0435\u0441\u0442\u0432\u043e \u0434\u0438\u0441\u043a\u043e\u0432, \u0448\u0442.:\u003C\/b\u003E 4\u003Cbr\u003E\u003Cb\u003E\u0420\u0430\u0437\u0431\u043e\u043b\u0442\u043e\u0432\u043a\u0430 \u0434\u0438\u0441\u043a\u0430, \u043c\u043c:\u003C\/b\u003E 5x139.7\u003Cbr\u003E\u003Cb\u003E\u0414\u0438\u0430\u043c\u0435\u0442\u0440 \u043f\u043e\u0441\u0430\u0434\u043e\u0447\u043d\u044b\u0445 \u043e\u0442\u0432\u0435\u0440\u0441\u0442\u0438\u0439, \u043c\u043c:\u003C\/b\u003E 16\u003Cbr\u003E\u003Cb\u003E\u0426\u0432\u0435\u0442 \u043f\u043b\u0430\u0441\u0442\u0438\u043a\u043e\u0432\u043e\u0439 \u043a\u0440\u044b\u0448\u043a\u0438:\u003C\/b\u003E \u0447\u0451\u0440\u043d\u044b\u0439\u003Cbr\u003E\u003Cb\u003E\u0426\u0432\u0435\u0442 \u0434\u0438\u0441\u043a\u0430:\u003C\/b\u003E \u0447\u0451\u0440\u043d\u044b\u0439 (0 \u0440\u0443\u0431.)\u003Cbr\u003E","TRACE":"{\u0022url\u0022:\u0022https:\/\/tinger.ru\/pnevmodiski\/\u0022,\u0022ref\u0022:\u0022https:\/\/yandex.ru\/\u0022,\u0022device\u0022:{\u0022isMobile\u0022:false},\u0022tags\u0022:{\u0022ts\u0022:1692610907,\u0022list\u0022:{},\u0022gclid\u0022:null},\u0022client\u0022:{\u0022gaId\u0022:\u00221917845963.1692610908\u0022,\u0022yaId\u0022:\u00221692610908686149983\u0022},\u0022pages\u0022:{\u0022list\u0022:[[\u0022https:\/\/tinger.ru\/contacts\/\u0022,1692610921,\u0022\u041a\u043e\u043d\u0442\u0430\u043a\u0442\u044b \u0433\u0440\u0443\u043f\u043f\u044b \u043a\u043e\u043c\u043f\u0430\u043d\u0438\u0439 TINGER\u0022],[\u0022https:\/\/tinger.ru\/pnevmodiski\/\u0022,1692612511,\u0022\u041f\u0440\u043e\u0438\u0437\u0432\u043e\u0434\u0441\u0442\u0432\u043e \u0434\u0438\u0441\u043a\u043e\u0432 \u0434\u043b\u044f \u0448\u0438\u043d \u043d\u0438\u0437\u043a\u043e\u0433\u043e \u0434\u0430\u0432\u043b\u0022]]},\u0022gid\u0022:null,\u0022previous\u0022:{\u0022list\u0022:[]}}","TITLE":"\u041f\u043e\u0434\u0431\u043e\u0440 \u043f\u043d\u0435\u0432\u043c\u043e\u0434\u0438\u0441\u043a\u0430 \u043f\u043e \u0440\u0430\u0437\u043c\u0435\u0440\u0430\u043c","UF_CRM_1449663065":"16522","ASSIGNED_BY_ID":58,"SOURCE_ID":"WEB"}}},"result":{"result":464426,"time":{"start":1692612772.7259071,"finish":1692612776.1558261,"duration":3.4299190044403076,"processing":3.3884210586547852,"date_start":"2023-08-21T13:12:52+03:00","date_finish":"2023-08-21T13:12:56+03:00","operating_reset_at":1692613372,"operating":3.3884000778198242}}}