{"url":"https:\/\/tinger.bitrix24.ru\/rest\/190\/42tc2gxq8od2858i\/crm.lead.add.json","info":{"url":"https:\/\/tinger.bitrix24.ru\/rest\/190\/42tc2gxq8od2858i\/crm.lead.add.json","content_type":"application\/json; charset=utf-8","http_code":200,"header_size":1030,"request_size":207,"filetime":-1,"ssl_verify_result":0,"redirect_count":0,"total_time":1.3825940000000001,"namelookup_time":0.015980999999999999,"connect_time":0.024615000000000001,"pretransfer_time":0.041429000000000001,"size_upload":1778,"size_download":288,"speed_download":208,"speed_upload":1286,"download_content_length":-1,"upload_content_length":1778,"starttransfer_time":0.041431999999999997,"redirect_time":0,"redirect_url":"","primary_ip":"109.120.182.255","certinfo":[],"primary_port":443,"local_ip":"188.225.57.79","local_port":57912,"http_version":3,"protocol":2,"ssl_verifyresult":0,"scheme":"HTTPS","appconnect_time_us":41316,"connect_time_us":24615,"namelookup_time_us":15981,"pretransfer_time_us":41429,"redirect_time_us":0,"starttransfer_time_us":41432,"total_time_us":1382594},"params":{"method":"crm.lead.add","params":{"fields":{"NAME":"\u0421\u0435\u0440\u0433\u0435\u0439","PHONE":[{"VALUE":"+7 (920) 639-91-62","VALUE_TYPE":"WORK"}],"TRACE":"{\u0022url\u0022:\u0022https:\/\/tingard.ru\/\u0022,\u0022ref\u0022:\u0022https:\/\/rutube.ru\/\u0022,\u0022device\u0022:{\u0022isMobile\u0022:false},\u0022tags\u0022:{\u0022ts\u0022:1746904017,\u0022list\u0022:{\u0022utm_source\u0022:\u0022youtube\u0022,\u0022utm_medium\u0022:\u0022pr\u0022,\u0022utm_campaign\u0022:\u0022gurin\u0022},\u0022gclid\u0022:null},\u0022client\u0022:{\u0022yaId\u0022:\u00221746904017921763854\u0022},\u0022pages\u0022:{\u0022list\u0022:[[\u0022https:\/\/tingard.ru\/promo\/?utm_source=youtube\u0026utm_medium=pr\u0026utm_campaign=gurin\u0026clckid=62072fa8\u0022,1746904017,\u0022\u041f\u0440\u043e\u043c\u043e\u043a\u043e\u0434\u044b \u0434\u043b\u044f \u043f\u043e\u043b\u0443\u0447\u0435\u043d\u0438\u044f \u0441\u043a\u0438\u0434\u043e\u043a \u043d\u0430 \u0442\u0435\u0445\u043d\u0438\u043a\u0022],[\u0022https:\/\/tingard.ru\/\u0022,1746904024,\u0022TINGARD \u2014 \u0431\u0435\u0441\u0448\u043e\u0432\u043d\u044b\u0439 \u043f\u043b\u0430\u0441\u0442\u0438\u043a\u043e\u0432\u044b\u0439 \u043f\u043e\u0433\u0440\u0435\u0431 \u2116\u0022]]},\u0022gid\u0022:null,\u0022previous\u0022:{\u0022list\u0022:[]}}","UF_CRM_1736853511":"1746904017921763854","UF_CRM_1736853555":"1746904017921763854","UF_CRM_1736853537":"1746904017921763854","UF_CRM_1517561552":"3649360","COMMENTS":"\u0415\u0441\u0442\u044c \u043f\u0440\u043e\u043c\u043e\u043a\u043e\u0434: \u003Cbr\u003E","UF_CRM_1699518130":null,"TITLE":"\u0417\u0430\u043a\u0430\u0437\u0430\u0442\u044c \u043f\u043e\u0433\u0440\u0435\u0431","UF_CRM_1449663065":68,"ASSIGNED_BY_ID":58,"SOURCE_ID":9}}},"result":{"result":595382,"time":{"start":1746904185.7034359,"finish":1746904186.956475,"duration":1.2530391216278076,"processing":1.2127468585968018,"date_start":"2025-05-10T22:09:45+03:00","date_finish":"2025-05-10T22:09:46+03:00","operating_reset_at":1746904785,"operating":1.2127251625061035}}}