{"url":"https:\/\/tinger.bitrix24.ru\/rest\/190\/42tc2gxq8od2858i\/crm.lead.add.json","info":{"url":"https:\/\/tinger.bitrix24.ru\/rest\/190\/42tc2gxq8od2858i\/crm.lead.add.json","content_type":"application\/json; charset=utf-8","http_code":200,"header_size":1027,"request_size":207,"filetime":-1,"ssl_verify_result":0,"redirect_count":0,"total_time":2.639068,"namelookup_time":0.013361,"connect_time":0.015021,"pretransfer_time":0.029170999999999999,"size_upload":1882,"size_download":286,"speed_download":108,"speed_upload":713,"download_content_length":-1,"upload_content_length":1882,"starttransfer_time":0.029177000000000002,"redirect_time":0,"redirect_url":"","primary_ip":"178.132.201.53","certinfo":[],"primary_port":443,"local_ip":"188.225.57.79","local_port":37508,"http_version":3,"protocol":2,"ssl_verifyresult":0,"scheme":"HTTPS","appconnect_time_us":28944,"connect_time_us":15021,"namelookup_time_us":13361,"pretransfer_time_us":29171,"redirect_time_us":0,"starttransfer_time_us":29177,"total_time_us":2639068},"params":{"method":"crm.lead.add","params":{"fields":{"NAME":"\u0421\u0435\u0440\u0433\u0435\u0439","PHONE":[{"VALUE":null,"VALUE_TYPE":"WORK"}],"EMAIL":[{"VALUE":"sergromanov2000@gmail.com","VALUE_TYPE":"WORK"}],"COMMENTS":"\u0425\u043e\u0447\u0443 \u043f\u0435\u0440\u0438\u043e\u0434\u0438\u0447\u0435\u0441\u043a\u0438 \u043e\u0431\u0440\u0430\u0431\u0430\u0442\u044b\u0432\u0430\u0442\u044c \u043f\u043e\u0433\u0440\u0435\u0431 \u043e\u0437\u043e\u043d\u0430\u0442\u043e\u0440\u043e\u043c, \u043d\u043e \u043e\u0437\u043e\u043d \u043f\u043b\u043e\u0445\u043e \u0432\u043b\u0438\u044f\u0435\u0442 \u043d\u0430 \u043f\u043b\u0430\u0441\u0442\u0438\u043a \u043f\u0440\u0438 \u0447\u0430\u0441\u0442\u043e\u043c \u043f\u0440\u0438\u043c\u0435\u043d\u0435\u043d\u0438\u0438, \u0412\u0430\u0448 \u043f\u043e\u0433\u0440\u0435\u0431 \u043a\u0430\u043a \u0440\u0435\u0430\u0433\u0438\u0440\u0443\u0435\u0442 \u0441 \u043e\u0437\u043e\u043d\u043e\u043c? ","TRACE":"{\u0022url\u0022:\u0022https:\/\/tingard.ru\/\u0022,\u0022ref\u0022:\u0022https:\/\/www.google.com\/\u0022,\u0022device\u0022:{\u0022isMobile\u0022:true},\u0022tags\u0022:{\u0022ts\u0022:1698605556,\u0022list\u0022:{},\u0022gclid\u0022:null},\u0022client\u0022:{\u0022yaId\u0022:\u00221698605555718403944\u0022},\u0022pages\u0022:{\u0022list\u0022:[[\u0022https:\/\/tingard.ru\/\u0022,1698605557,\u0022TINGARD \u2014 \u0431\u0435\u0441\u0448\u043e\u0432\u043d\u044b\u0439 \u043f\u043b\u0430\u0441\u0442\u0438\u043a\u043e\u0432\u044b\u0439 \u043f\u043e\u0433\u0440\u0435\u0431 \u2116\u0022]]},\u0022gid\u0022:null,\u0022previous\u0022:{\u0022list\u0022:[]}}","TITLE":"\u0421\u0432\u044f\u0437\u0430\u0442\u044c\u0441\u044f \u0441 \u043f\u0440\u043e\u0438\u0437\u0432\u043e\u0434\u0438\u0442\u0435\u043b\u0435\u043c","UF_CRM_1449663065":68,"ASSIGNED_BY_ID":58,"SOURCE_ID":9}}},"result":{"result":480950,"time":{"start":1698605699.105546,"finish":1698605701.644809,"duration":2.5392630100250244,"processing":2.497589111328125,"date_start":"2023-10-29T21:54:59+03:00","date_finish":"2023-10-29T21:55:01+03:00","operating_reset_at":1698606299,"operating":2.4975650310516357}}}