{"url":"https:\/\/tinger.bitrix24.ru\/rest\/190\/42tc2gxq8od2858i\/crm.deal.add.json","info":{"url":"https:\/\/tinger.bitrix24.ru\/rest\/190\/42tc2gxq8od2858i\/crm.deal.add.json","content_type":"application\/json; charset=utf-8","http_code":200,"header_size":1030,"request_size":207,"filetime":-1,"ssl_verify_result":0,"redirect_count":0,"total_time":2.9510510000000001,"namelookup_time":0.0014779999999999999,"connect_time":0.010996000000000001,"pretransfer_time":0.027810999999999999,"size_upload":2759,"size_download":286,"speed_download":96,"speed_upload":934,"download_content_length":-1,"upload_content_length":2759,"starttransfer_time":0.027813000000000001,"redirect_time":0,"redirect_url":"","primary_ip":"95.163.249.170","certinfo":[],"primary_port":443,"local_ip":"188.225.57.79","local_port":48062,"http_version":3,"protocol":2,"ssl_verifyresult":0,"scheme":"HTTPS","appconnect_time_us":27728,"connect_time_us":10996,"namelookup_time_us":1478,"pretransfer_time_us":27811,"redirect_time_us":0,"starttransfer_time_us":27813,"total_time_us":2951051},"params":{"method":"crm.deal.add","params":{"fields":{"NAME":"\u0410\u043b\u0435\u043a\u0441\u0430\u043d\u0434\u0440 \u0413\u043e\u043d\u0447\u0430\u0440\u043e\u0432","PHONE":[{"VALUE":"+7 (911) 541-32-18","VALUE_TYPE":"WORK"}],"EMAIL":[{"VALUE":"avgonharov@mail.ru","VALUE_TYPE":"WORK"}],"COMMENTS":"\u0414\u043e\u0431\u0440\u044b\u0439 \u0434\u0435\u043d\u044c! \u0415\u0441\u0442\u044c \u0436\u0435\u043b\u0430\u043d\u0438\u0435 \u0440\u0430\u0431\u043e\u0442\u0430\u0442\u044c \u0432 \u0432\u0430\u0448\u0435\u0439 \u043a\u043e\u043c\u043f\u0430\u043d\u0438\u0438, \u043d\u0430 \u0434\u0430\u043d\u043d\u044b\u0439 \u043c\u043e\u043c\u0435\u043d\u0442 \u043d\u0430\u0445\u043e\u0436\u0443\u0441\u044c \u0432 \u0441\u0442\u0430\u0442\u0443\u0441\u0435 \u0418\u041f.\r\n\u0418\u043c\u0435\u044e \u043f\u043e\u0434\u0442\u0432\u0435\u0440\u0436\u0434\u0435\u043d\u043d\u044b\u0435 \u043f\u0440\u043e\u0444\u0435\u0441\u0441\u0438\u0438:\r\n\u0421\u043b\u0435\u0441\u0430\u0440\u044c \u0440\u0435\u043c\u043e\u043d\u0442\u043d\u0438\u043a 6 \u0440\u0430\u0437\u0440\u044f\u0434.\r\n\u0422\u043e\u043a\u0430\u0440\u044c 3 \u0440\u0430\u0437\u0440\u044f\u0434.\r\n\u042d\u043b.\u0441\u0432\u0430\u0440\u0449\u0438\u043a \u0440\u0443\u0447\u043d\u043e\u0439 \u0434\u0443\u0433\u043e\u0432\u043e\u0439 \u0441\u0432\u0430\u0440\u043a\u0438 2 \u0440\u0430\u0437\u0440\u044f\u0434.","TRACE":"{\u0022url\u0022:\u0022https:\/\/tinger.ru\/vacancies\/\u0022,\u0022device\u0022:{\u0022isMobile\u0022:false},\u0022tags\u0022:{\u0022ts\u0022:1699347403,\u0022list\u0022:{},\u0022gclid\u0022:null},\u0022client\u0022:{\u0022gaId\u0022:\u0022540460448.1699347404\u0022,\u0022yaId\u0022:\u00221699347404765051616\u0022},\u0022pages\u0022:{\u0022list\u0022:[[\u0022https:\/\/tinger.ru\/vacancies\/rabota-na-proizvodstve\/\u0022,1699963984,\u0022\u0420\u0430\u0431\u043e\u0442\u0430 \u043d\u0430 \u043f\u0440\u043e\u0438\u0437\u0432\u043e\u0434\u0441\u0442\u0432\u0435 TINGER\u0022],[\u0022https:\/\/tinger.ru\/vacancies\/\u0022,1699963987,\u0022\u0412\u0430\u043a\u0430\u043d\u0441\u0438\u0438 \u0432 \u0427\u0435\u0440\u0435\u043f\u043e\u0432\u0446\u0435 \u0432 \u0433\u0440\u0443\u043f\u043f\u0435 \u043a\u043e\u043c\u043f\u0430\u043d\u0438\u0439 T\u0022]]},\u0022gid\u0022:null,\u0022previous\u0022:{\u0022list\u0022:[]}}","TITLE":"\u0425\u043e\u0447\u0443 \u0440\u0430\u0431\u043e\u0442\u0430\u0442\u044c \u0443 \u0432\u0430\u0441, \u043d\u043e \u043d\u0435 \u043e\u043f\u0440\u0435\u0434\u0435\u043b\u0438\u043b\u0441\u044f \u0441 \u0432\u0430\u043a\u0430\u043d\u0441\u0438\u0435\u0439","CATEGORY_ID":26,"SOURCE_ID":"WEB","ASSIGNED_BY_ID":50856,"UF_CRM_5742B4FC41290":null,"CONTACT_ID":65534}}},"result":{"result":87008,"time":{"start":1699964465.1518669,"finish":1699964467.991962,"duration":2.840095043182373,"processing":2.7785880565643311,"date_start":"2023-11-14T15:21:05+03:00","date_finish":"2023-11-14T15:21:07+03:00","operating_reset_at":1699965065,"operating":2.7785558700561523}}}