{"url":"https:\/\/tinger.bitrix24.ru\/rest\/190\/42tc2gxq8od2858i\/crm.lead.add.json","info":{"url":"https:\/\/tinger.bitrix24.ru\/rest\/190\/42tc2gxq8od2858i\/crm.lead.add.json","content_type":"application\/json; charset=utf-8","http_code":200,"header_size":1028,"request_size":207,"filetime":-1,"ssl_verify_result":0,"redirect_count":0,"total_time":0.96423099999999995,"namelookup_time":0.018137,"connect_time":0.019942000000000001,"pretransfer_time":0.029891999999999998,"size_upload":2234,"size_download":290,"speed_download":300,"speed_upload":2317,"download_content_length":-1,"upload_content_length":2234,"starttransfer_time":0.029894,"redirect_time":0,"redirect_url":"","primary_ip":"178.132.201.50","certinfo":[],"primary_port":443,"local_ip":"188.225.57.79","local_port":36166,"http_version":3,"protocol":2,"ssl_verifyresult":0,"scheme":"HTTPS","appconnect_time_us":29807,"connect_time_us":19942,"namelookup_time_us":18137,"pretransfer_time_us":29892,"redirect_time_us":0,"starttransfer_time_us":29894,"total_time_us":964231},"params":{"method":"crm.lead.add","params":{"fields":{"NAME":"\u041e\u043b\u0435\u0433","PHONE":[{"VALUE":"8 (995) 681-63-84","VALUE_TYPE":"WORK"}],"EMAIL":[{"VALUE":null,"VALUE_TYPE":"WORK"}],"TRACE":"{\u0022url\u0022:\u0022https:\/\/tingard.ru\/?roistat=direct14_context_16225570743_%D1%81%D1%80%D0%B5%D0%B4%D1%81%D1%82%D0%B2%D0%BE%20%D0%BD%D0%B0%20%D0%BE%D0%B3%D0%BE%D1%80%D0%BE%D0%B4%D0%B5\u0026roistat_referrer=sad-letom.ru\u0026roistat_pos=none_0\u0026utm_source=yandex\u0026utm_medium=cpc\u0026utm_campaign=rsya-click\u0026utm_content=16225570743\u0026utm_term=sad-letom.ru\u0026yclid=845346861770866687\u0022,\u0022ref\u0022:\u0022https:\/\/sad-letom.ru\/\u0022,\u0022device\u0022:{\u0022isMobile\u0022:false},\u0022tags\u0022:{\u0022ts\u0022:1723889181,\u0022list\u0022:{\u0022utm_source\u0022:\u0022yandex\u0022,\u0022utm_medium\u0022:\u0022cpc\u0022,\u0022utm_campaign\u0022:\u0022rsya-click\u0022,\u0022utm_content\u0022:\u002216225570743\u0022,\u0022utm_term\u0022:\u0022sad-letom.ru\u0022},\u0022gclid\u0022:null},\u0022client\u0022:{\u0022yaId\u0022:\u00221723889179987386169\u0022},\u0022pages\u0022:{\u0022list\u0022:[[\u0022https:\/\/tingard.ru\/?roistat=direct14_context_16225570743_%D1%81%D1%80%D0%B5%D0%B4%D1%81%D1%82%D0%B2%D0%BE%20%D0%BD%D0%B0%20%D0%BE%D0%B3%D0%BE%D1%80%D0%BE%D0%B4%D0%B5\u0026roistat_referrer=sad-letom.ru\u0026roistat_pos=none_0\u0026utm_source=yandex\u0026utm_medium=cpc\u0026utm_campaign=rsya-click\u0026utm_content=16225570743\u0026utm_term=sad-letom.ru\u0026yclid=845346861770866687\u0022,1723889182,\u0022TINGARD \u2014 \u0431\u0435\u0441\u0448\u043e\u0432\u043d\u044b\u0439 \u043f\u043b\u0430\u0441\u0442\u0438\u043a\u043e\u0432\u044b\u0439 \u043f\u043e\u0433\u0440\u0435\u0431 \u2116\u0022]]},\u0022gid\u0022:null,\u0022previous\u0022:{\u0022list\u0022:[]}}","UF_CRM_1517561552":"3406157","COMMENTS":null,"TITLE":"\u041f\u043e\u043b\u0443\u0447\u0438\u0442\u044c \u043f\u0440\u0435\u0434\u043b\u043e\u0436\u0435\u043d\u0438\u0435 \u043f\u043e \u043f\u043e\u0433\u0440\u0435\u0431\u0443 TINGARD 1900\u041a","UF_CRM_1449663065":68,"ASSIGNED_BY_ID":58,"SOURCE_ID":9}}},"result":{"result":539175,"time":{"start":1723889238.4751749,"finish":1723889239.3456581,"duration":0.8704831600189209,"processing":0.84462714195251465,"date_start":"2024-08-17T13:07:18+03:00","date_finish":"2024-08-17T13:07:19+03:00","operating_reset_at":1723889838,"operating":2.6670491695404053}}}