{"url":"https:\/\/tinger.bitrix24.ru\/rest\/190\/42tc2gxq8od2858i\/crm.lead.add.json","info":{"url":"https:\/\/tinger.bitrix24.ru\/rest\/190\/42tc2gxq8od2858i\/crm.lead.add.json","content_type":"application\/json; charset=utf-8","http_code":200,"header_size":919,"request_size":207,"filetime":-1,"ssl_verify_result":0,"redirect_count":0,"total_time":1.8888499999999999,"namelookup_time":0.027583,"connect_time":0.029028000000000002,"pretransfer_time":0.044068000000000003,"size_upload":2510,"size_download":263,"speed_download":139,"speed_upload":1329,"download_content_length":-1,"upload_content_length":2510,"starttransfer_time":0.044069999999999998,"redirect_time":0,"redirect_url":"","primary_ip":"178.132.201.53","certinfo":[],"primary_port":443,"local_ip":"188.225.57.79","local_port":50618,"http_version":3,"protocol":2,"ssl_verifyresult":0,"scheme":"HTTPS","appconnect_time_us":43914,"connect_time_us":29028,"namelookup_time_us":27583,"pretransfer_time_us":44068,"redirect_time_us":0,"starttransfer_time_us":44070,"total_time_us":1888850},"params":{"method":"crm.lead.add","params":{"fields":{"NAME":"\u0410\u043b\u044c\u0431\u0435\u0440\u0442","PHONE":[{"VALUE":"+7 (937) 009-41-08","VALUE_TYPE":"WORK"}],"EMAIL":[{"VALUE":"alb900@yandex.ru","VALUE_TYPE":"WORK"}],"TRACE":"{\u0022url\u0022:\u0022https:\/\/tingard.ru\/?utm_source=yandex\u0026utm_medium=cpc\u0026utm_campaign=mk_rf_kval\u0026utm_content=1900772303016972232\u0026utm_term=---autotargeting\u0026roistat=direct14_search_702036728_rsMasterGroup_rsMasterBanner_---autotargeting\u0026etext=2202.Hlbvim-uS0gc0pIjCAcqsNyzQUcfGDmtHcHCVBq77l2vFNlyxRnRP86IIpr5s7MSlLn3rYqo_TFSy4RpgKN1jOjVLz1zW9B416qsB4FlgSceecu4eomLuhURijOkEDHUdHZhenVybHp2Z29zbnR6cw.b0ec940c8ee2c89d71e8d45a3c945074c92cfd86\u0026yclid=14009690407470366719\u0026ybaip=1\u0022,\u0022ref\u0022:\u0022https:\/\/yandex.ru\/\u0022,\u0022device\u0022:{\u0022isMobile\u0022:false},\u0022tags\u0022:{\u0022ts\u0022:1774543329,\u0022list\u0022:{\u0022utm_source\u0022:\u0022yandex\u0022,\u0022utm_medium\u0022:\u0022cpc\u0022,\u0022utm_campaign\u0022:\u0022mk_rf_kval\u0022,\u0022utm_content\u0022:\u00221900772303016972232\u0022,\u0022utm_term\u0022:\u0022---autotargeting\u0022},\u0022gclid\u0022:null},\u0022client\u0022:{\u0022yaId\u0022:\u00221774543329543654481\u0022},\u0022pages\u0022:{\u0022list\u0022:[[\u0022https:\/\/tingard.ru\/?utm_source=yandex\u0026utm_medium=cpc\u0026utm_campaign=mk_rf_kval\u0026utm_content=1900772303016972232\u0026utm_term=---autotargeting\u0026roistat=direct14_search_702036728_rsMasterGroup_rsMasterBanner_---autotargeting\u0026etext=2202.Hlbvim-uS0gc0pIjCAcqsNyzQUcfGDmtHcHCVBq77l2vFNlyxRnRP86IIpr5s7MSlLn3rYqo_TFSy4RpgKN1jOjVLz1zW9B416qsB4FlgSceecu4eomLuhURijOkEDHUdHZhenVybHp2Z29zbnR6cw.b0ec940c8ee2c89d71e8d45a3c945074c92cfd86\u0026yclid=14009690407470366719\u0026ybaip=1\u0022,1774543329,\u0022TINGARD \u2014 \u0431\u0435\u0441\u0448\u043e\u0432\u043d\u044b\u0439 \u043f\u043b\u0430\u0441\u0442\u0438\u043a\u043e\u0432\u044b\u0439 \u043f\u043e\u0433\u0440\u0435\u0431 \u0441\u0022]]},\u0022gid\u0022:null,\u0022previous\u0022:{\u0022list\u0022:[]}}","UF_CRM_1736853511":"1774543329543654481","UF_CRM_1736853555":"1774543329543654481","UF_CRM_1736853537":"1774543329543654481","UF_CRM_1517561552":"3900179","COMMENTS":null,"TITLE":"\u0420\u0430\u0441\u0441\u0447\u0438\u0442\u0430\u0442\u044c \u0441\u0442\u043e\u0438\u043c\u043e\u0441\u0442\u044c \u043f\u043e\u0433\u0440\u0435\u0431\u0430","UF_CRM_1449663065":68,"ASSIGNED_BY_ID":58,"SOURCE_ID":9}}},"result":{"result":653932,"time":{"start":1774544674,"finish":1774544676.2275889,"duration":2.2275888919830322,"processing":2,"date_start":"2026-03-26T20:04:34+03:00","date_finish":"2026-03-26T20:04:36+03:00","operating_reset_at":1774545274,"operating":1.7685818672180176}}}