{"url":"https:\/\/tinger.bitrix24.ru\/rest\/190\/42tc2gxq8od2858i\/crm.lead.add.json","info":{"url":"https:\/\/tinger.bitrix24.ru\/rest\/190\/42tc2gxq8od2858i\/crm.lead.add.json","content_type":"application\/json; charset=utf-8","http_code":200,"header_size":1030,"request_size":207,"filetime":-1,"ssl_verify_result":0,"redirect_count":0,"total_time":2.2134990000000001,"namelookup_time":0.015559,"connect_time":0.024171000000000002,"pretransfer_time":0.040780999999999998,"size_upload":2066,"size_download":285,"speed_download":128,"speed_upload":933,"download_content_length":-1,"upload_content_length":2066,"starttransfer_time":0.040784000000000001,"redirect_time":0,"redirect_url":"","primary_ip":"217.16.18.181","certinfo":[],"primary_port":443,"local_ip":"188.225.57.79","local_port":46758,"http_version":3,"protocol":2,"ssl_verifyresult":0,"scheme":"HTTPS","appconnect_time_us":40647,"connect_time_us":24171,"namelookup_time_us":15559,"pretransfer_time_us":40781,"redirect_time_us":0,"starttransfer_time_us":40784,"total_time_us":2213499},"params":{"method":"crm.lead.add","params":{"fields":{"NAME":"\u0410\u043b\u0435\u043a\u0441\u0430\u043d\u0434\u0440\u0430 \u041b\u043e\u0431\u0430\u0448\u043e\u0432\u0430","PHONE":[{"VALUE":"8 (917) 383-90-23","VALUE_TYPE":"WORK"}],"EMAIL":[{"VALUE":"anlobash@gmail.com","VALUE_TYPE":"WORK"}],"TRACE":"{\u0022url\u0022:\u0022https:\/\/tingard.ru\/?utm_source=yandex\u0026utm_medium=cpc\u0026utm_campaign=mk_rf_kval\u0026utm_content=17189060408\u0026utm_term=---autotargeting\u0026roistat=direct14_context_702036728_rsMasterGroup_rsMasterBanner_---autotargeting\u0026yclid=3957908273537482751\u0022,\u0022device\u0022:{\u0022isMobile\u0022:true},\u0022tags\u0022:{\u0022ts\u0022:1756343814,\u0022list\u0022:{\u0022utm_source\u0022:\u0022yandex\u0022,\u0022utm_medium\u0022:\u0022cpc\u0022,\u0022utm_campaign\u0022:\u0022mk_rf_kval\u0022,\u0022utm_content\u0022:\u002217189060408\u0022,\u0022utm_term\u0022:\u0022---autotargeting\u0022},\u0022gclid\u0022:null},\u0022client\u0022:{\u0022yaId\u0022:\u00221756343815813595544\u0022},\u0022pages\u0022:{\u0022list\u0022:[[\u0022https:\/\/tingard.ru\/?utm_source=yandex\u0026utm_medium=cpc\u0026utm_campaign=mk_rf_kval\u0026utm_content=17189060408\u0026utm_term=---autotargeting\u0026roistat=direct14_context_702036728_rsMasterGroup_rsMasterBanner_---autotargeting\u0026yclid=3957908273537482751\u0022,1756343815,\u0022TINGARD \u2014 \u0431\u0435\u0441\u0448\u043e\u0432\u043d\u044b\u0439 \u043f\u043b\u0430\u0441\u0442\u0438\u043a\u043e\u0432\u044b\u0439 \u043f\u043e\u0433\u0440\u0435\u0431 \u0441\u0022]]},\u0022gid\u0022:null,\u0022previous\u0022:{\u0022list\u0022:[]}}","UF_CRM_1736853511":"1756343815813595544","UF_CRM_1736853555":"1756343815813595544","UF_CRM_1736853537":"1756343815813595544","UF_CRM_1517561552":"3739868","COMMENTS":null,"TITLE":"\u0420\u0430\u0441\u0441\u0447\u0438\u0442\u0430\u0442\u044c \u0441\u0442\u043e\u0438\u043c\u043e\u0441\u0442\u044c \u043f\u043e\u0433\u0440\u0435\u0431\u0430","UF_CRM_1449663065":68,"ASSIGNED_BY_ID":58,"SOURCE_ID":9}}},"result":{"result":618940,"time":{"start":1756343974.8224659,"finish":1756343976.928988,"duration":2.1065220832824707,"processing":2.0627069473266602,"date_start":"2025-08-28T04:19:34+03:00","date_finish":"2025-08-28T04:19:36+03:00","operating_reset_at":1756344574,"operating":2.0626840591430664}}}