{"url":"https:\/\/tinger.bitrix24.ru\/rest\/190\/42tc2gxq8od2858i\/crm.lead.add.json","info":{"url":"https:\/\/tinger.bitrix24.ru\/rest\/190\/42tc2gxq8od2858i\/crm.lead.add.json","content_type":"application\/json; charset=utf-8","http_code":200,"header_size":1027,"request_size":207,"filetime":-1,"ssl_verify_result":0,"redirect_count":0,"total_time":1.7353069999999999,"namelookup_time":0.022853999999999999,"connect_time":0.024385,"pretransfer_time":0.034582000000000002,"size_upload":3330,"size_download":286,"speed_download":164,"speed_upload":1919,"download_content_length":-1,"upload_content_length":3330,"starttransfer_time":0.034583999999999997,"redirect_time":0,"redirect_url":"","primary_ip":"178.132.201.53","certinfo":[],"primary_port":443,"local_ip":"188.225.57.79","local_port":35978,"http_version":3,"protocol":2,"ssl_verifyresult":0,"scheme":"HTTPS","appconnect_time_us":34468,"connect_time_us":24385,"namelookup_time_us":22854,"pretransfer_time_us":34582,"redirect_time_us":0,"starttransfer_time_us":34584,"total_time_us":1735307},"params":{"method":"crm.lead.add","params":{"fields":{"NAME":"\u0410\u043d\u043d\u0430","EMAIL":[{"VALUE":"Ann-samsonova@yandex.ru","VALUE_TYPE":"WORK"}],"TRACE":"{\u0022url\u0022:\u0022https:\/\/tingard.ru\/?utm_source=yandex\u0026utm_medium=cpc\u0026utm_campaign=mk_rf\u0026utm_content=17178944989\u0026utm_term=---autotargeting\u0026roistat=direct14_search_89463958_rsMasterGroup_rsMasterBanner_---autotargeting\u0026yclid=2605781162154786815\u0022,\u0022ref\u0022:\u0022https:\/\/yandex.ru\/\u0022,\u0022device\u0022:{\u0022isMobile\u0022:true},\u0022tags\u0022:{\u0022ts\u0022:1756627059,\u0022list\u0022:{\u0022utm_source\u0022:\u0022yandex\u0022,\u0022utm_medium\u0022:\u0022cpc\u0022,\u0022utm_campaign\u0022:\u0022mk_rf\u0022,\u0022utm_content\u0022:\u002217178944989\u0022,\u0022utm_term\u0022:\u0022---autotargeting\u0022},\u0022gclid\u0022:null},\u0022client\u0022:{\u0022yaId\u0022:\u0022175662706049606401\u0022},\u0022pages\u0022:{\u0022list\u0022:[[\u0022https:\/\/tingard.ru\/?utm_source=yandex\u0026utm_medium=cpc\u0026utm_campaign=mk_rf\u0026utm_content=17178944989\u0026utm_term=---autotargeting\u0026roistat=direct14_search_89463958_rsMasterGroup_rsMasterBanner_---autotargeting\u0026yclid=2605781162154786815\u0022,1756627060,\u0022TINGARD \u2014 \u0431\u0435\u0441\u0448\u043e\u0432\u043d\u044b\u0439 \u043f\u043b\u0430\u0441\u0442\u0438\u043a\u043e\u0432\u044b\u0439 \u043f\u043e\u0433\u0440\u0435\u0431 \u0441\u0022]]},\u0022gid\u0022:null,\u0022previous\u0022:{\u0022list\u0022:[]}}","UF_CRM_1736853511":"175662706049606401","UF_CRM_1736853555":"175662706049606401","UF_CRM_1736853537":"175662706049606401","UF_CRM_1517561552":"3742340","COMMENTS":"\u0414\u043e\u0431\u0440\u044b\u0439 \u0434\u0435\u043d\u044c! \u041f\u043e\u0434\u0441\u043a\u0430\u0436\u0438\u0442\u0435 \u043f\u043e\u0436\u0430\u043b\u0443\u0439\u0441\u0442\u0430, \u0433\u043e\u0434 \u043d\u0430\u0437\u0430\u0434 \u0443\u0441\u0442\u0430\u043d\u043e\u0432\u0438\u043b\u0438 \u0432\u0430\u0448 \u043f\u043e\u0433\u0440\u0435\u0431. \u0423 \u043d\u0430\u0441 \u0432\u0441\u0435 \u043b\u0435\u0442\u043e \u0432\u043d\u0443\u0442\u0440\u0438 \u043f\u043e\u0433\u0440\u0435\u0431\u0430 \u0441\u043a\u0430\u043f\u043b\u0438\u0432\u0430\u0435\u0442\u0441\u044f \u0432\u044b\u0441\u043e\u043a\u0430\u044f  \u0432\u043b\u0430\u0433\u0430 \u043f\u043e\u0434 \u0434\u0435\u0440\u0435\u0432\u044f\u043d\u043d\u044b\u043c \u043f\u043e\u043b\u043e\u043c. \u041f\u0440\u043e\u0431\u0443\u0435\u043c \u0432\u0441\u0435\u043c\u0438 \u0441\u043f\u043e\u0441\u043e\u0431\u0430\u043c\u0438 \u043e\u0442 \u043d\u0435\u0435 \u0438\u0437\u0431\u0430\u0432\u0438\u0442\u044c\u0441\u044f, \u043d\u043e \u0431\u0435\u0437\u0443\u0441\u043f\u0435\u0448\u043d\u043e. \u041f\u043e\u0434\u0441\u043a\u0430\u0436\u0438\u0442\u0435, \u0447\u0442\u043e \u043d\u0435 \u0442\u0430\u043a \u0438 \u043a\u0430\u043a \u0435\u0435 \u0432\u044b\u0432\u0435\u0441\u0442\u0438, \u043c\u043e\u0436\u0435\u0442 \u0447\u0442\u043e-\u0442\u043e \u0434\u0435\u043b\u0430\u0435\u043c \u043d\u0435\u0432\u0435\u0440\u043d\u043e? ","TITLE":"\u0421\u0432\u044f\u0437\u0430\u0442\u044c\u0441\u044f \u0441 \u043f\u0440\u043e\u0438\u0437\u0432\u043e\u0434\u0438\u0442\u0435\u043b\u0435\u043c","UF_CRM_1449663065":68,"ASSIGNED_BY_ID":58,"SOURCE_ID":9}}},"result":{"result":619390,"time":{"start":1756627338.164907,"finish":1756627339.792541,"duration":1.6276340484619141,"processing":1.5936439037322998,"date_start":"2025-08-31T11:02:18+03:00","date_finish":"2025-08-31T11:02:19+03:00","operating_reset_at":1756627938,"operating":1.5936250686645508}}}