{"url":"https:\/\/tinger.bitrix24.ru\/rest\/190\/42tc2gxq8od2858i\/crm.lead.add.json","info":{"url":"https:\/\/tinger.bitrix24.ru\/rest\/190\/42tc2gxq8od2858i\/crm.lead.add.json","content_type":"application\/json; charset=utf-8","http_code":200,"header_size":1030,"request_size":207,"filetime":-1,"ssl_verify_result":0,"redirect_count":0,"total_time":2.2384940000000002,"namelookup_time":0.013828999999999999,"connect_time":0.022738000000000001,"pretransfer_time":0.040467999999999997,"size_upload":1883,"size_download":288,"speed_download":128,"speed_upload":841,"download_content_length":-1,"upload_content_length":1883,"starttransfer_time":0.040471,"redirect_time":0,"redirect_url":"","primary_ip":"95.163.249.170","certinfo":[],"primary_port":443,"local_ip":"188.225.57.79","local_port":40524,"http_version":3,"protocol":2,"ssl_verifyresult":0,"scheme":"HTTPS","appconnect_time_us":40365,"connect_time_us":22738,"namelookup_time_us":13829,"pretransfer_time_us":40468,"redirect_time_us":0,"starttransfer_time_us":40471,"total_time_us":2238494},"params":{"method":"crm.lead.add","params":{"fields":{"NAME":"\u0415\u043a\u0430\u0442\u0435\u0440\u0438\u043d\u0430","PHONE":[{"VALUE":"+7 (916) 630-11-55","VALUE_TYPE":"WORK"}],"TRACE":"{\u0022url\u0022:\u0022https:\/\/tingard.ru\/?utm_source=yandex\u0026utm_medium=cpc\u0026utm_campaign=mk_rf\u0026utm_content=14460640497\u0026utm_term=---autotargeting\u0026roistat=direct14_context_89463958_rsMasterGroup_rsMasterBanner_---autotargeting\u0026yclid=16274647406608121855\u0022,\u0022ref\u0022:\u0022https:\/\/www.radiorecord.ru\/\u0022,\u0022device\u0022:{\u0022isMobile\u0022:false},\u0022tags\u0022:{\u0022ts\u0022:1745488255,\u0022list\u0022:{\u0022utm_source\u0022:\u0022yandex\u0022,\u0022utm_medium\u0022:\u0022cpc\u0022,\u0022utm_campaign\u0022:\u0022mk_rf\u0022,\u0022utm_content\u0022:\u002214460640497\u0022,\u0022utm_term\u0022:\u0022---autotargeting\u0022},\u0022gclid\u0022:null},\u0022client\u0022:{\u0022yaId\u0022:\u00221698316851139165669\u0022},\u0022pages\u0022:{\u0022list\u0022:[[\u0022https:\/\/tingard.ru\/?utm_source=yandex\u0026utm_medium=cpc\u0026utm_campaign=mk_rf\u0026utm_content=14460640497\u0026utm_term=---autotargeting\u0026roistat=direct14_context_89463958_rsMasterGroup_rsMasterBanner_---autotargeting\u0026yclid=16274647406608121855\u0022,1745488256,\u0022TINGARD \u2014 \u0431\u0435\u0441\u0448\u043e\u0432\u043d\u044b\u0439 \u043f\u043b\u0430\u0441\u0442\u0438\u043a\u043e\u0432\u044b\u0439 \u043f\u043e\u0433\u0440\u0435\u0431 \u2116\u0022]]},\u0022gid\u0022:null,\u0022previous\u0022:{\u0022list\u0022:[]}}","UF_CRM_1736853511":"1698316851139165669","UF_CRM_1736853555":"1698316851139165669","UF_CRM_1736853537":"1698316851139165669","UF_CRM_1517561552":"3639343","COMMENTS":null,"TITLE":"\u0417\u0430\u043a\u0430\u0437\u0430\u0442\u044c \u043f\u043e\u0433\u0440\u0435\u0431","UF_CRM_1449663065":68,"ASSIGNED_BY_ID":58,"SOURCE_ID":9}}},"result":{"result":592116,"time":{"start":1745488275.9105041,"finish":1745488277.8620319,"duration":1.9515278339385986,"processing":1.9117989540100098,"date_start":"2025-04-24T12:51:15+03:00","date_finish":"2025-04-24T12:51:17+03:00","operating_reset_at":1745488875,"operating":3.917935848236084}}}