{"url":"https:\/\/tinger.bitrix24.ru\/rest\/190\/42tc2gxq8od2858i\/crm.lead.add.json","info":{"url":"https:\/\/tinger.bitrix24.ru\/rest\/190\/42tc2gxq8od2858i\/crm.lead.add.json","content_type":"application\/json; charset=utf-8","http_code":200,"header_size":919,"request_size":207,"filetime":-1,"ssl_verify_result":0,"redirect_count":0,"total_time":2.2471019999999999,"namelookup_time":0.016374,"connect_time":0.017769,"pretransfer_time":0.037453,"size_upload":5689,"size_download":262,"speed_download":116,"speed_upload":2531,"download_content_length":-1,"upload_content_length":5689,"starttransfer_time":0.037455000000000002,"redirect_time":0,"redirect_url":"","primary_ip":"178.132.201.51","certinfo":[],"primary_port":443,"local_ip":"188.225.57.79","local_port":54044,"http_version":3,"protocol":2,"ssl_verifyresult":0,"scheme":"HTTPS","appconnect_time_us":37340,"connect_time_us":17769,"namelookup_time_us":16374,"pretransfer_time_us":37453,"redirect_time_us":0,"starttransfer_time_us":37455,"total_time_us":2247102},"params":{"method":"crm.lead.add","params":{"fields":{"NAME":"\u0424\u0430\u0440\u0438\u0442. \u0429","PHONE":[{"VALUE":"8 (923) 378-60-17","VALUE_TYPE":"WORK"}],"EMAIL":[{"VALUE":"","VALUE_TYPE":"WORK"}],"TRACE":"{\u0022url\u0022:\u0022https:\/\/tingard.ru\/?utm_source=yandex\u0026utm_medium=cpc\u0026utm_campaign=mk_rf_kval\u0026utm_content=1900772303016972232\u0026utm_term=---autotargeting\u0026roistat=direct14_search_702036728_rsMasterGroup_rsMasterBanner_---autotargeting\u0026etext=2202.n6BtdPTEBMlF067D9nCANnKjltRuMkCON4qFvrZdLPbkM_Wv8_ecGgdVdhDGEcrnNQ_191lT3Ne5YtB3fzBBAHRhamhrdWd6eGp2Y2Nqb3o.cc586eca1a8e2f6dc9df771c2b41ae2a8fee1512\u0026yclid=7785083106137473023\u0026ybaip=1\u0022,\u0022ref\u0022:\u0022https:\/\/ya.ru\/\u0022,\u0022device\u0022:{\u0022isMobile\u0022:true},\u0022tags\u0022:{\u0022ts\u0022:1774577342,\u0022list\u0022:{\u0022utm_source\u0022:\u0022yandex\u0022,\u0022utm_medium\u0022:\u0022cpc\u0022,\u0022utm_campaign\u0022:\u0022mk_rf_kval\u0022,\u0022utm_content\u0022:\u00221900772303016972232\u0022,\u0022utm_term\u0022:\u0022---autotargeting\u0022},\u0022gclid\u0022:null},\u0022client\u0022:{\u0022yaId\u0022:\u00221774232997989310536\u0022},\u0022pages\u0022:{\u0022list\u0022:[[\u0022https:\/\/tingard.ru\/?utm_source=yandex\u0026utm_medium=cpc\u0026utm_campaign=mk_rf_kval\u0026utm_content=1900772303016972232\u0026utm_term=---autotargeting\u0026roistat=direct14_search_702036728_rsMasterGroup_rsMasterBanner_---autotargeting\u0026etext=2202.n6BtdPTEBMlF067D9nCANnKjltRuMkCON4qFvrZdLPbkM_Wv8_ecGgdVdhDGEcrnNQ_191lT3Ne5YtB3fzBBAHRhamhrdWd6eGp2Y2Nqb3o.cc586eca1a8e2f6dc9df771c2b41ae2a8fee1512\u0026yclid=7785083106137473023\u0026ybaip=1\u0022,1774577343,\u0022TINGARD \u2014 \u0431\u0435\u0441\u0448\u043e\u0432\u043d\u044b\u0439 \u043f\u043b\u0430\u0441\u0442\u0438\u043a\u043e\u0432\u044b\u0439 \u043f\u043e\u0433\u0440\u0435\u0431 \u0441\u0022]]},\u0022gid\u0022:null,\u0022previous\u0022:{\u0022list\u0022:[{\u0022url\u0022:\u0022https:\/\/tingard.ru\/?utm_source=yandex\u0026utm_medium=cpc\u0026utm_campaign=mk_rf_kval\u0026utm_content=1900772303016972232\u0026utm_term=---autotargeting\u0026roistat=direct14_search_702036728_rsMasterGroup_rsMasterBanner_---autotargeting\u0026etext=2202.n6BtdPTEBMlF067D9nCANnKjltRuMkCON4qFvrZdLPbkM_Wv8_ecGgdVdhDGEcrnNQ_191lT3Ne5YtB3fzBBAHRhamhrdWd6eGp2Y2Nqb3o.cc586eca1a8e2f6dc9df771c2b41ae2a8fee1512\u0026yclid=7785083106137473023\u0026ybaip=1\u0022,\u0022ref\u0022:\u0022https:\/\/yandex.ru\/\u0022,\u0022device\u0022:{\u0022isMobile\u0022:true},\u0022tags\u0022:{\u0022ts\u0022:1774233030,\u0022list\u0022:{\u0022utm_source\u0022:\u0022yandex\u0022,\u0022utm_medium\u0022:\u0022cpc\u0022,\u0022utm_campaign\u0022:\u0022mk_rf_kval\u0022,\u0022utm_content\u0022:\u00221900772303016972232\u0022,\u0022utm_term\u0022:\u0022---autotargeting\u0022},\u0022gclid\u0022:null},\u0022client\u0022:{\u0022yaId\u0022:32216254},\u0022pages\u0022:{\u0022list\u0022:[[\u0022https:\/\/tingard.ru\/catalog\/\u0022,1774233012,\u0022\u041a\u0430\u0442\u0430\u043b\u043e\u0433 \u043f\u043e\u0433\u0440\u0435\u0431\u043e\u0432\u0022],[\u0022https:\/\/tingard.ru\/?utm_source=yandex\u0026utm_medium=cpc\u0026utm_campaign=mk_rf_kval\u0026utm_content=1900772303016972232\u0026utm_term=---autotargeting\u0026roistat=direct14_search_702036728_rsMasterGroup_rsMasterBanner_---autotargeting\u0026etext=2202.9BfeCgCsLaN2OO2p_7dZYPhU2UXWZHJJLoqTYXp_uU41sgo2r10OtykWtP7oqHA4NbHSfqYJIU1y7UWXFad2kW9xZ2xmYWNmaHN3c29teG4.a85a753ebdb122cb61710fa72929c91c562ead68\u0026yclid=13224593647368667135\u0026ybaip=1\u0022,1774233031,\u0022TINGARD \u2014 \u0431\u0435\u0441\u0448\u043e\u0432\u043d\u044b\u0439 \u043f\u043b\u0430\u0441\u0442\u0438\u043a\u043e\u0432\u044b\u0439 \u043f\u043e\u0433\u0440\u0435\u0431 \u0441\u0022]]},\u0022gid\u0022:null}]}}","UF_CRM_1736853511":"1774232997989310536","UF_CRM_1736853555":"1774232997989310536","UF_CRM_1736853537":"1774232997989310536","UF_CRM_1517561552":"3900428","COMMENTS":"\u003Cb\u003E\u0413\u0434\u0435 \u043f\u043b\u0430\u043d\u0438\u0440\u0443\u0435\u0442\u0435 \u0443\u0441\u0442\u0430\u043d\u0430\u0432\u043b\u0438\u0432\u0430\u0442\u044c \u043f\u043e\u0433\u0440\u0435\u0431?\u003C\/b\u003E \u043d\u0430 \u043e\u0442\u043a\u0440\u044b\u0442\u043e\u043c \u0443\u0447\u0430\u0441\u0442\u043a\u0435\u003Cbr\u003E\u003Cb\u003E\u041a\u0430\u043a\u043e\u0439 \u0443\u0440\u043e\u0432\u0435\u043d\u044c \u0433\u0440\u0443\u043d\u0442\u043e\u0432\u044b\u0445 \u0432\u043e\u0434 \u043d\u0430 \u0432\u0430\u0448\u0435\u043c \u0443\u0447\u0430\u0441\u0442\u043a\u0435?\u003C\/b\u003E \u0432\u044b\u0441\u043e\u043a\u0438\u0439\u003Cbr\u003E\u003Cb\u003E\u041f\u043e\u0434\u0431\u0435\u0440\u0438 \u043f\u043e\u0433\u0440\u0435\u0431 \u0437\u0430 30 \u0441\u0435\u043a\u0443\u043d\u0434\u003C\/b\u003E \u0434\u043e 200 \u0431\u0430\u043d\u043e\u043a \u0438 \u0434\u043e 20 \u044f\u0449\u0438\u043a\u043e\u0432\u003Cbr\u003E\u003Cb\u003E\u041a\u0442\u043e \u0431\u0443\u0434\u0435\u0442 \u0437\u0430\u043d\u0438\u043c\u0430\u0442\u044c\u0441\u044f \u0443\u0441\u0442\u0430\u043d\u043e\u0432\u043a\u043e\u0439 \u043f\u043e\u0433\u0440\u0435\u0431\u0430?\u003C\/b\u003E \u0441\u0430\u043c\u043e\u0441\u0442\u043e\u044f\u0442\u0435\u043b\u044c\u043d\u043e\u003Cbr\u003E\u003Cb\u003E\u041a\u043e\u0433\u0434\u0430 \u0432\u044b \u043f\u043b\u0430\u043d\u0438\u0440\u0443\u0435\u0442\u0435 \u043f\u0440\u0438\u043e\u0431\u0440\u0435\u0441\u0442\u0438 \u043f\u043e\u0433\u0440\u0435\u0431?\u003C\/b\u003E \u0434\u043e \u043a\u043e\u043d\u0446\u0430 \u0433\u043e\u0434\u0430\u003Cbr\u003E","TITLE":"\u041f\u043e\u0434\u043e\u0431\u0440\u0430\u0442\u044c \u043f\u043e\u0433\u0440\u0435\u0431 (\u043a\u0432\u0438\u0437)","UF_CRM_1449663065":68,"ASSIGNED_BY_ID":58,"SOURCE_ID":9}}},"result":{"result":653946,"time":{"start":1774579024,"finish":1774579026.5517509,"duration":2.5517508983612061,"processing":2,"date_start":"2026-03-27T05:37:04+03:00","date_finish":"2026-03-27T05:37:06+03:00","operating_reset_at":1774579624,"operating":2.1087000370025635}}}