{"url":"https:\/\/tinger.bitrix24.ru\/rest\/190\/42tc2gxq8od2858i\/crm.lead.add.json","info":{"url":"https:\/\/tinger.bitrix24.ru\/rest\/190\/42tc2gxq8od2858i\/crm.lead.add.json","content_type":"application\/json; charset=utf-8","http_code":200,"header_size":1034,"request_size":207,"filetime":-1,"ssl_verify_result":0,"redirect_count":0,"total_time":1.2191240000000001,"namelookup_time":0.0065290000000000001,"connect_time":0.017943000000000001,"pretransfer_time":0.037379000000000003,"size_upload":7096,"size_download":288,"speed_download":236,"speed_upload":5821,"download_content_length":-1,"upload_content_length":7096,"starttransfer_time":0.037380999999999998,"redirect_time":0,"redirect_url":"","primary_ip":"46.235.53.67","certinfo":[],"primary_port":443,"local_ip":"188.225.57.79","local_port":36798,"http_version":3,"protocol":2,"ssl_verifyresult":0,"scheme":"HTTPS","appconnect_time_us":37271,"connect_time_us":17943,"namelookup_time_us":6529,"pretransfer_time_us":37379,"redirect_time_us":0,"starttransfer_time_us":37381,"total_time_us":1219124},"params":{"method":"crm.lead.add","params":{"fields":{"NAME":"\u0421\u0435\u0440\u0433\u0435\u0439","PHONE":[{"VALUE":"+7 (903) 358-48-03","VALUE_TYPE":"WORK"}],"EMAIL":[{"VALUE":null,"VALUE_TYPE":"WORK"}],"TRACE":"{\u0022url\u0022:\u0022https:\/\/tingard.ru\/?utm_source=yandex\u0026utm_medium=cpc\u0026utm_campaign=mk_rf\u0026utm_content=14460640468\u0026utm_term=%D0%BF%D0%BE%D0%B3%D1%80%D0%B5%D0%B1%20%D1%82%D0%B8%D0%BD%D0%B3%D0%B0%D1%80%D0%B4\u0026roistat=direct14_search_89463958_rsMasterGroup_rsMasterBanner_%D0%BF%D0%BE%D0%B3%D1%80%D0%B5%D0%B1%20%D1%82%D0%B8%D0%BD%D0%B3%D0%B0%D1%80%D0%B4\u0026etext=2202.iAHeZuMIvvuhszdbisr4kIY-skHYcAsy6ln4XpiXlr3PsQclv8ztcW_jyz2ENpJJiVIawEHeYDx2SwYQWVYVGsJxe8icIAW0yvEg5Ie5ab1jbGtyanB2dXBsdndnenlr.debd596d70a941f14c128cbb26127f91d3c2e808\u0026yclid=11609896118876372991\u0022,\u0022ref\u0022:\u0022https:\/\/yandex.ru\/\u0022,\u0022device\u0022:{\u0022isMobile\u0022:false},\u0022tags\u0022:{\u0022ts\u0022:1727420450,\u0022list\u0022:{\u0022utm_source\u0022:\u0022yandex\u0022,\u0022utm_medium\u0022:\u0022cpc\u0022,\u0022utm_campaign\u0022:\u0022mk_rf\u0022,\u0022utm_content\u0022:\u002214460640468\u0022,\u0022utm_term\u0022:\u0022\u043f\u043e\u0433\u0440\u0435\u0431 \u0442\u0438\u043d\u0433\u0430\u0440\u0434\u0022},\u0022gclid\u0022:null},\u0022client\u0022:{\u0022yaId\u0022:\u00221727096297292220628\u0022},\u0022pages\u0022:{\u0022list\u0022:[[\u0022https:\/\/tingard.ru\/?utm_source=yandex\u0026utm_medium=cpc\u0026utm_campaign=mk_rf\u0026utm_content=14460640468\u0026utm_term=%D0%BF%D0%BE%D0%B3%D1%80%D0%B5%D0%B1%20%D1%82%D0%B8%D0%BD%D0%B3%D0%B0%D1%80%D0%B4\u0026roistat=direct14_search_89463958_rsMasterGroup_rsMasterBanner_%D0%BF%D0%BE%D0%B3%D1%80%D0%B5%D0%B1%20%D1%82%D0%B8%D0%BD%D0%B3%D0%B0%D1%80%D0%B4\u0026yclid=11609896118876372991\u0022,1727420051,\u0022TINGARD \u2014 \u0431\u0435\u0441\u0448\u043e\u0432\u043d\u044b\u0439 \u043f\u043b\u0430\u0441\u0442\u0438\u043a\u043e\u0432\u044b\u0439 \u043f\u043e\u0433\u0440\u0435\u0431 \u2116\u0022],[\u0022https:\/\/tingard.ru\/?utm_source=yandex\u0026utm_medium=cpc\u0026utm_campaign=mk_rf\u0026utm_content=14460640468\u0026utm_term=%D0%BF%D0%BE%D0%B3%D1%80%D0%B5%D0%B1%20%D1%82%D0%B8%D0%BD%D0%B3%D0%B0%D1%80%D0%B4\u0026roistat=direct14_search_89463958_rsMasterGroup_rsMasterBanner_%D0%BF%D0%BE%D0%B3%D1%80%D0%B5%D0%B1%20%D1%82%D0%B8%D0%BD%D0%B3%D0%B0%D1%80%D0%B4\u0026etext=2202.iAHeZuMIvvuhszdbisr4kIY-skHYcAsy6ln4XpiXlr3PsQclv8ztcW_jyz2ENpJJiVIawEHeYDx2SwYQWVYVGsJxe8icIAW0yvEg5Ie5ab1jbGtyanB2dXBsdndnenlr.debd596d70a941f14c128cbb26127f91d3c2e808\u0026yclid=11609896118876372991\u0022,1727420450,\u0022TINGARD \u2014 \u0431\u0435\u0441\u0448\u043e\u0432\u043d\u044b\u0439 \u043f\u043b\u0430\u0441\u0442\u0438\u043a\u043e\u0432\u044b\u0439 \u043f\u043e\u0433\u0440\u0435\u0431 \u2116\u0022]]},\u0022gid\u0022:\u0022cf01cj2lgcqtpjangcxkdnwf8vim4li7\u0022,\u0022previous\u0022:{\u0022list\u0022:[{\u0022url\u0022:\u0022https:\/\/tingard.ru\/?utm_source=yandex\u0026utm_medium=cpc\u0026utm_campaign=mk_rf\u0026utm_content=14460640475\u0026utm_term=%D0%BF%D0%BE%D0%B3%D1%80%D0%B5%D0%B1%20%D1%82%D0%B8%D0%BD%D0%B3%D0%B0%D1%80%D0%B4\u0026roistat=direct14_search_89463958_rsMasterGroup_rsMasterBanner_%D0%BF%D0%BE%D0%B3%D1%80%D0%B5%D0%B1%20%D1%82%D0%B8%D0%BD%D0%B3%D0%B0%D1%80%D0%B4\u0026yclid=4208616579172663295\u0022,\u0022ref\u0022:\u0022https:\/\/yandex.ru\/\u0022,\u0022device\u0022:{\u0022isMobile\u0022:false},\u0022tags\u0022:{\u0022ts\u0022:1727334061,\u0022list\u0022:{\u0022utm_source\u0022:\u0022yandex\u0022,\u0022utm_medium\u0022:\u0022cpc\u0022,\u0022utm_campaign\u0022:\u0022mk_rf\u0022,\u0022utm_content\u0022:\u002214460640472\u0022,\u0022utm_term\u0022:\u0022\u0442\u0438\u043d\u0433\u0430\u0440\u0434\u0022},\u0022gclid\u0022:null},\u0022client\u0022:{\u0022yaId\u0022:\u00221727096297292220628\u0022},\u0022pages\u0022:{\u0022list\u0022:[[\u0022https:\/\/tingard.ru\/?utm_source=yandex\u0026utm_medium=cpc\u0026utm_campaign=mk_rf\u0026utm_content=14460640472\u0026utm_term=%D1%82%D0%B8%D0%BD%D0%B3%D0%B0%D1%80%D0%B4\u0026roistat=direct14_search_89463958_rsMasterGroup_rsMasterBanner_%D1%82%D0%B8%D0%BD%D0%B3%D0%B0%D1%80%D0%B4\u0026yclid=11972559784864645119\u0022,1727334061,\u0022TINGARD \u2014 \u0431\u0435\u0441\u0448\u043e\u0432\u043d\u044b\u0439 \u043f\u043b\u0430\u0441\u0442\u0438\u043a\u043e\u0432\u044b\u0439 \u043f\u043e\u0433\u0440\u0435\u0431 \u2116\u0022],[\u0022https:\/\/tingard.ru\/thanks\/\u0022,1727334759,\u0022\u0421\u043f\u0430\u0441\u0438\u0431\u043e \u0437\u0430 \u0437\u0430\u044f\u0432\u043a\u0443\u0022]]},\u0022gid\u0022:\u0022cf01cj2lgcqtpjangcxkdnwf8vim4li7\u0022},{\u0022url\u0022:\u0022https:\/\/tingard.ru\/?utm_source=yandex\u0026utm_medium=cpc\u0026utm_campaign=mk_rf\u0026utm_content=14460640468\u0026utm_term=%D0%BF%D0%BE%D0%B3%D1%80%D0%B5%D0%B1%20%D1%82%D0%B8%D0%BD%D0%B3%D0%B0%D1%80%D0%B4\u0026roistat=direct14_search_89463958_rsMasterGroup_rsMasterBanner_%D0%BF%D0%BE%D0%B3%D1%80%D0%B5%D0%B1%20%D1%82%D0%B8%D0%BD%D0%B3%D0%B0%D1%80%D0%B4\u0026yclid=11609896118876372991\u0022,\u0022device\u0022:{\u0022isMobile\u0022:false},\u0022tags\u0022:{\u0022ts\u0022:1727359192,\u0022list\u0022:{\u0022utm_source\u0022:\u0022yandex\u0022,\u0022utm_medium\u0022:\u0022cpc\u0022,\u0022utm_campaign\u0022:\u0022mk_rf\u0022,\u0022utm_content\u0022:\u002214460640475\u0022,\u0022utm_term\u0022:\u0022\u043f\u043e\u0433\u0440\u0435\u0431 \u0442\u0438\u043d\u0433\u0430\u0440\u0434\u0022},\u0022gclid\u0022:null},\u0022client\u0022:{\u0022yaId\u0022:\u00221727096297292220628\u0022},\u0022pages\u0022:{\u0022list\u0022:[[\u0022https:\/\/tingard.ru\/?utm_source=yandex\u0026utm_medium=cpc\u0026utm_campaign=mk_rf\u0026utm_content=14460640475\u0026utm_term=%D0%BF%D0%BE%D0%B3%D1%80%D0%B5%D0%B1%20%D1%82%D0%B8%D0%BD%D0%B3%D0%B0%D1%80%D0%B4\u0026roistat=direct14_search_89463958_rsMasterGroup_rsMasterBanner_%D0%BF%D0%BE%D0%B3%D1%80%D0%B5%D0%B1%20%D1%82%D0%B8%D0%BD%D0%B3%D0%B0%D1%80%D0%B4\u0026yclid=4208616579172663295\u0022,1727359192,\u0022TINGARD \u2014 \u0431\u0435\u0441\u0448\u043e\u0432\u043d\u044b\u0439 \u043f\u043b\u0430\u0441\u0442\u0438\u043a\u043e\u0432\u044b\u0439 \u043f\u043e\u0433\u0440\u0435\u0431 \u2116\u0022]]},\u0022gid\u0022:\u0022cf01cj2lgcqtpjangcxkdnwf8vim4li7\u0022}]}}","UF_CRM_1517561552":"3475994","COMMENTS":null,"TITLE":"\u0420\u0430\u0441\u0441\u0440\u043e\u0447\u043a\u0430 (\u0443\u0437\u043d\u0430\u0442\u044c \u043f\u043e\u0434\u0440\u043e\u0431\u043d\u043e\u0441\u0442\u0438)","UF_CRM_1449663065":68,"ASSIGNED_BY_ID":58,"SOURCE_ID":9}}},"result":{"result":551962,"time":{"start":1727420631.5299139,"finish":1727420632.627996,"duration":1.0980820655822754,"processing":1.0632050037384033,"date_start":"2024-09-27T10:03:51+03:00","date_finish":"2024-09-27T10:03:52+03:00","operating_reset_at":1727421231,"operating":2.1504337787628174}}}