{"url":"https:\/\/tinger.bitrix24.ru\/rest\/190\/42tc2gxq8od2858i\/crm.lead.add.json","info":{"url":"https:\/\/tinger.bitrix24.ru\/rest\/190\/42tc2gxq8od2858i\/crm.lead.add.json","content_type":"application\/json; charset=utf-8","http_code":200,"header_size":1033,"request_size":207,"filetime":-1,"ssl_verify_result":0,"redirect_count":0,"total_time":1.4411449999999999,"namelookup_time":0.001402,"connect_time":0.010135,"pretransfer_time":0.027428000000000001,"size_upload":2261,"size_download":288,"speed_download":199,"speed_upload":1569,"download_content_length":-1,"upload_content_length":2261,"starttransfer_time":0.02743,"redirect_time":0,"redirect_url":"","primary_ip":"46.235.53.69","certinfo":[],"primary_port":443,"local_ip":"188.225.57.79","local_port":37480,"http_version":3,"protocol":2,"ssl_verifyresult":0,"scheme":"HTTPS","appconnect_time_us":27336,"connect_time_us":10135,"namelookup_time_us":1402,"pretransfer_time_us":27428,"redirect_time_us":0,"starttransfer_time_us":27430,"total_time_us":1441145},"params":{"method":"crm.lead.add","params":{"fields":{"NAME":"\u0410\u043d\u043d\u0430","PHONE":[{"VALUE":"+7 (909) 457-97-53","VALUE_TYPE":"WORK"}],"EMAIL":[{"VALUE":null,"VALUE_TYPE":"WORK"}],"TRACE":"{\u0022url\u0022:\u0022https:\/\/tingard.ru\/?roistat=direct14_context_16225570742_%D0%B2%D1%8B%D1%80%D0%B0%D1%89%D0%B8%D0%B2%D0%B0%D0%BD%D0%B8%D0%B5%20%D0%B2%20%D1%82%D0%B5%D0%BF%D0%BB%D0%B8%D1%86%D0%B5\u0026roistat_referrer=my-office-blog.ru\u0026roistat_pos=none_0\u0026y_ref=my-office-blog.ru\u0026utm_source=yandex\u0026utm_medium=cpc\u0026utm_campaign=rsya-click\u0026utm_content=16225570742\u0026utm_term=my-office-blog.ru\u0026yclid=11363473367393632255\u0022,\u0022ref\u0022:\u0022https:\/\/my-office-blog.ru\/\u0022,\u0022device\u0022:{\u0022isMobile\u0022:true},\u0022tags\u0022:{\u0022ts\u0022:1725524760,\u0022list\u0022:{\u0022utm_source\u0022:\u0022yandex\u0022,\u0022utm_medium\u0022:\u0022cpc\u0022,\u0022utm_campaign\u0022:\u0022rsya-click\u0022,\u0022utm_content\u0022:\u002216225570742\u0022,\u0022utm_term\u0022:\u0022my-office-blog.ru\u0022},\u0022gclid\u0022:null},\u0022client\u0022:{\u0022yaId\u0022:\u00221725524761109668586\u0022},\u0022pages\u0022:{\u0022list\u0022:[[\u0022https:\/\/tingard.ru\/?roistat=direct14_context_16225570742_%D0%B2%D1%8B%D1%80%D0%B0%D1%89%D0%B8%D0%B2%D0%B0%D0%BD%D0%B8%D0%B5%20%D0%B2%20%D1%82%D0%B5%D0%BF%D0%BB%D0%B8%D1%86%D0%B5\u0026roistat_referrer=my-office-blog.ru\u0026roistat_pos=none_0\u0026y_ref=my-office-blog.ru\u0026utm_source=yandex\u0026utm_medium=cpc\u0026utm_campaign=rsya-click\u0026utm_content=16225570742\u0026utm_term=my-office-blog.ru\u0026yclid=11363473367393632255\u0022,1725524761,\u0022TINGARD \u2014 \u0431\u0435\u0441\u0448\u043e\u0432\u043d\u044b\u0439 \u043f\u043b\u0430\u0441\u0442\u0438\u043a\u043e\u0432\u044b\u0439 \u043f\u043e\u0433\u0440\u0435\u0431 \u2116\u0022]]},\u0022gid\u0022:null,\u0022previous\u0022:{\u0022list\u0022:[]}}","UF_CRM_1517561552":"3436642","COMMENTS":null,"TITLE":"\u0417\u0430\u043a\u0430\u0437\u0430\u0442\u044c \u043f\u043e\u0433\u0440\u0435\u0431","UF_CRM_1449663065":68,"ASSIGNED_BY_ID":58,"SOURCE_ID":9}}},"result":{"result":546074,"time":{"start":1725524785.0206511,"finish":1725524786.3524499,"duration":1.331798791885376,"processing":1.2886059284210205,"date_start":"2024-09-05T11:26:25+03:00","date_finish":"2024-09-05T11:26:26+03:00","operating_reset_at":1725525385,"operating":1.2884061336517334}}}