{"url":"https:\/\/tinger.bitrix24.ru\/rest\/190\/42tc2gxq8od2858i\/crm.lead.add.json","info":{"url":"https:\/\/tinger.bitrix24.ru\/rest\/190\/42tc2gxq8od2858i\/crm.lead.add.json","content_type":"application\/json; charset=utf-8","http_code":200,"header_size":1030,"request_size":207,"filetime":-1,"ssl_verify_result":0,"redirect_count":0,"total_time":2.0077020000000001,"namelookup_time":0.0020470000000000002,"connect_time":0.011334,"pretransfer_time":0.033940999999999999,"size_upload":1438,"size_download":287,"speed_download":142,"speed_upload":716,"download_content_length":-1,"upload_content_length":1438,"starttransfer_time":0.033944000000000002,"redirect_time":0,"redirect_url":"","primary_ip":"89.208.228.119","certinfo":[],"primary_port":443,"local_ip":"188.225.57.79","local_port":44132,"http_version":3,"protocol":2,"ssl_verifyresult":0,"scheme":"HTTPS","appconnect_time_us":33813,"connect_time_us":11334,"namelookup_time_us":2047,"pretransfer_time_us":33941,"redirect_time_us":0,"starttransfer_time_us":33944,"total_time_us":2007702},"params":{"method":"crm.lead.add","params":{"fields":{"NAME":"\u0418\u0432\u0430\u043d ","PHONE":[{"VALUE":"+7 (944) 268-85-50","VALUE_TYPE":"WORK"}],"EMAIL":[{"VALUE":null,"VALUE_TYPE":"WORK"}],"TRACE":"{\u0022url\u0022:\u0022https:\/\/tingard.ru\/?roistat=direct14_context_16225328535_\u0026roistat_referrer=yandex.ru\u0026roistat_pos=none_0\u0026yclid=2414615054500233215\u0022,\u0022ref\u0022:\u0022https:\/\/yandex.ru\/games\/app\/210231\u0022,\u0022device\u0022:{\u0022isMobile\u0022:true},\u0022tags\u0022:{\u0022ts\u0022:1721134988,\u0022list\u0022:{},\u0022gclid\u0022:null},\u0022client\u0022:{\u0022yaId\u0022:\u00221721134979383320740\u0022},\u0022pages\u0022:{\u0022list\u0022:[[\u0022https:\/\/tingard.ru\/?roistat=direct14_context_16225328535_\u0026roistat_referrer=yandex.ru\u0026roistat_pos=none_0\u0026yclid=2414615054500233215\u0022,1721134989,\u0022TINGARD \u2014 \u0431\u0435\u0441\u0448\u043e\u0432\u043d\u044b\u0439 \u043f\u043b\u0430\u0441\u0442\u0438\u043a\u043e\u0432\u044b\u0439 \u043f\u043e\u0433\u0440\u0435\u0431 \u2116\u0022]]},\u0022gid\u0022:null,\u0022previous\u0022:{\u0022list\u0022:[]}}","UF_CRM_1517561552":"3340635","COMMENTS":null,"TITLE":"\u0420\u0430\u0441\u0441\u0440\u043e\u0447\u043a\u0430 (\u0443\u0437\u043d\u0430\u0442\u044c \u043f\u043e\u0434\u0440\u043e\u0431\u043d\u043e\u0441\u0442\u0438)","UF_CRM_1449663065":68,"ASSIGNED_BY_ID":58,"SOURCE_ID":9}}},"result":{"result":529058,"time":{"start":1721134999.985096,"finish":1721135001.8869381,"duration":1.9018421173095703,"processing":1.8678171634674072,"date_start":"2024-07-16T16:03:19+03:00","date_finish":"2024-07-16T16:03:21+03:00","operating_reset_at":1721135600,"operating":1.867786169052124}}}