{"url":"https:\/\/tinger.bitrix24.ru\/rest\/190\/42tc2gxq8od2858i\/crm.lead.add.json","info":{"url":"https:\/\/tinger.bitrix24.ru\/rest\/190\/42tc2gxq8od2858i\/crm.lead.add.json","content_type":"application\/json; charset=utf-8","http_code":200,"header_size":920,"request_size":207,"filetime":-1,"ssl_verify_result":0,"redirect_count":0,"total_time":2.057175,"namelookup_time":0.014883,"connect_time":0.016111,"pretransfer_time":0.037449999999999997,"size_upload":4587,"size_download":262,"speed_download":127,"speed_upload":2229,"download_content_length":-1,"upload_content_length":4587,"starttransfer_time":0.037453,"redirect_time":0,"redirect_url":"","primary_ip":"178.132.201.51","certinfo":[],"primary_port":443,"local_ip":"188.225.57.79","local_port":46378,"http_version":3,"protocol":2,"ssl_verifyresult":0,"scheme":"HTTPS","appconnect_time_us":37342,"connect_time_us":16111,"namelookup_time_us":14883,"pretransfer_time_us":37450,"redirect_time_us":0,"starttransfer_time_us":37453,"total_time_us":2057175},"params":{"method":"crm.lead.add","params":{"fields":{"NAME":"\u0428\u0430\u043c\u0438\u043b\u044c","PHONE":[{"VALUE":"+7 (901) 440-40-54","VALUE_TYPE":"WORK"}],"EMAIL":[{"VALUE":"518666@mail.ru","VALUE_TYPE":"WORK"}],"TRACE":"{\u0022url\u0022:\u0022https:\/\/tingard.ru\/?utm_source=yandex\u0026utm_medium=cpc\u0026utm_campaign=mk_rf\u0026utm_content=17359042483\u0026utm_term=%D0%BF%D0%BE%D0%B3%D1%80%D0%B5%D0%B1%20%D1%83%D1%80%D0%B0%D0%BB%D0%B5%D1%86%20%D1%86%D0%B5%D0%BD%D0%B0\u0026roistat=direct14_context_89463958_rsMasterGroup_rsMasterBanner_%D0%BF%D0%BE%D0%B3%D1%80%D0%B5%D0%B1%20%D1%83%D1%80%D0%B0%D0%BB%D0%B5%D1%86%20%D1%86%D0%B5%D0%BD%D0%B0\u0026yclid=1072284821295202303\u0026ybaip=1\u0022,\u0022ref\u0022:\u0022https:\/\/tv.yandex.ru\/\u0022,\u0022device\u0022:{\u0022isMobile\u0022:true},\u0022tags\u0022:{\u0022ts\u0022:1768751136,\u0022list\u0022:{\u0022utm_source\u0022:\u0022yandex\u0022,\u0022utm_medium\u0022:\u0022cpc\u0022,\u0022utm_campaign\u0022:\u0022mk_rf\u0022,\u0022utm_content\u0022:\u002217359042483\u0022,\u0022utm_term\u0022:\u0022\u043f\u043e\u0433\u0440\u0435\u0431 \u0443\u0440\u0430\u043b\u0435\u0446 \u0446\u0435\u043d\u0430\u0022},\u0022gclid\u0022:null},\u0022client\u0022:{\u0022yaId\u0022:\u00221768750943710602625\u0022},\u0022pages\u0022:{\u0022list\u0022:[[\u0022https:\/\/tingard.ru\/privacy-policy\/\u0022,1768751101,\u0022\u041f\u043e\u043b\u0438\u0442\u0438\u043a\u0430 \u043e\u0431\u0440\u0430\u0431\u043e\u0442\u043a\u0438 \u043f\u0435\u0440\u0441\u043e\u043d\u0430\u043b\u044c\u043d\u044b\u0445 \u0434\u0430\u043d\u043d\u044b\u0445\u0022],[\u0022https:\/\/tingard.ru\/?utm_source=yandex\u0026utm_medium=cpc\u0026utm_campaign=mk_rf\u0026utm_content=17359042483\u0026utm_term=%D0%BF%D0%BE%D0%B3%D1%80%D0%B5%D0%B1%20%D1%83%D1%80%D0%B0%D0%BB%D0%B5%D1%86%20%D1%86%D0%B5%D0%BD%D0%B0\u0026roistat=direct14_context_89463958_rsMasterGroup_rsMasterBanner_%D0%BF%D0%BE%D0%B3%D1%80%D0%B5%D0%B1%20%D1%83%D1%80%D0%B0%D0%BB%D0%B5%D1%86%20%D1%86%D0%B5%D0%BD%D0%B0\u0026yclid=1072284821295202303\u0026ybaip=1\u0022,1768751137,\u0022TINGARD \u2014 \u0431\u0435\u0441\u0448\u043e\u0432\u043d\u044b\u0439 \u043f\u043b\u0430\u0441\u0442\u0438\u043a\u043e\u0432\u044b\u0439 \u043f\u043e\u0433\u0440\u0435\u0431 \u0441\u0022]]},\u0022gid\u0022:null,\u0022previous\u0022:{\u0022list\u0022:[]}}","UF_CRM_1736853511":"1768750943710602625","UF_CRM_1736853555":"1768750943710602625","UF_CRM_1736853537":"1768750943710602625","UF_CRM_1517561552":"3847144","COMMENTS":"\u003Cb\u003E\u0413\u0434\u0435 \u043f\u043b\u0430\u043d\u0438\u0440\u0443\u0435\u0442\u0435 \u0443\u0441\u0442\u0430\u043d\u0430\u0432\u043b\u0438\u0432\u0430\u0442\u044c \u043f\u043e\u0433\u0440\u0435\u0431?\u003C\/b\u003E \u0435\u0449\u0451 \u043d\u0435 \u043e\u043f\u0440\u0435\u0434\u0435\u043b\u0438\u043b\u0438\u0441\u044c\u003Cbr\u003E\u003Cb\u003E\u041a\u0430\u043a\u043e\u0439 \u0443\u0440\u043e\u0432\u0435\u043d\u044c \u0433\u0440\u0443\u043d\u0442\u043e\u0432\u044b\u0445 \u0432\u043e\u0434 \u043d\u0430 \u0432\u0430\u0448\u0435\u043c \u0443\u0447\u0430\u0441\u0442\u043a\u0435?\u003C\/b\u003E \u043d\u0438\u0437\u043a\u0438\u0439\u003Cbr\u003E\u003Cb\u003E\u041f\u043e\u0434\u0431\u0435\u0440\u0438 \u043f\u043e\u0433\u0440\u0435\u0431 \u0437\u0430 30 \u0441\u0435\u043a\u0443\u043d\u0434\u003C\/b\u003E \u0434\u043e 100 \u0431\u0430\u043d\u043e\u043a \u0438 \u0434\u043e 8 \u044f\u0449\u0438\u043a\u043e\u0432\u003Cbr\u003E\u003Cb\u003E\u041a\u0442\u043e \u0431\u0443\u0434\u0435\u0442 \u0437\u0430\u043d\u0438\u043c\u0430\u0442\u044c\u0441\u044f \u0443\u0441\u0442\u0430\u043d\u043e\u0432\u043a\u043e\u0439 \u043f\u043e\u0433\u0440\u0435\u0431\u0430?\u003C\/b\u003E \u043f\u0440\u043e\u0444\u0438\u043b\u044c\u043d\u0430\u044f \u043e\u0440\u0433\u0430\u043d\u0438\u0437\u0430\u0446\u0438\u044f\u003Cbr\u003E\u003Cb\u003E\u041a\u043e\u0433\u0434\u0430 \u0432\u044b \u043f\u043b\u0430\u043d\u0438\u0440\u0443\u0435\u0442\u0435 \u043f\u0440\u0438\u043e\u0431\u0440\u0435\u0441\u0442\u0438 \u043f\u043e\u0433\u0440\u0435\u0431?\u003C\/b\u003E \u0434\u043e \u043a\u043e\u043d\u0446\u0430 \u0433\u043e\u0434\u0430\u003Cbr\u003E","TITLE":"\u041f\u043e\u0434\u043e\u0431\u0440\u0430\u0442\u044c \u043f\u043e\u0433\u0440\u0435\u0431 (\u043a\u0432\u0438\u0437)","UF_CRM_1449663065":68,"ASSIGNED_BY_ID":58,"SOURCE_ID":9}}},"result":{"result":640538,"time":{"start":1768751182,"finish":1768751184.652987,"duration":2.652987003326416,"processing":2,"date_start":"2026-01-18T18:46:22+03:00","date_finish":"2026-01-18T18:46:24+03:00","operating_reset_at":1768751782,"operating":1.9154930114746094}}}