{"url":"https:\/\/tinger.bitrix24.ru\/rest\/190\/42tc2gxq8od2858i\/crm.lead.add.json","info":{"url":"https:\/\/tinger.bitrix24.ru\/rest\/190\/42tc2gxq8od2858i\/crm.lead.add.json","content_type":"application\/json; charset=utf-8","http_code":200,"header_size":1034,"request_size":207,"filetime":-1,"ssl_verify_result":0,"redirect_count":0,"total_time":1.78471,"namelookup_time":0.0033040000000000001,"connect_time":0.012883,"pretransfer_time":0.033585999999999998,"size_upload":8881,"size_download":288,"speed_download":161,"speed_upload":4978,"download_content_length":-1,"upload_content_length":8881,"starttransfer_time":0.033591000000000003,"redirect_time":0,"redirect_url":"","primary_ip":"46.235.53.58","certinfo":[],"primary_port":443,"local_ip":"188.225.57.79","local_port":34828,"http_version":3,"protocol":2,"ssl_verifyresult":0,"scheme":"HTTPS","appconnect_time_us":33425,"connect_time_us":12883,"namelookup_time_us":3304,"pretransfer_time_us":33586,"redirect_time_us":0,"starttransfer_time_us":33591,"total_time_us":1784710},"params":{"method":"crm.lead.add","params":{"fields":{"NAME":"\u041d\u0438\u043a\u043e\u043b\u0430\u0439 ","PHONE":[{"VALUE":"+7 (911) 672-55-46","VALUE_TYPE":"WORK"}],"EMAIL":[{"VALUE":null,"VALUE_TYPE":"WORK"}],"TRACE":"{\u0022url\u0022:\u0022https:\/\/tinger.ru\/catalog\/perelomka\/?utm_source=yandex\u0026utm_medium=cpc\u0026utm_campaign=mk_click_ru4ka_tf4\u0026utm_content=16554577248\u0026utm_term=tinger\u0026roistat=direct20_search_114766688_rsMasterGroup_rsMasterBanner_tinger\u0026yclid=5158127940181950463\u0022,\u0022ref\u0022:\u0022https:\/\/yandex.ru\/\u0022,\u0022device\u0022:{\u0022isMobile\u0022:true},\u0022tags\u0022:{\u0022ts\u0022:1729537940,\u0022list\u0022:{\u0022utm_source\u0022:\u0022yandex\u0022,\u0022utm_medium\u0022:\u0022cpc\u0022,\u0022utm_campaign\u0022:\u0022mk_click_ru4ka_tf4\u0022,\u0022utm_content\u0022:\u002216554577248\u0022,\u0022utm_term\u0022:\u0022tinger\u0022},\u0022gclid\u0022:null},\u0022client\u0022:{\u0022gaId\u0022:\u0022460140668.1729360468\u0022,\u0022yaId\u0022:\u00221696265045347069583\u0022},\u0022pages\u0022:{\u0022list\u0022:[[\u0022https:\/\/tinger.ru\/delivery\/\u0022,1729537480,\u0022\u0423\u0441\u043b\u043e\u0432\u0438\u044f \u0434\u043e\u0441\u0442\u0430\u0432\u043a\u0430 \u0432\u0435\u0437\u0434\u0435\u0445\u043e\u0434\u043e\u0432 TINGER\u0022],[\u0022https:\/\/tinger.ru\/warranty\/\u0022,1729537574,\u0022\u0413\u0430\u0440\u0430\u043d\u0442\u0438\u044f \u043d\u0430 \u0432\u0435\u0437\u0434\u0435\u0445\u043e\u0434\u043d\u0443\u044e \u0442\u0435\u0445\u043d\u0438\u043a\u0443 TINGER\u0022],[\u0022https:\/\/tinger.ru\/prepayment\/\u0022,1729537647,\u0022\u0423\u0441\u043b\u043e\u0432\u0438\u044f \u043f\u043e\u043a\u0443\u043f\u043a\u0438 \u0432\u0435\u0437\u0434\u0435\u0445\u043e\u0434\u0430 \u043f\u043e \u043f\u0440\u0435\u0434\u043e\u043f\u043b\u0430\u0442\u0435\u0022],[\u0022https:\/\/tinger.ru\/privacy-policy\/\u0022,1729537925,\u0022\u041f\u043e\u043b\u044c\u0437\u043e\u0432\u0430\u0442\u0435\u043b\u044c\u0441\u043a\u043e\u0435 \u0441\u043e\u0433\u043b\u0430\u0448\u0435\u043d\u0438\u0435\u0022],[\u0022https:\/\/tinger.ru\/catalog\/perelomka\/?utm_source=yandex\u0026utm_medium=cpc\u0026utm_campaign=mk_click_ru4ka_tf4\u0026utm_content=16554577248\u0026utm_term=tinger\u0026roistat=direct20_search_114766688_rsMasterGroup_rsMasterBanner_tinger\u0026yclid=5158127940181950463\u0022,1729537940,\u0022\u041a\u0443\u043f\u0438\u0442\u044c \u0432\u0435\u0437\u0434\u0435\u0445\u043e\u0434 \u043f\u0435\u0440\u0435\u043b\u043e\u043c\u043a\u0443 TINGER TF4 \u0432 \u0420\u0022]]},\u0022gid\u0022:null,\u0022previous\u0022:{\u0022list\u0022:[{\u0022url\u0022:\u0022https:\/\/tinger.ru\/catalog\/perelomka\/?utm_source=yandex\u0026utm_medium=cpc\u0026utm_campaign=mk_click_ru4ka_tf4\u0026utm_content=16554577241\u0026utm_term=tinger\u0026roistat=direct20_search_114766688_rsMasterGroup_rsMasterBanner_tinger\u0026yclid=14434020825734840319\u0022,\u0022ref\u0022:\u0022https:\/\/yandex.ru\/\u0022,\u0022device\u0022:{\u0022isMobile\u0022:true},\u0022tags\u0022:{\u0022ts\u0022:1729360468,\u0022list\u0022:{},\u0022gclid\u0022:null},\u0022client\u0022:{\u0022gaId\u0022:\u0022460140668.1729360468\u0022,\u0022yaId\u0022:\u00221696265045347069583\u0022},\u0022pages\u0022:{\u0022list\u0022:[[\u0022https:\/\/tinger.ru\/catalog\/perelomka\/\u0022,1729360469,\u0022\u041a\u0443\u043f\u0438\u0442\u044c \u0432\u0435\u0437\u0434\u0435\u0445\u043e\u0434 \u043f\u0435\u0440\u0435\u043b\u043e\u043c\u043a\u0443 TINGER TF4 \u0432 \u0420\u0022],[\u0022https:\/\/tinger.ru\/configurator\/\u0022,1729360640,\u0022\u041a\u043e\u043d\u0444\u0438\u0433\u0443\u0440\u0430\u0442\u043e\u0440 \u0432\u0435\u0437\u0434\u0435\u0445\u043e\u0434\u043d\u043e\u0439 \u0442\u0435\u0445\u043d\u0438\u043a\u0438\u0022]]},\u0022gid\u0022:null},{\u0022url\u0022:\u0022https:\/\/tinger.ru\/reviews\/vezdekhod-tinger-tf4-na-kanale-review-machines\/?ysclid=m2jba9kuqi284192988\u0022,\u0022device\u0022:{\u0022isMobile\u0022:true},\u0022tags\u0022:{\u0022ts\u0022:1729361897,\u0022list\u0022:{\u0022utm_source\u0022:\u0022yandex\u0022,\u0022utm_medium\u0022:\u0022cpc\u0022,\u0022utm_campaign\u0022:\u0022mk_click_ru4ka_tf4\u0022,\u0022utm_content\u0022:\u002216554577241\u0022,\u0022utm_term\u0022:\u0022tinger\u0022},\u0022gclid\u0022:null},\u0022client\u0022:{\u0022gaId\u0022:\u0022460140668.1729360468\u0022,\u0022yaId\u0022:35231225},\u0022pages\u0022:{\u0022list\u0022:[[\u0022https:\/\/tinger.ru\/catalog\/perelomka\/?utm_source=yandex\u0026utm_medium=cpc\u0026utm_campaign=mk_click_ru4ka_tf4\u0026utm_content=16554577241\u0026utm_term=tinger\u0026roistat=direct20_search_114766688_rsMasterGroup_rsMasterBanner_tinger\u0026yclid=14434020825734840319\u0022,1729361897,\u0022\u041a\u0443\u043f\u0438\u0442\u044c \u0432\u0435\u0437\u0434\u0435\u0445\u043e\u0434 \u043f\u0435\u0440\u0435\u043b\u043e\u043c\u043a\u0443 TINGER TF4 \u0432 \u0420\u0022],[\u0022https:\/\/tinger.ru\/reviews\/vezdekhod-tinger-tf4-na-kanale-review-machines\/?ysclid=m2jba9kuqi284192988\u0022,1729532992,\u0022\u0412\u0435\u0437\u0434\u0435\u0445\u043e\u0434 TINGER TF4 \u043d\u0430 \u043a\u0430\u043d\u0430\u043b\u0435 Review Mac\u0022],[\u0022https:\/\/tinger.ru\/catalog\/tinger-t\/\u0022,1729533018,\u0022\u041f\u0440\u0438\u0446\u0435\u043f\u044b \u0434\u043b\u044f \u0432\u0435\u0437\u0434\u0435\u0445\u043e\u0434\u043e\u0432 TINGER\u0022]]},\u0022gid\u0022:null},{\u0022url\u0022:\u0022https:\/\/tinger.ru\/catalog\/perelomka\/?utm_source=yandex\u0026utm_medium=cpc\u0026utm_campaign=mk_click_ru4ka_tf4\u0026utm_content=16554577230\u0026utm_term=%D1%82%D0%B8%D0%BD%D0%B3%D0%B5%D1%80\u0026roistat=direct20_search_114766688_rsMasterGroup_rsMasterBanner_%D1%82%D0%B8%D0%BD%D0%B3%D0%B5%D1%80\u0026yclid=461067466542153727\u0022,\u0022ref\u0022:\u0022https:\/\/yandex.ru\/\u0022,\u0022device\u0022:{\u0022isMobile\u0022:true},\u0022tags\u0022:{\u0022ts\u0022:1729533021,\u0022list\u0022:{},\u0022gclid\u0022:null},\u0022client\u0022:{\u0022gaId\u0022:\u0022460140668.1729360468\u0022,\u0022yaId\u0022:\u00221696265045347069583\u0022},\u0022pages\u0022:{\u0022list\u0022:[[\u0022https:\/\/tinger.ru\/reviews\/vezdekhod-tinger-tf4-na-kanale-review-machines\/?ysclid=m2jba9kuqi284192988\u0022,1729533022,\u0022\u0412\u0435\u0437\u0434\u0435\u0445\u043e\u0434 TINGER TF4 \u043d\u0430 \u043a\u0430\u043d\u0430\u043b\u0435 Review Mac\u0022]]},\u0022gid\u0022:null},{\u0022url\u0022:\u0022https:\/\/tinger.ru\/catalog\/perelomka\/\u0022,\u0022device\u0022:{\u0022isMobile\u0022:true},\u0022tags\u0022:{\u0022ts\u0022:1729536778,\u0022list\u0022:{\u0022utm_source\u0022:\u0022yandex\u0022,\u0022utm_medium\u0022:\u0022cpc\u0022,\u0022utm_campaign\u0022:\u0022mk_click_ru4ka_tf4\u0022,\u0022utm_content\u0022:\u002216554577230\u0022,\u0022utm_term\u0022:\u0022\u0442\u0438\u043d\u0433\u0435\u0440\u0022},\u0022gclid\u0022:null},\u0022client\u0022:{\u0022gaId\u0022:\u0022460140668.1729360468\u0022,