{"url":"https:\/\/tinger.bitrix24.ru\/rest\/190\/42tc2gxq8od2858i\/crm.lead.add.json","info":{"url":"https:\/\/tinger.bitrix24.ru\/rest\/190\/42tc2gxq8od2858i\/crm.lead.add.json","content_type":"application\/json; charset=utf-8","http_code":200,"header_size":1034,"request_size":207,"filetime":-1,"ssl_verify_result":0,"redirect_count":0,"total_time":4.3826520000000002,"namelookup_time":0.012784,"connect_time":0.022963999999999998,"pretransfer_time":0.042190999999999999,"size_upload":2801,"size_download":288,"speed_download":65,"speed_upload":639,"download_content_length":-1,"upload_content_length":2801,"starttransfer_time":0.042193000000000001,"redirect_time":0,"redirect_url":"","primary_ip":"46.235.53.69","certinfo":[],"primary_port":443,"local_ip":"188.225.57.79","local_port":33058,"http_version":3,"protocol":2,"ssl_verifyresult":0,"scheme":"HTTPS","appconnect_time_us":41998,"connect_time_us":22964,"namelookup_time_us":12784,"pretransfer_time_us":42191,"redirect_time_us":0,"starttransfer_time_us":42193,"total_time_us":4382652},"params":{"method":"crm.lead.add","params":{"fields":{"NAME":"\u0418\u0433\u043e\u0440\u044c","PHONE":[{"VALUE":"+7 (911) 461-24-74","VALUE_TYPE":"WORK"}],"EMAIL":[{"VALUE":null,"VALUE_TYPE":"WORK"}],"COMMENTS":null,"TRACE":"{\u0022url\u0022:\u0022https:\/\/tingard.ru\/?utm_source=yandex_kirill\u0026utm_medium=cpc\u0026utm_campaign=pogreba_rozn_umnaya\u0026utm_content=13300555390_bs2\u0026utm_term=---autotargeting\u0026yclid=16703292296671789055\u0022,\u0022ref\u0022:\u0022https:\/\/yandex.ru\/\u0022,\u0022device\u0022:{\u0022isMobile\u0022:true},\u0022tags\u0022:{\u0022ts\u0022:1699263384,\u0022list\u0022:{\u0022utm_source\u0022:\u0022yandex_kirill\u0022,\u0022utm_medium\u0022:\u0022cpc\u0022,\u0022utm_campaign\u0022:\u0022pogreba_rozn_umnaya\u0022,\u0022utm_content\u0022:\u002213300555390_bs2\u0022,\u0022utm_term\u0022:\u0022---autotargeting\u0022},\u0022gclid\u0022:null},\u0022client\u0022:{\u0022yaId\u0022:\u00221699020331697059382\u0022},\u0022pages\u0022:{\u0022list\u0022:[[\u0022https:\/\/tingard.ru\/?utm_source=yandex_kirill\u0026utm_medium=cpc\u0026utm_campaign=pogreba_rozn_umnaya\u0026utm_content=13300555390_bs2\u0026utm_term=---autotargeting\u0026yclid=16703292296671789055\u0022,1699263385,\u0022TINGARD \u2014 \u0431\u0435\u0441\u0448\u043e\u0432\u043d\u044b\u0439 \u043f\u043b\u0430\u0441\u0442\u0438\u043a\u043e\u0432\u044b\u0439 \u043f\u043e\u0433\u0440\u0435\u0431 \u2116\u0022]]},\u0022gid\u0022:null,\u0022previous\u0022:{\u0022list\u0022:[{\u0022url\u0022:\u0022https:\/\/tingard.ru\/?utm_source=yandex_kirill\u0026utm_medium=cpc\u0026utm_campaign=pogreba_rozn_umnaya\u0026utm_content=13300555390_bs2\u0026utm_term=---autotargeting\u0026yclid=16703292296671789055\u0022,\u0022ref\u0022:\u0022https:\/\/www.amic.ru\/\u0022,\u0022device\u0022:{\u0022isMobile\u0022:true},\u0022tags\u0022:{\u0022ts\u0022:1699020337,\u0022list\u0022:{\u0022utm_source\u0022:\u0022yandex\u0022,\u0022utm_medium\u0022:\u0022cpc\u0022,\u0022utm_campaign\u0022:\u0022retarget\u0022,\u0022utm_content\u0022:\u002213705809174\u0022},\u0022gclid\u0022:null},\u0022client\u0022:{\u0022yaId\u0022:\u00221699020331697059382\u0022},\u0022pages\u0022:{\u0022list\u0022:[[\u0022https:\/\/tingard.ru\/?roistat=direct14_context_13705809174_\u0026roistat_referrer=www.amic.ru\u0026roistat_pos=none_0\u0026utm_source=yandex\u0026utm_medium=cpc\u0026utm_campaign=retarget\u0026utm_content=13705809174\u0026utm_term=\u0026yclid=6513630091674456636\u0022,1699020337,\u0022TINGARD \u2014 \u0431\u0435\u0441\u0448\u043e\u0432\u043d\u044b\u0439 \u043f\u043b\u0430\u0441\u0442\u0438\u043a\u043e\u0432\u044b\u0439 \u043f\u043e\u0433\u0440\u0435\u0431 \u2116\u0022]]},\u0022gid\u0022:null}]}}","TITLE":"\u041d\u043e\u044f\u0431\u0440\u044c\u0441\u043a\u0430\u044f \u0430\u043a\u0446\u0438\u044f (\u043b\u0438\u0434)","UF_CRM_1449663065":68,"ASSIGNED_BY_ID":58,"SOURCE_ID":9}}},"result":{"result":482586,"time":{"start":1699264114.821224,"finish":1699264119.0930951,"duration":4.2718710899353027,"processing":4.2287380695343018,"date_start":"2023-11-06T12:48:34+03:00","date_finish":"2023-11-06T12:48:39+03:00","operating_reset_at":1699264714,"operating":6.6452000141143799}}}