{"url":"https:\/\/tinger.bitrix24.ru\/rest\/190\/42tc2gxq8od2858i\/crm.lead.add.json","info":{"url":"https:\/\/tinger.bitrix24.ru\/rest\/190\/42tc2gxq8od2858i\/crm.lead.add.json","content_type":"application\/json; charset=utf-8","http_code":200,"header_size":1031,"request_size":207,"filetime":-1,"ssl_verify_result":0,"redirect_count":0,"total_time":2.095297,"namelookup_time":0.001915,"connect_time":0.012244,"pretransfer_time":0.034783000000000001,"size_upload":4245,"size_download":288,"speed_download":137,"speed_upload":2026,"download_content_length":-1,"upload_content_length":4245,"starttransfer_time":0.034785999999999997,"redirect_time":0,"redirect_url":"","primary_ip":"95.163.249.170","certinfo":[],"primary_port":443,"local_ip":"188.225.57.79","local_port":45792,"http_version":3,"protocol":2,"ssl_verifyresult":0,"scheme":"HTTPS","appconnect_time_us":34679,"connect_time_us":12244,"namelookup_time_us":1915,"pretransfer_time_us":34783,"redirect_time_us":0,"starttransfer_time_us":34786,"total_time_us":2095297},"params":{"method":"crm.lead.add","params":{"fields":{"NAME":"\u041c\u0430\u0440\u0438\u043d\u0430","PHONE":[{"VALUE":"+7 (950) 813-95-96","VALUE_TYPE":"WORK"}],"EMAIL":[{"VALUE":null,"VALUE_TYPE":"WORK"}],"TRACE":"{\u0022url\u0022:\u0022https:\/\/tingard.ru\/?utm_source=yandex\u0026utm_medium=cpc\u0026utm_campaign=rsya-click\u0026utm_content=16225570742\u0026utm_term=%D0%B3%D1%80%D1%8F%D0%B4%D0%BA%D0%B8%20%D0%B4%D0%BB%D1%8F%20%D0%BA%D0%BB%D1%83%D0%B1%D0%BD%D0%B8%D0%BA%D0%B8\u0026yclid=8201199483380039679\u0022,\u0022ref\u0022:\u0022https:\/\/yandex.ru\/\u0022,\u0022device\u0022:{\u0022isMobile\u0022:true},\u0022tags\u0022:{\u0022ts\u0022:1717761370,\u0022list\u0022:{\u0022utm_source\u0022:\u0022yandex\u0022,\u0022utm_medium\u0022:\u0022cpc\u0022,\u0022utm_campaign\u0022:\u0022rsya-click\u0022,\u0022utm_content\u0022:\u002216225570742\u0022,\u0022utm_term\u0022:\u0022\u0433\u0440\u044f\u0434\u043a\u0438 \u0434\u043b\u044f \u043a\u043b\u0443\u0431\u043d\u0438\u043a\u0438\u0022},\u0022gclid\u0022:null},\u0022client\u0022:{\u0022yaId\u0022:\u00221717699307519741368\u0022},\u0022pages\u0022:{\u0022list\u0022:[[\u0022https:\/\/tingard.ru\/?utm_source=yandex\u0026utm_medium=cpc\u0026utm_campaign=rsya-click\u0026utm_content=16225570742\u0026utm_term=%D0%B3%D1%80%D1%8F%D0%B4%D0%BA%D0%B8%20%D0%B4%D0%BB%D1%8F%20%D0%BA%D0%BB%D1%83%D0%B1%D0%BD%D0%B8%D0%BA%D0%B8\u0026yclid=8201199483380039679\u0022,1717761370,\u0022TINGARD \u2014 \u0431\u0435\u0441\u0448\u043e\u0432\u043d\u044b\u0439 \u043f\u043b\u0430\u0441\u0442\u0438\u043a\u043e\u0432\u044b\u0439 \u043f\u043e\u0433\u0440\u0435\u0431 \u2116\u0022]]},\u0022gid\u0022:null,\u0022previous\u0022:{\u0022list\u0022:[{\u0022url\u0022:\u0022https:\/\/tingard.ru\/?utm_source=yandex\u0026utm_medium=cpc\u0026utm_campaign=rsya-click\u0026utm_content=16225570742\u0026utm_term=%D0%B3%D1%80%D1%8F%D0%B4%D0%BA%D0%B8%20%D0%B4%D0%BB%D1%8F%20%D0%BA%D0%BB%D1%83%D0%B1%D0%BD%D0%B8%D0%BA%D0%B8\u0026yclid=8201199483380039679\u0022,\u0022ref\u0022:\u0022https:\/\/yandex.ru\/images\/touch\/search?app_version=24040700\u0026source=serp\u0026text=%D0%B1%D0%B0%D0%BD%D1%8F-%D0%B1%D0%BE%D1%87%D0%BA%D0%B0+%D0%BA%D1%83%D0%BF%D0%B8%D1%82%D1%8C+%D1%86%D0%B5%D0%BD%D0%B0\u0026img_url=https%3A%2F%2Fltb174.ru%2Fwp-content%2Fuploads%2F2017%2F09%2F54.jpg\u0026rpt=simage\u0022,\u0022device\u0022:{\u0022isMobile\u0022:true},\u0022tags\u0022:{\u0022ts\u0022:1717699753,\u0022list\u0022:{\u0022utm_source\u0022:\u0022yandex\u0022,\u0022utm_medium\u0022:\u0022cpc\u0022,\u0022utm_campaign\u0022:\u0022rsya-click\u0022,\u0022utm_content\u0022:\u002216225516161\u0022,\u0022utm_term\u0022:\u0022\u043f\u043e\u0433\u0440\u0435\u0431 \u044d\u043a\u043e\u043b\u0430\u0439\u0444\u0022},\u0022gclid\u0022:null},\u0022client\u0022:{\u0022yaId\u0022:\u00221717699307519741368\u0022},\u0022pages\u0022:{\u0022list\u0022:[[\u0022https:\/\/tingard.ru\/\u0022,1717699718,\u0022TINGARD \u2014 \u0431\u0435\u0441\u0448\u043e\u0432\u043d\u044b\u0439 \u043f\u043b\u0430\u0441\u0442\u0438\u043a\u043e\u0432\u044b\u0439 \u043f\u043e\u0433\u0440\u0435\u0431 \u2116\u0022],[\u0022https:\/\/tingard.ru\/thanks\/\u0022,1717699752,\u0022\u0421\u043f\u0430\u0441\u0438\u0431\u043e \u0437\u0430 \u0437\u0430\u044f\u0432\u043a\u0443\u0022],[\u0022https:\/\/tingard.ru\/?utm_source=yandex\u0026utm_medium=cpc\u0026utm_campaign=rsya-click\u0026utm_content=16225516161\u0026utm_term=%D0%BF%D0%BE%D0%B3%D1%80%D0%B5%D0%B1%20%D1%8D%D0%BA%D0%BE%D0%BB%D0%B0%D0%B9%D1%84\u0026yclid=466099032363892735\u0022,1717699753,\u0022TINGARD \u2014 \u0431\u0435\u0441\u0448\u043e\u0432\u043d\u044b\u0439 \u043f\u043b\u0430\u0441\u0442\u0438\u043a\u043e\u0432\u044b\u0439 \u043f\u043e\u0433\u0440\u0435\u0431 \u2116\u0022]]},\u0022gid\u0022:null}]}}","COMMENTS":null,"TITLE":"\u0420\u0430\u0441\u0441\u0440\u043e\u0447\u043a\u0430 \u043d\u0430 \u043f\u043e\u0433\u0440\u0435\u0431 TINGARD 1900","UF_CRM_1449663065":68,"ASSIGNED_BY_ID":58,"SOURCE_ID":9}}},"result":{"result":518986,"time":{"start":1717762448.065522,"finish":1717762450.0519221,"duration":1.9864001274108887,"processing":1.9491870403289795,"date_start":"2024-06-07T15:14:08+03:00","date_finish":"2024-06-07T15:14:10+03:00","operating_reset_at":1717763048,"operating":1.9491550922393799}}}