{"url":"https:\/\/tinger.bitrix24.ru\/rest\/190\/42tc2gxq8od2858i\/crm.lead.add.json","info":{"url":"https:\/\/tinger.bitrix24.ru\/rest\/190\/42tc2gxq8od2858i\/crm.lead.add.json","content_type":"application\/json; charset=utf-8","http_code":200,"header_size":1028,"request_size":207,"filetime":-1,"ssl_verify_result":0,"redirect_count":0,"total_time":6.6697410000000001,"namelookup_time":0.00199,"connect_time":0.0079389999999999999,"pretransfer_time":0.022405000000000001,"size_upload":1545,"size_download":289,"speed_download":43,"speed_upload":231,"download_content_length":-1,"upload_content_length":1545,"starttransfer_time":0.022408000000000001,"redirect_time":0,"redirect_url":"","primary_ip":"178.132.201.52","certinfo":[],"primary_port":443,"local_ip":"188.225.57.79","local_port":59402,"http_version":3,"protocol":2,"ssl_verifyresult":0,"scheme":"HTTPS","appconnect_time_us":22312,"connect_time_us":7939,"namelookup_time_us":1990,"pretransfer_time_us":22405,"redirect_time_us":0,"starttransfer_time_us":22408,"total_time_us":6669741},"params":{"method":"crm.lead.add","params":{"fields":{"NAME":"\u0412\u0430\u043b\u0435\u0440\u0438\u0439","PHONE":[{"VALUE":"+7 (962) 974-39-75","VALUE_TYPE":"WORK"}],"EMAIL":[{"VALUE":null,"VALUE_TYPE":"WORK"}],"COMMENTS":"\u0418\u043d\u0442\u0435\u0440\u0435\u0441\u0443\u0435\u0442 \u043f\u043e\u0433\u0440\u0435\u0431 2\/3\r\n\u0421 \u0446\u0435\u043d\u0430\u043c\u0438 \u043e\u0437\u043d\u0430\u043a\u043e\u043c\u043b\u0435\u043d, \u0431\u044e\u0434\u0436\u0435\u0442 300 \u0442.\u0440.\r\n\u0423\u0441\u0442\u0430\u043d\u043e\u0432\u043a\u0430 \u0432 \u0430\u0432\u0433\u0443\u0441\u0442\u0435\r\n\u041f\u043e\u0437\u0432\u043e\u043d\u0438\u0442\u044c \u0432 \u0442\u0435\u0447\u0435\u043d\u0438\u0438 \u0447\u0430\u0441\u0430\r\nhttps:\/\/app.uiscom.ru\/system\/media\/talk\/3147468654\/43888c94c1e4bde48e0372067ffdefbb\/","TRACE":"{\u0022url\u0022:\u0022https:\/\/tinger.ru\/form\/\u0022,\u0022device\u0022:{\u0022isMobile\u0022:false},\u0022tags\u0022:{\u0022ts\u0022:1691733912,\u0022list\u0022:{},\u0022gclid\u0022:null},\u0022client\u0022:{\u0022gaId\u0022:\u00221541338507.1689229918\u0022,\u0022yaId\u0022:\u00221689229918358927925\u0022},\u0022pages\u0022:{\u0022list\u0022:[[\u0022https:\/\/tinger.ru\/form\/\u0022,1691734456,\u0022\u0424\u043e\u0440\u043c\u0430\u0022]]},\u0022gid\u0022:null,\u0022previous\u0022:{\u0022list\u0022:[]}}","TITLE":"\u0417\u0430\u044f\u0432\u043a\u0430 \u043e\u0442 \u041a\u0426","UF_CRM_1449663065":68,"ASSIGNED_BY_ID":58,"SOURCE_ID":"102"}}},"result":{"result":462752,"time":{"start":1691735094.0797751,"finish":1691735100.6508369,"duration":6.5710618495941162,"processing":6.5275039672851562,"date_start":"2023-08-11T09:24:54+03:00","date_finish":"2023-08-11T09:25:00+03:00","operating_reset_at":1691735694,"operating":12.439709901809692}}}