{"url":"https:\/\/tinger.bitrix24.ru\/rest\/190\/42tc2gxq8od2858i\/crm.lead.add.json","info":{"url":"https:\/\/tinger.bitrix24.ru\/rest\/190\/42tc2gxq8od2858i\/crm.lead.add.json","content_type":"application\/json; charset=utf-8","http_code":200,"header_size":1027,"request_size":207,"filetime":-1,"ssl_verify_result":0,"redirect_count":0,"total_time":7.4256289999999998,"namelookup_time":0.013882,"connect_time":0.015089,"pretransfer_time":0.024764999999999999,"size_upload":1311,"size_download":289,"speed_download":38,"speed_upload":176,"download_content_length":-1,"upload_content_length":1311,"starttransfer_time":0.024767000000000001,"redirect_time":0,"redirect_url":"","primary_ip":"178.132.201.51","certinfo":[],"primary_port":443,"local_ip":"188.225.57.79","local_port":58028,"http_version":3,"protocol":2,"ssl_verifyresult":0,"scheme":"HTTPS","appconnect_time_us":24666,"connect_time_us":15089,"namelookup_time_us":13882,"pretransfer_time_us":24765,"redirect_time_us":0,"starttransfer_time_us":24767,"total_time_us":7425629},"params":{"method":"crm.lead.add","params":{"fields":{"NAME":"\u0412\u043b\u0430\u0434\u0438\u043c\u0438\u0440  \t","PHONE":[{"VALUE":"+7 (919) 492-75-56","VALUE_TYPE":"WORK"}],"EMAIL":[{"VALUE":null,"VALUE_TYPE":"WORK"}],"COMMENTS":"https:\/\/app.uiscom.ru\/system\/media\/talk\/3128458035\/8436d9f2a6984355a9f2b29d619cad5c\/\r\n\u041f\u043e\u0433\u0440\u0435\u0431 1,5\/1,5 \u0441 \u0443\u0441\u0442\u0430\u043d\u043e\u0432\u043a\u043e\u0439 \r\n\u0412 \u0442\u0435\u0447\u0435\u043d\u0438\u0438 \u0447\u0430\u0441\u0430 \u043f\u0435\u0440\u0435\u0437\u0432\u043e\u043d\u0438\u0442\u044c\r\n","TRACE":"{\u0022url\u0022:\u0022https:\/\/tinger.ru\/form\/\u0022,\u0022device\u0022:{\u0022isMobile\u0022:false},\u0022tags\u0022:{\u0022ts\u0022:1689229916,\u0022list\u0022:{},\u0022gclid\u0022:null},\u0022client\u0022:{\u0022gaId\u0022:\u00221541338507.1689229918\u0022,\u0022yaId\u0022:\u00221689229918358927925\u0022},\u0022pages\u0022:{\u0022list\u0022:[[\u0022https:\/\/tinger.ru\/form\/\u0022,1690887349,\u0022\u0424\u043e\u0440\u043c\u0430\u0022]]},\u0022gid\u0022:null,\u0022previous\u0022:{\u0022list\u0022:[]}}","TITLE":"\u0417\u0430\u044f\u0432\u043a\u0430 \u043e\u0442 \u041a\u0426","UF_CRM_1449663065":68,"ASSIGNED_BY_ID":58,"SOURCE_ID":"102"}}},"result":{"result":461132,"time":{"start":1690889884.2466221,"finish":1690889891.5871689,"duration":7.3405468463897705,"processing":7.3051939010620117,"date_start":"2023-08-01T14:38:04+03:00","date_finish":"2023-08-01T14:38:11+03:00","operating_reset_at":1690890484,"operating":7.3051700592041016}}}