{"url":"https:\/\/tinger.bitrix24.ru\/rest\/190\/42tc2gxq8od2858i\/crm.lead.add.json","info":{"url":"https:\/\/tinger.bitrix24.ru\/rest\/190\/42tc2gxq8od2858i\/crm.lead.add.json","content_type":"application\/json; charset=utf-8","http_code":200,"header_size":1030,"request_size":207,"filetime":-1,"ssl_verify_result":0,"redirect_count":0,"total_time":2.8374679999999999,"namelookup_time":0.001632,"connect_time":0.009979,"pretransfer_time":0.056202000000000002,"size_upload":1949,"size_download":287,"speed_download":101,"speed_upload":686,"download_content_length":-1,"upload_content_length":1949,"starttransfer_time":0.056224000000000003,"redirect_time":0,"redirect_url":"","primary_ip":"178.132.201.52","certinfo":[],"primary_port":443,"local_ip":"188.225.57.79","local_port":44086,"http_version":3,"protocol":2,"ssl_verifyresult":0,"scheme":"HTTPS","appconnect_time_us":56061,"connect_time_us":9979,"namelookup_time_us":1632,"pretransfer_time_us":56202,"redirect_time_us":0,"starttransfer_time_us":56224,"total_time_us":2837468},"params":{"method":"crm.lead.add","params":{"fields":{"NAME":"\u0412\u0430\u0434\u0438\u043c","PHONE":[{"VALUE":"+7 (924) 220-30-66","VALUE_TYPE":"WORK"}],"EMAIL":[{"VALUE":null,"VALUE_TYPE":"WORK"}],"COMMENTS":"+79242203066   \u0412\u0430\u0434\u0438\u043c. \u041f\u043e\u0433\u0440\u0435\u0431 \u0432 \u0431\u043b\u0438\u0436\u0430\u0439\u0448\u0435\u0435 \u0432\u0440\u0435\u043c\u044f, 2 \u043d\u0430 2 (1900\u041a) \u0431\u0435\u0437 \u0443\u0441\u0442\u0430\u043d\u043e\u0432\u043a\u0438 - \u0446\u0435\u043d\u0430 , \u0434\u043e\u0441\u0442\u0430\u0432\u043a\u0430 \u0432 \u0425\u0430\u0431\u0430\u0440\u043e\u0432\u0441\u043a - \u0443\u0441\u043b\u043e\u0432\u0438\u044f \u0438\u043b\u0438 \u0435\u0441\u043b\u0438 \u0435\u0441\u0442\u044c \u0432 \u0425\u0430\u0431\u0430\u0440\u043e\u0432\u0441\u043a\u0435 \u043a\u0430\u043a \u0437\u0430\u0431\u0440\u0430\u0442\u044c. \u0437\u0432\u043e\u043d\u0438\u0442\u044c 02.08.\u0441 \u0443\u0442\u0440\u0430 \u043f\u043e \u0432\u0440\u0435\u043c\u0435\u043d\u0438\u00a0\u0425\u0430\u0431\u0430\u0440\u043e\u0432\u0441\u043a\u0430)\r\nhttps:\/\/app.uiscom.ru\/system\/media\/talk\/3130122462\/b327683e8ad9cb550c0795f63b1eb7a2\/","TRACE":"{\u0022url\u0022:\u0022https:\/\/tinger.ru\/form\/\u0022,\u0022ref\u0022:\u0022https:\/\/www.google.com\/\u0022,\u0022device\u0022:{\u0022isMobile\u0022:false},\u0022tags\u0022:{\u0022ts\u0022:1689766015,\u0022list\u0022:{},\u0022gclid\u0022:null},\u0022client\u0022:{\u0022gaId\u0022:\u0022778173980.1689174814\u0022,\u0022yaId\u0022:\u00221682598299332981596\u0022},\u0022pages\u0022:{\u0022list\u0022:[[\u0022https:\/\/tinger.ru\/form\/\u0022,1690886894,\u0022\u0424\u043e\u0440\u043c\u0430\u0022]]},\u0022gid\u0022:null,\u0022previous\u0022:{\u0022list\u0022:[]}}","TITLE":"\u0417\u0430\u044f\u0432\u043a\u0430 \u043e\u0442 \u041a\u0426","UF_CRM_1449663065":68,"ASSIGNED_BY_ID":58,"SOURCE_ID":"102"}}},"result":{"result":461134,"time":{"start":1690889920.244535,"finish":1690889922.953495,"duration":2.7089600563049316,"processing":2.6679301261901855,"date_start":"2023-08-01T14:38:40+03:00","date_finish":"2023-08-01T14:38:42+03:00","operating_reset_at":1690890520,"operating":9.9730689525604248}}}