{"url":"https:\/\/tinger.bitrix24.ru\/rest\/190\/42tc2gxq8od2858i\/crm.lead.add.json","info":{"url":"https:\/\/tinger.bitrix24.ru\/rest\/190\/42tc2gxq8od2858i\/crm.lead.add.json","content_type":"application\/json; charset=utf-8","http_code":200,"header_size":1034,"request_size":207,"filetime":-1,"ssl_verify_result":0,"redirect_count":0,"total_time":6.8351249999999997,"namelookup_time":0.013785,"connect_time":0.024403999999999999,"pretransfer_time":0.047676000000000003,"size_upload":1881,"size_download":289,"speed_download":42,"speed_upload":275,"download_content_length":-1,"upload_content_length":1881,"starttransfer_time":0.047678999999999999,"redirect_time":0,"redirect_url":"","primary_ip":"46.235.53.67","certinfo":[],"primary_port":443,"local_ip":"188.225.57.79","local_port":42634,"http_version":3,"protocol":2,"ssl_verifyresult":0,"scheme":"HTTPS","appconnect_time_us":47561,"connect_time_us":24404,"namelookup_time_us":13785,"pretransfer_time_us":47676,"redirect_time_us":0,"starttransfer_time_us":47679,"total_time_us":6835125},"params":{"method":"crm.lead.add","params":{"fields":{"UF_CRM_1449663065":"16452","SOURCE_ID":98,"ASSIGNED_BY_ID":58,"TITLE":"\u0417\u0430\u043a\u0430\u0437\u0430\u0442\u044c \u0451\u043c\u043a\u043e\u0441\u0442\u044c \u043d\u0430 10 \u043a\u0443\u0431\u043e\u0432","NAME":"\u041c\u0438\u0445\u0430\u0438\u043b","PHONE":[{"VALUE":"+7 (999) 851-68-47","VALUE_TYPE":"WORK"}],"EMAIL":[{"VALUE":null,"VALUE_TYPE":"WORK"}],"COMMENTS":"1 \u0448\u0442. \u043d\u0430 \u0441\u0443\u043c\u043c\u0443 187 000 \u0440\u0443\u0431.","TRACE":"{\u0022url\u0022:\u0022https:\/\/pt.tingerplast.ru\/?utm_source=yandex\u0026utm_medium=cpc\u0026utm_campaign=emkosti_mk_rf\u0026utm_content=13936790029\u0026utm_term=---autotargeting\u0026yclid=3973270056919690161\u0022,\u0022ref\u0022:\u0022https:\/\/yandex.ru\/games\/app\/182833?utm_medium=ur29\u0026utm_source=distrib\u0026ypr=https%3A%2F%2Fdzen.ru%2F\u0022,\u0022device\u0022:{\u0022isMobile\u0022:false},\u0022tags\u0022:{\u0022ts\u0022:1689329630,\u0022list\u0022:{\u0022utm_source\u0022:\u0022yandex\u0022,\u0022utm_medium\u0022:\u0022cpc\u0022,\u0022utm_campaign\u0022:\u0022emkosti_mk_rf\u0022,\u0022utm_content\u0022:\u002213936790029\u0022,\u0022utm_term\u0022:\u0022---autotargeting\u0022},\u0022gclid\u0022:null},\u0022client\u0022:{\u0022yaId\u0022:\u00221689329630954314158\u0022},\u0022pages\u0022:{\u0022list\u0022:[[\u0022https:\/\/pt.tingerplast.ru\/?utm_source=yandex\u0026utm_medium=cpc\u0026utm_campaign=emkosti_mk_rf\u0026utm_content=13936790029\u0026utm_term=---autotargeting\u0026yclid=3973270056919690161\u0022,1689329631,\u0022\u041f\u043b\u0430\u0441\u0442\u0438\u043a\u043e\u0432\u044b\u0435 \u0451\u043c\u043a\u043e\u0441\u0442\u0438 \u0431\u043e\u043b\u044c\u0448\u043e\u0433\u043e \u043e\u0431\u044a\u0451\u043c\u0430 \u043e\u0442 \u043f\u0022]]},\u0022gid\u0022:null,\u0022previous\u0022:{\u0022list\u0022:[]}}"}}},"result":{"result":457188,"time":{"start":1689329694.5980189,"finish":1689329701.3098271,"duration":6.7118082046508789,"processing":6.6748321056365967,"date_start":"2023-07-14T13:14:54+03:00","date_finish":"2023-07-14T13:15:01+03:00","operating_reset_at":1689330294,"operating":6.6748051643371582}}}