{"url":"https:\/\/tinger.bitrix24.ru\/rest\/190\/42tc2gxq8od2858i\/crm.lead.add.json","info":{"url":"https:\/\/tinger.bitrix24.ru\/rest\/190\/42tc2gxq8od2858i\/crm.lead.add.json","content_type":"application\/json; charset=utf-8","http_code":200,"header_size":1028,"request_size":207,"filetime":-1,"ssl_verify_result":0,"redirect_count":0,"total_time":1.5940840000000001,"namelookup_time":0.020650000000000002,"connect_time":0.021930999999999999,"pretransfer_time":0.035969000000000001,"size_upload":2103,"size_download":288,"speed_download":180,"speed_upload":1319,"download_content_length":-1,"upload_content_length":2103,"starttransfer_time":0.035979999999999998,"redirect_time":0,"redirect_url":"","primary_ip":"178.132.201.53","certinfo":[],"primary_port":443,"local_ip":"188.225.57.79","local_port":58068,"http_version":3,"protocol":2,"ssl_verifyresult":0,"scheme":"HTTPS","appconnect_time_us":35875,"connect_time_us":21931,"namelookup_time_us":20650,"pretransfer_time_us":35969,"redirect_time_us":0,"starttransfer_time_us":35980,"total_time_us":1594084},"params":{"method":"crm.lead.add","params":{"fields":{"NAME":"\u0411\u0440\u0435\u0432\u0435\u0440\u043d \u041d\u0430\u0442\u0430\u043b\u044c\u044f \u041c\u0438\u0445\u0430\u0439\u043b\u043e\u0432\u043d\u0430","PHONE":[{"VALUE":"+7 (950) 448-00-90","VALUE_TYPE":"WORK"}],"TRACE":"{\u0022url\u0022:\u0022https:\/\/tingard.ru\/?utm_source=yandex\u0026utm_medium=cpc\u0026utm_campaign=mk_rf\u0026utm_content=14460640521\u0026utm_term=---autotargeting\u0026roistat=direct14_context_89463958_rsMasterGroup_rsMasterBanner_---autotargeting\u0026yclid=5961483147619860479\u0022,\u0022ref\u0022:\u0022https:\/\/yandex.ru\/pogoda\u0022,\u0022device\u0022:{\u0022isMobile\u0022:true},\u0022tags\u0022:{\u0022ts\u0022:1740461384,\u0022list\u0022:{\u0022utm_source\u0022:\u0022yandex\u0022,\u0022utm_medium\u0022:\u0022cpc\u0022,\u0022utm_campaign\u0022:\u0022mk_rf\u0022,\u0022utm_content\u0022:\u002214460640521\u0022,\u0022utm_term\u0022:\u0022---autotargeting\u0022},\u0022gclid\u0022:null},\u0022client\u0022:{\u0022yaId\u0022:\u00221740461383552320647\u0022},\u0022pages\u0022:{\u0022list\u0022:[[\u0022https:\/\/tingard.ru\/?utm_source=yandex\u0026utm_medium=cpc\u0026utm_campaign=mk_rf\u0026utm_content=14460640521\u0026utm_term=---autotargeting\u0026roistat=direct14_context_89463958_rsMasterGroup_rsMasterBanner_---autotargeting\u0026yclid=5961483147619860479\u0022,1740461384,\u0022TINGARD \u2014 \u0431\u0435\u0441\u0448\u043e\u0432\u043d\u044b\u0439 \u043f\u043b\u0430\u0441\u0442\u0438\u043a\u043e\u0432\u044b\u0439 \u043f\u043e\u0433\u0440\u0435\u0431 \u2116\u0022]]},\u0022gid\u0022:null,\u0022previous\u0022:{\u0022list\u0022:[]}}","UF_CRM_1736853511":"1740461383552320647","UF_CRM_1736853555":"1740461383552320647","UF_CRM_1736853537":"1740461383552320647","UF_CRM_1517561552":"3613509","COMMENTS":null,"TITLE":"\u0417\u0430\u0431\u0440\u043e\u043d\u0438\u0440\u043e\u0432\u0430\u0442\u044c \u043f\u043e\u0433\u0440\u0435\u0431 (\u043d\u043e\u0432\u043e\u0433\u043e\u0434\u043d\u0438\u0439 \u0431\u0430\u043d\u043d\u0435\u0440)","UF_CRM_1449663065":68,"ASSIGNED_BY_ID":58,"SOURCE_ID":9}}},"result":{"result":580456,"time":{"start":1740461397.025423,"finish":1740461398.5024121,"duration":1.4769890308380127,"processing":1.4410510063171387,"date_start":"2025-02-25T08:29:57+03:00","date_finish":"2025-02-25T08:29:58+03:00","operating_reset_at":1740461997,"operating":1.4410021305084229}}}