{"url":"https:\/\/tinger.bitrix24.ru\/rest\/190\/42tc2gxq8od2858i\/crm.lead.add.json","info":{"url":"https:\/\/tinger.bitrix24.ru\/rest\/190\/42tc2gxq8od2858i\/crm.lead.add.json","content_type":"application\/json; charset=utf-8","http_code":200,"header_size":1029,"request_size":207,"filetime":-1,"ssl_verify_result":0,"redirect_count":0,"total_time":2.2553860000000001,"namelookup_time":0.002013,"connect_time":0.0056930000000000001,"pretransfer_time":0.031244999999999998,"size_upload":1896,"size_download":289,"speed_download":128,"speed_upload":840,"download_content_length":-1,"upload_content_length":1896,"starttransfer_time":0.031247,"redirect_time":0,"redirect_url":"","primary_ip":"178.132.201.50","certinfo":[],"primary_port":443,"local_ip":"188.225.57.79","local_port":53622,"http_version":3,"protocol":2,"ssl_verifyresult":0,"scheme":"HTTPS","appconnect_time_us":31144,"connect_time_us":5693,"namelookup_time_us":2013,"pretransfer_time_us":31245,"redirect_time_us":0,"starttransfer_time_us":31247,"total_time_us":2255386},"params":{"method":"crm.lead.add","params":{"fields":{"NAME":"\u0414\u043c\u0438\u0442\u0440\u0438\u0439","PHONE":[{"VALUE":"8 (960) 145-45-45","VALUE_TYPE":"WORK"}],"EMAIL":[{"VALUE":null,"VALUE_TYPE":"WORK"}],"TRACE":"{\u0022url\u0022:\u0022https:\/\/tingard.ru\/?utm_source=yandex\u0026utm_medium=cpc\u0026utm_campaign=pogreba_rozn_umnaya_click_perezapusk_15_01\u0026utm_content=15676822889\u0026utm_term=---autotargeting\u0026roistat=direct14_search_105160085_rsMasterGroup_rsMasterBanner_---autotargeting\u0026yclid=5503620063743442943\u0022,\u0022ref\u0022:\u0022https:\/\/yandex.ru\/\u0022,\u0022device\u0022:{\u0022isMobile\u0022:false},\u0022tags\u0022:{\u0022ts\u0022:1723185342,\u0022list\u0022:{\u0022utm_source\u0022:\u0022yandex\u0022,\u0022utm_medium\u0022:\u0022cpc\u0022,\u0022utm_campaign\u0022:\u0022pogreba_rozn_umnaya_click_perezapusk_15_01\u0022,\u0022utm_content\u0022:\u002215676822889\u0022,\u0022utm_term\u0022:\u0022---autotargeting\u0022},\u0022gclid\u0022:null},\u0022client\u0022:{\u0022yaId\u0022:\u00221723185342905035872\u0022},\u0022pages\u0022:{\u0022list\u0022:[[\u0022https:\/\/tingard.ru\/?utm_source=yandex\u0026utm_medium=cpc\u0026utm_campaign=pogreba_rozn_umnaya_click_perezapusk_15_01\u0026utm_content=15676822889\u0026utm_term=---autotargeting\u0026roistat=direct14_search_105160085_rsMasterGroup_rsMasterBanner_---autotargeting\u0026yclid=5503620063743442943\u0022,1723185343,\u0022TINGARD \u2014 \u0431\u0435\u0441\u0448\u043e\u0432\u043d\u044b\u0439 \u043f\u043b\u0430\u0441\u0442\u0438\u043a\u043e\u0432\u044b\u0439 \u043f\u043e\u0433\u0440\u0435\u0431 \u2116\u0022]]},\u0022gid\u0022:null,\u0022previous\u0022:{\u0022list\u0022:[]}}","UF_CRM_1517561552":"3392036","COMMENTS":null,"TITLE":"\u0420\u0430\u0441\u0441\u0440\u043e\u0447\u043a\u0430 \u043d\u0430 \u043f\u043e\u0433\u0440\u0435\u0431 TINGARD 3000","UF_CRM_1449663065":68,"ASSIGNED_BY_ID":58,"SOURCE_ID":9}}},"result":{"result":536838,"time":{"start":1723185634.0100241,"finish":1723185636.1482689,"duration":2.1382448673248291,"processing":2.0945100784301758,"date_start":"2024-08-09T09:40:34+03:00","date_finish":"2024-08-09T09:40:36+03:00","operating_reset_at":1723186234,"operating":6.4593019485473633}}}