{"url":"https:\/\/tinger.bitrix24.ru\/rest\/190\/42tc2gxq8od2858i\/crm.lead.add.json","info":{"url":"https:\/\/tinger.bitrix24.ru\/rest\/190\/42tc2gxq8od2858i\/crm.lead.add.json","content_type":"application\/json; charset=utf-8","http_code":200,"header_size":1034,"request_size":207,"filetime":-1,"ssl_verify_result":0,"redirect_count":0,"total_time":1.181629,"namelookup_time":0.01728,"connect_time":0.028833999999999999,"pretransfer_time":0.047995000000000003,"size_upload":1811,"size_download":286,"speed_download":242,"speed_upload":1533,"download_content_length":-1,"upload_content_length":1811,"starttransfer_time":0.047997999999999999,"redirect_time":0,"redirect_url":"","primary_ip":"46.235.53.69","certinfo":[],"primary_port":443,"local_ip":"188.225.57.79","local_port":54746,"http_version":3,"protocol":2,"ssl_verifyresult":0,"scheme":"HTTPS","appconnect_time_us":47902,"connect_time_us":28834,"namelookup_time_us":17280,"pretransfer_time_us":47995,"redirect_time_us":0,"starttransfer_time_us":47998,"total_time_us":1181629},"params":{"method":"crm.lead.add","params":{"fields":{"NAME":"\u0420\u0430\u043c\u0438\u043b\u044c","PHONE":[{"VALUE":"+7 (987) 855-78-66","VALUE_TYPE":"WORK"}],"TRACE":"{\u0022url\u0022:\u0022https:\/\/tingard.ru\/?utm_source=yandex\u0026utm_medium=cpc\u0026utm_campaign=mk_rf\u0026utm_content=14460640497\u0026utm_term=\u0026roistat=direct14_context_89463958_rsMasterGroup_rsMasterBanner_\u0026yclid=319837481941073919\u0022,\u0022device\u0022:{\u0022isMobile\u0022:true},\u0022tags\u0022:{\u0022ts\u0022:1748785828,\u0022list\u0022:{\u0022utm_source\u0022:\u0022yandex\u0022,\u0022utm_medium\u0022:\u0022cpc\u0022,\u0022utm_campaign\u0022:\u0022mk_rf\u0022,\u0022utm_content\u0022:\u002214460640497\u0022},\u0022gclid\u0022:null},\u0022client\u0022:{\u0022yaId\u0022:\u00221748785829441076814\u0022},\u0022pages\u0022:{\u0022list\u0022:[[\u0022https:\/\/tingard.ru\/?utm_source=yandex\u0026utm_medium=cpc\u0026utm_campaign=mk_rf\u0026utm_content=14460640497\u0026utm_term=\u0026roistat=direct14_context_89463958_rsMasterGroup_rsMasterBanner_\u0026yclid=319837481941073919\u0022,1748785829,\u0022TINGARD \u2014 \u0431\u0435\u0441\u0448\u043e\u0432\u043d\u044b\u0439 \u043f\u043b\u0430\u0441\u0442\u0438\u043a\u043e\u0432\u044b\u0439 \u043f\u043e\u0433\u0440\u0435\u0431 \u2116\u0022]]},\u0022gid\u0022:null,\u0022previous\u0022:{\u0022list\u0022:[]}}","UF_CRM_1736853511":"1748785829441076814","UF_CRM_1736853555":"1748785829441076814","UF_CRM_1736853537":"1748785829441076814","UF_CRM_1517561552":"3660103","COMMENTS":null,"TITLE":"\u0423\u0437\u043d\u0430\u0442\u044c \u043f\u043e\u0434\u0440\u043e\u0431\u043d\u0435\u0435 \u043e \u00ab\u0412\u0438\u043d\u043d\u044b\u0439 \u0441\u0442\u0435\u043b\u043b\u0430\u0436 TINGARD\u00bb","UF_CRM_1449663065":68,"ASSIGNED_BY_ID":58,"SOURCE_ID":9}}},"result":{"result":599562,"time":{"start":1748785848.4888339,"finish":1748785849.550921,"duration":1.0620870590209961,"processing":1.0276679992675781,"date_start":"2025-06-01T16:50:48+03:00","date_finish":"2025-06-01T16:50:49+03:00","operating_reset_at":1748786448,"operating":1.0276432037353516}}}