{"url":"https:\/\/tinger.bitrix24.ru\/rest\/190\/42tc2gxq8od2858i\/crm.lead.add.json","info":{"url":"https:\/\/tinger.bitrix24.ru\/rest\/190\/42tc2gxq8od2858i\/crm.lead.add.json","content_type":"application\/json; charset=utf-8","http_code":200,"header_size":1030,"request_size":207,"filetime":-1,"ssl_verify_result":0,"redirect_count":0,"total_time":1.7470619999999999,"namelookup_time":0.019148999999999999,"connect_time":0.027695999999999998,"pretransfer_time":0.043035999999999998,"size_upload":1991,"size_download":288,"speed_download":164,"speed_upload":1139,"download_content_length":-1,"upload_content_length":1991,"starttransfer_time":0.043038,"redirect_time":0,"redirect_url":"","primary_ip":"95.163.249.170","certinfo":[],"primary_port":443,"local_ip":"188.225.57.79","local_port":42052,"http_version":3,"protocol":2,"ssl_verifyresult":0,"scheme":"HTTPS","appconnect_time_us":42953,"connect_time_us":27696,"namelookup_time_us":19149,"pretransfer_time_us":43036,"redirect_time_us":0,"starttransfer_time_us":43038,"total_time_us":1747062},"params":{"method":"crm.lead.add","params":{"fields":{"NAME":"\u0410\u043b\u0435\u043a\u0441\u0435\u0439 ","PHONE":[{"VALUE":"+7 (916) 208-74-41","VALUE_TYPE":"WORK"}],"EMAIL":[{"VALUE":null,"VALUE_TYPE":"WORK"}],"TRACE":"{\u0022url\u0022:\u0022https:\/\/tinger.ru\/catalog\/perelomka\/?utm_source=yandex\u0026utm_medium=cpc\u0026utm_campaign=mk_click_tf4\u0026utm_content=16623890244\u0026utm_term=---autotargeting\u0026roistat=direct20_context_111795943_rsMasterGroup_rsMasterBanner_---autotargeting\u0026yclid=9047151442800934911\u0022,\u0022ref\u0022:\u0022https:\/\/hsm.su\/\u0022,\u0022device\u0022:{\u0022isMobile\u0022:true},\u0022tags\u0022:{\u0022ts\u0022:1734773098,\u0022list\u0022:{\u0022utm_source\u0022:\u0022yandex\u0022,\u0022utm_medium\u0022:\u0022cpc\u0022,\u0022utm_campaign\u0022:\u0022mk_click_tf4\u0022,\u0022utm_content\u0022:\u002216623890244\u0022,\u0022utm_term\u0022:\u0022---autotargeting\u0022},\u0022gclid\u0022:null},\u0022client\u0022:{\u0022gaId\u0022:\u00221915877737.1734773098\u0022,\u0022yaId\u0022:\u00221734773098216240762\u0022},\u0022pages\u0022:{\u0022list\u0022:[[\u0022https:\/\/tinger.ru\/catalog\/perelomka\/?utm_source=yandex\u0026utm_medium=cpc\u0026utm_campaign=mk_click_tf4\u0026utm_content=16623890244\u0026utm_term=---autotargeting\u0026roistat=direct20_context_111795943_rsMasterGroup_rsMasterBanner_---autotargeting\u0026yclid=9047151442800934911\u0022,1734773099,\u0022\u041a\u0443\u043f\u0438\u0442\u044c \u0432\u0435\u0437\u0434\u0435\u0445\u043e\u0434 \u043f\u0435\u0440\u0435\u043b\u043e\u043c\u043a\u0443 TINGER TF4 \u0432 \u0420\u0022]]},\u0022gid\u0022:null,\u0022previous\u0022:{\u0022list\u0022:[]}}","UF_CRM_1517561552":"3787977","COMMENTS":null,"TITLE":"\u0417\u0430\u043f\u0438\u0441\u0430\u0442\u044c\u0441\u044f \u043d\u0430 \u0447\u0430\u0441\u043e\u0432\u043e\u0439 \u0442\u0435\u0441\u0442-\u0434\u0440\u0430\u0439\u0432 \u043f\u0435\u0440\u0435\u043b\u043e\u043c\u043a\u0438 TINGER","UF_CRM_1449663065":64,"ASSIGNED_BY_ID":58,"SOURCE_ID":"WEB"}}},"result":{"result":571410,"time":{"start":1734773132.3122599,"finish":1734773133.9426329,"duration":1.6303730010986328,"processing":1.6019949913024902,"date_start":"2024-12-21T12:25:32+03:00","date_finish":"2024-12-21T12:25:33+03:00","operating_reset_at":1734773732,"operating":1.601963996887207}}}