{"url":"https:\/\/tinger.bitrix24.ru\/rest\/190\/42tc2gxq8od2858i\/crm.lead.add.json","info":{"url":"https:\/\/tinger.bitrix24.ru\/rest\/190\/42tc2gxq8od2858i\/crm.lead.add.json","content_type":"application\/json; charset=utf-8","http_code":200,"header_size":1030,"request_size":207,"filetime":-1,"ssl_verify_result":0,"redirect_count":0,"total_time":1.1016109999999999,"namelookup_time":0.003356,"connect_time":0.011861,"pretransfer_time":0.027881,"size_upload":4586,"size_download":291,"speed_download":264,"speed_upload":4165,"download_content_length":-1,"upload_content_length":4586,"starttransfer_time":0.027883999999999999,"redirect_time":0,"redirect_url":"","primary_ip":"95.163.249.170","certinfo":[],"primary_port":443,"local_ip":"188.225.57.79","local_port":58728,"http_version":3,"protocol":2,"ssl_verifyresult":0,"scheme":"HTTPS","appconnect_time_us":27740,"connect_time_us":11861,"namelookup_time_us":3356,"pretransfer_time_us":27881,"redirect_time_us":0,"starttransfer_time_us":27884,"total_time_us":1101611},"params":{"method":"crm.lead.add","params":{"fields":{"NAME":"\u043b\u0435\u043d\u0430","PHONE":[{"VALUE":"+7 (919) 027-81-00","VALUE_TYPE":"WORK"}],"EMAIL":[{"VALUE":null,"VALUE_TYPE":"WORK"}],"TRACE":"{\u0022url\u0022:\u0022https:\/\/sale.tingard.ru\/?utm_source=yandex\u0026utm_medium=cpc\u0026utm_campaign=pogreba_rozn_new_lend_conv\u0026utm_content=16219644787\u0026utm_term=---autotargeting\u0026roistat=direct14_context_111793018_rsMasterGroup_rsMasterBanner_---autotargeting\u0026yclid=5503997844580204543\u0022,\u0022ref\u0022:\u0022https:\/\/windowsby.ru\/?p=2727\u0026preview=true\u0022,\u0022device\u0022:{\u0022isMobile\u0022:false},\u0022tags\u0022:{\u0022ts\u0022:1728221383,\u0022list\u0022:{\u0022utm_source\u0022:\u0022yandex\u0022,\u0022utm_medium\u0022:\u0022cpc\u0022,\u0022utm_campaign\u0022:\u0022pogreba_rozn_new_lend_conv\u0022,\u0022utm_content\u0022:\u002216219644787\u0022,\u0022utm_term\u0022:\u0022---autotargeting\u0022},\u0022gclid\u0022:null},\u0022client\u0022:{\u0022yaId\u0022:\u00221728146520473503615\u0022},\u0022pages\u0022:{\u0022list\u0022:[[\u0022https:\/\/sale.tingard.ru\/?utm_source=yandex\u0026utm_medium=cpc\u0026utm_campaign=pogreba_rozn_new_lend_conv\u0026utm_content=16219644787\u0026utm_term=---autotargeting\u0026roistat=direct14_context_111793018_rsMasterGroup_rsMasterBanner_---autotargeting\u0026yclid=5503997844580204543\u0022,1728221384,\u0022\u0411\u0435\u0441\u0448\u043e\u0432\u043d\u044b\u0435 \u043f\u043b\u0430\u0441\u0442\u0438\u043a\u043e\u0432\u044b\u0435 \u043f\u043e\u0433\u0440\u0435\u0431\u0430 TINGARD \u2014 \u0022]]},\u0022gid\u0022:null,\u0022previous\u0022:{\u0022list\u0022:[{\u0022url\u0022:\u0022https:\/\/sale.tingard.ru\/?utm_source=yandex\u0026utm_medium=cpc\u0026utm_campaign=pogreba_rozn_new_lend_conv\u0026utm_content=16219644787\u0026utm_term=---autotargeting\u0026roistat=direct14_context_111793018_rsMasterGroup_rsMasterBanner_---autotargeting\u0026yclid=2415733641453502463\u0022,\u0022ref\u0022:\u0022https:\/\/windowsby.ru\/?p=2700\u0026preview=true\u0022,\u0022device\u0022:{\u0022isMobile\u0022:false},\u0022tags\u0022:{\u0022ts\u0022:1728146519,\u0022list\u0022:{\u0022utm_source\u0022:\u0022yandex\u0022,\u0022utm_medium\u0022:\u0022cpc\u0022,\u0022utm_campaign\u0022:\u0022pogreba_rozn_new_lend_conv\u0022,\u0022utm_content\u0022:\u002216219644787\u0022,\u0022utm_term\u0022:\u0022---autotargeting\u0022},\u0022gclid\u0022:null},\u0022client\u0022:{\u0022yaId\u0022:\u00221728146520473503615\u0022},\u0022pages\u0022:{\u0022list\u0022:[[\u0022https:\/\/sale.tingard.ru\/?utm_source=yandex\u0026utm_medium=cpc\u0026utm_campaign=pogreba_rozn_new_lend_conv\u0026utm_content=16219644787\u0026utm_term=---autotargeting\u0026roistat=direct14_context_111793018_rsMasterGroup_rsMasterBanner_---autotargeting\u0026yclid=15290843331223355391\u0022,1728146520,\u0022\u0411\u0435\u0441\u0448\u043e\u0432\u043d\u044b\u0435 \u043f\u043b\u0430\u0441\u0442\u0438\u043a\u043e\u0432\u044b\u0435 \u043f\u043e\u0433\u0440\u0435\u0431\u0430 TINGARD \u2014 \u0022]]},\u0022gid\u0022:null},{\u0022url\u0022:\u0022https:\/\/sale.tingard.ru\/?utm_source=yandex\u0026utm_medium=cpc\u0026utm_campaign=pogreba_rozn_new_lend_conv\u0026utm_content=16219644787\u0026utm_term=---autotargeting\u0026roistat=direct14_context_111793018_rsMasterGroup_rsMasterBanner_---autotargeting\u0026yclid=5503997844580204543\u0022,\u0022ref\u0022:\u0022https:\/\/windowsby.ru\/?p=2707\u0026preview=true\u0022,\u0022device\u0022:{\u0022isMobile\u0022:false},\u0022tags\u0022:{\u0022ts\u0022:1728205635,\u0022list\u0022:{\u0022utm_source\u0022:\u0022yandex\u0022,\u0022utm_medium\u0022:\u0022cpc\u0022,\u0022utm_campaign\u0022:\u0022pogreba_rozn_new_lend_conv\u0022,\u0022utm_content\u0022:\u002216219644787\u0022,\u0022utm_term\u0022:\u0022---autotargeting\u0022},\u0022gclid\u0022:null},\u0022client\u0022:{\u0022yaId\u0022:\u00221728146520473503615\u0022},\u0022pages\u0022:{\u0022list\u0022:[[\u0022https:\/\/sale.tingard.ru\/?utm_source=yandex\u0026utm_medium=cpc\u0026utm_campaign=pogreba_rozn_new_lend_conv\u0026utm_content=16219644787\u0026utm_term=---autotargeting\u0026roistat=direct14_context_111793018_rsMasterGroup_rsMasterBanner_---autotargeting\u0026yclid=2415733641453502463\u0022,1728205636,\u0022\u0411\u0435\u0441\u0448\u043e\u0432\u043d\u044b\u0435 \u043f\u043b\u0430\u0441\u0442\u0438\u043a\u043e\u0432\u044b\u0435 \u043f\u043e\u0433\u0440\u0435\u0431\u0430 TINGARD \u2014 \u0022]]},\u0022gid\u0022:null}]}}","UF_CRM_1517561552":"3496296","COMMENTS":null,"TITLE":"\u0420\u0430\u0441\u0441\u0440\u043e\u0447\u043a\u0430 \u043d\u0430 \u043f\u043e\u0433\u0440\u0435\u0431 TINGARD 2500","UF_CRM_1449663065":68,"ASSIGNED_BY_ID":58,"SOURCE_ID":85}}},"result":{"result":554420,"time":{"start":1728221442.6351149,"finish":1728221443.6354971,"duration":1.0003821849822998,"processing":0.96438193321228027,"date_start":"2024-10-06T16:30:42+03:00","date_finish":"2024-10-06T16:30:43+03:00","operating_reset_at":1728222042,"operating":0.96434402465820312}}}