{"url":"https:\/\/tinger.bitrix24.ru\/rest\/190\/42tc2gxq8od2858i\/crm.deal.add.json","info":{"url":"https:\/\/tinger.bitrix24.ru\/rest\/190\/42tc2gxq8od2858i\/crm.deal.add.json","content_type":"application\/json; charset=utf-8","http_code":200,"header_size":1028,"request_size":207,"filetime":-1,"ssl_verify_result":0,"redirect_count":0,"total_time":1.743382,"namelookup_time":0.0013309999999999999,"connect_time":0.0087080000000000005,"pretransfer_time":0.018379,"size_upload":2388,"size_download":286,"speed_download":164,"speed_upload":1370,"download_content_length":-1,"upload_content_length":2388,"starttransfer_time":0.018381999999999999,"redirect_time":0,"redirect_url":"","primary_ip":"178.132.201.52","certinfo":[],"primary_port":443,"local_ip":"188.225.57.79","local_port":49238,"http_version":3,"protocol":2,"ssl_verifyresult":0,"scheme":"HTTPS","appconnect_time_us":18321,"connect_time_us":8708,"namelookup_time_us":1331,"pretransfer_time_us":18379,"redirect_time_us":0,"starttransfer_time_us":18382,"total_time_us":1743382},"params":{"method":"crm.deal.add","params":{"fields":{"NAME":"\u0410\u043d\u0434\u0440\u0435\u0439 \u0412\u0430\u0441\u044e\u0445\u0438\u043d","PHONE":[{"VALUE":"8 (921) 252-45-68","VALUE_TYPE":"WORK"}],"EMAIL":[{"VALUE":"andrejvasuhin@gmail.com","VALUE_TYPE":"WORK"}],"TRACE":"{\u0022url\u0022:\u0022https:\/\/tinger.ru\/vacancies\/rabota-na-proizvodstve\/operator-stanka-lazernoy-rezki-s-obucheniem\/\u0022,\u0022ref\u0022:\u0022https:\/\/www.google.ru\/\u0022,\u0022device\u0022:{\u0022isMobile\u0022:true},\u0022tags\u0022:{\u0022ts\u0022:1721108292,\u0022list\u0022:{},\u0022gclid\u0022:null},\u0022client\u0022:{\u0022gaId\u0022:\u0022131236958.1721108292\u0022,\u0022yaId\u0022:\u00221721108293861791783\u0022},\u0022pages\u0022:{\u0022list\u0022:[[\u0022https:\/\/tinger.ru\/vacancies\/\u0022,1721108421,\u0022\u0412\u0430\u043a\u0430\u043d\u0441\u0438\u0438 \u0432 \u0427\u0435\u0440\u0435\u043f\u043e\u0432\u0446\u0435 \u0432 \u0433\u0440\u0443\u043f\u043f\u0435 \u043a\u043e\u043c\u043f\u0430\u043d\u0438\u0439 T\u0022],[\u0022https:\/\/tinger.ru\/vacancies\/rabota-na-proizvodstve\/\u0022,1721108439,\u0022\u0420\u0430\u0431\u043e\u0442\u0430 \u043d\u0430 \u043f\u0440\u043e\u0438\u0437\u0432\u043e\u0434\u0441\u0442\u0432\u0435 TINGER\u0022],[\u0022https:\/\/tinger.ru\/vacancies\/rabota-na-proizvodstve\/operator-stanka-lazernoy-rezki-s-obucheniem\/\u0022,1721108479,\u0022\u041e\u043f\u0435\u0440\u0430\u0442\u043e\u0440 \u0441\u0442\u0430\u043d\u043a\u0430 \u043b\u0430\u0437\u0435\u0440\u043d\u043e\u0439 \u0440\u0435\u0437\u043a\u0438 (\u0421 \u041e\u0411\u0423\u0427\u0415\u041d\u0022]]},\u0022gid\u0022:null,\u0022previous\u0022:{\u0022list\u0022:[]}}","UF_CRM_1517561552":"3691656","COMMENTS":null,"TITLE":"\u041e\u0442\u043a\u043b\u0438\u043a \u043d\u0430 \u0432\u0430\u043a\u0430\u043d\u0441\u0438\u044e \u00ab\u041e\u043f\u0435\u0440\u0430\u0442\u043e\u0440 \u0441\u0442\u0430\u043d\u043a\u0430 \u043b\u0430\u0437\u0435\u0440\u043d\u043e\u0439 \u0440\u0435\u0437\u043a\u0438 (\u0421 \u041e\u0411\u0423\u0427\u0415\u041d\u0418\u0415\u041c)\u00bb","CATEGORY_ID":26,"SOURCE_ID":"WEB","ASSIGNED_BY_ID":50856,"UF_CRM_5742B4FC41290":"\u0420\u0430\u0431\u043e\u0442\u0430 \u043d\u0430 \u043f\u0440\u043e\u0438\u0437\u0432\u043e\u0434\u0441\u0442\u0432\u0435","CONTACT_ID":73664}}},"result":{"result":99612,"time":{"start":1721108631.7002561,"finish":1721108633.3429821,"duration":1.642725944519043,"processing":1.6089150905609131,"date_start":"2024-07-16T08:43:51+03:00","date_finish":"2024-07-16T08:43:53+03:00","operating_reset_at":1721109231,"operating":1.608896017074585}}}