{"url":"https:\/\/tinger.bitrix24.ru\/rest\/190\/42tc2gxq8od2858i\/crm.lead.add.json","info":{"url":"https:\/\/tinger.bitrix24.ru\/rest\/190\/42tc2gxq8od2858i\/crm.lead.add.json","content_type":"application\/json; charset=utf-8","http_code":200,"header_size":1027,"request_size":207,"filetime":-1,"ssl_verify_result":0,"redirect_count":0,"total_time":2.0891989999999998,"namelookup_time":0.00181,"connect_time":0.0030330000000000001,"pretransfer_time":0.011572000000000001,"size_upload":4576,"size_download":286,"speed_download":136,"speed_upload":2190,"download_content_length":-1,"upload_content_length":4576,"starttransfer_time":0.011575,"redirect_time":0,"redirect_url":"","primary_ip":"178.132.201.53","certinfo":[],"primary_port":443,"local_ip":"188.225.57.79","local_port":36924,"http_version":3,"protocol":2,"ssl_verifyresult":0,"scheme":"HTTPS","appconnect_time_us":11467,"connect_time_us":3033,"namelookup_time_us":1810,"pretransfer_time_us":11572,"redirect_time_us":0,"starttransfer_time_us":11575,"total_time_us":2089199},"params":{"method":"crm.lead.add","params":{"fields":{"NAME":"\u041e\u043b\u0435\u0433","PHONE":[{"VALUE":"+7 (912) 555-15-15","VALUE_TYPE":"WORK"}],"EMAIL":[{"VALUE":null,"VALUE_TYPE":"WORK"}],"TRACE":"{\u0022url\u0022:\u0022https:\/\/tingard.ru\/?utm_source=yandex\u0026utm_medium=cpc\u0026utm_campaign=rsya-click\u0026utm_content=16233427522\u0026utm_term=%D0%BA%D0%B0%D0%BA%20%D0%B8%D1%81%D0%BF%D0%BE%D0%BB%D1%8C%D0%B7%D0%BE%D0%B2%D0%B0%D1%82%D1%8C%20%D1%83%D0%B4%D0%BE%D0%B1%D1%80%D0%B5%D0%BD%D0%B8%D1%8F%20%D0%B2%20%D0%BE%D0%B3%D0%BE%D1%80%D0%BE%D0%B4%D0%B5\u0026roistat=direct14_context_16233427522_\u0026roistat_referrer=xn--b1ajefikec6a.online\u0026roistat_pos=none_0\u0026yclid=16808637244301115391\u0022,\u0022device\u0022:{\u0022isMobile\u0022:false},\u0022tags\u0022:{\u0022ts\u0022:1721307033,\u0022list\u0022:{\u0022utm_source\u0022:\u0022yandex\u0022,\u0022utm_medium\u0022:\u0022cpc\u0022,\u0022utm_campaign\u0022:\u0022rsya-click\u0022,\u0022utm_content\u0022:\u002216233427522\u0022,\u0022utm_term\u0022:\u0022\u043a\u0430\u043a \u0438\u0441\u043f\u043e\u043b\u044c\u0437\u043e\u0432\u0430\u0442\u044c \u0443\u0434\u043e\u0431\u0440\u0435\u043d\u0438\u044f \u0432 \u043e\u0433\u043e\u0440\u043e\u0434\u0435\u0022},\u0022gclid\u0022:null},\u0022client\u0022:{\u0022yaId\u0022:\u00221721295610591641804\u0022},\u0022pages\u0022:{\u0022list\u0022:[[\u0022https:\/\/tingard.ru\/?utm_source=yandex\u0026utm_medium=cpc\u0026utm_campaign=rsya-click\u0026utm_content=16233427522\u0026utm_term=%D0%BA%D0%B0%D0%BA%20%D0%B8%D1%81%D0%BF%D0%BE%D0%BB%D1%8C%D0%B7%D0%BE%D0%B2%D0%B0%D1%82%D1%8C%20%D1%83%D0%B4%D0%BE%D0%B1%D1%80%D0%B5%D0%BD%D0%B8%D1%8F%20%D0%B2%20%D0%BE%D0%B3%D0%BE%D1%80%D0%BE%D0%B4%D0%B5\u0026roistat=direct14_context_16233427522_\u0026roistat_referrer=xn--b1ajefikec6a.online\u0026roistat_pos=none_0\u0026yclid=16808637244301115391\u0022,1721307033,\u0022TINGARD \u2014 \u0431\u0435\u0441\u0448\u043e\u0432\u043d\u044b\u0439 \u043f\u043b\u0430\u0441\u0442\u0438\u043a\u043e\u0432\u044b\u0439 \u043f\u043e\u0433\u0440\u0435\u0431 \u2116\u0022]]},\u0022gid\u0022:null,\u0022previous\u0022:{\u0022list\u0022:[{\u0022url\u0022:\u0022https:\/\/tingard.ru\/?utm_source=yandex\u0026utm_medium=cpc\u0026utm_campaign=rsya-click\u0026utm_content=16233427522\u0026utm_term=%D0%BA%D0%B0%D0%BA%20%D0%B8%D1%81%D0%BF%D0%BE%D0%BB%D1%8C%D0%B7%D0%BE%D0%B2%D0%B0%D1%82%D1%8C%20%D1%83%D0%B4%D0%BE%D0%B1%D1%80%D0%B5%D0%BD%D0%B8%D1%8F%20%D0%B2%20%D0%BE%D0%B3%D0%BE%D1%80%D0%BE%D0%B4%D0%B5\u0026roistat=direct14_context_16233427522_\u0026roistat_referrer=xn--b1ajefikec6a.online\u0026roistat_pos=none_0\u0026yclid=16808637244301115391\u0022,\u0022ref\u0022:\u0022https:\/\/xn--b1ajefikec6a.online\/\u0022,\u0022device\u0022:{\u0022isMobile\u0022:false},\u0022tags\u0022:{\u0022ts\u0022:1721295610,\u0022list\u0022:{\u0022utm_source\u0022:\u0022yandex\u0022,\u0022utm_medium\u0022:\u0022cpc\u0022,\u0022utm_campaign\u0022:\u0022rsya-click\u0022,\u0022utm_content\u0022:\u002216233427522\u0022,\u0022utm_term\u0022:\u0022\u043f\u043e\u043b\u0438\u0432 \u0440\u0430\u0441\u0441\u0430\u0434\u044b\u0022},\u0022gclid\u0022:null},\u0022client\u0022:{\u0022yaId\u0022:\u00221721295610591641804\u0022},\u0022pages\u0022:{\u0022list\u0022:[[\u0022https:\/\/tingard.ru\/?utm_source=yandex\u0026utm_medium=cpc\u0026utm_campaign=rsya-click\u0026utm_content=16233427522\u0026utm_term=%D0%BF%D0%BE%D0%BB%D0%B8%D0%B2%20%D1%80%D0%B0%D1%81%D1%81%D0%B0%D0%B4%D1%8B\u0026roistat=direct14_context_16233427522_\u0026roistat_referrer=xn--b1ajefikec6a.online\u0026roistat_pos=none_0\u0026yclid=5463618354287476735\u0022,1721295610,\u0022TINGARD \u2014 \u0431\u0435\u0441\u0448\u043e\u0432\u043d\u044b\u0439 \u043f\u043b\u0430\u0441\u0442\u0438\u043a\u043e\u0432\u044b\u0439 \u043f\u043e\u0433\u0440\u0435\u0431 \u2116\u0022],[\u0022https:\/\/tingard.ru\/thanks\/\u0022,1721295620,\u0022\u0421\u043f\u0430\u0441\u0438\u0431\u043e \u0437\u0430 \u0437\u0430\u044f\u0432\u043a\u0443\u0022]]},\u0022gid\u0022:null}]}}","UF_CRM_1517561552":"3344018","COMMENTS":null,"TITLE":"\u0417\u0430\u043a\u0430\u0437\u0430\u0442\u044c \u043f\u043e\u0433\u0440\u0435\u0431","UF_CRM_1449663065":68,"ASSIGNED_BY_ID":58,"SOURCE_ID":9}}},"result":{"result":530628,"time":{"start":1721307040.592962,"finish":1721307042.576581,"duration":1.9836189746856689,"processing":1.942802906036377,"date_start":"2024-07-18T15:50:40+03:00","date_finish":"2024-07-18T15:50:42+03:00","operating_reset_at":1721307640,"operating":1.9427759647369385}}}