{"url":"https:\/\/tinger.bitrix24.ru\/rest\/190\/42tc2gxq8od2858i\/crm.lead.add.json","info":{"url":"https:\/\/tinger.bitrix24.ru\/rest\/190\/42tc2gxq8od2858i\/crm.lead.add.json","content_type":"application\/json; charset=utf-8","http_code":200,"header_size":1027,"request_size":207,"filetime":-1,"ssl_verify_result":0,"redirect_count":0,"total_time":2.4672779999999999,"namelookup_time":0.017075,"connect_time":0.018952,"pretransfer_time":0.027383000000000001,"size_upload":2222,"size_download":289,"speed_download":117,"speed_upload":900,"download_content_length":-1,"upload_content_length":2222,"starttransfer_time":0.027386000000000001,"redirect_time":0,"redirect_url":"","primary_ip":"178.132.201.53","certinfo":[],"primary_port":443,"local_ip":"188.225.57.79","local_port":36960,"http_version":3,"protocol":2,"ssl_verifyresult":0,"scheme":"HTTPS","appconnect_time_us":27264,"connect_time_us":18952,"namelookup_time_us":17075,"pretransfer_time_us":27383,"redirect_time_us":0,"starttransfer_time_us":27386,"total_time_us":2467278},"params":{"method":"crm.lead.add","params":{"fields":{"NAME":"\u0410\u043d\u0434\u0440\u0435\u0439","PHONE":[{"VALUE":"8 (908) 489-67-15","VALUE_TYPE":"WORK"}],"EMAIL":[{"VALUE":null,"VALUE_TYPE":"WORK"}],"COMMENTS":"undefined","TRACE":"{\u0022url\u0022:\u0022https:\/\/tingard.ru\/?utm_source=yandex_kirill\u0026utm_medium=cpc\u0026utm_campaign=pogreba_rozn_umnaya_copy_11_04\u0026utm_content=13300555403\u0026utm_term=---autotargeting\u0026roistat=direct14_search_13300555403_---autotargeting\u0026roistat_referrer=none\u0026roistat_pos=premium_2\u0026yclid=8932367303138082815\u0022,\u0022ref\u0022:\u0022https:\/\/yandex.ru\/search\/?text=%D0%BA%D1%83%D0%BF%D0%B8%D1%82%D1%8C+%D0%B1%D0%B5%D1%81%D1%88%D0%BE%D0%B2%D0%BD%D1%8B%D0%B9+%D0%BF%D0%BE%D0%B3%D1%80%D0%B5%D0%B1\u0026clid=2323230\u0026search_source=dzen_desktop_safe\u0026lr=195\u0022,\u0022device\u0022:{\u0022isMobile\u0022:false},\u0022tags\u0022:{\u0022ts\u0022:1705044337,\u0022list\u0022:{\u0022utm_source\u0022:\u0022yandex_kirill\u0022,\u0022utm_medium\u0022:\u0022cpc\u0022,\u0022utm_campaign\u0022:\u0022pogreba_rozn_umnaya_copy_11_04\u0022,\u0022utm_content\u0022:\u002213300555403\u0022,\u0022utm_term\u0022:\u0022---autotargeting\u0022},\u0022gclid\u0022:null},\u0022client\u0022:{\u0022yaId\u0022:\u00221705044337567016122\u0022},\u0022pages\u0022:{\u0022list\u0022:[[\u0022https:\/\/tingard.ru\/?utm_source=yandex_kirill\u0026utm_medium=cpc\u0026utm_campaign=pogreba_rozn_umnaya_copy_11_04\u0026utm_content=13300555403\u0026utm_term=---autotargeting\u0026roistat=direct14_search_13300555403_---autotargeting\u0026roistat_referrer=none\u0026roistat_pos=premium_2\u0026yclid=8932367303138082815\u0022,1705044337,\u0022TINGARD \u2014 \u0431\u0435\u0441\u0448\u043e\u0432\u043d\u044b\u0439 \u043f\u043b\u0430\u0441\u0442\u0438\u043a\u043e\u0432\u044b\u0439 \u043f\u043e\u0433\u0440\u0435\u0431 \u2116\u0022]]},\u0022gid\u0022:null,\u0022previous\u0022:{\u0022list\u0022:[]}}","TITLE":"\u041f\u043e\u0434\u043e\u0431\u0440\u0430\u0442\u044c \u043f\u043e\u0433\u0440\u0435\u0431 (\u043a\u0432\u0438\u0437)","UF_CRM_1449663065":68,"ASSIGNED_BY_ID":58,"SOURCE_ID":9}}},"result":{"result":491120,"time":{"start":1705045028.6650431,"finish":1705045031.0195839,"duration":2.3545408248901367,"processing":2.3152239322662354,"date_start":"2024-01-12T10:37:08+03:00","date_finish":"2024-01-12T10:37:11+03:00","operating_reset_at":1705045628,"operating":2.3152000904083252}}}