{"url":"https:\/\/tinger.bitrix24.ru\/rest\/190\/42tc2gxq8od2858i\/crm.lead.add.json","info":{"url":"https:\/\/tinger.bitrix24.ru\/rest\/190\/42tc2gxq8od2858i\/crm.lead.add.json","content_type":"application\/json; charset=utf-8","http_code":200,"header_size":919,"request_size":207,"filetime":-1,"ssl_verify_result":0,"redirect_count":0,"total_time":2.1475019999999998,"namelookup_time":0.0013979999999999999,"connect_time":0.0028540000000000002,"pretransfer_time":0.012567,"size_upload":3844,"size_download":263,"speed_download":122,"speed_upload":1790,"download_content_length":-1,"upload_content_length":3844,"starttransfer_time":0.01257,"redirect_time":0,"redirect_url":"","primary_ip":"178.132.201.53","certinfo":[],"primary_port":443,"local_ip":"188.225.57.79","local_port":38954,"http_version":3,"protocol":2,"ssl_verifyresult":0,"scheme":"HTTPS","appconnect_time_us":12351,"connect_time_us":2854,"namelookup_time_us":1398,"pretransfer_time_us":12567,"redirect_time_us":0,"starttransfer_time_us":12570,"total_time_us":2147502},"params":{"method":"crm.lead.add","params":{"fields":{"NAME":"\u0410\u043b\u0435\u043a\u0441\u0435\u0439","PHONE":[{"VALUE":"8 (950) 243-86-98","VALUE_TYPE":"WORK"}],"EMAIL":[{"VALUE":null,"VALUE_TYPE":"WORK"}],"TRACE":"{\u0022url\u0022:\u0022https:\/\/tinger.ru\/pnevmodiski\/?ysclid=mj8n0qjszg191383989\u0022,\u0022device\u0022:{\u0022isMobile\u0022:true},\u0022tags\u0022:{\u0022ts\u0022:1763476866,\u0022list\u0022:{},\u0022gclid\u0022:null},\u0022client\u0022:{\u0022gaId\u0022:\u00221081387073.1760085001\u0022,\u0022yaId\u0022:\u00221760085001393346072\u0022},\u0022pages\u0022:{\u0022list\u0022:[[\u0022https:\/\/tinger.ru\/parts\/?ysclid=mi4olaazo9108105326\u0022,1763476866,\u0022\u041a\u0430\u0442\u0430\u043b\u043e\u0433 \u043e\u0440\u0438\u0433\u0438\u043d\u0430\u043b\u044c\u043d\u044b\u0445 \u0437\u0430\u043f\u0447\u0430\u0441\u0442\u0435\u0439\u0022],[\u0022https:\/\/tinger.ru\/parts\/tinger-track-2\/khodovaya-chast\/\u0022,1763476939,\u0022\u0425\u043e\u0434\u043e\u0432\u0430\u044f \u0447\u0430\u0441\u0442\u044c \u0434\u043b\u044f TINGER Track 2\u0022],[\u0022https:\/\/tinger.ru\/parts\/tinger-track-2\/\u0022,1763477035,\u0022\u0417\u0430\u043f\u0447\u0430\u0441\u0442\u0438 \u0434\u043b\u044f TINGER Track 2\u0022],[\u0022https:\/\/tinger.ru\/pnevmodiski\/?ysclid=mj8n0qjszg191383989\u0022,1765892875,\u0022\u041f\u0440\u043e\u0438\u0437\u0432\u043e\u0434\u0441\u0442\u0432\u043e \u0434\u0438\u0441\u043a\u043e\u0432 \u0434\u043b\u044f \u0448\u0438\u043d \u043d\u0438\u0437\u043a\u043e\u0433\u043e \u0434\u0430\u0432\u043b\u0022]]},\u0022gid\u0022:null,\u0022previous\u0022:{\u0022list\u0022:[{\u0022url\u0022:\u0022https:\/\/tinger.ru\/parts\/?ysclid=mi4olaazo9108105326\u0022,\u0022device\u0022:{\u0022isMobile\u0022:true},\u0022tags\u0022:{\u0022ts\u0022:1760085001,\u0022list\u0022:{},\u0022gclid\u0022:null},\u0022client\u0022:{\u0022gaId\u0022:\u00221081387073.1760085001\u0022,\u0022yaId\u0022:\u00221760085001393346072\u0022},\u0022pages\u0022:{\u0022list\u0022:[[\u0022https:\/\/tinger.ru\/catalog\/tinger-track-2\/\u0022,1760085013,\u0022\u0412\u0435\u0437\u0434\u0435\u0445\u043e\u0434\u044b \u043d\u0430 \u0433\u0443\u0441\u0435\u043d\u0438\u0446\u0430\u0445\\nTINGER Track 2\u0022],[\u0022https:\/\/tinger.ru\/?ysclid=mgkl5v19mt608765226\u0022,1760085372,\u0022\u0420\u043e\u0441\u0441\u0438\u0439\u0441\u043a\u0438\u0435 \u0432\u0435\u0437\u0434\u0435\u0445\u043e\u0434\u044b \u043e\u0442 \u043f\u0440\u043e\u0438\u0437\u0432\u043e\u0434\u0438\u0442\u0435\u043b\u044f TI\u0022],[\u0022https:\/\/tinger.ru\/parts\/\u0022,1760085392,\u0022\u041a\u0430\u0442\u0430\u043b\u043e\u0433 \u043e\u0440\u0438\u0433\u0438\u043d\u0430\u043b\u044c\u043d\u044b\u0445 \u0437\u0430\u043f\u0447\u0430\u0441\u0442\u0435\u0439\u0022],[\u0022https:\/\/tinger.ru\/parts\/tinger-track-1\/\u0022,1760085405,\u0022\u0417\u0430\u043f\u0447\u0430\u0441\u0442\u0438 \u0434\u043b\u044f TINGER Track 1\u0022]]},\u0022gid\u0022:null}]}}","UF_CRM_1736853511":"1760085001393346072","UF_CRM_1736853555":"1760085001393346072","UF_CRM_1736853537":"1760085001393346072","UF_CRM_1517561552":"4016495","COMMENTS":"\u041f\u0430\u0440\u0430\u043c\u0435\u0442\u0440\u044b \u0434\u0438\u0441\u043a\u0430:\u003Cbr\u003E\u003Cb\u003E\u0414\u0438\u0430\u043c\u0435\u0442\u0440 \u0434\u0438\u0441\u043a\u0430:\u003C\/b\u003E 21\u003Cbr\u003E\u003Cb\u003E\u0412\u044b\u043b\u0435\u0442 \u0434\u0438\u0441\u043a\u0430:\u003C\/b\u003E 0\u003Cbr\u003E\u003Cb\u003E\u0428\u0438\u0440\u0438\u043d\u0430 \u0434\u0438\u0441\u043a\u0430:\u003C\/b\u003E 440\u003Cbr\u003E","TITLE":"\u041f\u043e\u0434\u0431\u043e\u0440 \u043f\u043d\u0435\u0432\u043c\u043e\u0434\u0438\u0441\u043a\u0430 \u043f\u043e \u0440\u0430\u0437\u043c\u0435\u0440\u0430\u043c","UF_CRM_1449663065":"16522","ASSIGNED_BY_ID":58,"SOURCE_ID":"WEB"}}},"result":{"result":635854,"time":{"start":1765893178,"finish":1765893180.8694639,"duration":2.8694639205932617,"processing":2,"date_start":"2025-12-16T16:52:58+03:00","date_finish":"2025-12-16T16:53:00+03:00","operating_reset_at":1765893778,"operating":2.0427658557891846}}}