{"url":"https:\/\/tinger.bitrix24.ru\/rest\/190\/42tc2gxq8od2858i\/crm.lead.add.json","info":{"url":"https:\/\/tinger.bitrix24.ru\/rest\/190\/42tc2gxq8od2858i\/crm.lead.add.json","content_type":"application\/json; charset=utf-8","http_code":200,"header_size":1027,"request_size":207,"filetime":-1,"ssl_verify_result":0,"redirect_count":0,"total_time":2.6841759999999999,"namelookup_time":0.01422,"connect_time":0.015605000000000001,"pretransfer_time":0.026270000000000002,"size_upload":1651,"size_download":286,"speed_download":106,"speed_upload":615,"download_content_length":-1,"upload_content_length":1651,"starttransfer_time":0.026276000000000001,"redirect_time":0,"redirect_url":"","primary_ip":"178.132.201.53","certinfo":[],"primary_port":443,"local_ip":"188.225.57.79","local_port":48622,"http_version":3,"protocol":2,"ssl_verifyresult":0,"scheme":"HTTPS","appconnect_time_us":26082,"connect_time_us":15605,"namelookup_time_us":14220,"pretransfer_time_us":26270,"redirect_time_us":0,"starttransfer_time_us":26276,"total_time_us":2684176},"params":{"method":"crm.lead.add","params":{"fields":{"NAME":"\u041d\u0438\u043a\u043e\u043b\u0430\u0439","PHONE":[{"VALUE":"9028777701","VALUE_TYPE":"WORK"}],"EMAIL":[{"VALUE":null,"VALUE_TYPE":"WORK"}],"COMMENTS":"\u041f\u0430\u0440\u0430\u043c\u0435\u0442\u0440\u044b \u0434\u0438\u0441\u043a\u0430:\u003Cbr\u003E\u003Cb\u003E\u0414\u0438\u0430\u043c\u0435\u0442\u0440 \u0434\u0438\u0441\u043a\u0430:\u003C\/b\u003E 533\u003Cbr\u003E\u003Cb\u003E\u0412\u044b\u043b\u0435\u0442 \u0434\u0438\u0441\u043a\u0430:\u003C\/b\u003E 0\u003Cbr\u003E\u003Cb\u003E\u0428\u0438\u0440\u0438\u043d\u0430 \u0434\u0438\u0441\u043a\u0430:\u003C\/b\u003E 19\u003Cbr\u003E","TRACE":"{\u0022url\u0022:\u0022https:\/\/tinger.ru\/pnevmodiski\/\u0022,\u0022ref\u0022:\u0022https:\/\/www.google.com\/\u0022,\u0022device\u0022:{\u0022isMobile\u0022:true},\u0022tags\u0022:{\u0022ts\u0022:1692536169,\u0022list\u0022:{},\u0022gclid\u0022:null},\u0022client\u0022:{\u0022gaId\u0022:\u0022699638492.1692536169\u0022,\u0022yaId\u0022:\u00221692536169134102646\u0022},\u0022pages\u0022:{\u0022list\u0022:[[\u0022https:\/\/tinger.ru\/pnevmodiski\/\u0022,1692537053,\u0022\u041f\u0440\u043e\u0438\u0437\u0432\u043e\u0434\u0441\u0442\u0432\u043e \u0434\u0438\u0441\u043a\u043e\u0432 \u0434\u043b\u044f \u0448\u0438\u043d \u043d\u0438\u0437\u043a\u043e\u0433\u043e \u0434\u0430\u0432\u043b\u0022]]},\u0022gid\u0022:null,\u0022previous\u0022:{\u0022list\u0022:[]}}","TITLE":"\u041f\u043e\u0434\u0431\u043e\u0440 \u043f\u043d\u0435\u0432\u043c\u043e\u0434\u0438\u0441\u043a\u0430 \u043f\u043e \u0440\u0430\u0437\u043c\u0435\u0440\u0430\u043c","UF_CRM_1449663065":"16522","ASSIGNED_BY_ID":58,"SOURCE_ID":"WEB"}}},"result":{"result":464288,"time":{"start":1692537150.0859711,"finish":1692537152.673291,"duration":2.5873198509216309,"processing":2.548396110534668,"date_start":"2023-08-20T16:12:30+03:00","date_finish":"2023-08-20T16:12:32+03:00","operating_reset_at":1692537750,"operating":2.548375129699707}}}