{"url":"https:\/\/tinger.bitrix24.ru\/rest\/190\/42tc2gxq8od2858i\/crm.lead.add.json","info":{"url":"https:\/\/tinger.bitrix24.ru\/rest\/190\/42tc2gxq8od2858i\/crm.lead.add.json","content_type":"application\/json; charset=utf-8","http_code":200,"header_size":1031,"request_size":207,"filetime":-1,"ssl_verify_result":0,"redirect_count":0,"total_time":1.581828,"namelookup_time":0.003349,"connect_time":0.011082,"pretransfer_time":0.028275000000000002,"size_upload":1943,"size_download":287,"speed_download":181,"speed_upload":1228,"download_content_length":-1,"upload_content_length":1943,"starttransfer_time":0.028277,"redirect_time":0,"redirect_url":"","primary_ip":"178.248.236.39","certinfo":[],"primary_port":443,"local_ip":"188.225.57.79","local_port":42674,"http_version":3,"protocol":2,"ssl_verifyresult":0,"scheme":"HTTPS","appconnect_time_us":28159,"connect_time_us":11082,"namelookup_time_us":3349,"pretransfer_time_us":28275,"redirect_time_us":0,"starttransfer_time_us":28277,"total_time_us":1581828},"params":{"method":"crm.lead.add","params":{"fields":{"NAME":"\u0414\u0430\u043d\u0438\u0438\u043b \u0410\u043b\u0435\u043a\u0441\u0435\u0435\u0432\u0438\u0447 ","PHONE":[{"VALUE":"+7 (983) 170-63-31","VALUE_TYPE":"WORK"}],"EMAIL":[{"VALUE":null,"VALUE_TYPE":"WORK"}],"TRACE":"{\u0022url\u0022:\u0022https:\/\/tinger.ru\/catalog\/perelomka\/?utm_source=yandex\u0026utm_medium=cpc\u0026utm_campaign=mk_click_tf4\u0026utm_content=16623890289\u0026utm_term=---autotargeting\u0026roistat=direct20_context_111795943_rsMasterGroup_rsMasterBanner_---autotargeting\u0026yclid=11720564982381805567\u0022,\u0022ref\u0022:\u0022https:\/\/phys-ege.sdamgia.ru\/test?id=9923478\u0022,\u0022device\u0022:{\u0022isMobile\u0022:false},\u0022tags\u0022:{\u0022ts\u0022:1732454582,\u0022list\u0022:{\u0022utm_source\u0022:\u0022yandex\u0022,\u0022utm_medium\u0022:\u0022cpc\u0022,\u0022utm_campaign\u0022:\u0022mk_click_tf4\u0022,\u0022utm_content\u0022:\u002216623890289\u0022,\u0022utm_term\u0022:\u0022---autotargeting\u0022},\u0022gclid\u0022:null},\u0022client\u0022:{\u0022gaId\u0022:\u00221797198422.1732454582\u0022,\u0022yaId\u0022:\u00221732454582972192631\u0022},\u0022pages\u0022:{\u0022list\u0022:[[\u0022https:\/\/tinger.ru\/catalog\/perelomka\/?utm_source=yandex\u0026utm_medium=cpc\u0026utm_campaign=mk_click_tf4\u0026utm_content=16623890289\u0026utm_term=---autotargeting\u0026roistat=direct20_context_111795943_rsMasterGroup_rsMasterBanner_---autotargeting\u0026yclid=11720564982381805567\u0022,1732454582,\u0022\u041a\u0443\u043f\u0438\u0442\u044c \u0432\u0435\u0437\u0434\u0435\u0445\u043e\u0434 \u043f\u0435\u0440\u0435\u043b\u043e\u043c\u043a\u0443 TINGER TF4 \u0432 \u0420\u0022]]},\u0022gid\u0022:null,\u0022previous\u0022:{\u0022list\u0022:[]}}","UF_CRM_1517561552":"3773737","COMMENTS":null,"TITLE":"\u041a\u0443\u043f\u0438\u0442\u044c \u0432\u0435\u0437\u0434\u0435\u0445\u043e\u0434 TINGER TF4","UF_CRM_1449663065":64,"ASSIGNED_BY_ID":58,"SOURCE_ID":"WEB"}}},"result":{"result":566722,"time":{"start":1732454603.372865,"finish":1732454604.8484931,"duration":1.475628137588501,"processing":1.4397268295288086,"date_start":"2024-11-24T16:23:23+03:00","date_finish":"2024-11-24T16:23:24+03:00","operating_reset_at":1732455203,"operating":1.4397029876708984}}}