{"url":"https:\/\/tinger.bitrix24.ru\/rest\/190\/42tc2gxq8od2858i\/crm.lead.add.json","info":{"url":"https:\/\/tinger.bitrix24.ru\/rest\/190\/42tc2gxq8od2858i\/crm.lead.add.json","content_type":"application\/json; charset=utf-8","http_code":200,"header_size":1034,"request_size":207,"filetime":-1,"ssl_verify_result":0,"redirect_count":0,"total_time":2.3134429999999999,"namelookup_time":0.019789000000000001,"connect_time":0.031427999999999998,"pretransfer_time":0.051275000000000001,"size_upload":2000,"size_download":286,"speed_download":123,"speed_upload":864,"download_content_length":-1,"upload_content_length":2000,"starttransfer_time":0.051277999999999997,"redirect_time":0,"redirect_url":"","primary_ip":"46.235.53.69","certinfo":[],"primary_port":443,"local_ip":"188.225.57.79","local_port":53404,"http_version":3,"protocol":2,"ssl_verifyresult":0,"scheme":"HTTPS","appconnect_time_us":51169,"connect_time_us":31428,"namelookup_time_us":19789,"pretransfer_time_us":51275,"redirect_time_us":0,"starttransfer_time_us":51278,"total_time_us":2313443},"params":{"method":"crm.lead.add","params":{"fields":{"NAME":"\u044f\u043d","PHONE":[{"VALUE":"+7 (905) 673-18-75","VALUE_TYPE":"WORK"}],"EMAIL":[{"VALUE":null,"VALUE_TYPE":"WORK"}],"TRACE":"{\u0022url\u0022:\u0022https:\/\/tinger.ru\/catalog\/perelomka\/?utm_source=yandex\u0026utm_medium=cpc\u0026utm_campaign=mk_click_ru4ka_tf4\u0026utm_content=16623890020\u0026utm_term=---autotargeting\u0026roistat=direct20_context_114766688_rsMasterGroup_rsMasterBanner_---autotargeting\u0026yclid=7645461477646663679\u0022,\u0022ref\u0022:\u0022https:\/\/nkorytin.tilda.ws\/\u0022,\u0022device\u0022:{\u0022isMobile\u0022:true},\u0022tags\u0022:{\u0022ts\u0022:1738567985,\u0022list\u0022:{\u0022utm_source\u0022:\u0022yandex\u0022,\u0022utm_medium\u0022:\u0022cpc\u0022,\u0022utm_campaign\u0022:\u0022mk_click_ru4ka_tf4\u0022,\u0022utm_content\u0022:\u002216623890020\u0022,\u0022utm_term\u0022:\u0022---autotargeting\u0022},\u0022gclid\u0022:null},\u0022client\u0022:{\u0022gaId\u0022:\u0022826192496.1738567984\u0022,\u0022yaId\u0022:\u00221738567985609123816\u0022},\u0022pages\u0022:{\u0022list\u0022:[[\u0022https:\/\/tinger.ru\/catalog\/perelomka\/?utm_source=yandex\u0026utm_medium=cpc\u0026utm_campaign=mk_click_ru4ka_tf4\u0026utm_content=16623890020\u0026utm_term=---autotargeting\u0026roistat=direct20_context_114766688_rsMasterGroup_rsMasterBanner_---autotargeting\u0026yclid=7645461477646663679\u0022,1738567985,\u0022\u041a\u0443\u043f\u0438\u0442\u044c \u0432\u0435\u0437\u0434\u0435\u0445\u043e\u0434 \u043f\u0435\u0440\u0435\u043b\u043e\u043c\u043a\u0443 TINGER TF4 \u0432 \u0420\u0022]]},\u0022gid\u0022:null,\u0022previous\u0022:{\u0022list\u0022:[]}}","UF_CRM_1736853511":"1738567985609123816","UF_CRM_1736853555":"1738567985609123816","UF_CRM_1736853537":"1738567985609123816","UF_CRM_1517561552":"3807562","COMMENTS":null,"TITLE":"\u041a\u0443\u043f\u0438\u0442\u044c \u0432\u0435\u0437\u0434\u0435\u0445\u043e\u0434 TINGER TF4","UF_CRM_1449663065":64,"ASSIGNED_BY_ID":58,"SOURCE_ID":"WEB"}}},"result":{"result":576876,"time":{"start":1738568024.1041591,"finish":1738568026.268508,"duration":2.164348840713501,"processing":2.132361888885498,"date_start":"2025-02-03T10:33:44+03:00","date_finish":"2025-02-03T10:33:46+03:00","operating_reset_at":1738568624,"operating":2.1323378086090088}}}