{"url":"https:\/\/tinger.bitrix24.ru\/rest\/190\/42tc2gxq8od2858i\/crm.lead.add.json","info":{"url":"https:\/\/tinger.bitrix24.ru\/rest\/190\/42tc2gxq8od2858i\/crm.lead.add.json","content_type":"application\/json; charset=utf-8","http_code":200,"header_size":1033,"request_size":207,"filetime":-1,"ssl_verify_result":0,"redirect_count":0,"total_time":1.6883319999999999,"namelookup_time":0.012375000000000001,"connect_time":0.021444000000000001,"pretransfer_time":0.041077000000000002,"size_upload":2329,"size_download":288,"speed_download":170,"speed_upload":1379,"download_content_length":-1,"upload_content_length":2329,"starttransfer_time":0.041078999999999997,"redirect_time":0,"redirect_url":"","primary_ip":"195.208.185.4","certinfo":[],"primary_port":443,"local_ip":"188.225.57.79","local_port":40842,"http_version":3,"protocol":2,"ssl_verifyresult":0,"scheme":"HTTPS","appconnect_time_us":40972,"connect_time_us":21444,"namelookup_time_us":12375,"pretransfer_time_us":41077,"redirect_time_us":0,"starttransfer_time_us":41079,"total_time_us":1688332},"params":{"method":"crm.lead.add","params":{"fields":{"NAME":"\u041a\u0438\u0441\u0435\u043b\u0435\u0432\u0430 \u0410\u043d\u043d\u0430 \u041d\u0438\u043a\u0438\u0442\u0438\u0447\u043d\u0430","PHONE":[{"VALUE":"+7 (921) 468-27-13","VALUE_TYPE":"WORK"}],"EMAIL":[{"VALUE":null,"VALUE_TYPE":"WORK"}],"TRACE":"{\u0022url\u0022:\u0022https:\/\/tinger.ru\/catalog\/perelomka\/?utm_source=yandex\u0026utm_medium=cpc\u0026utm_campaign=mk_ozk_tf4\u0026utm_content=16219855373\u0026utm_term=---autotargeting\u0026roistat=direct20_context_111795810_rsMasterGroup_rsMasterBanner_---autotargeting\u0026yclid=13711903136730841087\u0022,\u0022ref\u0022:\u0022https:\/\/yandex.ru\/games\/app\/278596?utm_campaign=rus_games_general-igra-bezkav_yandex_search_460.new%7C59207487\u0026utm_medium=search\u0026utm_source=yandex\u0026utm_term=---autotargeting\u0026utm_content=k50id%7C0100000047631508211_47631508211%7Ccid%7C59207487%7Cgid%7C4460504511%7Caid%7C10267104108%7Cadp%7Cno%7Cpos%7Cpremium1%7Csrc%7Csearch_none%7Cdvc%7Cdesktop%7Cmain\u0022,\u0022device\u0022:{\u0022isMobile\u0022:false},\u0022tags\u0022:{\u0022ts\u0022:1724960439,\u0022list\u0022:{\u0022utm_source\u0022:\u0022yandex\u0022,\u0022utm_medium\u0022:\u0022cpc\u0022,\u0022utm_campaign\u0022:\u0022mk_ozk_tf4\u0022,\u0022utm_content\u0022:\u002216219855373\u0022,\u0022utm_term\u0022:\u0022---autotargeting\u0022},\u0022gclid\u0022:null},\u0022client\u0022:{\u0022gaId\u0022:\u00222052508171.1724960439\u0022,\u0022yaId\u0022:\u00221724960439378575015\u0022},\u0022pages\u0022:{\u0022list\u0022:[[\u0022https:\/\/tinger.ru\/catalog\/perelomka\/?utm_source=yandex\u0026utm_medium=cpc\u0026utm_campaign=mk_ozk_tf4\u0026utm_content=16219855373\u0026utm_term=---autotargeting\u0026roistat=direct20_context_111795810_rsMasterGroup_rsMasterBanner_---autotargeting\u0026yclid=13711903136730841087\u0022,1724960439,\u0022\u041a\u0443\u043f\u0438\u0442\u044c \u0432\u0435\u0437\u0434\u0435\u0445\u043e\u0434 \u043f\u0435\u0440\u0435\u043b\u043e\u043c\u043a\u0443 TINGER TF4 \u0432 \u0420\u0022]]},\u0022gid\u0022:null,\u0022previous\u0022:{\u0022list\u0022:[]}}","UF_CRM_1517561552":"3718868","COMMENTS":null,"TITLE":"\u041a\u0443\u043f\u0438\u0442\u044c \u0432\u0435\u0437\u0434\u0435\u0445\u043e\u0434 TINGER TF4","UF_CRM_1449663065":64,"ASSIGNED_BY_ID":58,"SOURCE_ID":"WEB"}}},"result":{"result":543946,"time":{"start":1724960745.818156,"finish":1724960747.3978131,"duration":1.5796570777893066,"processing":1.5502409934997559,"date_start":"2024-08-29T22:45:45+03:00","date_finish":"2024-08-29T22:45:47+03:00","operating_reset_at":1724961345,"operating":1.5502159595489502}}}