{"url":"https:\/\/tinger.bitrix24.ru\/rest\/190\/42tc2gxq8od2858i\/crm.lead.add.json","info":{"url":"https:\/\/tinger.bitrix24.ru\/rest\/190\/42tc2gxq8od2858i\/crm.lead.add.json","content_type":"application\/json; charset=utf-8","http_code":200,"header_size":1034,"request_size":207,"filetime":-1,"ssl_verify_result":0,"redirect_count":0,"total_time":7.6760679999999999,"namelookup_time":0.0049760000000000004,"connect_time":0.016863,"pretransfer_time":0.046036000000000001,"size_upload":2516,"size_download":286,"speed_download":37,"speed_upload":327,"download_content_length":-1,"upload_content_length":2516,"starttransfer_time":0.046043000000000001,"redirect_time":0,"redirect_url":"","primary_ip":"195.208.185.4","certinfo":[],"primary_port":443,"local_ip":"188.225.57.79","local_port":45280,"http_version":3,"protocol":2,"ssl_verifyresult":0,"scheme":"HTTPS","appconnect_time_us":45786,"connect_time_us":16863,"namelookup_time_us":4976,"pretransfer_time_us":46036,"redirect_time_us":0,"starttransfer_time_us":46043,"total_time_us":7676068},"params":{"method":"crm.lead.add","params":{"fields":{"NAME":"\u041d\u0430\u0442\u0430\u043b\u0438\u044f ","PHONE":[{"VALUE":"+7 (938) 316-97-97","VALUE_TYPE":"WORK"}],"EMAIL":[{"VALUE":null,"VALUE_TYPE":"WORK"}],"COMMENTS":null,"TRACE":"{\u0022url\u0022:\u0022https:\/\/tingard.ru\/?utm_source=yandex\u0026utm_medium=cpc\u0026utm_campaign=mk_auto_rf\u0026utm_content=14461048796\u0026utm_term=---autotargeting\u0026etext=2202.hhk453nXH-PTaMjLQi6Etn15_WsowFHtDWbfR0kOh8MP5PgsBnMo9OqplY-C1AgrMPlKoxjkYSCY8AeL3bWmXWticHloeWlnbm1zbHptZXQ.281eacd89feca5e3c68205599230ce5a1153e2ae\u0026yclid=5170501263311312949\u0022,\u0022device\u0022:{\u0022isMobile\u0022:true},\u0022tags\u0022:{\u0022ts\u0022:1693896698,\u0022list\u0022:{\u0022utm_source\u0022:\u0022yandex\u0022,\u0022utm_medium\u0022:\u0022cpc\u0022,\u0022utm_campaign\u0022:\u0022mk_auto_rf\u0022,\u0022utm_content\u0022:\u002214461048796\u0022,\u0022utm_term\u0022:\u0022---autotargeting\u0022},\u0022gclid\u0022:null},\u0022client\u0022:{\u0022yaId\u0022:\u00221693896696136187215\u0022},\u0022pages\u0022:{\u0022list\u0022:[[\u0022https:\/\/tingard.ru\/?utm_source=yandex\u0026utm_medium=cpc\u0026utm_campaign=mk_auto_rf\u0026utm_content=14461048796\u0026utm_term=---autotargeting\u0026etext=2202.hhk453nXH-PTaMjLQi6Etn15_WsowFHtDWbfR0kOh8MP5PgsBnMo9OqplY-C1AgrMPlKoxjkYSCY8AeL3bWmXWticHloeWlnbm1zbHptZXQ.281eacd89feca5e3c68205599230ce5a1153e2ae\u0026yclid=5170500351780788275\u0022,1693896696,\u0022TINGARD \u2014 \u0431\u0435\u0441\u0448\u043e\u0432\u043d\u044b\u0439 \u043f\u043b\u0430\u0441\u0442\u0438\u043a\u043e\u0432\u044b\u0439 \u043f\u043e\u0433\u0440\u0435\u0431 \u2116\u0022],[\u0022https:\/\/tingard.ru\/?utm_source=yandex\u0026utm_medium=cpc\u0026utm_campaign=mk_auto_rf\u0026utm_content=14461048796\u0026utm_term=---autotargeting\u0026etext=2202.hhk453nXH-PTaMjLQi6Etn15_WsowFHtDWbfR0kOh8MP5PgsBnMo9OqplY-C1AgrMPlKoxjkYSCY8AeL3bWmXWticHloeWlnbm1zbHptZXQ.281eacd89feca5e3c68205599230ce5a1153e2ae\u0026yclid=5170501263311312949\u0022,1693896698,\u0022TINGARD \u2014 \u0431\u0435\u0441\u0448\u043e\u0432\u043d\u044b\u0439 \u043f\u043b\u0430\u0441\u0442\u0438\u043a\u043e\u0432\u044b\u0439 \u043f\u043e\u0433\u0440\u0435\u0431 \u2116\u0022]]},\u0022gid\u0022:null,\u0022previous\u0022:{\u0022list\u0022:[]}}","TITLE":"\u041f\u043e\u043b\u0443\u0447\u0438\u0442\u044c \u043f\u0440\u0435\u0434\u043b\u043e\u0436\u0435\u043d\u0438\u0435 \u043f\u043e \u043f\u043e\u0433\u0440\u0435\u0431\u0443 TINGARD 2500","UF_CRM_1449663065":68,"ASSIGNED_BY_ID":58,"SOURCE_ID":9}}},"result":{"result":467380,"time":{"start":1693897144.891901,"finish":1693897151.220947,"duration":6.3290460109710693,"processing":6.2190060615539551,"date_start":"2023-09-05T09:59:04+03:00","date_finish":"2023-09-05T09:59:11+03:00","operating_reset_at":1693897745,"operating":14.06151294708252}}}