{"url":"https:\/\/tinger.bitrix24.ru\/rest\/190\/42tc2gxq8od2858i\/crm.lead.add.json","info":{"url":"https:\/\/tinger.bitrix24.ru\/rest\/190\/42tc2gxq8od2858i\/crm.lead.add.json","content_type":"application\/json; charset=utf-8","http_code":200,"header_size":1031,"request_size":207,"filetime":-1,"ssl_verify_result":0,"redirect_count":0,"total_time":2.564451,"namelookup_time":0.015266,"connect_time":0.025568,"pretransfer_time":0.050161999999999998,"size_upload":1991,"size_download":261,"speed_download":101,"speed_upload":776,"download_content_length":-1,"upload_content_length":1991,"starttransfer_time":0.050167000000000003,"redirect_time":0,"redirect_url":"","primary_ip":"89.208.228.119","certinfo":[],"primary_port":443,"local_ip":"188.225.57.79","local_port":49796,"http_version":3,"protocol":2,"ssl_verifyresult":0,"scheme":"HTTPS","appconnect_time_us":49999,"connect_time_us":25568,"namelookup_time_us":15266,"pretransfer_time_us":50162,"redirect_time_us":0,"starttransfer_time_us":50167,"total_time_us":2564451},"params":{"method":"crm.lead.add","params":{"fields":{"NAME":"\u041b\u044e\u0431\u043e\u0432\u044c","PHONE":[{"VALUE":"8 (912) 677-48-12","VALUE_TYPE":"WORK"}],"EMAIL":[{"VALUE":"lyba@mail.ru","VALUE_TYPE":"WORK"}],"TRACE":"{\u0022url\u0022:\u0022https:\/\/tingard.ru\/?utm_source=yandex\u0026utm_medium=cpc\u0026utm_campaign=mk_rf\u0026utm_content=17178945128\u0026utm_term=---autotargeting\u0026roistat=direct14_context_89463958_rsMasterGroup_rsMasterBanner_---autotargeting\u0026yclid=13749018862181416959\u0026ybaip=1\u0022,\u0022ref\u0022:\u0022https:\/\/mail.rambler.ru\/folder\/INBOX\u0022,\u0022device\u0022:{\u0022isMobile\u0022:false},\u0022tags\u0022:{\u0022ts\u0022:1759730118,\u0022list\u0022:{\u0022utm_source\u0022:\u0022yandex\u0022,\u0022utm_medium\u0022:\u0022cpc\u0022,\u0022utm_campaign\u0022:\u0022mk_rf\u0022,\u0022utm_content\u0022:\u002217178945128\u0022,\u0022utm_term\u0022:\u0022---autotargeting\u0022},\u0022gclid\u0022:null},\u0022client\u0022:{\u0022yaId\u0022:\u00221759730126806293041\u0022},\u0022pages\u0022:{\u0022list\u0022:[[\u0022https:\/\/tingard.ru\/?utm_source=yandex\u0026utm_medium=cpc\u0026utm_campaign=mk_rf\u0026utm_content=17178945128\u0026utm_term=---autotargeting\u0026roistat=direct14_context_89463958_rsMasterGroup_rsMasterBanner_---autotargeting\u0026yclid=13749018862181416959\u0026ybaip=1\u0022,1759730119,\u0022TINGARD \u2014 \u0431\u0435\u0441\u0448\u043e\u0432\u043d\u044b\u0439 \u043f\u043b\u0430\u0441\u0442\u0438\u043a\u043e\u0432\u044b\u0439 \u043f\u043e\u0433\u0440\u0435\u0431 \u0441\u0022]]},\u0022gid\u0022:null,\u0022previous\u0022:{\u0022list\u0022:[]}}","UF_CRM_1736853511":"1759730126806293041","UF_CRM_1736853555":"1759730126806293041","UF_CRM_1736853537":"1759730126806293041","UF_CRM_1517561552":"3771944","COMMENTS":null,"TITLE":"\u0417\u0430\u043a\u0430\u0437\u0430\u0442\u044c \u043f\u043e\u0433\u0440\u0435\u0431","UF_CRM_1449663065":68,"ASSIGNED_BY_ID":58,"SOURCE_ID":9}}},"result":{"result":625612,"time":{"start":1759730222,"finish":1759730224.7734351,"duration":2.773435115814209,"processing":2,"date_start":"2025-10-06T08:57:02+03:00","date_finish":"2025-10-06T08:57:04+03:00","operating_reset_at":1759730822,"operating":2.3978149890899658}}}