{"url":"https:\/\/tinger.bitrix24.ru\/rest\/190\/42tc2gxq8od2858i\/crm.lead.add.json","info":{"url":"https:\/\/tinger.bitrix24.ru\/rest\/190\/42tc2gxq8od2858i\/crm.lead.add.json","content_type":"application\/json; charset=utf-8","http_code":200,"header_size":1028,"request_size":207,"filetime":-1,"ssl_verify_result":0,"redirect_count":0,"total_time":3.9244889999999999,"namelookup_time":0.0021299999999999999,"connect_time":0.0087569999999999992,"pretransfer_time":0.020111,"size_upload":1418,"size_download":289,"speed_download":73,"speed_upload":361,"download_content_length":-1,"upload_content_length":1418,"starttransfer_time":0.020112999999999999,"redirect_time":0,"redirect_url":"","primary_ip":"178.132.201.50","certinfo":[],"primary_port":443,"local_ip":"188.225.57.79","local_port":58562,"http_version":3,"protocol":2,"ssl_verifyresult":0,"scheme":"HTTPS","appconnect_time_us":20003,"connect_time_us":8757,"namelookup_time_us":2130,"pretransfer_time_us":20111,"redirect_time_us":0,"starttransfer_time_us":20113,"total_time_us":3924489},"params":{"method":"crm.lead.add","params":{"fields":{"NAME":"\u0421\u0435\u0440\u0433\u0435\u0439  \u0421\u0442\u0435\u043f\u0430\u043d\u043e\u0432\u0438\u0447","PHONE":[{"VALUE":"+7 (905) 640-42-32","VALUE_TYPE":"WORK"}],"EMAIL":[{"VALUE":null,"VALUE_TYPE":"WORK"}],"COMMENTS":"https:\/\/app.uiscom.ru\/system\/media\/talk\/3132010092\/a41674fc477f5896e93b914026f1d0cf\/\r\n\u0418\u043d\u0442\u0435\u0440\u0435\u0441\u0443\u044e\u0442 \u0440\u0430\u0437\u043c\u0435\u0440\u044b \u0438 \u0441\u0442\u043e\u0438\u043c\u043e\u0441\u0442\u044c \r\n\u041f\u043e\u0437\u0432\u043e\u043d\u0438\u0442\u044c \u0432 \u0431\u043b\u0438\u0436\u0430\u0439\u0448\u0435\u0435 \u0432\u0440\u0435\u043c\u044f(!!!)","TRACE":"{\u0022url\u0022:\u0022https:\/\/tinger.ru\/form\/\u0022,\u0022device\u0022:{\u0022isMobile\u0022:false},\u0022tags\u0022:{\u0022ts\u0022:1689229916,\u0022list\u0022:{},\u0022gclid\u0022:null},\u0022client\u0022:{\u0022gaId\u0022:\u00221541338507.1689229918\u0022,\u0022yaId\u0022:\u00221689229918358927925\u0022},\u0022pages\u0022:{\u0022list\u0022:[[\u0022https:\/\/tinger.ru\/form\/\u0022,1690961940,\u0022\u0424\u043e\u0440\u043c\u0430\u0022]]},\u0022gid\u0022:null,\u0022previous\u0022:{\u0022list\u0022:[]}}","TITLE":"\u0417\u0430\u044f\u0432\u043a\u0430 \u043e\u0442 \u041a\u0426","UF_CRM_1449663065":68,"ASSIGNED_BY_ID":58,"SOURCE_ID":"102"}}},"result":{"result":461300,"time":{"start":1690963320.1803789,"finish":1690963323.9484401,"duration":3.7680611610412598,"processing":3.6896400451660156,"date_start":"2023-08-02T11:02:00+03:00","date_finish":"2023-08-02T11:02:03+03:00","operating_reset_at":1690963920,"operating":6.9552819728851318}}}