{"url":"https:\/\/tinger.bitrix24.ru\/rest\/190\/42tc2gxq8od2858i\/crm.lead.add.json","info":{"url":"https:\/\/tinger.bitrix24.ru\/rest\/190\/42tc2gxq8od2858i\/crm.lead.add.json","content_type":"application\/json; charset=utf-8","http_code":200,"header_size":1034,"request_size":207,"filetime":-1,"ssl_verify_result":0,"redirect_count":0,"total_time":1.7502120000000001,"namelookup_time":0.0036229999999999999,"connect_time":0.014909,"pretransfer_time":0.0339,"size_upload":3241,"size_download":289,"speed_download":165,"speed_upload":1852,"download_content_length":-1,"upload_content_length":3241,"starttransfer_time":0.033903000000000003,"redirect_time":0,"redirect_url":"","primary_ip":"195.208.185.4","certinfo":[],"primary_port":443,"local_ip":"188.225.57.79","local_port":39430,"http_version":3,"protocol":2,"ssl_verifyresult":0,"scheme":"HTTPS","appconnect_time_us":33810,"connect_time_us":14909,"namelookup_time_us":3623,"pretransfer_time_us":33900,"redirect_time_us":0,"starttransfer_time_us":33903,"total_time_us":1750212},"params":{"method":"crm.lead.add","params":{"fields":{"NAME":"\u0418\u043b\u044c\u044f \u0421\u0442\u0435\u043f\u0430\u043d\u043e\u0432\u0438\u0447 \u0411\u0430\u0442\u0438\u0433","PHONE":[{"VALUE":"+7 (978) 073-44-52","VALUE_TYPE":"WORK"}],"EMAIL":[{"VALUE":null,"VALUE_TYPE":"WORK"}],"TRACE":"{\u0022url\u0022:\u0022https:\/\/tinger.ru\/catalog\/perelomka\/?utm_source=yandex\u0026utm_medium=cpc\u0026utm_campaign=mk_click_tf4\u0026utm_content=16219861923\u0026utm_term=---autotargeting\u0026roistat=direct20_context_111795943_rsMasterGroup_rsMasterBanner_---autotargeting\u0026yclid=824187443530170367\u0022,\u0022ref\u0022:\u0022https:\/\/rus-oge.sdamgia.ru\/test?id=11510319\u0022,\u0022device\u0022:{\u0022isMobile\u0022:false},\u0022tags\u0022:{\u0022ts\u0022:1731000645,\u0022list\u0022:{\u0022utm_source\u0022:\u0022yandex\u0022,\u0022utm_medium\u0022:\u0022cpc\u0022,\u0022utm_campaign\u0022:\u0022mk_click_tf4\u0022,\u0022utm_content\u0022:\u002216219861923\u0022,\u0022utm_term\u0022:\u0022---autotargeting\u0022},\u0022gclid\u0022:null},\u0022client\u0022:{\u0022gaId\u0022:\u0022673558906.1726646368\u0022,\u0022yaId\u0022:\u00221726646368690328214\u0022},\u0022pages\u0022:{\u0022list\u0022:[[\u0022https:\/\/tinger.ru\/catalog\/perelomka\/?utm_source=yandex\u0026utm_medium=cpc\u0026utm_campaign=mk_click_tf4\u0026utm_content=16219861923\u0026utm_term=---autotargeting\u0026roistat=direct20_context_111795943_rsMasterGroup_rsMasterBanner_---autotargeting\u0026yclid=824187443530170367\u0022,1731000646,\u0022\u041a\u0443\u043f\u0438\u0442\u044c \u0432\u0435\u0437\u0434\u0435\u0445\u043e\u0434 \u043f\u0435\u0440\u0435\u043b\u043e\u043c\u043a\u0443 TINGER TF4 \u0432 \u0420\u0022]]},\u0022gid\u0022:null,\u0022previous\u0022:{\u0022list\u0022:[{\u0022url\u0022:\u0022https:\/\/tinger.ru\/catalog\/perelomka\/?utm_source=yandex\u0026utm_medium=cpc\u0026utm_campaign=mk_click_tf4\u0026utm_content=16219861923\u0026utm_term=---autotargeting\u0026roistat=direct20_context_111795943_rsMasterGroup_rsMasterBanner_---autotargeting\u0026yclid=824187443530170367\u0022,\u0022device\u0022:{\u0022isMobile\u0022:false},\u0022tags\u0022:{\u0022ts\u0022:1726646368,\u0022list\u0022:{\u0022utm_source\u0022:\u0022yandex\u0022,\u0022utm_medium\u0022:\u0022cpc\u0022,\u0022utm_campaign\u0022:\u0022mk_ozk_tf4\u0022,\u0022utm_content\u0022:\u002216219855373\u0022,\u0022utm_term\u0022:\u0022---autotargeting\u0022},\u0022gclid\u0022:null},\u0022client\u0022:{\u0022gaId\u0022:\u0022673558906.1726646368\u0022,\u0022yaId\u0022:\u00221726646368690328214\u0022},\u0022pages\u0022:{\u0022list\u0022:[[\u0022https:\/\/tinger.ru\/catalog\/perelomka\/?utm_source=yandex\u0026utm_medium=cpc\u0026utm_campaign=mk_ozk_tf4\u0026utm_content=16219855373\u0026utm_term=---autotargeting\u0026roistat=direct20_context_111795810_rsMasterGroup_rsMasterBanner_---autotargeting\u0026yclid=7963425347714940927\u0022,1726646368,\u0022\u041a\u0443\u043f\u0438\u0442\u044c \u0432\u0435\u0437\u0434\u0435\u0445\u043e\u0434 \u043f\u0435\u0440\u0435\u043b\u043e\u043c\u043a\u0443 TINGER TF4 \u0432 \u0420\u0022]]},\u0022gid\u0022:null}]}}","UF_CRM_1517561552":"3764026","COMMENTS":null,"TITLE":"\u041a\u0443\u043f\u0438\u0442\u044c \u0432\u0435\u0437\u0434\u0435\u0445\u043e\u0434 TINGER TF4","UF_CRM_1449663065":64,"ASSIGNED_BY_ID":58,"SOURCE_ID":"WEB"}}},"result":{"result":564012,"time":{"start":1731000647.5037489,"finish":1731000649.1201811,"duration":1.6164321899414062,"processing":1.5841360092163086,"date_start":"2024-11-07T20:30:47+03:00","date_finish":"2024-11-07T20:30:49+03:00","operating_reset_at":1731001247,"operating":1.5841128826141357}}}