{"url":"https:\/\/tinger.bitrix24.ru\/rest\/190\/42tc2gxq8od2858i\/crm.lead.add.json","info":{"url":"https:\/\/tinger.bitrix24.ru\/rest\/190\/42tc2gxq8od2858i\/crm.lead.add.json","content_type":"application\/json; charset=utf-8","http_code":200,"header_size":1027,"request_size":207,"filetime":-1,"ssl_verify_result":0,"redirect_count":0,"total_time":1.864279,"namelookup_time":0.02017,"connect_time":0.023574000000000001,"pretransfer_time":0.034993000000000003,"size_upload":2401,"size_download":289,"speed_download":155,"speed_upload":1288,"download_content_length":-1,"upload_content_length":2401,"starttransfer_time":0.034997,"redirect_time":0,"redirect_url":"","primary_ip":"178.132.201.50","certinfo":[],"primary_port":443,"local_ip":"188.225.57.79","local_port":39710,"http_version":3,"protocol":2,"ssl_verifyresult":0,"scheme":"HTTPS","appconnect_time_us":34891,"connect_time_us":23574,"namelookup_time_us":20170,"pretransfer_time_us":34993,"redirect_time_us":0,"starttransfer_time_us":34997,"total_time_us":1864279},"params":{"method":"crm.lead.add","params":{"fields":{"NAME":"\u0410\u043d\u0434\u0440\u0435\u0439","PHONE":[{"VALUE":"+7 (951) 893-20-49","VALUE_TYPE":"WORK"}],"TRACE":"{\u0022url\u0022:\u0022https:\/\/tingard.ru\/?roistat=direct14_context_16233427521_%D1%80%D0%B0%D1%81%D1%81%D0%B0%D0%B4%D0%B0%20%D0%BF%D0%BE%D0%BC%D0%B8%D0%B4%D0%BE%D1%80%20%D0%B2%20%D0%B3%D1%80%D1%83%D0%BD%D1%82\u0026roistat_referrer=dzen.ru\u0026roistat_pos=none_0\u0026y_ref=dzen.ru\u0026utm_source=yandex\u0026utm_medium=cpc\u0026utm_campaign=rsya-click\u0026utm_content=16233427521\u0026utm_term=dzen.ru\u0026yprqee=13751228644828381183\u0022,\u0022ref\u0022:\u0022https:\/\/dzen.ru\/news\/story\/145eb354-59c8-5f1a-882f-aca8ed06ebe7?lang=ru\u0026fan=1\u0026t=1731505074\u0026tt=true\u0026persistent_id=3054561152\u0026cl4url=7ae11d13cbbeed4635fbd3fc6be86556\u0026story=daad1cc4-5d23-5042-a6b1-43c05ad80ed6\u0022,\u0022device\u0022:{\u0022isMobile\u0022:false},\u0022tags\u0022:{\u0022ts\u0022:1731505990,\u0022list\u0022:{\u0022utm_source\u0022:\u0022yandex\u0022,\u0022utm_medium\u0022:\u0022cpc\u0022,\u0022utm_campaign\u0022:\u0022rsya-click\u0022,\u0022utm_content\u0022:\u002216233427521\u0022,\u0022utm_term\u0022:\u0022dzen.ru\u0022},\u0022gclid\u0022:null},\u0022client\u0022:{\u0022yaId\u0022:\u0022173150598731394785\u0022},\u0022pages\u0022:{\u0022list\u0022:[[\u0022https:\/\/tingard.ru\/?roistat=direct14_context_16233427521_%D1%80%D0%B0%D1%81%D1%81%D0%B0%D0%B4%D0%B0%20%D0%BF%D0%BE%D0%BC%D0%B8%D0%B4%D0%BE%D1%80%20%D0%B2%20%D0%B3%D1%80%D1%83%D0%BD%D1%82\u0026roistat_referrer=dzen.ru\u0026roistat_pos=none_0\u0026y_ref=dzen.ru\u0026utm_source=yandex\u0026utm_medium=cpc\u0026utm_campaign=rsya-click\u0026utm_content=16233427521\u0026utm_term=dzen.ru\u0026yprqee=13751228644828381183\u0022,1731505990,\u0022TINGARD \u2014 \u0431\u0435\u0441\u0448\u043e\u0432\u043d\u044b\u0439 \u043f\u043b\u0430\u0441\u0442\u0438\u043a\u043e\u0432\u044b\u0439 \u043f\u043e\u0433\u0440\u0435\u0431 \u2116\u0022]]},\u0022gid\u0022:null,\u0022previous\u0022:{\u0022list\u0022:[]}}","UF_CRM_1517561552":"3557814","COMMENTS":null,"TITLE":"\u0417\u0430\u043a\u0430\u0437\u0430\u0442\u044c \u043f\u043e\u0433\u0440\u0435\u0431","UF_CRM_1449663065":68,"ASSIGNED_BY_ID":58,"SOURCE_ID":9}}},"result":{"result":565170,"time":{"start":1731506012.7188339,"finish":1731506014.4747579,"duration":1.7559239864349365,"processing":1.7269670963287354,"date_start":"2024-11-13T16:53:32+03:00","date_finish":"2024-11-13T16:53:34+03:00","operating_reset_at":1731506612,"operating":1.7269458770751953}}}