{"url":"https:\/\/tinger.bitrix24.ru\/rest\/190\/42tc2gxq8od2858i\/crm.deal.add.json","info":{"url":"https:\/\/tinger.bitrix24.ru\/rest\/190\/42tc2gxq8od2858i\/crm.deal.add.json","content_type":"application\/json; charset=utf-8","http_code":200,"header_size":1027,"request_size":207,"filetime":-1,"ssl_verify_result":0,"redirect_count":0,"total_time":2.0306519999999999,"namelookup_time":0.001377,"connect_time":0.00266,"pretransfer_time":0.013159000000000001,"size_upload":2465,"size_download":287,"speed_download":141,"speed_upload":1214,"download_content_length":-1,"upload_content_length":2465,"starttransfer_time":0.013162999999999999,"redirect_time":0,"redirect_url":"","primary_ip":"178.132.201.53","certinfo":[],"primary_port":443,"local_ip":"188.225.57.79","local_port":42380,"http_version":3,"protocol":2,"ssl_verifyresult":0,"scheme":"HTTPS","appconnect_time_us":13086,"connect_time_us":2660,"namelookup_time_us":1377,"pretransfer_time_us":13159,"redirect_time_us":0,"starttransfer_time_us":13163,"total_time_us":2030652},"params":{"method":"crm.deal.add","params":{"fields":{"NAME":"\u0410\u043b\u0435\u043a\u0441\u0430\u043d\u0434\u0440 \u041a\u0443\u043b\u0438\u043a\u043e\u0432 ","PHONE":[{"VALUE":"8 (999) 791-08-96","VALUE_TYPE":"WORK"}],"EMAIL":[{"VALUE":"kulikoff.ale2017@yandex.ru","VALUE_TYPE":"WORK"}],"TRACE":"{\u0022url\u0022:\u0022https:\/\/tinger.ru\/vacancies\/rabota-na-proizvodstve\/slesar-sborshchik-opytnykh-obraztsov\/\u0022,\u0022device\u0022:{\u0022isMobile\u0022:true},\u0022tags\u0022:{\u0022ts\u0022:1714693577,\u0022list\u0022:{},\u0022gclid\u0022:null},\u0022client\u0022:{\u0022gaId\u0022:\u0022654849575.1714693577\u0022,\u0022yaId\u0022:\u00221714693577185915416\u0022},\u0022pages\u0022:{\u0022list\u0022:[[\u0022https:\/\/tinger.ru\/vacancies\/rabota-v-ofise\/\u0022,1714694528,\u0022\u0420\u0430\u0431\u043e\u0442\u0430 \u0432 \u043e\u0444\u0438\u0441\u0435\u0022],[\u0022https:\/\/tinger.ru\/vacancies\/rabota-na-proizvodstve\/operator-chpu\/\u0022,1714694618,\u0022\u041e\u043f\u0435\u0440\u0430\u0442\u043e\u0440 \u0427\u041f\u0423\u0022],[\u0022https:\/\/tinger.ru\/vacancies\/rabota-na-proizvodstve\/elektromonter\/\u0022,1714694668,\u0022\u042d\u043b\u0435\u043a\u0442\u0440\u043e\u043c\u043e\u043d\u0442\u0435\u0440\u0022],[\u0022https:\/\/tinger.ru\/vacancies\/rabota-v-ofise\/konstruktor\/\u0022,1714694682,\u0022\u0412\u0435\u0434\u0443\u0449\u0438\u0439 \u043a\u043e\u043d\u0441\u0442\u0440\u0443\u043a\u0442\u043e\u0440\u0022],[\u0022https:\/\/tinger.ru\/vacancies\/rabota-na-proizvodstve\/slesar-sborshchik-opytnykh-obraztsov\/\u0022,1714694686,\u0022\u0421\u043b\u0435\u0441\u0430\u0440\u044c-\u0441\u0431\u043e\u0440\u0449\u0438\u043a \u043e\u043f\u044b\u0442\u043d\u044b\u0445 \u043e\u0431\u0440\u0430\u0437\u0446\u043e\u0432\u0022]]},\u0022gid\u0022:null,\u0022previous\u0022:{\u0022list\u0022:[]}}","COMMENTS":null,"TITLE":"\u041e\u0442\u043a\u043b\u0438\u043a \u043d\u0430 \u0432\u0430\u043a\u0430\u043d\u0441\u0438\u044e \u00ab\u0421\u043b\u0435\u0441\u0430\u0440\u044c-\u0441\u0431\u043e\u0440\u0449\u0438\u043a \u043e\u043f\u044b\u0442\u043d\u044b\u0445 \u043e\u0431\u0440\u0430\u0437\u0446\u043e\u0432\u00bb","CATEGORY_ID":26,"SOURCE_ID":"WEB","ASSIGNED_BY_ID":50856,"UF_CRM_5742B4FC41290":"\u0420\u0430\u0431\u043e\u0442\u0430 \u043d\u0430 \u043f\u0440\u043e\u0438\u0437\u0432\u043e\u0434\u0441\u0442\u0432\u0435","CONTACT_ID":71614}}},"result":{"result":95822,"time":{"start":1714694747.091831,"finish":1714694749.0352149,"duration":1.9433839321136475,"processing":1.8711740970611572,"date_start":"2024-05-03T03:05:47+03:00","date_finish":"2024-05-03T03:05:49+03:00","operating_reset_at":1714695347,"operating":1.8711388111114502}}}