{"url":"https:\/\/tinger.bitrix24.ru\/rest\/190\/42tc2gxq8od2858i\/crm.lead.add.json","info":{"url":"https:\/\/tinger.bitrix24.ru\/rest\/190\/42tc2gxq8od2858i\/crm.lead.add.json","content_type":"application\/json; charset=utf-8","http_code":200,"header_size":1027,"request_size":208,"filetime":-1,"ssl_verify_result":0,"redirect_count":0,"total_time":2.6366149999999999,"namelookup_time":0.0092149999999999992,"connect_time":0.010513,"pretransfer_time":0.018995000000000001,"size_upload":12754,"size_download":287,"speed_download":108,"speed_upload":4838,"download_content_length":-1,"upload_content_length":12754,"starttransfer_time":0.019001000000000001,"redirect_time":0,"redirect_url":"","primary_ip":"178.132.201.52","certinfo":[],"primary_port":443,"local_ip":"188.225.57.79","local_port":58948,"http_version":3,"protocol":2,"ssl_verifyresult":0,"scheme":"HTTPS","appconnect_time_us":18812,"connect_time_us":10513,"namelookup_time_us":9215,"pretransfer_time_us":18995,"redirect_time_us":0,"starttransfer_time_us":19001,"total_time_us":2636615},"params":{"method":"crm.lead.add","params":{"fields":{"NAME":"\u0421\u0435\u0440\u0433\u0435\u0439","PHONE":[{"VALUE":"+7 (914) 858-41-22","VALUE_TYPE":"WORK"}],"EMAIL":[{"VALUE":null,"VALUE_TYPE":"WORK"}],"TRACE":"{\u0022url\u0022:\u0022https:\/\/tinger.ru\/configurator\/\u0022,\u0022ref\u0022:\u0022https:\/\/mail.rambler.ru\/folder\/INBOX\/41137\/?p=1\u0022,\u0022device\u0022:{\u0022isMobile\u0022:false},\u0022tags\u0022:{\u0022ts\u0022:1714547733,\u0022list\u0022:{\u0022utm_source\u0022:\u0022yandex\u0022,\u0022utm_medium\u0022:\u0022cpc\u0022,\u0022utm_campaign\u0022:\u0022mk_auto_tf4\u0022,\u0022utm_content\u0022:\u002214985045759\u0022,\u0022utm_term\u0022:\u0022---autotargeting\u0022},\u0022gclid\u0022:null},\u0022client\u0022:{\u0022gaId\u0022:\u0022570383975.1707027066\u0022,\u0022yaId\u0022:\u00221707027065804894194\u0022},\u0022pages\u0022:{\u0022list\u0022:[[\u0022https:\/\/tinger.ru\/dealers\/\u0022,1714549060,\u0022\u0414\u0438\u043b\u0435\u0440\u0441\u043a\u0430\u044f \u0441\u0435\u0442\u044c \u0432\u0435\u0437\u0434\u0435\u0445\u043e\u0434\u043e\u0432 \u0438 \u0434\u0440\u0443\u0433\u043e\u0439 \u0442\u0435\u0445\u043d\u0438\u0022],[\u0022https:\/\/tinger.ru\/leasing\/\u0022,1714634579,\u0022\u0423\u0441\u043b\u043e\u0432\u0438\u044f \u043b\u0438\u0437\u0438\u043d\u0433\u0430 \u0434\u043b\u044f \u043f\u043e\u043a\u0443\u043f\u043a\u0438 \u0432\u0435\u0437\u0434\u0435\u0445\u043e\u0434\u043e\u0432\u0022],[\u0022https:\/\/tinger.ru\/catalog\/perelomka\/\u0022,1714634604,\u0022\u041a\u0443\u043f\u0438\u0442\u044c \u0432\u0435\u0437\u0434\u0435\u0445\u043e\u0434 \u043f\u0435\u0440\u0435\u043b\u043e\u043c\u043a\u0443 TINGER TF4 \u0432 \u0420\u0022],[\u0022https:\/\/tinger.ru\/catalog\/tinger-t\/\u0022,1714634717,\u0022\u041f\u0440\u0438\u0446\u0435\u043f\u044b \u0434\u043b\u044f \u0432\u0435\u0437\u0434\u0435\u0445\u043e\u0434\u043e\u0432 TINGER\u0022],[\u0022https:\/\/tinger.ru\/configurator\/\u0022,1714697263,\u0022\u041a\u043e\u043d\u0444\u0438\u0433\u0443\u0440\u0430\u0442\u043e\u0440 \u0432\u0435\u0437\u0434\u0435\u0445\u043e\u0434\u043d\u043e\u0439 \u0442\u0435\u0445\u043d\u0438\u043a\u0438\u0022]]},\u0022gid\u0022:null,\u0022previous\u0022:{\u0022list\u0022:[{\u0022url\u0022:\u0022https:\/\/tinger.ru\/catalog\/perelomka\/?utm_source=yandex\u0026utm_medium=cpc\u0026utm_campaign=mk_auto_tf4\u0026utm_content=14985045807\u0026utm_term=---autotargeting\u0026yclid=9496209870613643263\u0022,\u0022ref\u0022:\u0022https:\/\/mail.rambler.ru\/folder\/INBOX\/40399\/?p=1\u0022,\u0022device\u0022:{\u0022isMobile\u0022:false},\u0022tags\u0022:{\u0022ts\u0022:1707027066,\u0022list\u0022:{\u0022utm_source\u0022:\u0022yandex\u0022,\u0022utm_medium\u0022:\u0022cpc\u0022,\u0022utm_campaign\u0022:\u0022mk_auto_track\u0022,\u0022utm_content\u0022:\u002214984910267\u0022,\u0022utm_term\u0022:\u0022---autotargeting\u0022},\u0022gclid\u0022:null},\u0022client\u0022:{\u0022gaId\u0022:\u0022570383975.1707027066\u0022,\u0022yaId\u0022:\u00221707027065804894194\u0022},\u0022pages\u0022:{\u0022list\u0022:[[\u0022https:\/\/tinger.ru\/catalog\/tinger-track-2\/?utm_source=yandex\u0026utm_medium=cpc\u0026utm_campaign=mk_auto_track\u0026utm_content=14984910267\u0026utm_term=---autotargeting\u0026yclid=1472945729840611327\u0022,1707027067,\u0022\u041a\u0443\u043f\u0438\u0442\u044c \u0432\u0435\u0437\u0434\u0435\u0445\u043e\u0434\u044b \u043d\u0430 \u0433\u0443\u0441\u0435\u043d\u0438\u0446\u0430\u0445 \u0432 \u0420\u043e\u0441\u0441\u0438\u0438\\nT\u0022],[\u0022https:\/\/tinger.ru\/dealers\/\u0022,1707181516,\u0022\u0414\u0438\u043b\u0435\u0440\u0441\u043a\u0430\u044f \u0441\u0435\u0442\u044c \u0432\u0435\u0437\u0434\u0435\u0445\u043e\u0434\u043e\u0432 \u0438 \u0434\u0440\u0443\u0433\u043e\u0439 \u0442\u0435\u0445\u043d\u0438\u0022],[\u0022https:\/\/tinger.ru\/catalog\/perelomka\/\u0022,1707267425,\u0022\u041a\u0443\u043f\u0438\u0442\u044c \u0432\u0435\u0437\u0434\u0435\u0445\u043e\u0434 \u043f\u0435\u0440\u0435\u043b\u043e\u043c\u043a\u0443 TINGER TF4 \u0432 \u0420\u0022]]},\u0022gid\u0022:null},{\u0022url\u0022:\u0022https:\/\/tinger.ru\/catalog\/perelomka\/?utm_source=yandex\u0026utm_medium=cpc\u0026utm_campaign=mk_auto_tf4\u0026utm_content=14985045792\u0026utm_term=---autotargeting\u0026yclid=13440354432910098431\u0022,\u0022device\u0022:{\u0022isMobile\u0022:false},\u0022tags\u0022:{\u0022ts\u0022:1707300510,\u0022list\u0022:{\u0022utm_source\u0022:\u0022yandex\u0022,\u0022utm_medium\u0022:\u0022cpc\u0022,\u0022utm_campaign\u0022:\u0022mk_auto_tf4\u0022,\u0022utm_content\u0022:\u002214985045807\u0022,\u0022utm_term\u0022:\u0022---autotargeting\u0022},\u0022gclid\u0022:null},\u0022client\u0022:{\u0022gaId\u0022:\u0022570383975.1707027066\u0022,\u0022yaId\u0022:\u00221707027065804894194\u0022},\u0022pages\u0022:{\u0022list\u0022:[[\u0022https:\/\/tinger.ru\/catalog\/perelomka\/?utm_source=yandex\u0026utm_medium=cpc\u0026utm_campaign=mk_auto_tf4\u0026utm_content=14985045807\u0026utm_term=---autotargeting\u0026yclid=9496209870613643263\u0022,1707300510,\u0022\u041a\u0443\u043f\u0438\u0442\u044c \u0432\u0435\u0437\u0434\u0435\u0445\u043e\u0434 \u043f\u0435\u0440\u0435\u043b\u043e\u043c\u043a\u0443 TINGER TF4 \u0432 \u0420\u0022],[\u0022https:\/\/tinger.ru\/catalog\/perelomka\/\u0022,1709086052,\u0022\u041a\u0443\u043f\u0438\u0442\u044c \u0432\u0435\u0437\u0434\u0435\u0445\u043e\u0434 \u043f\u0435\u0440\u0435\u043b\u043e\u043c\u043a\u0443 TINGER TF4 \u0432 \u0420\u0022]]},\u0022gid\u0022:null},{\u0022url\u0022:\u0022https:\/\/tinger.ru\/catalog\/perelomka\/?utm_source=yandex\u0026utm_medium=cpc\u0026utm_campaign=mk_auto_tf4\u0026utm_content=14985045759\u0026utm_term=---autotargeting\u0026yclid=5284442712195203071\u0022,\u0022device\u0022:{\u0022isMobile\u0022:false},\u0022tags\u0022:{\u0022ts\u0022:1713927751,\u0022list\u0022:{},\u0022gclid\u0022:null},\u0022client\u0022:{\u0022gaId\u0022:\u0022570383975.1707027066\u0022,\u0022yaId\u0022:\u00221707027065804894194\u0022},\u0022pages\u0022:{\u0022list\u0022:[[\u0022https:\/\/tinger.ru\/\u0022,1713929800,\u0022\u0412\u0435\u0437\u0434\u0435\u0445\u043e\u0434\u044b \u0438 \u0431\u043e\u043b\u043e\u0442\u043e\u0445\u043e\u0434\u044b \u043e\u0442 \u043f\u0440\u043e\u0438\u0437\u0432\u043e\u0434\u0438\u0442\u0435\u043b\u044f \u0022],[\u0022https:\/\/tinger.ru\/presentation\/\u0022,1713929887,\u0022\u041e\u043d\u043b\u0430\u0439\u043d-\u043f\u0440\u0435\u0437\u0435\u043d\u0442\u0430\u0446\u0438\u044f\u0022],[\u0022https:\/\/tinger.ru\/testdrive\/\u0022,1714286722,\u0022\u0422\u0435\u0441\u0442-\u0434\u0440\u0430\u0439\u0432 \u0432\u0435\u0437\u0434\u0435\u0445\u043e\u0434\u043e\u0432 TINGER\u0022],[\u0022https:\/\/tinger.ru\/catalog\/perelomka\/\u0022,1714286768,\u0022\u041a\u0443\u043f\u0438\u0442\u044c \u0432\u0435\u0437\u0434\u0435\u0445\u043e\u0434 \u043f\u0435\u0440\u0435\u043b\u043e\u043c\u043a\u0443 TINGER TF4 \u0432 \u0420\u0022],[\u0022https:\/\/tinger.ru\/configurator\/\u0022,