{"url":"https:\/\/tinger.bitrix24.ru\/rest\/190\/42tc2gxq8od2858i\/crm.lead.add.json","info":{"url":"https:\/\/tinger.bitrix24.ru\/rest\/190\/42tc2gxq8od2858i\/crm.lead.add.json","content_type":"application\/json; charset=utf-8","http_code":200,"header_size":1027,"request_size":207,"filetime":-1,"ssl_verify_result":0,"redirect_count":0,"total_time":2.0036390000000002,"namelookup_time":0.019663,"connect_time":0.020858000000000002,"pretransfer_time":0.034948,"size_upload":3150,"size_download":287,"speed_download":143,"speed_upload":1572,"download_content_length":-1,"upload_content_length":3150,"starttransfer_time":0.034952999999999998,"redirect_time":0,"redirect_url":"","primary_ip":"178.132.201.51","certinfo":[],"primary_port":443,"local_ip":"188.225.57.79","local_port":60364,"http_version":3,"protocol":2,"ssl_verifyresult":0,"scheme":"HTTPS","appconnect_time_us":34844,"connect_time_us":20858,"namelookup_time_us":19663,"pretransfer_time_us":34948,"redirect_time_us":0,"starttransfer_time_us":34953,"total_time_us":2003639},"params":{"method":"crm.lead.add","params":{"fields":{"NAME":"\u0410\u043d\u0430\u0442\u043e\u043b\u0438\u0439","PHONE":[{"VALUE":"8 (908) 884-62-98","VALUE_TYPE":"WORK"}],"EMAIL":[{"VALUE":"anatolij6000@gmail.com","VALUE_TYPE":"WORK"}],"TRACE":"{\u0022url\u0022:\u0022https:\/\/tinger.ru\/contacts\/\u0022,\u0022device\u0022:{\u0022isMobile\u0022:true},\u0022tags\u0022:{\u0022ts\u0022:1748327647,\u0022list\u0022:{},\u0022gclid\u0022:null},\u0022client\u0022:{\u0022gaId\u0022:\u00221988746277.1745583126\u0022,\u0022yaId\u0022:\u00221745583129670949068\u0022},\u0022pages\u0022:{\u0022list\u0022:[[\u0022https:\/\/tinger.ru\/reviews\/\u0022,1748402880,\u0022\u041e\u0442\u0437\u044b\u0432\u044b \u0438 \u0432\u0438\u0434\u0435\u043e\u043e\u0431\u0437\u043e\u0440\u044b\u0022],[\u0022https:\/\/tinger.ru\/reviews\/nastoyashchie-okhotniki-vybirayut-tinger\/\u0022,1748402937,\u0022\u041d\u0430\u0441\u0442\u043e\u044f\u0449\u0438\u0435 \u043e\u0445\u043e\u0442\u043d\u0438\u043a\u0438 \u0432\u044b\u0431\u0438\u0440\u0430\u044e\u0442 \u0422\u0418\u041d\u0413\u0415\u0420\u0022],[\u0022https:\/\/tinger.ru\/manual\/\u0022,1748403104,\u0022\u0420\u0443\u043a\u043e\u0432\u043e\u0434\u0441\u0442\u0432\u043e \u043f\u043e \u044d\u043a\u0441\u043f\u043b\u0443\u0430\u0442\u0430\u0446\u0438\u0438 \u0442\u0435\u0445\u043d\u0438\u043a\u0438 TING\u0022],[\u0022https:\/\/tinger.ru\/?ysclid=m7792d110602564142\u0022,1748403498,\u0022\u0420\u043e\u0441\u0441\u0438\u0439\u0441\u043a\u0438\u0435 \u0432\u0435\u0437\u0434\u0435\u0445\u043e\u0434\u044b \u043e\u0442 \u043f\u0440\u043e\u0438\u0437\u0432\u043e\u0434\u0438\u0442\u0435\u043b\u044f TI\u0022],[\u0022https:\/\/tinger.ru\/contacts\/\u0022,1748403504,\u0022\u041a\u043e\u043d\u0442\u0430\u043a\u0442\u044b \u0433\u0440\u0443\u043f\u043f\u044b \u043a\u043e\u043c\u043f\u0430\u043d\u0438\u0439 TINGER\u0022]]},\u0022gid\u0022:null,\u0022previous\u0022:{\u0022list\u0022:[]}}","UF_CRM_1736853511":"1745583129670949068","UF_CRM_1736853555":"1745583129670949068","UF_CRM_1736853537":"1745583129670949068","UF_CRM_1517561552":"3886656","COMMENTS":"\u0417\u0434\u0440\u0430\u0432\u0441\u0442\u0432\u0443\u0439\u0442\u0435 \r\n\u041a\u0430\u043a \u043f\u0440\u043e\u043a\u0430\u0447\u0430\u0442\u044c \u0442\u043e\u0440\u043c\u043e\u0437\u0430 \u0438 \u043f\u043e\u0432\u043e\u0440\u043e\u0442\u043d\u044b\u0439 \u043c\u0435\u0445\u0430\u043d\u0438\u0437\u043c \u043d\u0430 \u0422\u0438\u043d\u0433\u0435\u0440 \u0422\u0440\u0430\u043a2\r\n\u0413\u0434\u0435 \u043d\u0430\u0445\u043e\u0434\u044f\u0442\u0441\u044f \u0437\u0430\u043b\u0438\u0432\u043d\u044b\u0435 \u0431\u0430\u0447\u043a\u0438 \u0434\u043b\u044f \u0442\u043e\u0440\u043c\u043e\u0437\u043d\u043e\u0439 \u0436\u0438\u0434\u043a\u043e\u0441\u0442\u0438?","TITLE":"\u0412\u043e\u043f\u0440\u043e\u0441\u044b, \u0437\u0430\u043c\u0435\u0447\u0430\u043d\u0438\u044f \u0438\u043b\u0438 \u043f\u0440\u0435\u0434\u043b\u043e\u0436\u0435\u043d\u0438\u044f","UF_CRM_1449663065":64,"ASSIGNED_BY_ID":58,"SOURCE_ID":"WEB"}}},"result":{"result":598768,"time":{"start":1748403684.7573869,"finish":1748403686.617522,"duration":1.8601350784301758,"processing":1.8239500522613525,"date_start":"2025-05-28T06:41:24+03:00","date_finish":"2025-05-28T06:41:26+03:00","operating_reset_at":1748404284,"operating":1.8239238262176514}}}