{"url":"https:\/\/tinger.bitrix24.ru\/rest\/190\/42tc2gxq8od2858i\/crm.lead.add.json","info":{"url":"https:\/\/tinger.bitrix24.ru\/rest\/190\/42tc2gxq8od2858i\/crm.lead.add.json","content_type":"application\/json; charset=utf-8","http_code":200,"header_size":1030,"request_size":207,"filetime":-1,"ssl_verify_result":0,"redirect_count":0,"total_time":1.6343490000000001,"namelookup_time":0.001916,"connect_time":0.0044549999999999998,"pretransfer_time":0.019782000000000001,"size_upload":1419,"size_download":289,"speed_download":176,"speed_upload":868,"download_content_length":-1,"upload_content_length":1419,"starttransfer_time":0.019784,"redirect_time":0,"redirect_url":"","primary_ip":"178.132.201.50","certinfo":[],"primary_port":443,"local_ip":"188.225.57.79","local_port":49984,"http_version":3,"protocol":2,"ssl_verifyresult":0,"scheme":"HTTPS","appconnect_time_us":19665,"connect_time_us":4455,"namelookup_time_us":1916,"pretransfer_time_us":19782,"redirect_time_us":0,"starttransfer_time_us":19784,"total_time_us":1634349},"params":{"method":"crm.lead.add","params":{"fields":{"UF_CRM_1449663065":"9600","SOURCE_ID":"CONFERENCE","ASSIGNED_BY_ID":58,"TITLE":"\u041a\u0443\u043f\u0438\u0442\u044c \u041b\u0438\u0441\u0442 \u041f\u041d\u0414 3000x1500x4 \u043c\u043c, \u0447\u0451\u0440\u043d\u044b\u0439","NAME":"\u0418\u043b\u044c\u044f","PHONE":[{"VALUE":"8 (919) 070-75-29","VALUE_TYPE":"WORK"}],"EMAIL":[{"VALUE":null,"VALUE_TYPE":"WORK"}],"COMMENTS":"","TRACE":"{\u0022url\u0022:\u0022https:\/\/tingerplast.ru\/listovoy-plastik-pnd\/list-pnd-3000x1500x4-mm-chyernyy\/\u0022,\u0022ref\u0022:\u0022https:\/\/yandex.ru\/\u0022,\u0022device\u0022:{\u0022isMobile\u0022:false},\u0022tags\u0022:{\u0022ts\u0022:1719922945,\u0022list\u0022:{},\u0022gclid\u0022:null},\u0022client\u0022:{\u0022yaId\u0022:\u00221719922946376896171\u0022},\u0022pages\u0022:{\u0022list\u0022:[[\u0022https:\/\/tingerplast.ru\/listovoy-plastik-pnd\/list-pnd-3000x1500x5-mm-chyernyy\/\u0022,1719922946,\u0022\u041b\u0438\u0441\u0442 \u041f\u041d\u0414 3000x1500x5 \u043c\u043c, \u0447\u0451\u0440\u043d\u044b\u0439\u0022],[\u0022https:\/\/tingerplast.ru\/listovoy-plastik-pnd\/list-pnd-3000x1500x4-mm-chyernyy\/\u0022,1719922959,\u0022\u041b\u0438\u0441\u0442 \u041f\u041d\u0414 3000x1500x4 \u043c\u043c, \u0447\u0451\u0440\u043d\u044b\u0439\u0022]]},\u0022gid\u0022:null,\u0022previous\u0022:{\u0022list\u0022:[]}}"}}},"result":{"result":524768,"time":{"start":1719923171.9025259,"finish":1719923173.4527431,"duration":1.5502171516418457,"processing":1.5203320980072021,"date_start":"2024-07-02T15:26:11+03:00","date_finish":"2024-07-02T15:26:13+03:00","operating_reset_at":1719923771,"operating":1.5202879905700684}}}