{"url":"https:\/\/tinger.bitrix24.ru\/rest\/190\/42tc2gxq8od2858i\/crm.lead.add.json","info":{"url":"https:\/\/tinger.bitrix24.ru\/rest\/190\/42tc2gxq8od2858i\/crm.lead.add.json","content_type":"application\/json; charset=utf-8","http_code":200,"header_size":1030,"request_size":207,"filetime":-1,"ssl_verify_result":0,"redirect_count":0,"total_time":3.558497,"namelookup_time":0.0022750000000000001,"connect_time":0.0051850000000000004,"pretransfer_time":0.063079999999999997,"size_upload":1669,"size_download":288,"speed_download":80,"speed_upload":469,"download_content_length":-1,"upload_content_length":1669,"starttransfer_time":0.063083,"redirect_time":0,"redirect_url":"","primary_ip":"178.132.201.51","certinfo":[],"primary_port":443,"local_ip":"188.225.57.79","local_port":46624,"http_version":3,"protocol":2,"ssl_verifyresult":0,"scheme":"HTTPS","appconnect_time_us":62943,"connect_time_us":5185,"namelookup_time_us":2275,"pretransfer_time_us":63080,"redirect_time_us":0,"starttransfer_time_us":63083,"total_time_us":3558497},"params":{"method":"crm.lead.add","params":{"fields":{"UF_CRM_1449663065":"16452","SOURCE_ID":98,"ASSIGNED_BY_ID":58,"TITLE":"\u0417\u0430\u043a\u0430\u0437\u0430\u0442\u044c \u0451\u043c\u043a\u043e\u0441\u0442\u044c","NAME":"\u043d\u0438\u043a\u043e\u043b\u0430\u0439","PHONE":[{"VALUE":"+7 (960) 551-10-30","VALUE_TYPE":"WORK"}],"EMAIL":[{"VALUE":null,"VALUE_TYPE":"WORK"}],"COMMENTS":"","TRACE":"{\u0022url\u0022:\u0022https:\/\/pt.tingerplast.ru\/?utm_source=yandex\u0026utm_medium=cpc\u0026utm_campaign=emkosti_mk_rf\u0026utm_content=14787090179\u0026utm_term=---autotargeting\u0026yclid=5967361089647731929\u0022,\u0022ref\u0022:\u0022https:\/\/yandex.ru\/games\/app\/210231\u0022,\u0022device\u0022:{\u0022isMobile\u0022:false},\u0022tags\u0022:{\u0022ts\u0022:1696936484,\u0022list\u0022:{\u0022utm_source\u0022:\u0022yandex\u0022,\u0022utm_medium\u0022:\u0022cpc\u0022,\u0022utm_campaign\u0022:\u0022emkosti_mk_rf\u0022,\u0022utm_content\u0022:\u002214787090179\u0022,\u0022utm_term\u0022:\u0022---autotargeting\u0022},\u0022gclid\u0022:null},\u0022client\u0022:{\u0022yaId\u0022:\u00221696936484746449875\u0022},\u0022pages\u0022:{\u0022list\u0022:[[\u0022https:\/\/pt.tingerplast.ru\/?utm_source=yandex\u0026utm_medium=cpc\u0026utm_campaign=emkosti_mk_rf\u0026utm_content=14787090179\u0026utm_term=---autotargeting\u0026yclid=5967361089647731929\u0022,1696936484,\u0022\u041f\u043b\u0430\u0441\u0442\u0438\u043a\u043e\u0432\u044b\u0435 \u0451\u043c\u043a\u043e\u0441\u0442\u0438 \u0431\u043e\u043b\u044c\u0448\u043e\u0433\u043e \u043e\u0431\u044a\u0451\u043c\u0430 \u043e\u0442 \u043f\u0022]]},\u0022gid\u0022:null,\u0022previous\u0022:{\u0022list\u0022:[]}}"}}},"result":{"result":476964,"time":{"start":1696936504.759654,"finish":1696936508.1289971,"duration":3.3693430423736572,"processing":3.3213520050048828,"date_start":"2023-10-10T14:15:04+03:00","date_finish":"2023-10-10T14:15:08+03:00","operating_reset_at":1696937104,"operating":15.438922166824341}}}