{"url":"https:\/\/tinger.bitrix24.ru\/rest\/190\/42tc2gxq8od2858i\/crm.lead.add.json","info":{"url":"https:\/\/tinger.bitrix24.ru\/rest\/190\/42tc2gxq8od2858i\/crm.lead.add.json","content_type":"application\/json; charset=utf-8","http_code":200,"header_size":1034,"request_size":207,"filetime":-1,"ssl_verify_result":0,"redirect_count":0,"total_time":2.788948,"namelookup_time":0.0083929999999999994,"connect_time":0.020355999999999999,"pretransfer_time":0.042258999999999998,"size_upload":1401,"size_download":287,"speed_download":102,"speed_upload":502,"download_content_length":-1,"upload_content_length":1401,"starttransfer_time":0.042262000000000001,"redirect_time":0,"redirect_url":"","primary_ip":"46.235.53.69","certinfo":[],"primary_port":443,"local_ip":"188.225.57.79","local_port":47504,"http_version":3,"protocol":2,"ssl_verifyresult":0,"scheme":"HTTPS","appconnect_time_us":42116,"connect_time_us":20356,"namelookup_time_us":8393,"pretransfer_time_us":42259,"redirect_time_us":0,"starttransfer_time_us":42262,"total_time_us":2788948},"params":{"method":"crm.lead.add","params":{"fields":{"NAME":"\u0410\u043b\u0435\u043a\u0441\u0430\u043d\u0434\u0440","PHONE":[{"VALUE":"+7 (914) 469-46-55","VALUE_TYPE":"WORK"}],"EMAIL":[{"VALUE":null,"VALUE_TYPE":"WORK"}],"COMMENTS":null,"TRACE":"{\u0022url\u0022:\u0022https:\/\/tinger.ru\/catalog\/perelomka\/\u0022,\u0022device\u0022:{\u0022isMobile\u0022:false},\u0022tags\u0022:{\u0022ts\u0022:1695972177,\u0022list\u0022:{},\u0022gclid\u0022:null},\u0022client\u0022:{\u0022gaId\u0022:\u0022129864801.1691992699\u0022,\u0022yaId\u0022:\u002216653658651036716957\u0022},\u0022pages\u0022:{\u0022list\u0022:[[\u0022https:\/\/tinger.ru\/pnevmodiski\/\u0022,1695972178,\u0022\u041f\u0440\u043e\u0438\u0437\u0432\u043e\u0434\u0441\u0442\u0432\u043e \u0434\u0438\u0441\u043a\u043e\u0432 \u0434\u043b\u044f \u0448\u0438\u043d \u043d\u0438\u0437\u043a\u043e\u0433\u043e \u0434\u0430\u0432\u043b\u0022],[\u0022https:\/\/tinger.ru\/catalog\/perelomka\/\u0022,1695972186,\u0022\u041a\u0443\u043f\u0438\u0442\u044c \u0432\u0435\u0437\u0434\u0435\u0445\u043e\u0434 \u043f\u0435\u0440\u0435\u043b\u043e\u043c\u043a\u0443 TINGER TF4 \u0432 \u0420\u0022]]},\u0022gid\u0022:null,\u0022previous\u0022:{\u0022list\u0022:[]}}","TITLE":"\u041a\u0443\u043f\u0438\u0442\u044c \u0432\u0435\u0437\u0434\u0435\u0445\u043e\u0434 TINGER TF4","UF_CRM_1449663065":64,"ASSIGNED_BY_ID":58,"SOURCE_ID":"WEB"}}},"result":{"result":473490,"time":{"start":1695972197.5047939,"finish":1695972200.18223,"duration":2.6774361133575439,"processing":2.6286671161651611,"date_start":"2023-09-29T10:23:17+03:00","date_finish":"2023-09-29T10:23:20+03:00","operating_reset_at":1695972797,"operating":5.2741880416870117}}}