{"url":"https:\/\/tinger.bitrix24.ru\/rest\/190\/42tc2gxq8od2858i\/crm.lead.add.json","info":{"url":"https:\/\/tinger.bitrix24.ru\/rest\/190\/42tc2gxq8od2858i\/crm.lead.add.json","content_type":"application\/json; charset=utf-8","http_code":200,"header_size":1034,"request_size":207,"filetime":-1,"ssl_verify_result":0,"redirect_count":0,"total_time":2.0748389999999999,"namelookup_time":0.001908,"connect_time":0.013082,"pretransfer_time":0.032599999999999997,"size_upload":1989,"size_download":288,"speed_download":138,"speed_upload":959,"download_content_length":-1,"upload_content_length":1989,"starttransfer_time":0.032603,"redirect_time":0,"redirect_url":"","primary_ip":"46.235.53.67","certinfo":[],"primary_port":443,"local_ip":"188.225.57.79","local_port":45222,"http_version":3,"protocol":2,"ssl_verifyresult":0,"scheme":"HTTPS","appconnect_time_us":32474,"connect_time_us":13082,"namelookup_time_us":1908,"pretransfer_time_us":32600,"redirect_time_us":0,"starttransfer_time_us":32603,"total_time_us":2074839},"params":{"method":"crm.lead.add","params":{"fields":{"UF_CRM_1449663065":14016,"SOURCE_ID":"CONFERENCE","ASSIGNED_BY_ID":58,"TITLE":"\u041f\u043e\u0437\u0432\u043e\u043d\u0438\u0442\u0435 \u043c\u043d\u0435","NAME":"\u041e\u043b\u044c\u0433\u0430","PHONE":[{"VALUE":"+7 (901) 547-81-49","VALUE_TYPE":"WORK"}],"EMAIL":[{"VALUE":null,"VALUE_TYPE":"WORK"}],"COMMENTS":"","TRACE":"{\u0022url\u0022:\u0022https:\/\/tingerplast.ru\/listovoy-plastik-pp\/list-pp-3000x1500x25-mm-naturalnyy\/\u0022,\u0022ref\u0022:\u0022https:\/\/yandex.ru\/\u0022,\u0022device\u0022:{\u0022isMobile\u0022:false},\u0022tags\u0022:{\u0022ts\u0022:1707810950,\u0022list\u0022:{},\u0022gclid\u0022:null},\u0022client\u0022:{\u0022yaId\u0022:\u00221707810951721950899\u0022},\u0022pages\u0022:{\u0022list\u0022:[[\u0022https:\/\/tingerplast.ru\/listovoy-plastik-pnd\/\u0022,1707810965,\u0022\u041b\u0438\u0441\u0442\u043e\u0432\u043e\u0439 \u043f\u043b\u0430\u0441\u0442\u0438\u043a \u041f\u041d\u0414\u0022],[\u0022https:\/\/tingerplast.ru\/contacts\/\u0022,1707811246,\u0022\u041a\u043e\u043d\u0442\u0430\u043a\u0442\u044b \u043a\u043e\u043c\u043f\u0430\u043d\u0438\u0438\u0022],[\u0022https:\/\/tingerplast.ru\/listovoy-plastik-pnd\/list-pnd-3000x1500x30-mm-naturalnyy\/\u0022,1707811258,\u0022\u041b\u0438\u0441\u0442 \u041f\u041d\u0414 3000x1500x30 \u043c\u043c, \u043d\u0430\u0442\u0443\u0440\u0430\u043b\u044c\u043d\u044b\u0439\u0022],[\u0022https:\/\/tingerplast.ru\/listovoy-plastik-pp\/\u0022,1707811310,\u0022\u041b\u0438\u0441\u0442\u043e\u0432\u043e\u0439 \u043f\u043b\u0430\u0441\u0442\u0438\u043a \u041f\u041f\u0022],[\u0022https:\/\/tingerplast.ru\/listovoy-plastik-pp\/list-pp-3000x1500x25-mm-naturalnyy\/\u0022,1707811335,\u0022\u041b\u0438\u0441\u0442 \u041f\u041f 3000x1500x25 \u043c\u043c, \u043d\u0430\u0442\u0443\u0440\u0430\u043b\u044c\u043d\u044b\u0439\u0022]]},\u0022gid\u0022:null,\u0022previous\u0022:{\u0022list\u0022:[]}}"}}},"result":{"result":496584,"time":{"start":1707811991.059741,"finish":1707811993.0242281,"duration":1.9644870758056641,"processing":1.9251821041107178,"date_start":"2024-02-13T11:13:11+03:00","date_finish":"2024-02-13T11:13:13+03:00","operating_reset_at":1707812591,"operating":1.9251608848571777}}}