{"url":"https:\/\/tinger.bitrix24.ru\/rest\/190\/42tc2gxq8od2858i\/crm.lead.add.json","info":{"url":"https:\/\/tinger.bitrix24.ru\/rest\/190\/42tc2gxq8od2858i\/crm.lead.add.json","content_type":"application\/json; charset=utf-8","http_code":200,"header_size":1028,"request_size":207,"filetime":-1,"ssl_verify_result":0,"redirect_count":0,"total_time":2.5439039999999999,"namelookup_time":0.0029139999999999999,"connect_time":0.0056740000000000002,"pretransfer_time":0.025892999999999999,"size_upload":1676,"size_download":289,"speed_download":113,"speed_upload":659,"download_content_length":-1,"upload_content_length":1676,"starttransfer_time":0.025898999999999998,"redirect_time":0,"redirect_url":"","primary_ip":"178.132.201.50","certinfo":[],"primary_port":443,"local_ip":"188.225.57.79","local_port":60694,"http_version":3,"protocol":2,"ssl_verifyresult":0,"scheme":"HTTPS","appconnect_time_us":25707,"connect_time_us":5674,"namelookup_time_us":2914,"pretransfer_time_us":25893,"redirect_time_us":0,"starttransfer_time_us":25899,"total_time_us":2543904},"params":{"method":"crm.lead.add","params":{"fields":{"NAME":"\u041f\u0435\u0442\u0440","PHONE":[{"VALUE":"+7 (906) 214-82-32","VALUE_TYPE":"WORK"}],"EMAIL":[{"VALUE":null,"VALUE_TYPE":"WORK"}],"COMMENTS":null,"TRACE":"{\u0022url\u0022:\u0022https:\/\/tingard.ru\/?roistat=direct14_context_13705809174_\u0026roistat_referrer=dzen.ru\u0026roistat_pos=none_0\u0026utm_source=yandex\u0026utm_medium=cpc\u0026utm_campaign=retarget\u0026utm_content=13705809174\u0026utm_term=\u0026yclid=6202289466358699117\u0022,\u0022ref\u0022:\u0022https:\/\/dzen.ru\/\u0022,\u0022device\u0022:{\u0022isMobile\u0022:true},\u0022tags\u0022:{\u0022ts\u0022:1697832659,\u0022list\u0022:{\u0022utm_source\u0022:\u0022yandex\u0022,\u0022utm_medium\u0022:\u0022cpc\u0022,\u0022utm_campaign\u0022:\u0022retarget\u0022,\u0022utm_content\u0022:\u002213705809174\u0022},\u0022gclid\u0022:null},\u0022client\u0022:{\u0022yaId\u0022:\u00221697832658963976390\u0022},\u0022pages\u0022:{\u0022list\u0022:[[\u0022https:\/\/tingard.ru\/?roistat=direct14_context_13705809174_\u0026roistat_referrer=dzen.ru\u0026roistat_pos=none_0\u0026utm_source=yandex\u0026utm_medium=cpc\u0026utm_campaign=retarget\u0026utm_content=13705809174\u0026utm_term=\u0026yclid=6202289466358699117\u0022,1697832660,\u0022TINGARD \u2014 \u0431\u0435\u0441\u0448\u043e\u0432\u043d\u044b\u0439 \u043f\u043b\u0430\u0441\u0442\u0438\u043a\u043e\u0432\u044b\u0439 \u043f\u043e\u0433\u0440\u0435\u0431 \u2116\u0022]]},\u0022gid\u0022:null,\u0022previous\u0022:{\u0022list\u0022:[]}}","TITLE":"\u0420\u0430\u0441\u0441\u0447\u0438\u0442\u0430\u0442\u044c \u0434\u043e\u0441\u0442\u0430\u0432\u043a\u0443","UF_CRM_1449663065":68,"ASSIGNED_BY_ID":58,"SOURCE_ID":9}}},"result":{"result":479558,"time":{"start":1697833446.9227321,"finish":1697833449.3688941,"duration":2.4461619853973389,"processing":2.4120991230010986,"date_start":"2023-10-20T23:24:06+03:00","date_finish":"2023-10-20T23:24:09+03:00","operating_reset_at":1697834046,"operating":4.9209461212158203}}}