{"url":"https:\/\/tinger.bitrix24.ru\/rest\/190\/42tc2gxq8od2858i\/crm.lead.add.json","info":{"url":"https:\/\/tinger.bitrix24.ru\/rest\/190\/42tc2gxq8od2858i\/crm.lead.add.json","content_type":"application\/json; charset=utf-8","http_code":200,"header_size":1030,"request_size":207,"filetime":-1,"ssl_verify_result":0,"redirect_count":0,"total_time":1.799377,"namelookup_time":0.014449,"connect_time":0.023120000000000002,"pretransfer_time":0.039426000000000003,"size_upload":1860,"size_download":288,"speed_download":160,"speed_upload":1033,"download_content_length":-1,"upload_content_length":1860,"starttransfer_time":0.039428999999999999,"redirect_time":0,"redirect_url":"","primary_ip":"89.208.228.119","certinfo":[],"primary_port":443,"local_ip":"188.225.57.79","local_port":42220,"http_version":3,"protocol":2,"ssl_verifyresult":0,"scheme":"HTTPS","appconnect_time_us":39323,"connect_time_us":23120,"namelookup_time_us":14449,"pretransfer_time_us":39426,"redirect_time_us":0,"starttransfer_time_us":39429,"total_time_us":1799377},"params":{"method":"crm.lead.add","params":{"fields":{"NAME":"\u0430\u043d\u0434\u0440\u0435\u0439","PHONE":[{"VALUE":"+7 (987) 829-52-17","VALUE_TYPE":"WORK"}],"TRACE":"{\u0022url\u0022:\u0022https:\/\/tingard.ru\/?utm_source=yandex\u0026utm_medium=cpc\u0026utm_campaign=mk_rf\u0026utm_content=14460640497\u0026utm_term=---autotargeting\u0026roistat=direct14_context_89463958_rsMasterGroup_rsMasterBanner_---autotargeting\u0026yclid=4565148904417394687\u0022,\u0022ref\u0022:\u0022https:\/\/kultura-news.ru\/\u0022,\u0022device\u0022:{\u0022isMobile\u0022:false},\u0022tags\u0022:{\u0022ts\u0022:1744769543,\u0022list\u0022:{\u0022utm_source\u0022:\u0022yandex\u0022,\u0022utm_medium\u0022:\u0022cpc\u0022,\u0022utm_campaign\u0022:\u0022mk_rf\u0022,\u0022utm_content\u0022:\u002214460640497\u0022,\u0022utm_term\u0022:\u0022---autotargeting\u0022},\u0022gclid\u0022:null},\u0022client\u0022:{\u0022yaId\u0022:\u00221719221325100556226\u0022},\u0022pages\u0022:{\u0022list\u0022:[[\u0022https:\/\/tingard.ru\/?utm_source=yandex\u0026utm_medium=cpc\u0026utm_campaign=mk_rf\u0026utm_content=14460640497\u0026utm_term=---autotargeting\u0026roistat=direct14_context_89463958_rsMasterGroup_rsMasterBanner_---autotargeting\u0026yclid=4565148904417394687\u0022,1744769544,\u0022TINGARD \u2014 \u0431\u0435\u0441\u0448\u043e\u0432\u043d\u044b\u0439 \u043f\u043b\u0430\u0441\u0442\u0438\u043a\u043e\u0432\u044b\u0439 \u043f\u043e\u0433\u0440\u0435\u0431 \u2116\u0022]]},\u0022gid\u0022:null,\u0022previous\u0022:{\u0022list\u0022:[]}}","UF_CRM_1736853511":"1719221325100556226","UF_CRM_1736853555":"1719221325100556226","UF_CRM_1736853537":"1719221325100556226","UF_CRM_1517561552":"3636134","COMMENTS":null,"TITLE":"\u0417\u0430\u043a\u0430\u0437\u0430\u0442\u044c \u043f\u043e\u0433\u0440\u0435\u0431","UF_CRM_1449663065":68,"ASSIGNED_BY_ID":58,"SOURCE_ID":9}}},"result":{"result":590286,"time":{"start":1744769709.2541289,"finish":1744769710.9354479,"duration":1.681318998336792,"processing":1.6413319110870361,"date_start":"2025-04-16T05:15:09+03:00","date_finish":"2025-04-16T05:15:10+03:00","operating_reset_at":1744770309,"operating":1.6413102149963379}}}