{"url":"https:\/\/tinger.bitrix24.ru\/rest\/190\/42tc2gxq8od2858i\/crm.lead.add.json","info":{"url":"https:\/\/tinger.bitrix24.ru\/rest\/190\/42tc2gxq8od2858i\/crm.lead.add.json","content_type":"application\/json; charset=utf-8","http_code":200,"header_size":926,"request_size":207,"filetime":-1,"ssl_verify_result":0,"redirect_count":0,"total_time":2.3963030000000001,"namelookup_time":0.001944,"connect_time":0.013284000000000001,"pretransfer_time":0.034254,"size_upload":2575,"size_download":261,"speed_download":108,"speed_upload":1074,"download_content_length":-1,"upload_content_length":2575,"starttransfer_time":0.034257999999999997,"redirect_time":0,"redirect_url":"","primary_ip":"195.208.185.4","certinfo":[],"primary_port":443,"local_ip":"188.225.57.79","local_port":39474,"http_version":3,"protocol":2,"ssl_verifyresult":0,"scheme":"HTTPS","appconnect_time_us":34137,"connect_time_us":13284,"namelookup_time_us":1944,"pretransfer_time_us":34254,"redirect_time_us":0,"starttransfer_time_us":34258,"total_time_us":2396303},"params":{"method":"crm.lead.add","params":{"fields":{"NAME":"\u0421\u0435\u0440\u0433\u0435\u0439","PHONE":[{"VALUE":"+7 (914) 648-65-98","VALUE_TYPE":"WORK"}],"EMAIL":[{"VALUE":"serega_9598@mail.ru","VALUE_TYPE":"WORK"}],"TRACE":"{\u0022url\u0022:\u0022https:\/\/tinger.ru\/contacts\/\u0022,\u0022device\u0022:{\u0022isMobile\u0022:false},\u0022tags\u0022:{\u0022ts\u0022:1769511750,\u0022list\u0022:{},\u0022gclid\u0022:null},\u0022client\u0022:{\u0022gaId\u0022:\u00221837343336.1760538261\u0022,\u0022yaId\u0022:\u00221760538260722564790\u0022},\u0022pages\u0022:{\u0022list\u0022:[[\u0022https:\/\/tinger.ru\/parts\/tsilindr-tormoznoy-levyy\/\u0022,1765165401,\u0022\u0426\u0438\u043b\u0438\u043d\u0434\u0440 \u0442\u043e\u0440\u043c\u043e\u0437\u043d\u043e\u0439 \u043b\u0435\u0432\u044b\u0439\u0022],[\u0022https:\/\/tinger.ru\/parts\/tsilindr-tormoznoy-pravyy\/\u0022,1765165414,\u0022\u0426\u0438\u043b\u0438\u043d\u0434\u0440 \u0442\u043e\u0440\u043c\u043e\u0437\u043d\u043e\u0439 \u043f\u0440\u0430\u0432\u044b\u0439\u0022],[\u0022https:\/\/tinger.ru\/account\/\u0022,1769511750,\u0022\u041b\u0438\u0447\u043d\u044b\u0439 \u043a\u0430\u0431\u0438\u043d\u0435\u0442\u0022],[\u0022https:\/\/tinger.ru\/account\/order\/?filter_history=Y\u0022,1769511754,\u0022\u041c\u043e\u0438 \u0437\u0430\u043a\u0430\u0437\u044b\u0022],[\u0022https:\/\/tinger.ru\/contacts\/\u0022,1769511763,\u0022\u041a\u043e\u043d\u0442\u0430\u043a\u0442\u044b \u0433\u0440\u0443\u043f\u043f\u044b \u043a\u043e\u043c\u043f\u0430\u043d\u0438\u0439 TINGER\u0022]]},\u0022gid\u0022:null,\u0022previous\u0022:{\u0022list\u0022:[]}}","UF_CRM_1736853511":"1760538260722564790","UF_CRM_1736853555":"1760538260722564790","UF_CRM_1736853537":"1760538260722564790","UF_CRM_1517561552":"4057270","COMMENTS":"\u0417\u0434\u0440\u0430\u0432\u0441\u0442\u0432\u0443\u0439\u0442\u0435, \u043c\u043e\u0436\u043d\u043e \u043b\u0438 \u043e\u0442\u0434\u0435\u043b\u044c\u043d\u043e \u043f\u0440\u0438\u043e\u0431\u0440\u0435\u0441\u0442\u0438 \u043a\u043d\u043e\u043f\u043a\u0443 \u043e\u0431\u043e\u0433\u0440\u0435\u0432\u0430 \u043b\u043e\u0431\u043e\u0432\u043e\u0433\u043e \u0441\u0442\u0435\u043a\u043b\u0430?","TITLE":"\u0412\u043e\u043f\u0440\u043e\u0441\u044b, \u0437\u0430\u043c\u0435\u0447\u0430\u043d\u0438\u044f \u0438\u043b\u0438 \u043f\u0440\u0435\u0434\u043b\u043e\u0436\u0435\u043d\u0438\u044f","UF_CRM_1449663065":64,"ASSIGNED_BY_ID":58,"SOURCE_ID":"WEB"}}},"result":{"result":641764,"time":{"start":1769511852,"finish":1769511854.9863729,"duration":2.9863729476928711,"processing":2,"date_start":"2026-01-27T14:04:12+03:00","date_finish":"2026-01-27T14:04:14+03:00","operating_reset_at":1769512452,"operating":2.2636339664459229}}}