{"url":"https:\/\/tinger.bitrix24.ru\/rest\/190\/42tc2gxq8od2858i\/crm.lead.add.json","info":{"url":"https:\/\/tinger.bitrix24.ru\/rest\/190\/42tc2gxq8od2858i\/crm.lead.add.json","content_type":"application\/json; charset=utf-8","http_code":200,"header_size":1033,"request_size":207,"filetime":-1,"ssl_verify_result":0,"redirect_count":0,"total_time":1.553331,"namelookup_time":0.003705,"connect_time":0.013226999999999999,"pretransfer_time":0.030405999999999999,"size_upload":2336,"size_download":287,"speed_download":184,"speed_upload":1504,"download_content_length":-1,"upload_content_length":2336,"starttransfer_time":0.030408000000000001,"redirect_time":0,"redirect_url":"","primary_ip":"46.235.53.58","certinfo":[],"primary_port":443,"local_ip":"188.225.57.79","local_port":48390,"http_version":3,"protocol":2,"ssl_verifyresult":0,"scheme":"HTTPS","appconnect_time_us":30316,"connect_time_us":13227,"namelookup_time_us":3705,"pretransfer_time_us":30406,"redirect_time_us":0,"starttransfer_time_us":30408,"total_time_us":1553331},"params":{"method":"crm.lead.add","params":{"fields":{"NAME":"\u0412\u0438\u043a\u0442\u043e\u0440","PHONE":[{"VALUE":"+7 (935) 285-89-66","VALUE_TYPE":"WORK"}],"EMAIL":[{"VALUE":null,"VALUE_TYPE":"WORK"}],"TRACE":"{\u0022url\u0022:\u0022https:\/\/tinger.ru\/catalog\/perelomka\/?utm_source=yandex\u0026utm_medium=cpc\u0026utm_campaign=mk_ozk_tf4\u0026utm_content=16219855373\u0026utm_term=---autotargeting\u0026roistat=direct20_context_111795810_rsMasterGroup_rsMasterBanner_---autotargeting\u0026yclid=10831576280417173503\u0022,\u0022ref\u0022:\u0022https:\/\/yandex.ru\/games\/app\/349168?lang=ru\u0022,\u0022device\u0022:{\u0022isMobile\u0022:false},\u0022tags\u0022:{\u0022ts\u0022:1726803761,\u0022list\u0022:{\u0022utm_source\u0022:\u0022yandex\u0022,\u0022utm_medium\u0022:\u0022cpc\u0022,\u0022utm_campaign\u0022:\u0022mk_ozk_tf4\u0022,\u0022utm_content\u0022:\u002216219855373\u0022,\u0022utm_term\u0022:\u0022---autotargeting\u0022},\u0022gclid\u0022:null},\u0022client\u0022:{\u0022gaId\u0022:\u00221215793855.1726803707\u0022,\u0022yaId\u0022:\u00221726803707139382911\u0022},\u0022pages\u0022:{\u0022list\u0022:[[\u0022https:\/\/tinger.ru\/parts\/\u0022,1726803749,\u0022\u041a\u0430\u0442\u0430\u043b\u043e\u0433 \u043e\u0440\u0438\u0433\u0438\u043d\u0430\u043b\u044c\u043d\u044b\u0445 \u0437\u0430\u043f\u0447\u0430\u0441\u0442\u0435\u0439\u0022],[\u0022https:\/\/tinger.ru\/parts\/tinger-tf4\/\u0022,1726803757,\u0022\u0417\u0430\u043f\u0447\u0430\u0441\u0442\u0438 \u0434\u043b\u044f \u0432\u0435\u0437\u0434\u0435\u0445\u043e\u0434\u0430 TINGER TF4\u0022],[\u0022https:\/\/tinger.ru\/catalog\/perelomka\/?utm_source=yandex\u0026utm_medium=cpc\u0026utm_campaign=mk_ozk_tf4\u0026utm_content=16219855373\u0026utm_term=---autotargeting\u0026roistat=direct20_context_111795810_rsMasterGroup_rsMasterBanner_---autotargeting\u0026yclid=10831576280417173503\u0022,1726803762,\u0022\u041a\u0443\u043f\u0438\u0442\u044c \u0432\u0435\u0437\u0434\u0435\u0445\u043e\u0434 \u043f\u0435\u0440\u0435\u043b\u043e\u043c\u043a\u0443 TINGER TF4 \u0432 \u0420\u0022]]},\u0022gid\u0022:null,\u0022previous\u0022:{\u0022list\u0022:[]}}","UF_CRM_1517561552":"3729503","COMMENTS":null,"TITLE":"\u041a\u0443\u043f\u0438\u0442\u044c \u0432\u0435\u0437\u0434\u0435\u0445\u043e\u0434 TINGER TF4","UF_CRM_1449663065":64,"ASSIGNED_BY_ID":58,"SOURCE_ID":"WEB"}}},"result":{"result":550396,"time":{"start":1726803767.610558,"finish":1726803769.064743,"duration":1.4541850090026855,"processing":1.4237210750579834,"date_start":"2024-09-20T06:42:47+03:00","date_finish":"2024-09-20T06:42:49+03:00","operating_reset_at":1726804367,"operating":1.4236950874328613}}}