{"url":"https:\/\/tinger.bitrix24.ru\/rest\/190\/42tc2gxq8od2858i\/crm.lead.add.json","info":{"url":"https:\/\/tinger.bitrix24.ru\/rest\/190\/42tc2gxq8od2858i\/crm.lead.add.json","content_type":"application\/json; charset=utf-8","http_code":200,"header_size":1030,"request_size":207,"filetime":-1,"ssl_verify_result":0,"redirect_count":0,"total_time":1.1586369999999999,"namelookup_time":0.0025959999999999998,"connect_time":0.011098,"pretransfer_time":0.031405000000000002,"size_upload":2589,"size_download":286,"speed_download":246,"speed_upload":2235,"download_content_length":-1,"upload_content_length":2589,"starttransfer_time":0.031412000000000002,"redirect_time":0,"redirect_url":"","primary_ip":"217.16.18.181","certinfo":[],"primary_port":443,"local_ip":"188.225.57.79","local_port":56856,"http_version":3,"protocol":2,"ssl_verifyresult":0,"scheme":"HTTPS","appconnect_time_us":31248,"connect_time_us":11098,"namelookup_time_us":2596,"pretransfer_time_us":31405,"redirect_time_us":0,"starttransfer_time_us":31412,"total_time_us":1158637},"params":{"method":"crm.lead.add","params":{"fields":{"NAME":"\u0412\u041b\u0410\u0414\u0418\u041c\u0418\u0420","PHONE":[{"VALUE":"+7 (980) 335-23-09","VALUE_TYPE":"WORK"}],"TRACE":"{\u0022url\u0022:\u0022https:\/\/tingard.ru\/?utm_source=yandex\u0026utm_medium=cpc\u0026utm_campaign=mk_rf\u0026utm_content=14460640489\u0026utm_term=%D0%BF%D0%BB%D0%B0%D1%81%D1%82%D0%B8%D0%BA%D0%BE%D0%B2%D1%8B%D0%B9%20%D0%BF%D0%BE%D0%B3%D1%80%D0%B5%D0%B1\u0026roistat=direct14_context_89463958_rsMasterGroup_rsMasterBanner_%D0%BF%D0%BB%D0%B0%D1%81%D1%82%D0%B8%D0%BA%D0%BE%D0%B2%D1%8B%D0%B9%20%D0%BF%D0%BE%D0%B3%D1%80%D0%B5%D0%B1\u0026yclid=16820439195767537663\u0022,\u0022ref\u0022:\u0022https:\/\/dzen.ru\/\u0022,\u0022device\u0022:{\u0022isMobile\u0022:false},\u0022tags\u0022:{\u0022ts\u0022:1749283057,\u0022list\u0022:{\u0022utm_source\u0022:\u0022yandex\u0022,\u0022utm_medium\u0022:\u0022cpc\u0022,\u0022utm_campaign\u0022:\u0022mk_rf\u0022,\u0022utm_content\u0022:\u002214460640489\u0022,\u0022utm_term\u0022:\u0022\u043f\u043b\u0430\u0441\u0442\u0438\u043a\u043e\u0432\u044b\u0439 \u043f\u043e\u0433\u0440\u0435\u0431\u0022},\u0022gclid\u0022:null},\u0022client\u0022:{\u0022yaId\u0022:\u00221744188034946969632\u0022},\u0022pages\u0022:{\u0022list\u0022:[[\u0022https:\/\/tingard.ru\/?utm_source=yandex\u0026utm_medium=cpc\u0026utm_campaign=mk_rf\u0026utm_content=14460640489\u0026utm_term=%D0%BF%D0%BB%D0%B0%D1%81%D1%82%D0%B8%D0%BA%D0%BE%D0%B2%D1%8B%D0%B9%20%D0%BF%D0%BE%D0%B3%D1%80%D0%B5%D0%B1\u0026roistat=direct14_context_89463958_rsMasterGroup_rsMasterBanner_%D0%BF%D0%BB%D0%B0%D1%81%D1%82%D0%B8%D0%BA%D0%BE%D0%B2%D1%8B%D0%B9%20%D0%BF%D0%BE%D0%B3%D1%80%D0%B5%D0%B1\u0026yclid=16820439195767537663\u0022,1749283057,\u0022TINGARD \u2014 \u0431\u0435\u0441\u0448\u043e\u0432\u043d\u044b\u0439 \u043f\u043b\u0430\u0441\u0442\u0438\u043a\u043e\u0432\u044b\u0439 \u043f\u043e\u0433\u0440\u0435\u0431 \u2116\u0022]]},\u0022gid\u0022:null,\u0022previous\u0022:{\u0022list\u0022:[]}}","UF_CRM_1736853511":"1744188034946969632","UF_CRM_1736853555":"1744188034946969632","UF_CRM_1736853537":"1744188034946969632","UF_CRM_1517561552":"3662799","COMMENTS":null,"TITLE":"\u0417\u0430\u043a\u0430\u0437\u0430\u0442\u044c \u043f\u043e\u0433\u0440\u0435\u0431","UF_CRM_1449663065":68,"ASSIGNED_BY_ID":58,"SOURCE_ID":9}}},"result":{"result":601324,"time":{"start":1749283077.2820821,"finish":1749283078.3463609,"duration":1.0642788410186768,"processing":1.0242331027984619,"date_start":"2025-06-07T10:57:57+03:00","date_finish":"2025-06-07T10:57:58+03:00","operating_reset_at":1749283677,"operating":3.3372182846069336}}}