{"url":"https:\/\/tinger.bitrix24.ru\/rest\/190\/42tc2gxq8od2858i\/crm.lead.add.json","info":{"url":"https:\/\/tinger.bitrix24.ru\/rest\/190\/42tc2gxq8od2858i\/crm.lead.add.json","content_type":"application\/json; charset=utf-8","http_code":200,"header_size":1027,"request_size":207,"filetime":-1,"ssl_verify_result":0,"redirect_count":0,"total_time":1.9197660000000001,"namelookup_time":0.015835999999999999,"connect_time":0.018623000000000001,"pretransfer_time":0.029589000000000001,"size_upload":3548,"size_download":287,"speed_download":149,"speed_upload":1848,"download_content_length":-1,"upload_content_length":3548,"starttransfer_time":0.029593000000000001,"redirect_time":0,"redirect_url":"","primary_ip":"178.132.201.53","certinfo":[],"primary_port":443,"local_ip":"188.225.57.79","local_port":42964,"http_version":3,"protocol":2,"ssl_verifyresult":0,"scheme":"HTTPS","appconnect_time_us":29470,"connect_time_us":18623,"namelookup_time_us":15836,"pretransfer_time_us":29589,"redirect_time_us":0,"starttransfer_time_us":29593,"total_time_us":1919766},"params":{"method":"crm.lead.add","params":{"fields":{"NAME":"\u0430\u043b\u044c\u0431\u0438\u043d\u0430","PHONE":[{"VALUE":"+7 (910) 792-22-53","VALUE_TYPE":"WORK"}],"EMAIL":[{"VALUE":null,"VALUE_TYPE":"WORK"}],"TRACE":"{\u0022url\u0022:\u0022https:\/\/sale.tingard.ru\/?utm_source=yandex\u0026utm_medium=cpc\u0026utm_campaign=pogreba_rozn_new_lend_click\u0026utm_content=16219638566\u0026utm_term=---autotargeting\u0026roistat=direct14_search_16219638566_---autotargeting\u0026roistat_referrer=none\u0026roistat_pos=premium_4\u0026yclid=9074395735091314687\u0022,\u0022ref\u0022:\u0022https:\/\/ya.ru\/\u0022,\u0022device\u0022:{\u0022isMobile\u0022:false},\u0022tags\u0022:{\u0022ts\u0022:1718264833,\u0022list\u0022:{\u0022utm_source\u0022:\u0022yandex\u0022,\u0022utm_medium\u0022:\u0022cpc\u0022,\u0022utm_campaign\u0022:\u0022pogreba_rozn_new_lend_click\u0022,\u0022utm_content\u0022:\u002216219638566\u0022,\u0022utm_term\u0022:\u0022---autotargeting\u0022},\u0022gclid\u0022:null},\u0022client\u0022:{\u0022yaId\u0022:\u00221717494679303050784\u0022},\u0022pages\u0022:{\u0022list\u0022:[[\u0022https:\/\/sale.tingard.ru\/?utm_source=yandex\u0026utm_medium=cpc\u0026utm_campaign=pogreba_rozn_new_lend_click\u0026utm_content=16219638566\u0026utm_term=---autotargeting\u0026roistat=direct14_search_16219638566_---autotargeting\u0026roistat_referrer=none\u0026roistat_pos=premium_4\u0026yclid=9074395735091314687\u0022,1718264833,\u0022\u0411\u0435\u0441\u0448\u043e\u0432\u043d\u044b\u0435 \u043f\u043b\u0430\u0441\u0442\u0438\u043a\u043e\u0432\u044b\u0435 \u043f\u043e\u0433\u0440\u0435\u0431\u0430 TINGARD \u2014 \u0022]]},\u0022gid\u0022:null,\u0022previous\u0022:{\u0022list\u0022:[]}}","COMMENTS":"undefined\u003Cb\u003E\u0413\u0434\u0435 \u043f\u043b\u0430\u043d\u0438\u0440\u0443\u0435\u0442\u0435 \u0443\u0441\u0442\u0430\u043d\u0430\u0432\u043b\u0438\u0432\u0430\u0442\u044c \u043f\u043e\u0433\u0440\u0435\u0431?\u003C\/b\u003E \u043f\u043e\u0434 \u0431\u0435\u0441\u0435\u0434\u043a\u0443\/\u0433\u0430\u0440\u0430\u0436\u003Cbr\u003E\u003Cb\u003E\u041a\u0430\u043a\u043e\u0439 \u0443\u0440\u043e\u0432\u0435\u043d\u044c \u0433\u0440\u0443\u043d\u0442\u043e\u0432\u044b\u0445 \u0432\u043e\u0434 \u043d\u0430 \u0432\u0430\u0448\u0435\u043c \u0443\u0447\u0430\u0441\u0442\u043a\u0435?\u003C\/b\u003E \u043d\u0438\u0437\u043a\u0438\u0439\u003Cbr\u003E\u003Cb\u003E\u041a\u0430\u043a\u043e\u0439 \u043e\u0431\u044a\u0435\u043c \u0437\u0430\u0433\u043e\u0442\u043e\u0432\u043e\u043a \u043f\u043b\u0430\u043d\u0438\u0440\u0443\u0435\u0442\u0435 \u0445\u0440\u0430\u043d\u0438\u0442\u044c?\u003C\/b\u003E \u0434\u043e 100 \u0431\u0430\u043d\u043e\u043a \u0438 \u0434\u043e 8 \u044f\u0449\u0438\u043a\u043e\u0432\u003Cbr\u003E\u003Cb\u003E\u041a\u0442\u043e \u0431\u0443\u0434\u0435\u0442 \u0437\u0430\u043d\u0438\u043c\u0430\u0442\u044c\u0441\u044f \u0443\u0441\u0442\u0430\u043d\u043e\u0432\u043a\u043e\u0439 \u043f\u043e\u0433\u0440\u0435\u0431\u0430?\u003C\/b\u003E \u0441\u0442\u0440\u043e\u0438\u0442\u0435\u043b\u0438 \u043d\u0430 \u0443\u0447\u0430\u0441\u0442\u043a\u0435\u003Cbr\u003E\u003Cb\u003E\u041a\u043e\u0433\u0434\u0430 \u0432\u044b \u043f\u043b\u0430\u043d\u0438\u0440\u0443\u0435\u0442\u0435 \u043f\u0440\u0438\u043e\u0431\u0440\u0435\u0441\u0442\u0438 \u043f\u043e\u0433\u0440\u0435\u0431?\u003C\/b\u003E \u0432 \u0442\u0435\u0447\u0435\u043d\u0438\u0435 \u043c\u0435\u0441\u044f\u0446\u0430\u003Cbr\u003E","TITLE":"\u041f\u043e\u0434\u043e\u0431\u0440\u0430\u0442\u044c \u043f\u043e\u0433\u0440\u0435\u0431 (\u043a\u0432\u0438\u0437)","UF_CRM_1449663065":68,"ASSIGNED_BY_ID":58,"SOURCE_ID":85}}},"result":{"result":520518,"time":{"start":1718264950.2929201,"finish":1718264952.11234,"duration":1.8194198608398438,"processing":1.7863049507141113,"date_start":"2024-06-13T10:49:10+03:00","date_finish":"2024-06-13T10:49:12+03:00","operating_reset_at":1718265550,"operating":1.7862861156463623}}}