{"url":"https:\/\/tinger.bitrix24.ru\/rest\/190\/42tc2gxq8od2858i\/crm.lead.add.json","info":{"url":"https:\/\/tinger.bitrix24.ru\/rest\/190\/42tc2gxq8od2858i\/crm.lead.add.json","content_type":"application\/json; charset=utf-8","http_code":200,"header_size":926,"request_size":207,"filetime":-1,"ssl_verify_result":0,"redirect_count":0,"total_time":2.2281599999999999,"namelookup_time":0.035800999999999999,"connect_time":0.049947999999999999,"pretransfer_time":0.073551000000000005,"size_upload":4606,"size_download":261,"speed_download":117,"speed_upload":2067,"download_content_length":-1,"upload_content_length":4606,"starttransfer_time":0.073552999999999993,"redirect_time":0,"redirect_url":"","primary_ip":"46.235.53.67","certinfo":[],"primary_port":443,"local_ip":"188.225.57.79","local_port":46874,"http_version":3,"protocol":2,"ssl_verifyresult":0,"scheme":"HTTPS","appconnect_time_us":73467,"connect_time_us":49948,"namelookup_time_us":35801,"pretransfer_time_us":73551,"redirect_time_us":0,"starttransfer_time_us":73553,"total_time_us":2228160},"params":{"method":"crm.lead.add","params":{"fields":{"NAME":"\u0421\u0435\u0440\u0433\u0435\u0439","PHONE":[{"VALUE":"+7 (913) 924-39-97","VALUE_TYPE":"WORK"}],"EMAIL":[{"VALUE":"kainskinert@yandex.ru","VALUE_TYPE":"WORK"}],"TRACE":"{\u0022url\u0022:\u0022https:\/\/tingard.ru\/?utm_source=yandex\u0026utm_medium=cpc\u0026utm_campaign=mk_rf_kval\u0026utm_content=1900772303016972232\u0026utm_term=---autotargeting\u0026roistat=direct14_search_702036728_rsMasterGroup_rsMasterBanner_---autotargeting\u0026etext=2202.5BWhUwekNTpa7RT92uNaByseWVwVSWjaGMZf80ZLMQseIkv-5t86rvI4EGzVKCNmoc42zkuQVIv3MN2bJrhD5WcjS8esW6WJxNnvhJu6wzoDNlVWvEqXr_FXCj_DA-GQ41pnQuoz0htc3Av5wOFjpW5zbXhlaWxsZnZvbGducHM.b05298eed68c5528a1114d1b8576043cd8f8c991\u0026yclid=5860869124924637183\u0026ybaip=1\u0022,\u0022ref\u0022:\u0022https:\/\/yandex.ru\/search\/?text=%D0%BA%D1%83%D0%BF%D0%B8%D1%82%D1%8C+%D0%BF%D0%BB%D0%B0%D1%81%D1%82%D0%B8%D0%BA%D0%BE%D0%B2%D1%8B%D0%B9+%D0%BF%D0%BE%D0%B3%D1%80%D0%B5%D0%B1+%D0%B2+%D0%BD%D0%BE%D0%B2%D0%BE%D1%81%D0%B8%D0%B1%D0%B8%D1%80%D1%81%D0%BA%D0%B5+%D1%86%D0%B5%D0%BD%D0%B0+%D0%B8+%D1%84%D0%BE%D1%82%D0%BE\u0026clid=2270455\u0026banerid=6400000000%3A6732d7ed16ac68273abf9a4c\u0026win=467\u0026lr=20103\u0022,\u0022device\u0022:{\u0022isMobile\u0022:false},\u0022tags\u0022:{\u0022ts\u0022:1772533638,\u0022list\u0022:{\u0022utm_source\u0022:\u0022yandex\u0022,\u0022utm_medium\u0022:\u0022cpc\u0022,\u0022utm_campaign\u0022:\u0022mk_rf_kval\u0022,\u0022utm_content\u0022:\u00221900772303016972232\u0022,\u0022utm_term\u0022:\u0022---autotargeting\u0022},\u0022gclid\u0022:null},\u0022client\u0022:{\u0022yaId\u0022:\u00221772533636275395458\u0022},\u0022pages\u0022:{\u0022list\u0022:[[\u0022https:\/\/tingard.ru\/?utm_source=yandex\u0026utm_medium=cpc\u0026utm_campaign=mk_rf_kval\u0026utm_content=1900772303016972232\u0026utm_term=---autotargeting\u0026roistat=direct14_search_702036728_rsMasterGroup_rsMasterBanner_---autotargeting\u0026etext=2202.5BWhUwekNTpa7RT92uNaByseWVwVSWjaGMZf80ZLMQseIkv-5t86rvI4EGzVKCNmoc42zkuQVIv3MN2bJrhD5WcjS8esW6WJxNnvhJu6wzoDNlVWvEqXr_FXCj_DA-GQ41pnQuoz0htc3Av5wOFjpW5zbXhlaWxsZnZvbGducHM.b05298eed68c5528a1114d1b8576043cd8f8c991\u0026yclid=5860869124924637183\u0026ybaip=1\u0022,1772533638,\u0022TINGARD \u2014 \u0431\u0435\u0441\u0448\u043e\u0432\u043d\u044b\u0439 \u043f\u043b\u0430\u0441\u0442\u0438\u043a\u043e\u0432\u044b\u0439 \u043f\u043e\u0433\u0440\u0435\u0431 \u0441\u0022]]},\u0022gid\u0022:null,\u0022previous\u0022:{\u0022list\u0022:[]}}","UF_CRM_1736853511":"1772533636275395458","UF_CRM_1736853555":"1772533636275395458","UF_CRM_1736853537":"1772533636275395458","UF_CRM_1517561552":"3876340","COMMENTS":"\u003Cb\u003E\u0413\u0434\u0435 \u043f\u043b\u0430\u043d\u0438\u0440\u0443\u0435\u0442\u0435 \u0443\u0441\u0442\u0430\u043d\u0430\u0432\u043b\u0438\u0432\u0430\u0442\u044c \u043f\u043e\u0433\u0440\u0435\u0431?\u003C\/b\u003E \u043f\u043e\u0434 \u0434\u043e\u043c\u043e\u043c\u003Cbr\u003E\u003Cb\u003E\u041a\u0430\u043a\u043e\u0439 \u0443\u0440\u043e\u0432\u0435\u043d\u044c \u0433\u0440\u0443\u043d\u0442\u043e\u0432\u044b\u0445 \u0432\u043e\u0434 \u043d\u0430 \u0432\u0430\u0448\u0435\u043c \u0443\u0447\u0430\u0441\u0442\u043a\u0435?\u003C\/b\u003E \u0432\u044b\u0441\u043e\u043a\u0438\u0439\u003Cbr\u003E\u003Cb\u003E\u041f\u043e\u0434\u0431\u0435\u0440\u0438 \u043f\u043e\u0433\u0440\u0435\u0431 \u0437\u0430 30 \u0441\u0435\u043a\u0443\u043d\u0434\u003C\/b\u003E \u0434\u043e 200 \u0431\u0430\u043d\u043e\u043a \u0438 \u0434\u043e 20 \u044f\u0449\u0438\u043a\u043e\u0432\u003Cbr\u003E\u003Cb\u003E\u041a\u0442\u043e \u0431\u0443\u0434\u0435\u0442 \u0437\u0430\u043d\u0438\u043c\u0430\u0442\u044c\u0441\u044f \u0443\u0441\u0442\u0430\u043d\u043e\u0432\u043a\u043e\u0439 \u043f\u043e\u0433\u0440\u0435\u0431\u0430?\u003C\/b\u003E \u0441\u0430\u043c\u043e\u0441\u0442\u043e\u044f\u0442\u0435\u043b\u044c\u043d\u043e\u003Cbr\u003E\u003Cb\u003E\u041a\u043e\u0433\u0434\u0430 \u0432\u044b \u043f\u043b\u0430\u043d\u0438\u0440\u0443\u0435\u0442\u0435 \u043f\u0440\u0438\u043e\u0431\u0440\u0435\u0441\u0442\u0438 \u043f\u043e\u0433\u0440\u0435\u0431?\u003C\/b\u003E \u0432 \u0442\u0435\u0447\u0435\u043d\u0438\u0435 \u043c\u0435\u0441\u044f\u0446\u0430\u003Cbr\u003E","TITLE":"\u041f\u043e\u0434\u043e\u0431\u0440\u0430\u0442\u044c \u043f\u043e\u0433\u0440\u0435\u0431 (\u043a\u0432\u0438\u0437)","UF_CRM_1449663065":68,"ASSIGNED_BY_ID":58,"SOURCE_ID":9}}},"result":{"result":646432,"time":{"start":1772533724,"finish":1772533726.4988611,"duration":2.4988610744476318,"processing":2,"date_start":"2026-03-03T13:28:44+03:00","date_finish":"2026-03-03T13:28:46+03:00","operating_reset_at":1772534324,"operating":2.0572021007537842}}}