{"url":"https:\/\/tinger.bitrix24.ru\/rest\/190\/42tc2gxq8od2858i\/crm.lead.add.json","info":{"url":"https:\/\/tinger.bitrix24.ru\/rest\/190\/42tc2gxq8od2858i\/crm.lead.add.json","content_type":"application\/json; charset=utf-8","http_code":200,"header_size":1028,"request_size":207,"filetime":-1,"ssl_verify_result":0,"redirect_count":0,"total_time":2.0166050000000002,"namelookup_time":0.019352000000000001,"connect_time":0.021919999999999999,"pretransfer_time":0.034891999999999999,"size_upload":4505,"size_download":288,"speed_download":142,"speed_upload":2234,"download_content_length":-1,"upload_content_length":4505,"starttransfer_time":0.034911999999999999,"redirect_time":0,"redirect_url":"","primary_ip":"178.132.201.52","certinfo":[],"primary_port":443,"local_ip":"188.225.57.79","local_port":54700,"http_version":3,"protocol":2,"ssl_verifyresult":0,"scheme":"HTTPS","appconnect_time_us":34633,"connect_time_us":21920,"namelookup_time_us":19352,"pretransfer_time_us":34892,"redirect_time_us":0,"starttransfer_time_us":34912,"total_time_us":2016605},"params":{"method":"crm.lead.add","params":{"fields":{"NAME":"\u0410\u043d\u0434\u0440\u0435\u0439","PHONE":[{"VALUE":null,"VALUE_TYPE":"WORK"}],"EMAIL":[{"VALUE":"skrebtsov13@mail.ru","VALUE_TYPE":"WORK"}],"TRACE":"{\u0022url\u0022:\u0022https:\/\/tinger.ru\/configurator\/\u0022,\u0022device\u0022:{\u0022isMobile\u0022:false},\u0022tags\u0022:{\u0022ts\u0022:1705934142,\u0022list\u0022:{},\u0022gclid\u0022:null},\u0022client\u0022:{\u0022gaId\u0022:\u0022173807605.1616834115\u0022,\u0022yaId\u0022:\u00221616834114908763766\u0022},\u0022pages\u0022:{\u0022list\u0022:[[\u0022https:\/\/tinger.ru\/cookie-policy\/\u0022,1706674854,\u0022\u0421\u043e\u0433\u043b\u0430\u0441\u0438\u0435 \u043d\u0430 \u0438\u0441\u043f\u043e\u043b\u044c\u0437\u043e\u0432\u0430\u043d\u0438\u0435 \u0444\u0430\u0439\u043b\u043e\u0432 cookie\u0022],[\u0022https:\/\/tinger.ru\/\u0022,1707140073,\u0022\u0412\u0435\u0437\u0434\u0435\u0445\u043e\u0434\u044b \u0438 \u0431\u043e\u043b\u043e\u0442\u043e\u0445\u043e\u0434\u044b \u043e\u0442 \u043f\u0440\u043e\u0438\u0437\u0432\u043e\u0434\u0438\u0442\u0435\u043b\u044f \u0022],[\u0022https:\/\/tinger.ru\/thanks\/\u0022,1707140728,\u0022\u0421\u043f\u0430\u0441\u0438\u0431\u043e \u0437\u0430 \u0437\u0430\u044f\u0432\u043a\u0443\u0022],[\u0022https:\/\/tinger.ru\/catalog\/tinger-t\/\u0022,1707140741,\u0022\u041f\u0440\u0438\u0446\u0435\u043f\u044b \u0434\u043b\u044f \u0432\u0435\u0437\u0434\u0435\u0445\u043e\u0434\u043e\u0432 TINGER\u0022],[\u0022https:\/\/tinger.ru\/configurator\/\u0022,1707140748,\u0022\u041a\u043e\u043d\u0444\u0438\u0433\u0443\u0440\u0430\u0442\u043e\u0440 \u0432\u0435\u0437\u0434\u0435\u0445\u043e\u0434\u043d\u043e\u0439 \u0442\u0435\u0445\u043d\u0438\u043a\u0438\u0022]]},\u0022gid\u0022:null,\u0022previous\u0022:{\u0022list\u0022:[]}}","COMMENTS":"\u003Cb\u003E\u0412\u044b\u0431\u0440\u0430\u043d\u043d\u0430\u044f \u043c\u043e\u0434\u0435\u043b\u044c: \u003C\/b\u003E TINGER T\u003Cbr\u003E\u003Cb\u003E\u0412\u044b\u0431\u0440\u0430\u043d\u043d\u044b\u0435 \u043c\u043e\u0434\u0438\u0444\u0438\u043a\u0430\u0446\u0438\u044f \u0438 \u0434\u0432\u0438\u0433\u0430\u0442\u0435\u043b\u044c:\u003C\/b\u003E TS\u003Cbr\u003E\u003Cb\u003E\u0412\u044b\u0431\u0440\u0430\u043d\u043d\u044b\u0439 \u043f\u0430\u043a\u0435\u0442:\u003C\/b\u003E \u003Cbr\u003E\u003Cb\u003E\u0412\u044b\u0433\u043e\u0434\u0430 \u043e\u0442 \u043f\u0430\u043a\u0435\u0442\u0430:\u003C\/b\u003E 0 \u0440\u0443\u0431.\u003Cbr\u003E\u003Cb\u003E\u0412\u044b\u0431\u0440\u0430\u043d\u043d\u044b\u0439 \u0446\u0432\u0435\u0442:\u003C\/b\u003E \u003Cbr\u003E\u003Cb\u003E\u0412\u044b\u0431\u0440\u0430\u043d\u043d\u044b\u0435 \u043e\u043f\u0446\u0438\u0438:\u003C\/b\u003E\u003Cbr\u003E\u2014 \u041c\u044f\u0433\u043a\u0438\u0435 \u0441\u0438\u0434\u0435\u043d\u044c\u044f \u003Cbr\u003E\u2014 \u041a\u043e\u043c\u043f\u043b\u0435\u043a\u0442 \u0434\u043e\u043f\u043e\u043b\u043d\u0438\u0442\u0435\u043b\u044c\u043d\u044b\u0445 \u0441\u0438\u0434\u0435\u043d\u0438\u0439 \u0434\u043b\u044f \u0443\u0441\u0442\u0430\u043d\u043e\u0432\u043a\u0438 \u0441\u043f\u0430\u043b\u044c\u043d\u043e\u0433\u043e \u043c\u0435\u0441\u0442\u0430 \u003Cbr\u003E\u2014 \u0412\u044b\u0441\u043e\u043a\u0438\u0439 \u043a\u0430\u0440\u043a\u0430\u0441 \u0441 \u0436\u0451\u0441\u0442\u043a\u043e\u0439 \u043a\u0440\u044b\u0448\u0435\u0439 \u003Cbr\u003E\u2014 \u0422\u0435\u043d\u0442 \u0445\u043e\u0434\u043e\u0432\u043e\u0439 \u0434\u043b\u044f \u0432\u044b\u0441\u043e\u043a\u043e\u0433\u043e \u043a\u0430\u0440\u043a\u0430\u0441\u0430 \u003Cbr\u003E\u003Cb\u003E\u0411\u0430\u0437\u043e\u0432\u0430\u044f \u0441\u0442\u043e\u0438\u043c\u043e\u0441\u0442\u044c \u043c\u043e\u0434\u0435\u043b\u0438:\u003C\/b\u003E 139\u00a0000 \u0440\u0443\u0431.\u003Cbr\u003E\u003Cb\u003E\u0421\u0442\u043e\u0438\u043c\u043e\u0441\u0442\u044c \u0434\u043e\u043f\u043e\u043b\u043d\u0438\u0442\u0435\u043b\u044c\u043d\u043e\u0433\u043e \u043e\u0431\u043e\u0440\u0443\u0434\u043e\u0432\u0430\u043d\u0438\u044f:\u003C\/b\u003E 42\u00a0300 \u0440\u0443\u0431.\u003Cbr\u003E\u003Cb\u003E\u0418\u0442\u043e\u0433\u043e:\u003C\/b\u003E 181\u00a0300 \u0440\u0443\u0431.","TITLE":"\u0421\u043a\u043e\u043d\u0444\u0438\u0433\u0443\u0440\u0438\u0440\u043e\u0432\u0430\u043d\u043d\u044b\u0439 \u0432\u0435\u0437\u0434\u0435\u0445\u043e\u0434 (\u043a\u043b\u0438\u0435\u043d\u0442 \u043e\u0442\u043f\u0440\u0430\u0432\u0438\u043b \u043a\u043e\u043c\u043f\u043b\u0435\u043a\u0442\u0430\u0446\u0438\u044e \u0441\u0435\u0431\u0435 \u043d\u0430 email)","UF_CRM_1449663065":64,"ASSIGNED_BY_ID":58,"SOURCE_ID":"WEB"}}},"result":{"result":495058,"time":{"start":1707140847.077796,"finish":1707140848.9878781,"duration":1.9100821018218994,"processing":1.8691380023956299,"date_start":"2024-02-05T16:47:27+03:00","date_finish":"2024-02-05T16:47:28+03:00","operating_reset_at":1707141447,"operating":3.8980140686035156}}}