{"url":"https:\/\/tinger.bitrix24.ru\/rest\/190\/42tc2gxq8od2858i\/crm.lead.add.json","info":{"url":"https:\/\/tinger.bitrix24.ru\/rest\/190\/42tc2gxq8od2858i\/crm.lead.add.json","content_type":"application\/json; charset=utf-8","http_code":200,"header_size":1034,"request_size":207,"filetime":-1,"ssl_verify_result":0,"redirect_count":0,"total_time":1.5753200000000001,"namelookup_time":0.0092969999999999997,"connect_time":0.020458,"pretransfer_time":0.042720000000000001,"size_upload":3866,"size_download":286,"speed_download":181,"speed_upload":2454,"download_content_length":-1,"upload_content_length":3866,"starttransfer_time":0.042722999999999997,"redirect_time":0,"redirect_url":"","primary_ip":"46.235.53.67","certinfo":[],"primary_port":443,"local_ip":"188.225.57.79","local_port":44728,"http_version":3,"protocol":2,"ssl_verifyresult":0,"scheme":"HTTPS","appconnect_time_us":42583,"connect_time_us":20458,"namelookup_time_us":9297,"pretransfer_time_us":42720,"redirect_time_us":0,"starttransfer_time_us":42723,"total_time_us":1575320},"params":{"method":"crm.lead.add","params":{"fields":{"NAME":"\u0410\u0445\u0441\u0430\u043d ","PHONE":[{"VALUE":"+7 (927) 319-55-29","VALUE_TYPE":"WORK"}],"EMAIL":[{"VALUE":null,"VALUE_TYPE":"WORK"}],"TRACE":"{\u0022url\u0022:\u0022https:\/\/tingard.ru\/?roistat=direct14_context_16233427521_\u0026roistat_referrer=m.dzen.ru\u0026roistat_pos=none_0\u0026utm_source=yandex\u0026utm_medium=cpc\u0026utm_campaign=rsya-click\u0026utm_content=16233427521\u0026utm_term=m.dzen.ru\u0026yclid=4760454449140334591\u0022,\u0022ref\u0022:\u0022https:\/\/m.dzen.ru\/news\/story\/706f0626-dbbf-5558-bbbe-41ef0386ad3d?lang=ru\u0026fan=1\u0026t=1722966099\u0026persistent_id=2838962241\u0026cl4url=5f14319ef8502a7b035a615d1183d555\u0026story=110625e2-2989-5401-9e80-24ee2edbdbdf\u0022,\u0022device\u0022:{\u0022isMobile\u0022:true},\u0022tags\u0022:{\u0022ts\u0022:1722966882,\u0022list\u0022:{\u0022utm_source\u0022:\u0022yandex\u0022,\u0022utm_medium\u0022:\u0022cpc\u0022,\u0022utm_campaign\u0022:\u0022rsya-click\u0022,\u0022utm_content\u0022:\u002216233427521\u0022,\u0022utm_term\u0022:\u0022m.dzen.ru\u0022},\u0022gclid\u0022:null},\u0022client\u0022:{\u0022yaId\u0022:\u00221719332998872041279\u0022},\u0022pages\u0022:{\u0022list\u0022:[[\u0022https:\/\/tingard.ru\/?roistat=direct14_context_16233427521_\u0026roistat_referrer=m.dzen.ru\u0026roistat_pos=none_0\u0026utm_source=yandex\u0026utm_medium=cpc\u0026utm_campaign=rsya-click\u0026utm_content=16233427521\u0026utm_term=m.dzen.ru\u0026yclid=4760454449140334591\u0022,1722966883,\u0022TINGARD \u2014 \u0431\u0435\u0441\u0448\u043e\u0432\u043d\u044b\u0439 \u043f\u043b\u0430\u0441\u0442\u0438\u043a\u043e\u0432\u044b\u0439 \u043f\u043e\u0433\u0440\u0435\u0431 \u2116\u0022]]},\u0022gid\u0022:null,\u0022previous\u0022:{\u0022list\u0022:[{\u0022url\u0022:\u0022https:\/\/tingard.ru\/?roistat=direct14_context_16233427521_\u0026roistat_referrer=m.dzen.ru\u0026roistat_pos=none_0\u0026utm_source=yandex\u0026utm_medium=cpc\u0026utm_campaign=rsya-click\u0026utm_content=16233427521\u0026utm_term=m.dzen.ru\u0026yclid=4760454449140334591\u0022,\u0022ref\u0022:\u0022https:\/\/m.dzen.ru\/news\/story\/7c70182e-1fff-56d2-a4ee-87da0d7a1d77?lang=ru\u0026fan=1\u0026t=1722956955\u0026persistent_id=2838167660\u0026cl4url=f0e5312f1a7da089fc50b1d8555bd1df\u0026story=457753d5-8dae-5396-b641-fd1835ff2722\u0022,\u0022device\u0022:{\u0022isMobile\u0022:true},\u0022tags\u0022:{\u0022ts\u0022:1722957788,\u0022list\u0022:{\u0022utm_source\u0022:\u0022yandex\u0022,\u0022utm_medium\u0022:\u0022cpc\u0022,\u0022utm_campaign\u0022:\u0022rsya-click\u0022,\u0022utm_content\u0022:\u002216233427521\u0022,\u0022utm_term\u0022:\u0022m.dzen.ru\u0022},\u0022gclid\u0022:null},\u0022client\u0022:{\u0022yaId\u0022:\u00221719332998872041279\u0022},\u0022pages\u0022:{\u0022list\u0022:[[\u0022https:\/\/tingard.ru\/?roistat=direct14_context_16233427521_\u0026roistat_referrer=m.dzen.ru\u0026roistat_pos=none_0\u0026utm_source=yandex\u0026utm_medium=cpc\u0026utm_campaign=rsya-click\u0026utm_content=16233427521\u0026utm_term=m.dzen.ru\u0026yclid=15034605295544827903\u0022,1722957789,\u0022TINGARD \u2014 \u0431\u0435\u0441\u0448\u043e\u0432\u043d\u044b\u0439 \u043f\u043b\u0430\u0441\u0442\u0438\u043a\u043e\u0432\u044b\u0439 \u043f\u043e\u0433\u0440\u0435\u0431 \u2116\u0022],[\u0022https:\/\/tingard.ru\/\u0022,1722957811,\u0022TINGARD \u2014 \u0431\u0435\u0441\u0448\u043e\u0432\u043d\u044b\u0439 \u043f\u043b\u0430\u0441\u0442\u0438\u043a\u043e\u0432\u044b\u0439 \u043f\u043e\u0433\u0440\u0435\u0431 \u2116\u0022],[\u0022https:\/\/tingard.ru\/thanks\/\u0022,1722959592,\u0022\u0421\u043f\u0430\u0441\u0438\u0431\u043e \u0437\u0430 \u0437\u0430\u044f\u0432\u043a\u0443\u0022]]},\u0022gid\u0022:null}]}}","UF_CRM_1517561552":"3386543","COMMENTS":null,"TITLE":"\u0417\u0430\u043a\u0430\u0437\u0430\u0442\u044c \u043f\u043e\u0433\u0440\u0435\u0431","UF_CRM_1449663065":68,"ASSIGNED_BY_ID":58,"SOURCE_ID":9}}},"result":{"result":536044,"time":{"start":1722966951.701247,"finish":1722966953.139009,"duration":1.4377620220184326,"processing":1.406998872756958,"date_start":"2024-08-06T20:55:51+03:00","date_finish":"2024-08-06T20:55:53+03:00","operating_reset_at":1722967551,"operating":1.4069600105285645}}}