{"url":"https:\/\/tinger.bitrix24.ru\/rest\/190\/42tc2gxq8od2858i\/crm.lead.add.json","info":{"url":"https:\/\/tinger.bitrix24.ru\/rest\/190\/42tc2gxq8od2858i\/crm.lead.add.json","content_type":"application\/json; charset=utf-8","http_code":200,"header_size":1030,"request_size":207,"filetime":-1,"ssl_verify_result":0,"redirect_count":0,"total_time":7.3204719999999996,"namelookup_time":0.00192,"connect_time":0.011270000000000001,"pretransfer_time":0.029870000000000001,"size_upload":1532,"size_download":288,"speed_download":39,"speed_upload":209,"download_content_length":-1,"upload_content_length":1532,"starttransfer_time":0.029873,"redirect_time":0,"redirect_url":"","primary_ip":"95.163.249.170","certinfo":[],"primary_port":443,"local_ip":"188.225.57.79","local_port":53698,"http_version":3,"protocol":2,"ssl_verifyresult":0,"scheme":"HTTPS","appconnect_time_us":29758,"connect_time_us":11270,"namelookup_time_us":1920,"pretransfer_time_us":29870,"redirect_time_us":0,"starttransfer_time_us":29873,"total_time_us":7320472},"params":{"method":"crm.lead.add","params":{"fields":{"NAME":"\u041e\u043b\u0435\u0433","PHONE":[{"VALUE":"+7 (921) 722-75-32","VALUE_TYPE":"WORK"}],"EMAIL":[{"VALUE":null,"VALUE_TYPE":"WORK"}],"COMMENTS":"+79217227532  \u041e\u043b\u0435\u0433.  \u041d\u0443\u0436\u0435\u043d \u043f\u043e\u0433\u0440\u0435\u0431 2 \u043d\u0430 3, \u0418\u043d\u0442\u0435\u0440\u0435\u0441\u0443\u0435\u0442 \u0446\u0435\u043d\u0430, \u0434\u043e\u0441\u0442\u0430\u0432\u043a\u0430. \u041f\u0440\u043e\u0441\u0438\u043b \u0441\u043a\u0438\u043d\u0443\u0442\u044c \u0438\u043d\u0444\u043e\u0440\u043c\u0430\u0446\u0438\u044e\u00a0\u043d\u0430\u00a0\u0432\u043e\u0442\u0441\u0430\u043f.\r\nhttps:\/\/app.uiscom.ru\/system\/media\/talk\/3116243802\/5d42e98599172bb37819829ff0545540\/","TRACE":"{\u0022url\u0022:\u0022https:\/\/tinger.ru\/form\/\u0022,\u0022ref\u0022:\u0022https:\/\/www.google.com\/\u0022,\u0022device\u0022:{\u0022isMobile\u0022:false},\u0022tags\u0022:{\u0022ts\u0022:1689766015,\u0022list\u0022:{},\u0022gclid\u0022:null},\u0022client\u0022:{\u0022gaId\u0022:\u0022778173980.1689174814\u0022,\u0022yaId\u0022:\u00221682598299332981596\u0022},\u0022pages\u0022:{\u0022list\u0022:[[\u0022https:\/\/tinger.ru\/form\/\u0022,1690357929,\u0022\u0424\u043e\u0440\u043c\u0430\u0022]]},\u0022gid\u0022:null,\u0022previous\u0022:{\u0022list\u0022:[]}}","TITLE":"\u0417\u0430\u044f\u0432\u043a\u0430 \u043e\u0442 \u041a\u0426","UF_CRM_1449663065":68,"ASSIGNED_BY_ID":58,"SOURCE_ID":"102"}}},"result":{"result":459046,"time":{"start":1690360022.133585,"finish":1690360029.3637619,"duration":7.2301769256591797,"processing":7.1779961585998535,"date_start":"2023-07-26T11:27:02+03:00","date_finish":"2023-07-26T11:27:09+03:00","operating_reset_at":1690360622,"operating":7.1779689788818359}}}