{"url":"https:\/\/tinger.bitrix24.ru\/rest\/190\/42tc2gxq8od2858i\/crm.lead.add.json","info":{"url":"https:\/\/tinger.bitrix24.ru\/rest\/190\/42tc2gxq8od2858i\/crm.lead.add.json","content_type":"application\/json; charset=utf-8","http_code":200,"header_size":1030,"request_size":207,"filetime":-1,"ssl_verify_result":0,"redirect_count":0,"total_time":1.0791580000000001,"namelookup_time":0.019397000000000001,"connect_time":0.028797,"pretransfer_time":0.045275000000000003,"size_upload":3388,"size_download":291,"speed_download":269,"speed_upload":3139,"download_content_length":-1,"upload_content_length":3388,"starttransfer_time":0.045276999999999998,"redirect_time":0,"redirect_url":"","primary_ip":"95.163.249.170","certinfo":[],"primary_port":443,"local_ip":"188.225.57.79","local_port":35150,"http_version":3,"protocol":2,"ssl_verifyresult":0,"scheme":"HTTPS","appconnect_time_us":45186,"connect_time_us":28797,"namelookup_time_us":19397,"pretransfer_time_us":45275,"redirect_time_us":0,"starttransfer_time_us":45277,"total_time_us":1079158},"params":{"method":"crm.lead.add","params":{"fields":{"NAME":"\u041e\u043a\u0441\u0430\u043d\u0430","PHONE":[{"VALUE":"8 (937) 340-00-23","VALUE_TYPE":"WORK"}],"EMAIL":[{"VALUE":null,"VALUE_TYPE":"WORK"}],"TRACE":"{\u0022url\u0022:\u0022https:\/\/tingard.ru\/?utm_source=yandex\u0026utm_medium=cpc\u0026utm_campaign=rsya-click\u0026utm_content=16225516161\u0026utm_term=dadyaminer69.ru\u0026roistat=direct14_context_16225516161_%D1%82%D0%BE%D0%BF%D0%B0%D1%81\u0026roistat_referrer=dadyaminer69.ru\u0026roistat_pos=none_0\u0026yclid=16650772248751243263\u0022,\u0022device\u0022:{\u0022isMobile\u0022:true},\u0022tags\u0022:{\u0022ts\u0022:1724567917,\u0022list\u0022:{\u0022utm_source\u0022:\u0022yandex\u0022,\u0022utm_medium\u0022:\u0022cpc\u0022,\u0022utm_campaign\u0022:\u0022rsya-click\u0022,\u0022utm_content\u0022:\u002216225516161\u0022,\u0022utm_term\u0022:\u0022dadyaminer69.ru\u0022},\u0022gclid\u0022:null},\u0022client\u0022:{\u0022yaId\u0022:\u00221724522356445642444\u0022},\u0022pages\u0022:{\u0022list\u0022:[[\u0022https:\/\/tingard.ru\/?utm_source=yandex\u0026utm_medium=cpc\u0026utm_campaign=rsya-click\u0026utm_content=16225516161\u0026utm_term=dadyaminer69.ru\u0026roistat=direct14_context_16225516161_%D1%82%D0%BE%D0%BF%D0%B0%D1%81\u0026roistat_referrer=dadyaminer69.ru\u0026roistat_pos=none_0\u0026yclid=16650772248751243263\u0022,1724567918,\u0022TINGARD \u2014 \u0431\u0435\u0441\u0448\u043e\u0432\u043d\u044b\u0439 \u043f\u043b\u0430\u0441\u0442\u0438\u043a\u043e\u0432\u044b\u0439 \u043f\u043e\u0433\u0440\u0435\u0431 \u2116\u0022]]},\u0022gid\u0022:null,\u0022previous\u0022:{\u0022list\u0022:[{\u0022url\u0022:\u0022https:\/\/tingard.ru\/?utm_source=yandex\u0026utm_medium=cpc\u0026utm_campaign=rsya-click\u0026utm_content=16225516161\u0026utm_term=dadyaminer69.ru\u0026roistat=direct14_context_16225516161_%D1%82%D0%BE%D0%BF%D0%B0%D1%81\u0026roistat_referrer=dadyaminer69.ru\u0026roistat_pos=none_0\u0026yclid=16650772248751243263\u0022,\u0022ref\u0022:\u0022https:\/\/dadyaminer69.ru\/\u0022,\u0022device\u0022:{\u0022isMobile\u0022:true},\u0022tags\u0022:{\u0022ts\u0022:1724522355,\u0022list\u0022:{\u0022utm_source\u0022:\u0022yandex\u0022,\u0022utm_medium\u0022:\u0022cpc\u0022,\u0022utm_campaign\u0022:\u0022rsya-click\u0022,\u0022utm_content\u0022:\u002216233427522\u0022,\u0022utm_term\u0022:\u0022dadyaminer69.ru\u0022},\u0022gclid\u0022:null},\u0022client\u0022:{\u0022yaId\u0022:32216254},\u0022pages\u0022:{\u0022list\u0022:[[\u0022https:\/\/tingard.ru\/?utm_source=yandex\u0026utm_medium=cpc\u0026utm_campaign=rsya-click\u0026utm_content=16233427522\u0026utm_term=dadyaminer69.ru\u0026roistat=direct14_context_16233427522_%D0%BA%D0%B0%D0%BF%D0%B5%D0%BB%D1%8C%D0%BD%D0%B8%D1%86%D1%8B%20%D0%B4%D0%BB%D1%8F%20%D0%BF%D0%BE%D0%BB%D0%B8%D0%B2%D0%B0\u0026roistat_referrer=dadyaminer69.ru\u0026roistat_pos=none_0\u0026yclid=16076781744197206015\u0022,1724522356,\u0022TINGARD \u2014 \u0431\u0435\u0441\u0448\u043e\u0432\u043d\u044b\u0439 \u043f\u043b\u0430\u0441\u0442\u0438\u043a\u043e\u0432\u044b\u0439 \u043f\u043e\u0433\u0440\u0435\u0431 \u2116\u0022]]},\u0022gid\u0022:null}]}}","UF_CRM_1517561552":"3418097","COMMENTS":null,"TITLE":"\u0417\u0430\u043a\u0430\u0437\u0430\u0442\u044c \u043f\u043e\u0433\u0440\u0435\u0431","UF_CRM_1449663065":68,"ASSIGNED_BY_ID":58,"SOURCE_ID":9}}},"result":{"result":541338,"time":{"start":1724567966.275454,"finish":1724567967.2439029,"duration":0.96844887733459473,"processing":0.93947982788085938,"date_start":"2024-08-25T09:39:26+03:00","date_finish":"2024-08-25T09:39:27+03:00","operating_reset_at":1724568566,"operating":0.93923711776733398}}}