{"url":"https:\/\/tinger.bitrix24.ru\/rest\/190\/42tc2gxq8od2858i\/crm.lead.add.json","info":{"url":"https:\/\/tinger.bitrix24.ru\/rest\/190\/42tc2gxq8od2858i\/crm.lead.add.json","content_type":"application\/json; charset=utf-8","http_code":200,"header_size":1027,"request_size":207,"filetime":-1,"ssl_verify_result":0,"redirect_count":0,"total_time":2.3538220000000001,"namelookup_time":0.041124000000000001,"connect_time":0.042569000000000003,"pretransfer_time":0.056964000000000001,"size_upload":2550,"size_download":289,"speed_download":122,"speed_upload":1083,"download_content_length":-1,"upload_content_length":2550,"starttransfer_time":0.056966000000000003,"redirect_time":0,"redirect_url":"","primary_ip":"178.132.201.51","certinfo":[],"primary_port":443,"local_ip":"188.225.57.79","local_port":57914,"http_version":3,"protocol":2,"ssl_verifyresult":0,"scheme":"HTTPS","appconnect_time_us":56852,"connect_time_us":42569,"namelookup_time_us":41124,"pretransfer_time_us":56964,"redirect_time_us":0,"starttransfer_time_us":56966,"total_time_us":2353822},"params":{"method":"crm.lead.add","params":{"fields":{"NAME":"\u042e\u0440\u0438\u0439","PHONE":[{"VALUE":null,"VALUE_TYPE":"WORK"}],"EMAIL":[{"VALUE":"101@specoborona.ru","VALUE_TYPE":"WORK"}],"COMMENTS":"\u0417\u0434\u0440\u0430\u0432\u0441\u0442\u0432\u0443\u0439\u0442\u0435. \u041c\u0435\u043d\u044f \u0437\u043e\u0432\u0443\u0442 \u042e\u0440\u0438\u0439 \u041b\u0430\u043f\u0438\u043d,  \u044f \u0433\u0435\u043d\u0435\u0440\u0430\u043b\u044c\u043d\u044b\u0439 \u0434\u0438\u0440\u0435\u043a\u0442\u043e\u0440 \u043a\u043e\u043c\u043f\u0430\u043d\u0438\u0438 \u0421\u041f\u0415\u0426\u041e\u0411\u041e\u0420\u041e\u041d\u0410\u00ae, \u0434\u043b\u044f \u0440\u0435\u0430\u043b\u0438\u0437\u0430\u0446\u0438\u0438 \u043d\u0430\u0448\u0435\u0433\u043e \u043f\u0440\u043e\u0435\u043a\u0442\u0430 \u043c\u044b 2\u0433\u043e\u0434\u0430 \u043d\u0430\u0437\u0430\u0434 \u043a\u0443\u043f\u0438\u043b\u0438 \u0432\u0430\u0448 \u043f\u043e\u0433\u0440\u0435\u0431. \u0423 \u043d\u0430\u0441 \u043f\u043e\u043b\u0443\u0447\u0438\u043b\u043e\u0441\u044c. \u0425\u043e\u0442\u0438\u043c \u0443\u0432\u0435\u043b\u0438\u0447\u0438\u0442\u044c \u0432\u0430\u0448\u0438 \u043f\u0440\u043e\u0434\u0430\u0436\u0438 \u0438 \u043f\u0440\u0435\u0434\u043b\u043e\u0436\u0438\u0442\u044c \u0432\u0437\u0430\u0438\u043c\u043e\u0432\u044b\u0433\u043e\u0434\u043d\u043e\u0435 \u0441\u043e\u0442\u0440\u0443\u0434\u043d\u0438\u0447\u0435\u0441\u0442\u0432\u043e. ","TRACE":"{\u0022url\u0022:\u0022https:\/\/tingard.ru\/thanks\/\u0022,\u0022ref\u0022:\u0022https:\/\/www.google.com\/\u0022,\u0022device\u0022:{\u0022isMobile\u0022:false},\u0022tags\u0022:{\u0022ts\u0022:1702577387,\u0022list\u0022:{},\u0022gclid\u0022:null},\u0022client\u0022:{\u0022yaId\u0022:\u00221674767151328483118\u0022},\u0022pages\u0022:{\u0022list\u0022:[[\u0022https:\/\/tingard.ru\/\u0022,1702577408,\u0022TINGARD \u2014 \u0431\u0435\u0441\u0448\u043e\u0432\u043d\u044b\u0439 \u043f\u043b\u0430\u0441\u0442\u0438\u043a\u043e\u0432\u044b\u0439 \u043f\u043e\u0433\u0440\u0435\u0431 \u2116\u0022],[\u0022https:\/\/tingard.ru\/thanks\/\u0022,1702577730,\u0022\u0421\u043f\u0430\u0441\u0438\u0431\u043e \u0437\u0430 \u0437\u0430\u044f\u0432\u043a\u0443\u0022]]},\u0022gid\u0022:null,\u0022previous\u0022:{\u0022list\u0022:[]}}","TITLE":"\u0421\u0432\u044f\u0437\u0430\u0442\u044c\u0441\u044f \u0441 \u043f\u0440\u043e\u0438\u0437\u0432\u043e\u0434\u0438\u0442\u0435\u043b\u0435\u043c","UF_CRM_1449663065":68,"ASSIGNED_BY_ID":58,"SOURCE_ID":9}}},"result":{"result":488198,"time":{"start":1702578266.6334939,"finish":1702578268.8662181,"duration":2.2327241897583008,"processing":2.1851599216461182,"date_start":"2023-12-14T21:24:26+03:00","date_finish":"2023-12-14T21:24:28+03:00","operating_reset_at":1702578866,"operating":4.3905708789825439}}}