{"url":"https:\/\/tinger.bitrix24.ru\/rest\/190\/42tc2gxq8od2858i\/crm.lead.add.json","info":{"url":"https:\/\/tinger.bitrix24.ru\/rest\/190\/42tc2gxq8od2858i\/crm.lead.add.json","content_type":"application\/json; charset=utf-8","http_code":200,"header_size":1034,"request_size":207,"filetime":-1,"ssl_verify_result":0,"redirect_count":0,"total_time":3.2051319999999999,"namelookup_time":0.01319,"connect_time":0.025241,"pretransfer_time":0.049384999999999998,"size_upload":1243,"size_download":287,"speed_download":89,"speed_upload":387,"download_content_length":-1,"upload_content_length":1243,"starttransfer_time":0.049387,"redirect_time":0,"redirect_url":"","primary_ip":"46.235.53.67","certinfo":[],"primary_port":443,"local_ip":"188.225.57.79","local_port":38922,"http_version":3,"protocol":2,"ssl_verifyresult":0,"scheme":"HTTPS","appconnect_time_us":49266,"connect_time_us":25241,"namelookup_time_us":13190,"pretransfer_time_us":49385,"redirect_time_us":0,"starttransfer_time_us":49387,"total_time_us":3205132},"params":{"method":"crm.lead.add","params":{"fields":{"NAME":"\u041f\u043e\u043b\u0438\u043d\u0430 \u041f\u0430\u0445\u0430\u043b\u0443\u0435\u0432\u0430 ","PHONE":[{"VALUE":"+7 (914) 503-93-31","VALUE_TYPE":"WORK"}],"EMAIL":[{"VALUE":null,"VALUE_TYPE":"WORK"}],"TRACE":"{\u0022url\u0022:\u0022https:\/\/tinger.ru\/catalog\/perelomka\/?utm_source=yandex\u0026utm_medium=cpc\u0026utm_campaign=mk_click_tf4\u0026utm_content=15450801277\u0026utm_term=---autotargeting\u0026yclid=4735150554799931391\u0022,\u0022device\u0022:{\u0022isMobile\u0022:true},\u0022tags\u0022:{\u0022ts\u0022:1711369534,\u0022list\u0022:{\u0022utm_source\u0022:\u0022yandex\u0022,\u0022utm_medium\u0022:\u0022cpc\u0022,\u0022utm_campaign\u0022:\u0022mk_click_tf4\u0022,\u0022utm_content\u0022:\u002215450801277\u0022,\u0022utm_term\u0022:\u0022---autotargeting\u0022},\u0022gclid\u0022:null},\u0022client\u0022:{\u0022gaId\u0022:\u0022269430719.1711369376\u0022,\u0022yaId\u0022:\u00221711369377985934074\u0022},\u0022pages\u0022:{\u0022list\u0022:null},\u0022gid\u0022:null,\u0022previous\u0022:{\u0022list\u0022:[]}}","COMMENTS":null,"TITLE":"\u041a\u0443\u043f\u0438\u0442\u044c \u043f\u0435\u0440\u0435\u043b\u043e\u043c\u043a\u0443 TINGER","UF_CRM_1449663065":64,"ASSIGNED_BY_ID":58,"SOURCE_ID":"WEB"}}},"result":{"result":503086,"time":{"start":1711369580.845403,"finish":1711369583.891479,"duration":3.0460760593414307,"processing":2.9885261058807373,"date_start":"2024-03-25T15:26:20+03:00","date_finish":"2024-03-25T15:26:23+03:00","operating_reset_at":1711370180,"operating":2.9884870052337646}}}