{"url":"https:\/\/tinger.bitrix24.ru\/rest\/190\/42tc2gxq8od2858i\/crm.lead.add.json","info":{"url":"https:\/\/tinger.bitrix24.ru\/rest\/190\/42tc2gxq8od2858i\/crm.lead.add.json","content_type":"application\/json; charset=utf-8","http_code":200,"header_size":1030,"request_size":207,"filetime":-1,"ssl_verify_result":0,"redirect_count":0,"total_time":2.0567869999999999,"namelookup_time":0.017829000000000001,"connect_time":0.027616000000000002,"pretransfer_time":0.045865000000000003,"size_upload":5334,"size_download":289,"speed_download":140,"speed_upload":2594,"download_content_length":-1,"upload_content_length":5334,"starttransfer_time":0.045867999999999999,"redirect_time":0,"redirect_url":"","primary_ip":"95.163.249.170","certinfo":[],"primary_port":443,"local_ip":"188.225.57.79","local_port":56260,"http_version":3,"protocol":2,"ssl_verifyresult":0,"scheme":"HTTPS","appconnect_time_us":45722,"connect_time_us":27616,"namelookup_time_us":17829,"pretransfer_time_us":45865,"redirect_time_us":0,"starttransfer_time_us":45868,"total_time_us":2056787},"params":{"method":"crm.lead.add","params":{"fields":{"NAME":"\u0421\u0435\u0440\u0433\u0435\u0439","PHONE":[{"VALUE":"8 (964) 670-17-33","VALUE_TYPE":"WORK"}],"EMAIL":[{"VALUE":null,"VALUE_TYPE":"WORK"}],"TRACE":"{\u0022url\u0022:\u0022https:\/\/tinger.ru\/configurator\/\u0022,\u0022device\u0022:{\u0022isMobile\u0022:true},\u0022tags\u0022:{\u0022ts\u0022:1705953250,\u0022list\u0022:{},\u0022gclid\u0022:null},\u0022client\u0022:{\u0022gaId\u0022:\u00221679851814.1705179978\u0022,\u0022yaId\u0022:\u00221705179978129142022\u0022},\u0022pages\u0022:{\u0022list\u0022:[[\u0022https:\/\/tinger.ru\/\u0022,1706545506,\u0022\u0412\u0435\u0437\u0434\u0435\u0445\u043e\u0434\u044b \u0438 \u0431\u043e\u043b\u043e\u0442\u043e\u0445\u043e\u0434\u044b \u043e\u0442 \u043f\u0440\u043e\u0438\u0437\u0432\u043e\u0434\u0438\u0442\u0435\u043b\u044f \u0022],[\u0022https:\/\/tinger.ru\/catalog\/tinger-dog\/\u0022,1706545525,\u0022\u041c\u043e\u0442\u043e\u0431\u0443\u043a\u0441\u0438\u0440\u043e\u0432\u0449\u0438\u043a TINGER Dog\u0022],[\u0022https:\/\/tinger.ru\/configurator\/\u0022,1706545875,\u0022\u041a\u043e\u043d\u0444\u0438\u0433\u0443\u0440\u0430\u0442\u043e\u0440 \u0432\u0435\u0437\u0434\u0435\u0445\u043e\u0434\u043d\u043e\u0439 \u0442\u0435\u0445\u043d\u0438\u043a\u0438\u0022]]},\u0022gid\u0022:null,\u0022previous\u0022:{\u0022list\u0022:[{\u0022url\u0022:\u0022https:\/\/tinger.ru\/\u0022,\u0022device\u0022:{\u0022isMobile\u0022:true},\u0022tags\u0022:{\u0022ts\u0022:1705179978,\u0022list\u0022:{},\u0022gclid\u0022:null},\u0022client\u0022:{\u0022gaId\u0022:\u00221679851814.1705179978\u0022,\u0022yaId\u0022:\u00221705179978129142022\u0022},\u0022pages\u0022:{\u0022list\u0022:[[\u0022https:\/\/tinger.ru\/\u0022,1705760026,\u0022\u0412\u0435\u0437\u0434\u0435\u0445\u043e\u0434\u044b \u0438 \u0431\u043e\u043b\u043e\u0442\u043e\u0445\u043e\u0434\u044b \u043e\u0442 \u043f\u0440\u043e\u0438\u0437\u0432\u043e\u0434\u0438\u0442\u0435\u043b\u044f \u0022],[\u0022https:\/\/tinger.ru\/catalog\/tinger-dog\/\u0022,1705760044,\u0022\u041c\u043e\u0442\u043e\u0431\u0443\u043a\u0441\u0438\u0440\u043e\u0432\u0449\u0438\u043a TINGER Dog\u0022],[\u0022https:\/\/tinger.ru\/configurator\/\u0022,1705760143,\u0022\u041a\u043e\u043d\u0444\u0438\u0433\u0443\u0440\u0430\u0442\u043e\u0440 \u0432\u0435\u0437\u0434\u0435\u0445\u043e\u0434\u043d\u043e\u0439 \u0442\u0435\u0445\u043d\u0438\u043a\u0438\u0022],[\u0022https:\/\/tinger.ru\/configurator\/#\u0022,1705852056,\u0022\u041a\u043e\u043d\u0444\u0438\u0433\u0443\u0440\u0430\u0442\u043e\u0440 \u0432\u0435\u0437\u0434\u0435\u0445\u043e\u0434\u043d\u043e\u0439 \u0442\u0435\u0445\u043d\u0438\u043a\u0438\u0022]]},\u0022gid\u0022:null}]}}","COMMENTS":"\u003Cb\u003E\u0412\u044b\u0431\u0440\u0430\u043d\u043d\u0430\u044f \u043c\u043e\u0434\u0435\u043b\u044c: \u003C\/b\u003E TINGER Dog\u003Cbr\u003E\u003Cb\u003E\u0412\u044b\u0431\u0440\u0430\u043d\u043d\u044b\u0435 \u043c\u043e\u0434\u0438\u0444\u0438\u043a\u0430\u0446\u0438\u044f \u0438 \u0434\u0432\u0438\u0433\u0430\u0442\u0435\u043b\u044c:\u003C\/b\u003E KIT \u0441 \u0434\u0432\u0438\u0433\u0430\u0442\u0435\u043b\u0435\u043c Lifan 190FD_EU (\u0441 \u0440\u0435\u0432\u0435\u0440\u0441-\u0440\u0435\u0434\u0443\u043a\u0442\u043e\u0440\u043e\u043c)\u003Cbr\u003E\u003Cb\u003E\u0412\u044b\u0431\u0440\u0430\u043d\u043d\u044b\u0439 \u043f\u0430\u043a\u0435\u0442:\u003C\/b\u003E \u003Cbr\u003E\u003Cb\u003E\u0412\u044b\u0433\u043e\u0434\u0430 \u043e\u0442 \u043f\u0430\u043a\u0435\u0442\u0430:\u003C\/b\u003E 0 \u0440\u0443\u0431.\u003Cbr\u003E\u003Cb\u003E\u0412\u044b\u0431\u0440\u0430\u043d\u043d\u044b\u0439 \u0446\u0432\u0435\u0442:\u003C\/b\u003E \u0431\u0435\u043b\u044b\u0439\u003Cbr\u003E\u003Cb\u003E\u0412\u044b\u0431\u0440\u0430\u043d\u043d\u044b\u0435 \u043e\u043f\u0446\u0438\u0438:\u003C\/b\u003E\u003Cbr\u003E\u2014 \u041e\u0442\u0432\u0430\u043b \u0434\u043b\u044f \u0443\u0431\u043e\u0440\u043a\u0438 \u0441\u043d\u0435\u0433\u0430 (\u0441 \u043c\u043e\u043d\u0442\u0430\u0436\u043e\u043c) \u003Cbr\u003E\u2014 \u0421\u0430\u043d\u0438-\u0432\u043e\u043b\u043e\u043a\u0443\u0448\u0438 \u003Cbr\u003E\u2014 \u0421\u0442\u0430\u043d\u0434\u0430\u0440\u0442\u043d\u043e\u0435 \u0440\u0443\u043b\u0435\u0432\u043e\u0435 \u0443\u043f\u0440\u0430\u0432\u043b\u0435\u043d\u0438\u0435 \u003Cbr\u003E\u2014 \u041f\u0440\u043e\u0434\u043e\u043b\u044c\u043d\u043e\u0435 \u0434\u0432\u0443\u0445\u043c\u0435\u0441\u0442\u043d\u043e\u0435 \u0441\u0438\u0434\u0435\u043d\u044c\u0435 \u0441\u043e \u0441\u043f\u0438\u043d\u043a\u043e\u0439 \u003Cbr\u003E\u003Cb\u003E\u0411\u0430\u0437\u043e\u0432\u0430\u044f \u0441\u0442\u043e\u0438\u043c\u043e\u0441\u0442\u044c \u043c\u043e\u0434\u0435\u043b\u0438:\u003C\/b\u003E 145\u00a0000 \u0440\u0443\u0431.\u003Cbr\u003E\u003Cb\u003E\u0421\u0442\u043e\u0438\u043c\u043e\u0441\u0442\u044c \u0434\u043e\u043f\u043e\u043b\u043d\u0438\u0442\u0435\u043b\u044c\u043d\u043e\u0433\u043e \u043e\u0431\u043e\u0440\u0443\u0434\u043e\u0432\u0430\u043d\u0438\u044f:\u003C\/b\u003E 43\u00a0900 \u0440\u0443\u0431.\u003Cbr\u003E\u003Cb\u003E\u0418\u0442\u043e\u0433\u043e:\u003C\/b\u003E 188\u00a0900 \u0440\u0443\u0431.","TITLE":"\u0421\u043a\u043e\u043d\u0444\u0438\u0433\u0443\u0440\u0438\u0440\u043e\u0432\u0430\u043d\u043d\u044b\u0439 \u0432\u0435\u0437\u0434\u0435\u0445\u043e\u0434 (\u0437\u0430\u044f\u0432\u043a\u0430)","UF_CRM_1449663065":64,"ASSIGNED_BY_ID":58,"SOURCE_ID":"WEB"}}},"result":{"result":494150,"time":{"start":1706546022.5548339,"finish":1706546024.5050709,"duration":1.9502370357513428,"processing":1.9117782115936279,"date_start":"2024-01-29T19:33:42+03:00","date_finish":"2024-01-29T19:33:44+03:00","operating_reset_at":1706546622,"operating":1.9117519855499268}}}