{"url":"https:\/\/tinger.bitrix24.ru\/rest\/190\/42tc2gxq8od2858i\/crm.lead.add.json","info":{"url":"https:\/\/tinger.bitrix24.ru\/rest\/190\/42tc2gxq8od2858i\/crm.lead.add.json","content_type":"application\/json; charset=utf-8","http_code":200,"header_size":923,"request_size":207,"filetime":-1,"ssl_verify_result":0,"redirect_count":0,"total_time":2.0166539999999999,"namelookup_time":0.058160999999999997,"connect_time":0.071746000000000004,"pretransfer_time":0.090430999999999997,"size_upload":4141,"size_download":260,"speed_download":128,"speed_upload":2054,"download_content_length":-1,"upload_content_length":4141,"starttransfer_time":0.090435000000000001,"redirect_time":0,"redirect_url":"","primary_ip":"217.16.18.181","certinfo":[],"primary_port":443,"local_ip":"188.225.57.79","local_port":43148,"http_version":3,"protocol":2,"ssl_verifyresult":0,"scheme":"HTTPS","appconnect_time_us":90307,"connect_time_us":71746,"namelookup_time_us":58161,"pretransfer_time_us":90431,"redirect_time_us":0,"starttransfer_time_us":90435,"total_time_us":2016654},"params":{"method":"crm.lead.add","params":{"fields":{"NAME":"\u0412\u043b\u0430\u0434\u0438\u043c\u0438\u0440 ","PHONE":[{"VALUE":"8 (905) 007-70-50","VALUE_TYPE":"WORK"}],"EMAIL":[{"VALUE":"vetacard@yandex.ru","VALUE_TYPE":"WORK"}],"TRACE":"{\u0022url\u0022:\u0022https:\/\/tingard.ru\/catalog\/?cellarModel=Comfort\u0022,\u0022ref\u0022:\u0022https:\/\/yandex.ru\/images\/touch\/search?text=%D0%9F%D0%BB%D0%B0%D1%81%D1%82%D0%B8%D0%BA%D0%BE%D0%B2%D1%8B%D0%B9+%D0%BF%D0%BE%D0%B3%D1%80%D0%B5%D0%B1+%D0%93%D1%83%D0%B4%D0%B2%D1%8D%D0%B9%2C+%D0%BA%D0%BE%D0%BC%D1%84%D0%BE%D1%80%D1%82\u0026img_url=https%3A%2F%2Fekb.goodway-zep.ru%2Fupload%2Fiblock%2F950%2Fcns201snspjc3ptk1b8oej4hl1e90yuf.jpg\u0026rpt=simage\u0026pos=45\u0026p=2\u0026lr=20259\u0026redircnt=1774711789.1\u0022,\u0022device\u0022:{\u0022isMobile\u0022:true},\u0022tags\u0022:{\u0022ts\u0022:1774711808,\u0022list\u0022:{\u0022utm_source\u0022:\u0022yandex\u0022,\u0022utm_medium\u0022:\u0022cpc\u0022,\u0022utm_campaign\u0022:\u0022mk_rf_kval\u0022,\u0022utm_content\u0022:\u00221900772303016972232\u0022,\u0022utm_term\u0022:\u0022---autotargeting\u0022},\u0022gclid\u0022:null},\u0022client\u0022:{\u0022yaId\u0022:\u00221774662410453879537\u0022},\u0022pages\u0022:{\u0022list\u0022:[[\u0022https:\/\/tingard.ru\/?utm_source=yandex\u0026utm_medium=cpc\u0026utm_campaign=mk_rf_kval\u0026utm_content=1900772303016972232\u0026utm_term=---autotargeting\u0026roistat=direct14_context_702036728_rsMasterGroup_rsMasterBanner_---autotargeting\u0026yclid=2336514288416718847\u0026ybaip=1\u0022,1774711809,\u0022TINGARD \u2014 \u0431\u0435\u0441\u0448\u043e\u0432\u043d\u044b\u0439 \u043f\u043b\u0430\u0441\u0442\u0438\u043a\u043e\u0432\u044b\u0439 \u043f\u043e\u0433\u0440\u0435\u0431 \u0441\u0022],[\u0022https:\/\/tingard.ru\/catalog\/?cellarModel=Comfort\u0022,1774711880,\u0022\u041a\u0430\u0442\u0430\u043b\u043e\u0433 \u043f\u043e\u0433\u0440\u0435\u0431\u043e\u0432\u0022]]},\u0022gid\u0022:null,\u0022previous\u0022:{\u0022list\u0022:[{\u0022url\u0022:\u0022https:\/\/tingard.ru\/?utm_source=yandex\u0026utm_medium=cpc\u0026utm_campaign=mk_rf_kval\u0026utm_content=1900772303016972232\u0026utm_term=---autotargeting\u0026roistat=direct14_context_702036728_rsMasterGroup_rsMasterBanner_---autotargeting\u0026yclid=2336514288416718847\u0026ybaip=1\u0022,\u0022ref\u0022:\u0022https:\/\/yandex.ru\/images\/touch\/search?text=%D0%9F%D0%BB%D0%B0%D1%81%D1%82%D0%B8%D0%BA%D0%BE%D0%B2%D1%8B%D0%B9+%D0%BF%D0%BE%D0%B3%D1%80%D0%B5%D0%B1+%D0%93%D1%83%D0%B4%D0%B2%D1%8D%D0%B9%2C+%D0%BA%D0%BE%D0%BC%D1%84%D0%BE%D1%80%D1%82\u0026img_url=https%3A%2F%2Fi2023.otzovik.com%2F2023%2F01%2F07%2F14177531%2Fimg%2F2055051_42508232.jpeg\u0026rpt=simage\u0026pos=44\u0022,\u0022device\u0022:{\u0022isMobile\u0022:true},\u0022tags\u0022:{\u0022ts\u0022:1774662409,\u0022list\u0022:{\u0022utm_content\u0022:\u0022gift\u0022},\u0022gclid\u0022:null},\u0022client\u0022:{\u0022yaId\u0022:\u00221774662410453879537\u0022},\u0022pages\u0022:{\u0022list\u0022:[[\u0022https:\/\/tingard.ru\/?utm_content=gift\u0026yclid=10206496423837171711\u0026ybaip=1\u0022,1774662409,\u0022TINGARD \u2014 \u0431\u0435\u0441\u0448\u043e\u0432\u043d\u044b\u0439 \u043f\u043b\u0430\u0441\u0442\u0438\u043a\u043e\u0432\u044b\u0439 \u043f\u043e\u0433\u0440\u0435\u0431 \u0441\u0022],[\u0022https:\/\/tingard.ru\/catalog\/\u0022,1774662667,\u0022\u041a\u0430\u0442\u0430\u043b\u043e\u0433 \u043f\u043e\u0433\u0440\u0435\u0431\u043e\u0432\u0022]]},\u0022gid\u0022:null}]}}","UF_CRM_1736853511":"1774662410453879537","UF_CRM_1736853555":"1774662410453879537","UF_CRM_1736853537":"1774662410453879537","UF_CRM_1517561552":"3902333","COMMENTS":null,"TITLE":"\u0417\u0430\u043a\u0430\u0437\u0430\u0442\u044c \u043f\u043e\u0433\u0440\u0435\u0431","UF_CRM_1449663065":68,"ASSIGNED_BY_ID":58,"SOURCE_ID":9}}},"result":{"result":654154,"time":{"start":1774712255,"finish":1774712257.7452159,"duration":2.745215892791748,"processing":2,"date_start":"2026-03-28T18:37:35+03:00","date_finish":"2026-03-28T18:37:37+03:00","operating_reset_at":1774712855,"operating":1.8361392021179199}}}