{"url":"https:\/\/tinger.bitrix24.ru\/rest\/190\/42tc2gxq8od2858i\/crm.lead.add.json","info":{"url":"https:\/\/tinger.bitrix24.ru\/rest\/190\/42tc2gxq8od2858i\/crm.lead.add.json","content_type":"application\/json; charset=utf-8","http_code":200,"header_size":1027,"request_size":207,"filetime":-1,"ssl_verify_result":0,"redirect_count":0,"total_time":3.0927120000000001,"namelookup_time":0.01418,"connect_time":0.015605000000000001,"pretransfer_time":0.02879,"size_upload":1719,"size_download":287,"speed_download":92,"speed_upload":555,"download_content_length":-1,"upload_content_length":1719,"starttransfer_time":0.028792999999999999,"redirect_time":0,"redirect_url":"","primary_ip":"178.132.201.52","certinfo":[],"primary_port":443,"local_ip":"188.225.57.79","local_port":46394,"http_version":3,"protocol":2,"ssl_verifyresult":0,"scheme":"HTTPS","appconnect_time_us":28670,"connect_time_us":15605,"namelookup_time_us":14180,"pretransfer_time_us":28790,"redirect_time_us":0,"starttransfer_time_us":28793,"total_time_us":3092712},"params":{"method":"crm.lead.add","params":{"fields":{"NAME":"\u0421\u0435\u0440\u0433\u0435\u0439 \u041c\u0438\u0445\u0430\u0439\u043b\u043e\u0432\u0438\u0447","PHONE":[{"VALUE":"8 (988) 320-28-18","VALUE_TYPE":"WORK"}],"EMAIL":[{"VALUE":null,"VALUE_TYPE":"WORK"}],"COMMENTS":null,"TRACE":"{\u0022url\u0022:\u0022https:\/\/tingard.ru\/?utm_source=yandex\u0026utm_medium=cpc\u0026utm_campaign=mk_auto_rf\u0026utm_content=14461048810\u0026utm_term=---autotargeting\u0026yclid=1721678130238980095\u0022,\u0022ref\u0022:\u0022https:\/\/www.petalsearch.com\/\u0022,\u0022device\u0022:{\u0022isMobile\u0022:true},\u0022tags\u0022:{\u0022ts\u0022:1694014514,\u0022list\u0022:{\u0022utm_source\u0022:\u0022yandex\u0022,\u0022utm_medium\u0022:\u0022cpc\u0022,\u0022utm_campaign\u0022:\u0022mk_auto_rf\u0022,\u0022utm_content\u0022:\u002214461048810\u0022,\u0022utm_term\u0022:\u0022---autotargeting\u0022},\u0022gclid\u0022:null},\u0022client\u0022:{\u0022yaId\u0022:\u00221694014514483432048\u0022},\u0022pages\u0022:{\u0022list\u0022:[[\u0022https:\/\/tingard.ru\/?utm_source=yandex\u0026utm_medium=cpc\u0026utm_campaign=mk_auto_rf\u0026utm_content=14461048810\u0026utm_term=---autotargeting\u0026yclid=1721678130238980095\u0022,1694014514,\u0022TINGARD \u2014 \u0431\u0435\u0441\u0448\u043e\u0432\u043d\u044b\u0439 \u043f\u043b\u0430\u0441\u0442\u0438\u043a\u043e\u0432\u044b\u0439 \u043f\u043e\u0433\u0440\u0435\u0431 \u2116\u0022]]},\u0022gid\u0022:null,\u0022previous\u0022:{\u0022list\u0022:[]}}","TITLE":"\u0423\u0437\u043d\u0430\u0442\u044c \u043f\u043e\u0434\u0440\u043e\u0431\u043d\u0435\u0435 \u043e \u043d\u043e\u0432\u044b\u0445 \u043f\u043e\u0433\u0440\u0435\u0431\u0430\u0445","UF_CRM_1449663065":68,"ASSIGNED_BY_ID":58,"SOURCE_ID":9}}},"result":{"result":468572,"time":{"start":1694014587.651305,"finish":1694014590.640681,"duration":2.9893760681152344,"processing":2.9385080337524414,"date_start":"2023-09-06T18:36:27+03:00","date_finish":"2023-09-06T18:36:30+03:00","operating_reset_at":1694015187,"operating":2.9384720325469971}}}