{"url":"https:\/\/tinger.bitrix24.ru\/rest\/190\/42tc2gxq8od2858i\/crm.lead.add.json","info":{"url":"https:\/\/tinger.bitrix24.ru\/rest\/190\/42tc2gxq8od2858i\/crm.lead.add.json","content_type":"application\/json; charset=utf-8","http_code":200,"header_size":1033,"request_size":207,"filetime":-1,"ssl_verify_result":0,"redirect_count":0,"total_time":1.7994399999999999,"namelookup_time":0.001346,"connect_time":0.01129,"pretransfer_time":0.031404000000000001,"size_upload":2448,"size_download":289,"speed_download":160,"speed_upload":1360,"download_content_length":-1,"upload_content_length":2448,"starttransfer_time":0.031406999999999997,"redirect_time":0,"redirect_url":"","primary_ip":"46.235.53.69","certinfo":[],"primary_port":443,"local_ip":"188.225.57.79","local_port":58360,"http_version":3,"protocol":2,"ssl_verifyresult":0,"scheme":"HTTPS","appconnect_time_us":31309,"connect_time_us":11290,"namelookup_time_us":1346,"pretransfer_time_us":31404,"redirect_time_us":0,"starttransfer_time_us":31407,"total_time_us":1799440},"params":{"method":"crm.lead.add","params":{"fields":{"NAME":"\u0412\u043b\u0430\u0434\u0438\u043c\u0438\u0440","PHONE":[{"VALUE":"8 (986) 188-19-46","VALUE_TYPE":"WORK"}],"EMAIL":[{"VALUE":null,"VALUE_TYPE":"WORK"}],"TRACE":"{\u0022url\u0022:\u0022https:\/\/tinger.ru\/catalog\/perelomka\/?utm_source=yandex\u0026utm_medium=cpc\u0026utm_campaign=mk_click_ru4ka_tf4_kval\u0026utm_content=16801571901\u0026utm_term=---autotargeting\u0026roistat=direct20_context_117660709_rsMasterGroup_rsMasterBanner_---autotargeting\u0026yclid=4371603513720963071\u0022,\u0022ref\u0022:\u0022https:\/\/yandex.ru\/games\/app\/103799?utm_medium=ur29\u0026utm_source=distrib\u0022,\u0022device\u0022:{\u0022isMobile\u0022:false},\u0022tags\u0022:{\u0022ts\u0022:1745254823,\u0022list\u0022:{\u0022utm_medium\u0022:\u0022cpc\u0022,\u0022utm_campaign\u0022:\u0022mk_click_ru4ka_tf4_kval\u0022,\u0022utm_content\u0022:\u002216801571877\u0022,\u0022utm_term\u0022:\u0022---autotargeting\u0022},\u0022gclid\u0022:null},\u0022client\u0022:{\u0022gaId\u0022:\u002271640254.1745254808\u0022,\u0022yaId\u0022:\u002217452548088778489\u0022},\u0022pages\u0022:{\u0022list\u0022:[[\u0022https:\/\/tinger.ru\/catalog\/perelomka\/?utm_source=yandex\u0026utm_medium=cpc\u0026utm_campaign=mk_click_ru4ka_tf4_kval\u0026utm_content=16801571901\u0026utm_term=---autotargeting\u0026roistat=direct20_context_117660709_rsMasterGroup_rsMasterBanner_---autotargeting\u0026yclid=4371603513720963071\u0022,1745254810,\u0022\u041a\u0443\u043f\u0438\u0442\u044c \u0432\u0435\u0437\u0434\u0435\u0445\u043e\u0434 \u043f\u0435\u0440\u0435\u043b\u043e\u043c\u043a\u0443 TINGER TF4 \u0432 \u0420\u0022],[\u0022https:\/\/tinger.ru\/configurator\/onlyconfigurator.php?selectModel=?utm_source=yandex\u0026utm_medium=cpc\u0026utm_campaign=mk_click_ru4ka_tf4_kval\u0026utm_content=16801571877\u0026utm_term=---autotargeting\u0026roistat=direct20_context_117660709_rsMasterGroup_rsMasterBanner_---autotargeting\u0026yclid=14181230702529085439\u0022,1745254824,\u0022onlyconfigurator\u0022]]},\u0022gid\u0022:null,\u0022previous\u0022:{\u0022list\u0022:[]}}","UF_CRM_1736853511":"17452548088778489","UF_CRM_1736853555":"17452548088778489","UF_CRM_1736853537":"17452548088778489","UF_CRM_1517561552":"3862999","COMMENTS":null,"TITLE":"\u041a\u0443\u043f\u0438\u0442\u044c \u0432\u0435\u0437\u0434\u0435\u0445\u043e\u0434 TINGER TF4","UF_CRM_1449663065":64,"ASSIGNED_BY_ID":58,"SOURCE_ID":"WEB"}}},"result":{"result":591466,"time":{"start":1745255173.0711329,"finish":1745255174.7565141,"duration":1.6853811740875244,"processing":1.6497821807861328,"date_start":"2025-04-21T20:06:13+03:00","date_finish":"2025-04-21T20:06:14+03:00","operating_reset_at":1745255773,"operating":1.6497609615325928}}}