{"url":"https:\/\/tinger.bitrix24.ru\/rest\/190\/42tc2gxq8od2858i\/crm.lead.add.json","info":{"url":"https:\/\/tinger.bitrix24.ru\/rest\/190\/42tc2gxq8od2858i\/crm.lead.add.json","content_type":"application\/json; charset=utf-8","http_code":200,"header_size":1128,"request_size":207,"filetime":-1,"ssl_verify_result":0,"redirect_count":0,"total_time":3.0883289999999999,"namelookup_time":0.013939999999999999,"connect_time":0.015330999999999999,"pretransfer_time":0.029113,"size_upload":1386,"size_download":288,"speed_download":93,"speed_upload":448,"download_content_length":-1,"upload_content_length":1386,"starttransfer_time":0.029125999999999999,"redirect_time":0,"redirect_url":"","primary_ip":"178.132.201.52","certinfo":[],"primary_port":443,"local_ip":"188.225.57.79","local_port":38748,"http_version":3,"protocol":2,"ssl_verifyresult":0,"scheme":"HTTPS","appconnect_time_us":28805,"connect_time_us":15331,"namelookup_time_us":13940,"pretransfer_time_us":29113,"redirect_time_us":0,"starttransfer_time_us":29126,"total_time_us":3088329},"params":{"method":"crm.lead.add","params":{"fields":{"UF_CRM_1449663065":"68","SOURCE_ID":"CONFERENCE","ASSIGNED_BY_ID":58,"TITLE":"\u041a\u0443\u043f\u0438\u0442\u044c TINGARD 1500","NAME":"\u0430\u043b\u0435\u043a\u0441\u0430\u043d\u0434\u0440","PHONE":[{"VALUE":"8 (926) 629-36-35","VALUE_TYPE":"WORK"}],"EMAIL":[{"VALUE":null,"VALUE_TYPE":"WORK"}],"COMMENTS":"","TRACE":"{\u0022url\u0022:\u0022https:\/\/tingerplast.ru\/plastikovye-pogreba\/tingard-1500\/\u0022,\u0022ref\u0022:\u0022https:\/\/yandex.ru\/\u0022,\u0022device\u0022:{\u0022isMobile\u0022:false},\u0022tags\u0022:{\u0022ts\u0022:1687786437,\u0022list\u0022:{},\u0022gclid\u0022:null},\u0022client\u0022:{\u0022yaId\u0022:\u00221687786438374349996\u0022},\u0022pages\u0022:{\u0022list\u0022:[[\u0022https:\/\/tingerplast.ru\/plastikovye-pogreba\/tingard-3000\/?ysclid=ljcwgr0ir9382252244\u0022,1687786437,\u0022\u041f\u043e\u0433\u0440\u0435\u0431 TINGARD 3000\u0022],[\u0022https:\/\/tingerplast.ru\/plastikovye-pogreba\/tingard-1500\/\u0022,1687786472,\u0022\u041f\u043e\u0433\u0440\u0435\u0431 TINGARD 1500\u0022],[\u0022https:\/\/tingerplast.ru\/plastikovye-pogreba\/tingard-1500\/?ysclid=ljcwiiekyz215374010\u0022,1687786521,\u0022\u041f\u043e\u0433\u0440\u0435\u0431 TINGARD 1500\u0022]]},\u0022gid\u0022:null,\u0022previous\u0022:{\u0022list\u0022:[]}}"}}},"result":{"result":453330,"time":{"start":1687793331.3805721,"finish":1687793334.370919,"duration":2.9903469085693359,"processing":2.9353768825531006,"date_start":"2023-06-26T18:28:51+03:00","date_finish":"2023-06-26T18:28:54+03:00","operating_reset_at":1687793931,"operating":2.9353439807891846}}}