{"url":"https:\/\/tinger.bitrix24.ru\/rest\/190\/42tc2gxq8od2858i\/crm.lead.add.json","info":{"url":"https:\/\/tinger.bitrix24.ru\/rest\/190\/42tc2gxq8od2858i\/crm.lead.add.json","content_type":"application\/json; charset=utf-8","http_code":200,"header_size":1030,"request_size":207,"filetime":-1,"ssl_verify_result":0,"redirect_count":0,"total_time":0.83681099999999997,"namelookup_time":0.0042180000000000004,"connect_time":0.012746,"pretransfer_time":0.031963999999999999,"size_upload":3210,"size_download":290,"speed_download":346,"speed_upload":3839,"download_content_length":-1,"upload_content_length":3210,"starttransfer_time":0.031967000000000002,"redirect_time":0,"redirect_url":"","primary_ip":"109.120.182.255","certinfo":[],"primary_port":443,"local_ip":"188.225.57.79","local_port":43862,"http_version":3,"protocol":2,"ssl_verifyresult":0,"scheme":"HTTPS","appconnect_time_us":31812,"connect_time_us":12746,"namelookup_time_us":4218,"pretransfer_time_us":31964,"redirect_time_us":0,"starttransfer_time_us":31967,"total_time_us":836811},"params":{"method":"crm.lead.add","params":{"fields":{"NAME":"\u041e\u043b\u0435\u0433","PHONE":[{"VALUE":"8 (902) 514-79-99","VALUE_TYPE":"WORK"}],"EMAIL":[{"VALUE":null,"VALUE_TYPE":"WORK"}],"TRACE":"{\u0022url\u0022:\u0022https:\/\/tingard.ru\/?utm_source=yandex\u0026utm_medium=cpc\u0026utm_campaign=pogreba_rozn_umnaya_ozk_07_01\u0026utm_content=16219659946\u0026utm_term=---autotargeting\u0026roistat=direct14_search_111793320_rsMasterGroup_rsMasterBanner_---autotargeting\u0026yclid=10389074159928868863\u0022,\u0022ref\u0022:\u0022https:\/\/yandex.ru\/\u0022,\u0022device\u0022:{\u0022isMobile\u0022:true},\u0022tags\u0022:{\u0022ts\u0022:1725953409,\u0022list\u0022:{\u0022utm_source\u0022:\u0022yandex\u0022,\u0022utm_medium\u0022:\u0022cpc\u0022,\u0022utm_campaign\u0022:\u0022pogreba_rozn_umnaya_ozk_07_01\u0022,\u0022utm_content\u0022:\u002216219659946\u0022,\u0022utm_term\u0022:\u0022---autotargeting\u0022},\u0022gclid\u0022:null},\u0022client\u0022:{\u0022yaId\u0022:\u00221680971377566067895\u0022},\u0022pages\u0022:{\u0022list\u0022:[[\u0022https:\/\/tingard.ru\/?utm_source=yandex\u0026utm_medium=cpc\u0026utm_campaign=pogreba_rozn_umnaya_ozk_07_01\u0026utm_content=16219659946\u0026utm_term=---autotargeting\u0026roistat=direct14_search_111793320_rsMasterGroup_rsMasterBanner_---autotargeting\u0026yclid=10389074159928868863\u0022,1725953409,\u0022TINGARD \u2014 \u0431\u0435\u0441\u0448\u043e\u0432\u043d\u044b\u0439 \u043f\u043b\u0430\u0441\u0442\u0438\u043a\u043e\u0432\u044b\u0439 \u043f\u043e\u0433\u0440\u0435\u0431 \u2116\u0022]]},\u0022gid\u0022:null,\u0022previous\u0022:{\u0022list\u0022:[{\u0022url\u0022:\u0022https:\/\/tingard.ru\/?utm_source=yandex\u0026utm_medium=cpc\u0026utm_campaign=pogreba_rozn_umnaya_ozk_07_01\u0026utm_content=16219659946\u0026utm_term=---autotargeting\u0026roistat=direct14_search_111793320_rsMasterGroup_rsMasterBanner_---autotargeting\u0026yclid=10389074159928868863\u0022,\u0022device\u0022:{\u0022isMobile\u0022:true},\u0022tags\u0022:{\u0022ts\u0022:1680971377,\u0022list\u0022:{\u0022utm_source\u0022:\u0022yandex_kirill\u0022,\u0022utm_medium\u0022:\u0022cpc\u0022,\u0022utm_campaign\u0022:\u0022pogreba_rozn_umnaya_copy_11_04\u0022,\u0022utm_content\u0022:\u002213300555435\u0022,\u0022utm_term\u0022:\u0022---autotargeting\u0022},\u0022gclid\u0022:null},\u0022client\u0022:{\u0022yaId\u0022:\u00221680971377566067895\u0022},\u0022pages\u0022:{\u0022list\u0022:[[\u0022https:\/\/tingard.ru\/?utm_source=yandex_kirill\u0026utm_medium=cpc\u0026utm_campaign=pogreba_rozn_umnaya_copy_11_04\u0026utm_content=13300555435\u0026utm_term=---autotargeting\u0026roistat=direct14_context_13300555435_---autotargeting\u0026roistat_referrer=m.pogoda.yandex.ru\u0026roistat_pos=none_0\u0026yclid=1777493835106279501\u0022,1680971378,\u0022TINGARD \u2014 \u0431\u0435\u0441\u0448\u043e\u0432\u043d\u044b\u0439 \u043f\u043b\u0430\u0441\u0442\u0438\u043a\u043e\u0432\u044b\u0439 \u043f\u043e\u0433\u0440\u0435\u0431 #\u0022]]},\u0022gid\u0022:null}]}}","UF_CRM_1517561552":"3443888","COMMENTS":null,"TITLE":"\u0420\u0430\u0441\u0441\u0440\u043e\u0447\u043a\u0430 (\u0443\u0437\u043d\u0430\u0442\u044c \u043f\u043e\u0434\u0440\u043e\u0431\u043d\u043e\u0441\u0442\u0438)","UF_CRM_1449663065":68,"ASSIGNED_BY_ID":58,"SOURCE_ID":9}}},"result":{"result":547036,"time":{"start":1725935554.8505991,"finish":1725935555.590471,"duration":0.73987197875976562,"processing":0.70940208435058594,"date_start":"2024-09-10T05:32:34+03:00","date_finish":"2024-09-10T05:32:35+03:00","operating_reset_at":1725936154,"operating":2.0599958896636963}}}