{"url":"https:\/\/tinger.bitrix24.ru\/rest\/190\/42tc2gxq8od2858i\/crm.lead.add.json","info":{"url":"https:\/\/tinger.bitrix24.ru\/rest\/190\/42tc2gxq8od2858i\/crm.lead.add.json","content_type":"application\/json; charset=utf-8","http_code":200,"header_size":926,"request_size":207,"filetime":-1,"ssl_verify_result":0,"redirect_count":0,"total_time":2.0222120000000001,"namelookup_time":0.022985999999999999,"connect_time":0.039652,"pretransfer_time":0.062956999999999999,"size_upload":5000,"size_download":261,"speed_download":129,"speed_upload":2472,"download_content_length":-1,"upload_content_length":5000,"starttransfer_time":0.062961000000000003,"redirect_time":0,"redirect_url":"","primary_ip":"46.235.53.67","certinfo":[],"primary_port":443,"local_ip":"188.225.57.79","local_port":52222,"http_version":3,"protocol":2,"ssl_verifyresult":0,"scheme":"HTTPS","appconnect_time_us":62784,"connect_time_us":39652,"namelookup_time_us":22986,"pretransfer_time_us":62957,"redirect_time_us":0,"starttransfer_time_us":62961,"total_time_us":2022212},"params":{"method":"crm.lead.add","params":{"fields":{"NAME":"\u0421\u0435\u0440\u0433\u0435\u0439","PHONE":[{"VALUE":"8 (913) 144-25-73","VALUE_TYPE":"WORK"}],"EMAIL":[{"VALUE":"","VALUE_TYPE":"WORK"}],"TRACE":"{\u0022url\u0022:\u0022https:\/\/tingard.ru\/?utm_content=gift\u0026yclid=11735977135035908095\u0026ybaip=1\u0022,\u0022ref\u0022:\u0022https:\/\/yandex.ru\/maps\/66\/omsk\/house\/prospekt_karla_marksa_5a\/Y0oYdQ9hSkQPQFtufXV2eH9gZA==\/?ll=73.381319%2C54.979330\u0026z=15\u0022,\u0022device\u0022:{\u0022isMobile\u0022:true},\u0022tags\u0022:{\u0022ts\u0022:1772868266,\u0022list\u0022:{\u0022utm_content\u0022:\u0022gift\u0022},\u0022gclid\u0022:null},\u0022client\u0022:{\u0022yaId\u0022:\u00221772865659918631928\u0022},\u0022pages\u0022:{\u0022list\u0022:[[\u0022https:\/\/tingard.ru\/?utm_content=gift\u0026yclid=11735977135035908095\u0026ybaip=1\u0022,1772868266,\u0022TINGARD \u2014 \u0431\u0435\u0441\u0448\u043e\u0432\u043d\u044b\u0439 \u043f\u043b\u0430\u0441\u0442\u0438\u043a\u043e\u0432\u044b\u0439 \u043f\u043e\u0433\u0440\u0435\u0431 \u0441\u0022]]},\u0022gid\u0022:null,\u0022previous\u0022:{\u0022list\u0022:[{\u0022url\u0022:\u0022https:\/\/tingard.ru\/?utm_content=gift\u0026yclid=11735977135035908095\u0026ybaip=1\u0022,\u0022ref\u0022:\u0022https:\/\/yandex.ru\/\u0022,\u0022device\u0022:{\u0022isMobile\u0022:true},\u0022tags\u0022:{\u0022ts\u0022:1772867784,\u0022list\u0022:{\u0022utm_source\u0022:\u0022yandex\u0022,\u0022utm_medium\u0022:\u0022cpc\u0022,\u0022utm_campaign\u0022:\u0022mk_rf_kval\u0022,\u0022utm_content\u0022:\u00221900772303016972232\u0022,\u0022utm_term\u0022:\u0022---autotargeting\u0022},\u0022gclid\u0022:null},\u0022client\u0022:{\u0022yaId\u0022:\u00221772865659918631928\u0022},\u0022pages\u0022:{\u0022list\u0022:[[\u0022https:\/\/tingard.ru\/?utm_source=yandex\u0026utm_medium=cpc\u0026utm_campaign=mk_rf_kval\u0026utm_content=1900772303016972232\u0026utm_term=---autotargeting\u0026roistat=direct14_search_702036728_rsMasterGroup_rsMasterBanner_---autotargeting\u0026etext=2202.2IEfA8NwvYCqyOUup3STWeIhyJj6PM9wQaZ7oat8Kcwzt7UuzY0uMV_NnsnhpaR-x6HAFQY2Ckpq13-O6sp578fDqfPRspPcWnkGNDO7CghpZ3llcmlqc3B1cHRlZXV2.7206ef3415dc9de9a1dbd11a21f2b941244d4776\u0026yclid=10366941482845732863\u0026ybaip=1\u0022,1772865659,\u0022TINGARD \u2014 \u0431\u0435\u0441\u0448\u043e\u0432\u043d\u044b\u0439 \u043f\u043b\u0430\u0441\u0442\u0438\u043a\u043e\u0432\u044b\u0439 \u043f\u043e\u0433\u0440\u0435\u0431 \u0441\u0022],[\u0022https:\/\/tingard.ru\/?utm_source=yandex\u0026utm_medium=cpc\u0026utm_campaign=mk_rf_kval\u0026utm_content=1900772303016972232\u0026utm_term=---autotargeting\u0026roistat=direct14_context_702036728_rsMasterGroup_rsMasterBanner_---autotargeting\u0026yclid=10558038467823796223\u0026ybaip=1\u0022,1772867784,\u0022TINGARD \u2014 \u0431\u0435\u0441\u0448\u043e\u0432\u043d\u044b\u0439 \u043f\u043b\u0430\u0441\u0442\u0438\u043a\u043e\u0432\u044b\u0439 \u043f\u043e\u0433\u0440\u0435\u0431 \u0441\u0022]]},\u0022gid\u0022:null}]}}","UF_CRM_1736853511":"1772865659918631928","UF_CRM_1736853555":"1772865659918631928","UF_CRM_1736853537":"1772865659918631928","UF_CRM_1517561552":"3879153","COMMENTS":"\u003Cb\u003E\u0413\u0434\u0435 \u043f\u043b\u0430\u043d\u0438\u0440\u0443\u0435\u0442\u0435 \u0443\u0441\u0442\u0430\u043d\u0430\u0432\u043b\u0438\u0432\u0430\u0442\u044c \u043f\u043e\u0433\u0440\u0435\u0431?\u003C\/b\u003E \u043d\u0430 \u043e\u0442\u043a\u0440\u044b\u0442\u043e\u043c \u0443\u0447\u0430\u0441\u0442\u043a\u0435\u003Cbr\u003E\u003Cb\u003E\u041a\u0430\u043a\u043e\u0439 \u0443\u0440\u043e\u0432\u0435\u043d\u044c \u0433\u0440\u0443\u043d\u0442\u043e\u0432\u044b\u0445 \u0432\u043e\u0434 \u043d\u0430 \u0432\u0430\u0448\u0435\u043c \u0443\u0447\u0430\u0441\u0442\u043a\u0435?\u003C\/b\u003E \u0432\u044b\u0441\u043e\u043a\u0438\u0439\u003Cbr\u003E\u003Cb\u003E\u041f\u043e\u0434\u0431\u0435\u0440\u0438 \u043f\u043e\u0433\u0440\u0435\u0431 \u0437\u0430 30 \u0441\u0435\u043a\u0443\u043d\u0434\u003C\/b\u003E \u0434\u043e 100 \u0431\u0430\u043d\u043e\u043a \u0438 \u0434\u043e 8 \u044f\u0449\u0438\u043a\u043e\u0432\u003Cbr\u003E\u003Cb\u003E\u041a\u0442\u043e \u0431\u0443\u0434\u0435\u0442 \u0437\u0430\u043d\u0438\u043c\u0430\u0442\u044c\u0441\u044f \u0443\u0441\u0442\u0430\u043d\u043e\u0432\u043a\u043e\u0439 \u043f\u043e\u0433\u0440\u0435\u0431\u0430?\u003C\/b\u003E \u043f\u0440\u043e\u0444\u0438\u043b\u044c\u043d\u0430\u044f \u043e\u0440\u0433\u0430\u043d\u0438\u0437\u0430\u0446\u0438\u044f\u003Cbr\u003E\u003Cb\u003E\u041a\u043e\u0433\u0434\u0430 \u0432\u044b \u043f\u043b\u0430\u043d\u0438\u0440\u0443\u0435\u0442\u0435 \u043f\u0440\u0438\u043e\u0431\u0440\u0435\u0441\u0442\u0438 \u043f\u043e\u0433\u0440\u0435\u0431?\u003C\/b\u003E \u0434\u043e \u043a\u043e\u043d\u0446\u0430 \u0433\u043e\u0434\u0430\u003Cbr\u003E","TITLE":"\u041f\u043e\u0434\u043e\u0431\u0440\u0430\u0442\u044c \u043f\u043e\u0433\u0440\u0435\u0431 (\u043a\u0432\u0438\u0437)","UF_CRM_1449663065":68,"ASSIGNED_BY_ID":58,"SOURCE_ID":9}}},"result":{"result":647058,"time":{"start":1772868540,"finish":1772868542.3037961,"duration":2.3037960529327393,"processing":2,"date_start":"2026-03-07T10:29:00+03:00","date_finish":"2026-03-07T10:29:02+03:00","operating_reset_at":1772869140,"operating":1.88020920753479}}}