{"url":"https:\/\/tinger.bitrix24.ru\/rest\/190\/42tc2gxq8od2858i\/crm.lead.add.json","info":{"url":"https:\/\/tinger.bitrix24.ru\/rest\/190\/42tc2gxq8od2858i\/crm.lead.add.json","content_type":"application\/json; charset=utf-8","http_code":200,"header_size":1030,"request_size":207,"filetime":-1,"ssl_verify_result":0,"redirect_count":0,"total_time":1.23699,"namelookup_time":0.0066550000000000003,"connect_time":0.015495,"pretransfer_time":0.030876000000000001,"size_upload":1925,"size_download":289,"speed_download":233,"speed_upload":1557,"download_content_length":-1,"upload_content_length":1925,"starttransfer_time":0.030877999999999999,"redirect_time":0,"redirect_url":"","primary_ip":"109.120.182.255","certinfo":[],"primary_port":443,"local_ip":"188.225.57.79","local_port":52180,"http_version":3,"protocol":2,"ssl_verifyresult":0,"scheme":"HTTPS","appconnect_time_us":30770,"connect_time_us":15495,"namelookup_time_us":6655,"pretransfer_time_us":30876,"redirect_time_us":0,"starttransfer_time_us":30878,"total_time_us":1236990},"params":{"method":"crm.lead.add","params":{"fields":{"NAME":"\u0415\u0433\u043e\u0440 \u0418\u0432\u0430\u043d\u043e\u0432\u0438\u0447 \u0438\u0432\u0430\u043d\u043e\u0432","PHONE":[{"VALUE":"+7 (796) 284-93-54","VALUE_TYPE":"WORK"}],"EMAIL":[{"VALUE":null,"VALUE_TYPE":"WORK"}],"TRACE":"{\u0022url\u0022:\u0022https:\/\/tinger.ru\/catalog\/perelomka\/?utm_source=yandex\u0026utm_medium=cpc\u0026utm_campaign=mk_click_tf4\u0026utm_content=16623890244\u0026utm_term=---autotargeting\u0026roistat=direct20_context_111795943_rsMasterGroup_rsMasterBanner_---autotargeting\u0026yclid=8410648401316937727\u0022,\u0022ref\u0022:\u0022https:\/\/applehack.ru\/\u0022,\u0022device\u0022:{\u0022isMobile\u0022:true},\u0022tags\u0022:{\u0022ts\u0022:1734117421,\u0022list\u0022:{\u0022utm_source\u0022:\u0022yandex\u0022,\u0022utm_medium\u0022:\u0022cpc\u0022,\u0022utm_campaign\u0022:\u0022mk_click_tf4\u0022,\u0022utm_content\u0022:\u002216623890244\u0022,\u0022utm_term\u0022:\u0022---autotargeting\u0022},\u0022gclid\u0022:null},\u0022client\u0022:{\u0022gaId\u0022:\u0022512360885.1734117418\u0022,\u0022yaId\u0022:\u00221734117417491679585\u0022},\u0022pages\u0022:{\u0022list\u0022:[[\u0022https:\/\/tinger.ru\/catalog\/perelomka\/?utm_source=yandex\u0026utm_medium=cpc\u0026utm_campaign=mk_click_tf4\u0026utm_content=16623890244\u0026utm_term=---autotargeting\u0026roistat=direct20_context_111795943_rsMasterGroup_rsMasterBanner_---autotargeting\u0026yclid=8410648401316937727\u0022,1734117421,\u0022\u041a\u0443\u043f\u0438\u0442\u044c \u0432\u0435\u0437\u0434\u0435\u0445\u043e\u0434 \u043f\u0435\u0440\u0435\u043b\u043e\u043c\u043a\u0443 TINGER TF4 \u0432 \u0420\u0022]]},\u0022gid\u0022:null,\u0022previous\u0022:{\u0022list\u0022:[]}}","UF_CRM_1517561552":"3784557","COMMENTS":null,"TITLE":"\u041a\u0443\u043f\u0438\u0442\u044c \u0432\u0435\u0437\u0434\u0435\u0445\u043e\u0434 TINGER TF4","UF_CRM_1449663065":64,"ASSIGNED_BY_ID":58,"SOURCE_ID":"WEB"}}},"result":{"result":570152,"time":{"start":1734117483.6075051,"finish":1734117484.7554071,"duration":1.1479020118713379,"processing":1.1272790431976318,"date_start":"2024-12-13T22:18:03+03:00","date_finish":"2024-12-13T22:18:04+03:00","operating_reset_at":1734118083,"operating":1.1272640228271484}}}