{"url":"https:\/\/b24-sh4tt4.bitrix24.ru\/rest\/1\/217jmm875q0fh5wp\/crm.deal.add.json","info":{"url":"https:\/\/b24-sh4tt4.bitrix24.ru\/rest\/1\/217jmm875q0fh5wp\/crm.deal.add.json","content_type":"application\/json; charset=utf-8","http_code":200,"header_size":1030,"request_size":209,"filetime":-1,"ssl_verify_result":0,"redirect_count":0,"total_time":0.24546200000000001,"namelookup_time":0.001436,"connect_time":0.010557,"pretransfer_time":0.027432000000000002,"size_upload":1466,"size_download":287,"speed_download":1171,"speed_upload":5983,"download_content_length":-1,"upload_content_length":1466,"starttransfer_time":0.027434,"redirect_time":0,"redirect_url":"","primary_ip":"89.208.228.119","certinfo":[],"primary_port":443,"local_ip":"188.225.57.79","local_port":35598,"http_version":3,"protocol":2,"ssl_verifyresult":0,"scheme":"HTTPS","appconnect_time_us":27354,"connect_time_us":10557,"namelookup_time_us":1436,"pretransfer_time_us":27432,"redirect_time_us":0,"starttransfer_time_us":27434,"total_time_us":245462},"params":{"method":"crm.deal.add","params":{"fields":{"TITLE":"\u0417\u0430\u044f\u0432\u043a\u0430 \u0438\u0437 LK tingerplast.ru \u0442\u0435\u0441\u0442\u0438\u0440\u043e\u0432\u0430\u043d\u0438\u0435","ASSIGNED_BY_ID":"1","COMMENTS":"\u003Cb\u003E\u0412\u044b\u0431\u0440\u0430\u043d\u043d\u044b\u0435 \u0442\u043e\u0432\u0430\u0440\u043d\u044b\u0435 \u043f\u043e\u0437\u0438\u0446\u0438\u0438:\u003C\/b\u003E\u003Cbr\/\u003E1. TINGARD 2500(1 \u0448\u0442.) \u003Cbr\/\u003E\u003Cbr\/\u003E\u003Cb\u003E\u0414\u043e\u043f. \u043a\u043e\u043c\u043f\u043b\u0435\u043a\u0442\u0430\u0446\u0438\u044f:\u003C\/b\u003E \u003Cbr\/\u003E1. \u041c\u043e\u043d\u0442\u0430\u0436\u043d\u044b\u0439 \u043a\u043e\u043c\u043f\u043b\u0435\u043a\u0442(1 \u0448\u0442.) \u003Cbr\/\u003E\u003Cbr\/\u003E\u003Cb\u003E\u0421\u043a\u043b\u0430\u0434 \u043e\u0442\u0433\u0440\u0443\u0437\u043a\u0438: \u003C\/b\u003E\u0433. \u0427\u0435\u0440\u0435\u043f\u043e\u0432\u0435\u0446, \u0443\u043b. \u041e\u043a\u0440\u0443\u0436\u043d\u0430\u044f, 18 \u003Cbr\/\u003E\u003Cb\u003E\u0421\u043f\u043e\u0441\u043e\u0431 \u043e\u043f\u043b\u0430\u0442\u044b:\u003C\/b\u003E \u0411\u0435\u0437\u043d\u0430\u043b\u0438\u0447\u043d\u044b\u0439 \u0440\u0430\u0441\u0447\u0451\u0442 \u003Cbr\/\u003E\u003Cbr\/\u003E\u003Cb\u003E\u041a\u043e\u043c\u043c\u0435\u043d\u0442\u0430\u0440\u0438\u0439:\u003C\/b\u003E \u003Cbr\/\u003E","UF_CRM_1559301643671":"\u0421\u0430\u043c\u043e\u0432\u044b\u0432\u043e\u0437","UF_CRM_5697ACD8410AA":536,"UF_CRM_1449663065":66,"COMPANY_ID":"1","CONTACT_ID":null}}},"result":{"result":105,"time":{"start":1721999266.0831881,"finish":1721999266.261761,"duration":0.1785728931427002,"processing":0.15875983238220215,"date_start":"2024-07-26T16:07:46+03:00","date_finish":"2024-07-26T16:07:46+03:00","operating_reset_at":1721999866,"operating":0.31121420860290527}}}