{"url":"https:\/\/tinger.bitrix24.ru\/rest\/190\/42tc2gxq8od2858i\/crm.lead.add.json","info":{"url":"https:\/\/tinger.bitrix24.ru\/rest\/190\/42tc2gxq8od2858i\/crm.lead.add.json","content_type":"application\/json; charset=utf-8","http_code":200,"header_size":1034,"request_size":207,"filetime":-1,"ssl_verify_result":0,"redirect_count":0,"total_time":1.7266820000000001,"namelookup_time":0.017925,"connect_time":0.028406000000000001,"pretransfer_time":0.047213999999999999,"size_upload":1353,"size_download":288,"speed_download":166,"speed_upload":783,"download_content_length":-1,"upload_content_length":1353,"starttransfer_time":0.047219999999999998,"redirect_time":0,"redirect_url":"","primary_ip":"46.235.53.69","certinfo":[],"primary_port":443,"local_ip":"188.225.57.79","local_port":37702,"http_version":3,"protocol":2,"ssl_verifyresult":0,"scheme":"HTTPS","appconnect_time_us":46994,"connect_time_us":28406,"namelookup_time_us":17925,"pretransfer_time_us":47214,"redirect_time_us":0,"starttransfer_time_us":47220,"total_time_us":1726682},"params":{"method":"crm.lead.add","params":{"fields":{"NAME":"\u043d\u0430\u0441\u0442\u044f","PHONE":[{"VALUE":"+7 (999) 516-25-09","VALUE_TYPE":"WORK"}],"EMAIL":[{"VALUE":null,"VALUE_TYPE":"WORK"}],"TRACE":"{\u0022url\u0022:\u0022https:\/\/tingard.ru\/?roistat=direct14_context_16225328535_\u0026roistat_referrer=vaogr.store\u0026roistat_pos=none_0\u0026yclid=16560069485649461247\u0022,\u0022ref\u0022:\u0022https:\/\/vaogr.store\/\u0022,\u0022device\u0022:{\u0022isMobile\u0022:false},\u0022tags\u0022:{\u0022ts\u0022:1721078959,\u0022list\u0022:{},\u0022gclid\u0022:null},\u0022client\u0022:{\u0022yaId\u0022:\u00221721078960883764497\u0022},\u0022pages\u0022:{\u0022list\u0022:[[\u0022https:\/\/tingard.ru\/?roistat=direct14_context_16225328535_\u0026roistat_referrer=vaogr.store\u0026roistat_pos=none_0\u0026yclid=16560069485649461247\u0022,1721078959,\u0022TINGARD \u2014 \u0431\u0435\u0441\u0448\u043e\u0432\u043d\u044b\u0439 \u043f\u043b\u0430\u0441\u0442\u0438\u043a\u043e\u0432\u044b\u0439 \u043f\u043e\u0433\u0440\u0435\u0431 \u2116\u0022]]},\u0022gid\u0022:null,\u0022previous\u0022:{\u0022list\u0022:[]}}","UF_CRM_1517561552":"3339685","COMMENTS":null,"TITLE":"\u0417\u0430\u043a\u0430\u0437\u0430\u0442\u044c \u043f\u043e\u0433\u0440\u0435\u0431","UF_CRM_1449663065":68,"ASSIGNED_BY_ID":58,"SOURCE_ID":9}}},"result":{"result":528862,"time":{"start":1721079021.715301,"finish":1721079023.3125551,"duration":1.5972540378570557,"processing":1.5636899471282959,"date_start":"2024-07-16T00:30:21+03:00","date_finish":"2024-07-16T00:30:23+03:00","operating_reset_at":1721079621,"operating":1.5636558532714844}}}