{"url":"https:\/\/tinger.bitrix24.ru\/rest\/190\/42tc2gxq8od2858i\/crm.lead.add.json","info":{"url":"https:\/\/tinger.bitrix24.ru\/rest\/190\/42tc2gxq8od2858i\/crm.lead.add.json","content_type":"application\/json; charset=utf-8","http_code":200,"header_size":1032,"request_size":207,"filetime":-1,"ssl_verify_result":0,"redirect_count":0,"total_time":2.669813,"namelookup_time":0.0091140000000000006,"connect_time":0.018724000000000001,"pretransfer_time":0.037331999999999997,"size_upload":1406,"size_download":287,"speed_download":107,"speed_upload":526,"download_content_length":-1,"upload_content_length":1406,"starttransfer_time":0.037338999999999997,"redirect_time":0,"redirect_url":"","primary_ip":"46.235.53.69","certinfo":[],"primary_port":443,"local_ip":"188.225.57.79","local_port":42502,"http_version":3,"protocol":2,"ssl_verifyresult":0,"scheme":"HTTPS","appconnect_time_us":37122,"connect_time_us":18724,"namelookup_time_us":9114,"pretransfer_time_us":37332,"redirect_time_us":0,"starttransfer_time_us":37339,"total_time_us":2669813},"params":{"method":"crm.lead.add","params":{"fields":{"NAME":"\u041c\u0430\u043a\u0441\u0438\u043c","PHONE":[{"VALUE":"9119227492","VALUE_TYPE":"WORK"}],"EMAIL":[{"VALUE":null,"VALUE_TYPE":"WORK"}],"COMMENTS":null,"TRACE":"{\u0022url\u0022:\u0022https:\/\/tinger.ru\/catalog\/perelomka\/\u0022,\u0022ref\u0022:\u0022https:\/\/www.google.com\/\u0022,\u0022device\u0022:{\u0022isMobile\u0022:false},\u0022tags\u0022:{\u0022ts\u0022:1696699017,\u0022list\u0022:{},\u0022gclid\u0022:null},\u0022client\u0022:{\u0022gaId\u0022:\u0022204119807.1696699018\u0022,\u0022yaId\u0022:\u00221696699018507461736\u0022},\u0022pages\u0022:{\u0022list\u0022:[[\u0022https:\/\/tinger.ru\/\u0022,1696699018,\u0022\u0412\u0435\u0437\u0434\u0435\u0445\u043e\u0434\u044b \u0438 \u0431\u043e\u043b\u043e\u0442\u043e\u0445\u043e\u0434\u044b \u043e\u0442 \u043f\u0440\u043e\u0438\u0437\u0432\u043e\u0434\u0438\u0442\u0435\u043b\u044f \u0022],[\u0022https:\/\/tinger.ru\/catalog\/perelomka\/\u0022,1696699030,\u0022\u041a\u0443\u043f\u0438\u0442\u044c \u0432\u0435\u0437\u0434\u0435\u0445\u043e\u0434 \u043f\u0435\u0440\u0435\u043b\u043e\u043c\u043a\u0443 TINGER TF4 \u0432 \u0420\u0022]]},\u0022gid\u0022:null,\u0022previous\u0022:{\u0022list\u0022:[]}}","TITLE":"\u041a\u0443\u043f\u0438\u0442\u044c \u0432\u0435\u0437\u0434\u0435\u0445\u043e\u0434 TINGER TF4","UF_CRM_1449663065":64,"ASSIGNED_BY_ID":58,"SOURCE_ID":"WEB"}}},"result":{"result":476484,"time":{"start":1696699049.57042,"finish":1696699052.1434281,"duration":2.5730080604553223,"processing":2.5328030586242676,"date_start":"2023-10-07T20:17:29+03:00","date_finish":"2023-10-07T20:17:32+03:00","operating_reset_at":1696699649,"operating":2.5327811241149902}}}