{"url":"https:\/\/tinger.bitrix24.ru\/rest\/190\/42tc2gxq8od2858i\/crm.lead.add.json","info":{"url":"https:\/\/tinger.bitrix24.ru\/rest\/190\/42tc2gxq8od2858i\/crm.lead.add.json","content_type":"application\/json; charset=utf-8","http_code":200,"header_size":1028,"request_size":207,"filetime":-1,"ssl_verify_result":0,"redirect_count":0,"total_time":0.95723999999999998,"namelookup_time":0.001804,"connect_time":0.003042,"pretransfer_time":0.013081000000000001,"size_upload":2813,"size_download":292,"speed_download":305,"speed_upload":2939,"download_content_length":-1,"upload_content_length":2813,"starttransfer_time":0.013084999999999999,"redirect_time":0,"redirect_url":"","primary_ip":"178.132.201.52","certinfo":[],"primary_port":443,"local_ip":"188.225.57.79","local_port":34206,"http_version":3,"protocol":2,"ssl_verifyresult":0,"scheme":"HTTPS","appconnect_time_us":12980,"connect_time_us":3042,"namelookup_time_us":1804,"pretransfer_time_us":13081,"redirect_time_us":0,"starttransfer_time_us":13085,"total_time_us":957240},"params":{"method":"crm.lead.add","params":{"fields":{"NAME":"\u041d\u0418\u041a\u0418\u0422\u0410 \u0421\u0415\u0420\u041e\u0412 \u0421\u0415\u0420\u0413\u0415\u0415\u0412\u0418\u0427","PHONE":[{"VALUE":"+7 (952) 186-90-28","VALUE_TYPE":"WORK"}],"EMAIL":[{"VALUE":null,"VALUE_TYPE":"WORK"}],"TRACE":"{\u0022url\u0022:\u0022https:\/\/tingard.ru\/?utm_source=yandex\u0026utm_medium=cpc\u0026utm_campaign=rsya-click\u0026utm_content=16225570743\u0026utm_term=yandex.ru\u0026roistat=direct14_context_16225570743_%D0%B3%D1%80%D1%8F%D0%B4%D0%BA%D0%B8%20%D0%BD%D0%B0%20%D0%B4%D0%B0%D1%87%D0%B5\u0026roistat_referrer=yandex.ru\u0026roistat_pos=none_0\u0026yclid=2128246381730070527\u0022,\u0022ref\u0022:\u0022https:\/\/yandex.ru\/images\/search?from=tabbar\u0026img_url=https%3A%2F%2Fsun9-35.userapi.com%2Fimpg%2FzS9A1SZPu_mOC7OjkL9Q6udsv5F_UnCeRaXdmw%2FH-x9MFiIeGw.jpg%3Fsize%3D360x268%26quality%3D96%26sign%3D04bb9c8edbe84998fb435e31d9c0665b%26c_uniq_tag%3Dsoun151f7HAwgc5Jl93zq0aHxASrfAQUBuWv35LEtRc%26type%3Dalbum\u0026lr=15\u0026pos=44\u0026rpt=simage\u0026text=%D1%81%D0%BC%D0%B5%D1%88%D0%BD%D0%B0%D1%8F%20%D0%BA%D1%80%D1%8B%D1%81%D0%B0%20%D1%81%20%D0%B8%D0%BD%D0%B2%D0%B0%D0%BB%D0%B8%D0%B4%D0%BD%D0%BE%D0%B9%20%D0%BA%D0%BE%D0%BB%D1%8F%D1%81%D0%BA%D0%BE%D0%B9\u0022,\u0022device\u0022:{\u0022isMobile\u0022:false},\u0022tags\u0022:{\u0022ts\u0022:1725642668,\u0022list\u0022:{\u0022utm_source\u0022:\u0022yandex\u0022,\u0022utm_medium\u0022:\u0022cpc\u0022,\u0022utm_campaign\u0022:\u0022rsya-click\u0022,\u0022utm_content\u0022:\u002216225570743\u0022,\u0022utm_term\u0022:\u0022yandex.ru\u0022},\u0022gclid\u0022:null},\u0022client\u0022:{\u0022yaId\u0022:\u00221725642668260900517\u0022},\u0022pages\u0022:{\u0022list\u0022:[[\u0022https:\/\/tingard.ru\/?utm_source=yandex\u0026utm_medium=cpc\u0026utm_campaign=rsya-click\u0026utm_content=16225570743\u0026utm_term=yandex.ru\u0026roistat=direct14_context_16225570743_%D0%B3%D1%80%D1%8F%D0%B4%D0%BA%D0%B8%20%D0%BD%D0%B0%20%D0%B4%D0%B0%D1%87%D0%B5\u0026roistat_referrer=yandex.ru\u0026roistat_pos=none_0\u0026yclid=2128246381730070527\u0022,1725642668,\u0022TINGARD \u2014 \u0431\u0435\u0441\u0448\u043e\u0432\u043d\u044b\u0439 \u043f\u043b\u0430\u0441\u0442\u0438\u043a\u043e\u0432\u044b\u0439 \u043f\u043e\u0433\u0440\u0435\u0431 \u2116\u0022]]},\u0022gid\u0022:null,\u0022previous\u0022:{\u0022list\u0022:[]}}","UF_CRM_1517561552":"3438737","COMMENTS":null,"TITLE":"\u0417\u0430\u043a\u0430\u0437\u0430\u0442\u044c \u043f\u043e\u0433\u0440\u0435\u0431","UF_CRM_1449663065":68,"ASSIGNED_BY_ID":58,"SOURCE_ID":9}}},"result":{"result":546502,"time":{"start":1725642705.8005221,"finish":1725642706.6704481,"duration":0.86992597579956055,"processing":0.83710193634033203,"date_start":"2024-09-06T20:11:45+03:00","date_finish":"2024-09-06T20:11:46+03:00","operating_reset_at":1725643305,"operating":0.83706784248352051}}}