{"url":"https:\/\/tinger.bitrix24.ru\/rest\/190\/42tc2gxq8od2858i\/crm.lead.add.json","info":{"url":"https:\/\/tinger.bitrix24.ru\/rest\/190\/42tc2gxq8od2858i\/crm.lead.add.json","content_type":"application\/json; charset=utf-8","http_code":200,"header_size":1031,"request_size":207,"filetime":-1,"ssl_verify_result":0,"redirect_count":0,"total_time":2.4624649999999999,"namelookup_time":0.011742000000000001,"connect_time":0.021493999999999999,"pretransfer_time":0.039563000000000001,"size_upload":3198,"size_download":287,"speed_download":116,"speed_upload":1298,"download_content_length":-1,"upload_content_length":3198,"starttransfer_time":0.039565999999999997,"redirect_time":0,"redirect_url":"","primary_ip":"95.163.249.170","certinfo":[],"primary_port":443,"local_ip":"188.225.57.79","local_port":44590,"http_version":3,"protocol":2,"ssl_verifyresult":0,"scheme":"HTTPS","appconnect_time_us":39450,"connect_time_us":21494,"namelookup_time_us":11742,"pretransfer_time_us":39563,"redirect_time_us":0,"starttransfer_time_us":39566,"total_time_us":2462465},"params":{"method":"crm.lead.add","params":{"fields":{"NAME":"\u0412\u043b\u0430\u0434\u0438\u043c\u0438\u0440","PHONE":[{"VALUE":null,"VALUE_TYPE":"WORK"}],"EMAIL":[{"VALUE":"vladimir.tarasov@metrax.ru","VALUE_TYPE":"WORK"}],"COMMENTS":"\u0417\u0434\u0440\u0430\u0432\u0441\u0442\u0432\u0443\u0439\u0442\u0435, \r\n\u0412 \u043f\u0440\u043e\u0448\u043b\u043e\u043c \u0433\u043e\u0434\u0443 \u043f\u0440\u0438\u043e\u0431\u0440\u0435\u043b \u0432\u0430\u0448 \u043f\u043e\u0433\u0440\u0435\u0431. \u0421\u0430\u043c\u044b\u0439 \u0431\u043e\u043b\u044c\u0448\u043e\u0439. \u0423\u0441\u0442\u0430\u043d\u043e\u0432\u0438\u043b\u0438 \u0435\u0433\u043e \u043f\u043e\u0434 \u0436\u0431 \u043f\u043b\u0438\u0442\u0443 \u0444\u0443\u043d\u0434\u0430\u043c\u0435\u043d\u0442\u0430 \u0433\u0430\u0440\u0430\u0436\u0430, \u043a\u043e\u0442\u043e\u0440\u044b\u0439 \u043f\u0440\u0438\u043c\u044b\u043a\u0430\u0435\u0442 \u043a \u043d\u043e\u0432\u043e\u043c\u0443 \u0434\u043e\u043c\u0443. \u041f\u043e\u0441\u043b\u0435 \u0432\u0435\u0441\u0435\u043d\u043d\u0435\u0433\u043e \u043f\u0430\u0432\u043e\u0434\u043a\u0430 \u0432 \u044d\u0442\u043e\u043c \u0433\u043e\u0434\u0443 \u0432\u044b\u043f\u0435\u0440\u043b\u043e \u043e\u0434\u0438\u043d \u0443\u0433\u043e\u043b \u043f\u043e\u043b\u0430 \u043f\u043e\u0433\u0440\u0435\u0431\u0430. \u0414\u0435\u0440\u0435\u0432\u044f\u043d\u043d\u044b\u0439 \u043f\u043e\u043b \u043f\u043e\u043b\u043e\u043c\u0430\u043b\u0441\u044f, \u0436\u0435\u043b\u0435\u0437\u043d\u044b\u0435 \u0440\u0435\u0431\u0440\u0430 \u0436\u0435\u0441\u0442\u043a\u043e\u0441\u0442\u0438 \u043f\u043e\u0433\u043d\u0443\u043b\u043e. \u0422\u0435\u043f\u0435\u0440\u044c \u0441 \u0443\u0436\u0430\u0441\u043e\u043c \u0436\u0434\u0435\u043c \u0441\u043b\u0435\u0434\u0443\u044e\u0449\u0435\u0439 \u0432\u0435\u0441\u043d\u044b. \u0427\u0442\u043e \u043c\u043e\u0436\u043d\u043e \u0441\u0434\u0435\u043b\u0430\u0442\u044c, \u0447\u0442\u043e\u0431\u044b \u043f\u043e\u0433\u0440\u0435\u0431 \u043d\u0435 \u043f\u043e\u043b\u043e\u043c\u0430\u043b\u043e \u043f\u043e\u043b\u043d\u043e\u0441\u0442\u044c\u044e?\r\n\u0421 \u0443\u0432\u0430\u0436\u0435\u043d\u0438\u0435\u043c,\r\n\u0412\u043b\u0430\u0434\u0438\u043c\u0438\u0440\r\n+79037431304","TRACE":"{\u0022url\u0022:\u0022https:\/\/tingard.ru\/\u0022,\u0022ref\u0022:\u0022https:\/\/www.google.com\/\u0022,\u0022device\u0022:{\u0022isMobile\u0022:true},\u0022tags\u0022:{\u0022ts\u0022:1698343504,\u0022list\u0022:{},\u0022gclid\u0022:null},\u0022client\u0022:{\u0022yaId\u0022:\u0022169834350498545965\u0022},\u0022pages\u0022:{\u0022list\u0022:[[\u0022https:\/\/tingard.ru\/\u0022,1698343505,\u0022TINGARD \u2014 \u0431\u0435\u0441\u0448\u043e\u0432\u043d\u044b\u0439 \u043f\u043b\u0430\u0441\u0442\u0438\u043a\u043e\u0432\u044b\u0439 \u043f\u043e\u0433\u0440\u0435\u0431 \u2116\u0022]]},\u0022gid\u0022:null,\u0022previous\u0022:{\u0022list\u0022:[]}}","TITLE":"\u0421\u0432\u044f\u0437\u0430\u0442\u044c\u0441\u044f \u0441 \u043f\u0440\u043e\u0438\u0437\u0432\u043e\u0434\u0438\u0442\u0435\u043b\u0435\u043c","UF_CRM_1449663065":68,"ASSIGNED_BY_ID":58,"SOURCE_ID":9}}},"result":{"result":480700,"time":{"start":1698343931.384258,"finish":1698343933.740689,"duration":2.3564310073852539,"processing":2.3176870346069336,"date_start":"2023-10-26T21:12:11+03:00","date_finish":"2023-10-26T21:12:13+03:00","operating_reset_at":1698344531,"operating":2.3176648616790771}}}