{"url":"https:\/\/tinger.bitrix24.ru\/rest\/190\/42tc2gxq8od2858i\/crm.lead.add.json","info":{"url":"https:\/\/tinger.bitrix24.ru\/rest\/190\/42tc2gxq8od2858i\/crm.lead.add.json","content_type":"application\/json; charset=utf-8","http_code":200,"header_size":1030,"request_size":207,"filetime":-1,"ssl_verify_result":0,"redirect_count":0,"total_time":2.4657550000000001,"namelookup_time":0.022824000000000001,"connect_time":0.032231999999999997,"pretransfer_time":0.050722000000000003,"size_upload":1515,"size_download":288,"speed_download":116,"speed_upload":614,"download_content_length":-1,"upload_content_length":1515,"starttransfer_time":0.050729000000000003,"redirect_time":0,"redirect_url":"","primary_ip":"89.208.228.119","certinfo":[],"primary_port":443,"local_ip":"188.225.57.79","local_port":56398,"http_version":3,"protocol":2,"ssl_verifyresult":0,"scheme":"HTTPS","appconnect_time_us":50488,"connect_time_us":32232,"namelookup_time_us":22824,"pretransfer_time_us":50722,"redirect_time_us":0,"starttransfer_time_us":50729,"total_time_us":2465755},"params":{"method":"crm.lead.add","params":{"fields":{"NAME":"\u0418\u043b\u044c\u044f","PHONE":[{"VALUE":null,"VALUE_TYPE":"WORK"}],"EMAIL":[{"VALUE":"fthouse@mail.ru","VALUE_TYPE":"WORK"}],"COMMENTS":"\u041f\u043e \u0432\u043e\u043f\u0440\u043e\u0441\u0443 \u0434\u0438\u043b\u0435\u0440\u0441\u0442\u0432\u0430 \u0432 \u0433\u043e\u0440\u043e\u0434\u0435 \u041f\u0435\u0442\u0440\u043e\u0437\u0430\u0432\u043e\u0434\u0441\u043a, \u0420\u0435\u0441\u043f\u0443\u0431\u043b\u0438\u043a\u0430 \u041a\u0430\u0440\u0435\u043b\u0438\u044f","TRACE":"{\u0022url\u0022:\u0022https:\/\/tingard.ru\/?ysclid=lq9j1rln0187741549\u0022,\u0022ref\u0022:\u0022https:\/\/ya.ru\/\u0022,\u0022device\u0022:{\u0022isMobile\u0022:false},\u0022tags\u0022:{\u0022ts\u0022:1702819981,\u0022list\u0022:{},\u0022gclid\u0022:null},\u0022client\u0022:{\u0022yaId\u0022:\u00221702819980785398271\u0022},\u0022pages\u0022:{\u0022list\u0022:[[\u0022https:\/\/tingard.ru\/?ysclid=lq9j1rln0187741549\u0022,1702819981,\u0022TINGARD \u2014 \u0431\u0435\u0441\u0448\u043e\u0432\u043d\u044b\u0439 \u043f\u043b\u0430\u0441\u0442\u0438\u043a\u043e\u0432\u044b\u0439 \u043f\u043e\u0433\u0440\u0435\u0431 \u2116\u0022]]},\u0022gid\u0022:null,\u0022previous\u0022:{\u0022list\u0022:[]}}","TITLE":"\u0421\u0432\u044f\u0437\u0430\u0442\u044c\u0441\u044f \u0441 \u043f\u0440\u043e\u0438\u0437\u0432\u043e\u0434\u0438\u0442\u0435\u043b\u0435\u043c","UF_CRM_1449663065":68,"ASSIGNED_BY_ID":58,"SOURCE_ID":9}}},"result":{"result":488372,"time":{"start":1702820039.550688,"finish":1702820041.8817861,"duration":2.3310980796813965,"processing":2.2745578289031982,"date_start":"2023-12-17T16:33:59+03:00","date_finish":"2023-12-17T16:34:01+03:00","operating_reset_at":1702820639,"operating":2.2745280265808105}}}