{"url":"https:\/\/tinger.bitrix24.ru\/rest\/190\/42tc2gxq8od2858i\/crm.lead.add.json","info":{"url":"https:\/\/tinger.bitrix24.ru\/rest\/190\/42tc2gxq8od2858i\/crm.lead.add.json","content_type":"application\/json; charset=utf-8","http_code":200,"header_size":1030,"request_size":207,"filetime":-1,"ssl_verify_result":0,"redirect_count":0,"total_time":10.346885,"namelookup_time":0.0020999999999999999,"connect_time":0.0034970000000000001,"pretransfer_time":0.013228999999999999,"size_upload":2425,"size_download":288,"speed_download":27,"speed_upload":234,"download_content_length":-1,"upload_content_length":2425,"starttransfer_time":0.013233,"redirect_time":0,"redirect_url":"","primary_ip":"178.132.201.53","certinfo":[],"primary_port":443,"local_ip":"188.225.57.79","local_port":56404,"http_version":3,"protocol":2,"ssl_verifyresult":0,"scheme":"HTTPS","appconnect_time_us":13110,"connect_time_us":3497,"namelookup_time_us":2100,"pretransfer_time_us":13229,"redirect_time_us":0,"starttransfer_time_us":13233,"total_time_us":10346885},"params":{"method":"crm.lead.add","params":{"fields":{"UF_CRM_1449663065":"16452","SOURCE_ID":98,"ASSIGNED_BY_ID":58,"TITLE":"\u0417\u0430\u043a\u0430\u0437\u0430\u0442\u044c \u0451\u043c\u043a\u043e\u0441\u0442\u044c \u043d\u0430 30 \u043a\u0443\u0431\u043e\u0432","NAME":"\u0410\u043b\u0435\u043a\u0441\u0430\u043d\u0434\u0440 \u0410\u043b\u0435\u043a\u0441\u0430\u043d\u0434\u0440\u043e\u0432\u0438\u0447","PHONE":[{"VALUE":"+7 (929) 469-92-29","VALUE_TYPE":"WORK"}],"EMAIL":[{"VALUE":null,"VALUE_TYPE":"WORK"}],"COMMENTS":"1 \u0448\u0442. \u043d\u0430 \u0441\u0443\u043c\u043c\u0443 543 000 \u0440\u0443\u0431.","TRACE":"{\u0022url\u0022:\u0022https:\/\/pt.tingerplast.ru\/#models\u0022,\u0022ref\u0022:\u0022https:\/\/yandex.ru\/\u0022,\u0022device\u0022:{\u0022isMobile\u0022:false},\u0022tags\u0022:{\u0022ts\u0022:1691394603,\u0022list\u0022:{\u0022utm_source\u0022:\u0022yandex\u0022,\u0022utm_medium\u0022:\u0022cpc\u0022,\u0022utm_campaign\u0022:\u0022emkosti_poisk_rf\u0022,\u0022utm_content\u0022:\u002213953146589\u0022,\u0022utm_term\u0022:\u0022\u0435\u043c\u043a\u043e\u0441\u0442\u0438 30 \u043a\u0443\u0431\u043e\u0432\u0022},\u0022gclid\u0022:null},\u0022client\u0022:{\u0022yaId\u0022:\u00221691394602564734459\u0022},\u0022pages\u0022:{\u0022list\u0022:[[\u0022https:\/\/pt.tingerplast.ru\/?roistat=direct14_search_13953146589_%D0%B5%D0%BC%D0%BA%D0%BE%D1%81%D1%82%D0%B8%2030%20%D0%BA%D1%83%D0%B1%D0%BE%D0%B2\u0026roistat_referrer=none\u0026roistat_pos=premium_1\u0026utm_source=yandex\u0026utm_medium=cpc\u0026utm_campaign=emkosti_poisk_rf\u0026utm_content=13953146589\u0026utm_term=%D0%B5%D0%BC%D0%BA%D0%BE%D1%81%D1%82%D0%B8%2030%20%D0%BA%D1%83%D0%B1%D0%BE%D0%B2\u0026yclid=2746781320979939327\u0022,1691394603,\u0022\u041f\u043b\u0430\u0441\u0442\u0438\u043a\u043e\u0432\u044b\u0435 \u0451\u043c\u043a\u043e\u0441\u0442\u0438 \u0431\u043e\u043b\u044c\u0448\u043e\u0433\u043e \u043e\u0431\u044a\u0451\u043c\u0430 \u043e\u0442 \u043f\u0022],[\u0022https:\/\/pt.tingerplast.ru\/#models\u0022,1691394624,\u0022\u041f\u043b\u0430\u0441\u0442\u0438\u043a\u043e\u0432\u044b\u0435 \u0451\u043c\u043a\u043e\u0441\u0442\u0438 \u0431\u043e\u043b\u044c\u0448\u043e\u0433\u043e \u043e\u0431\u044a\u0451\u043c\u0430 \u043e\u0442 \u043f\u0022]]},\u0022gid\u0022:null,\u0022previous\u0022:{\u0022list\u0022:[]}}"}}},"result":{"result":461948,"time":{"start":1691394679.8706541,"finish":1691394690.119015,"duration":10.248360872268677,"processing":10.210110902786255,"date_start":"2023-08-07T10:51:19+03:00","date_finish":"2023-08-07T10:51:30+03:00","operating_reset_at":1691395279,"operating":10.210084915161133}}}