{"url":"https:\/\/tinger.bitrix24.ru\/rest\/190\/42tc2gxq8od2858i\/crm.lead.add.json","info":{"url":"https:\/\/tinger.bitrix24.ru\/rest\/190\/42tc2gxq8od2858i\/crm.lead.add.json","content_type":"application\/json; charset=utf-8","http_code":200,"header_size":1028,"request_size":207,"filetime":-1,"ssl_verify_result":0,"redirect_count":0,"total_time":2.270702,"namelookup_time":0.002408,"connect_time":0.0037260000000000001,"pretransfer_time":0.018869,"size_upload":1671,"size_download":288,"speed_download":126,"speed_upload":736,"download_content_length":-1,"upload_content_length":1671,"starttransfer_time":0.018873000000000001,"redirect_time":0,"redirect_url":"","primary_ip":"178.132.201.53","certinfo":[],"primary_port":443,"local_ip":"188.225.57.79","local_port":56696,"http_version":3,"protocol":2,"ssl_verifyresult":0,"scheme":"HTTPS","appconnect_time_us":18732,"connect_time_us":3726,"namelookup_time_us":2408,"pretransfer_time_us":18869,"redirect_time_us":0,"starttransfer_time_us":18873,"total_time_us":2270702},"params":{"method":"crm.lead.add","params":{"fields":{"UF_CRM_1449663065":14016,"SOURCE_ID":"CONFERENCE","ASSIGNED_BY_ID":58,"TITLE":"\u0412\u043e\u0437\u043d\u0438\u043a\u043b\u0438 \u0432\u043e\u043f\u0440\u043e\u0441\u044b","NAME":"\u0421\u0435\u0440\u0433\u0435\u0439","PHONE":[{"VALUE":"+7 (910) 698-87-43","VALUE_TYPE":"WORK"}],"EMAIL":[{"VALUE":null,"VALUE_TYPE":"WORK"}],"COMMENTS":"\u0418\u043d\u0442\u0435\u0440\u0435\u0441\u0443\u044e\u0442 \u043b\u0438\u0441\u0442 \u043f\u043e\u043b\u0438\u043f\u0440\u043e\u043f\u0438\u043b\u0435\u043d 2 \u043c\u043c","TRACE":"{\u0022url\u0022:\u0022https:\/\/tingerplast.ru\/listovoy-plastik-pp\/\u0022,\u0022ref\u0022:\u0022https:\/\/yandex.ru\/\u0022,\u0022device\u0022:{\u0022isMobile\u0022:false},\u0022tags\u0022:{\u0022ts\u0022:1713339147,\u0022list\u0022:{},\u0022gclid\u0022:null},\u0022client\u0022:{\u0022yaId\u0022:\u00221713339147537032172\u0022},\u0022pages\u0022:{\u0022list\u0022:[[\u0022https:\/\/tingerplast.ru\/listovoy-plastik-pp\/list-pp-3000x1500x2-mm-chyernyy\/\u0022,1713339147,\u0022\u041b\u0438\u0441\u0442 \u041f\u041f 3000x1500x2 \u043c\u043c, \u0447\u0451\u0440\u043d\u044b\u0439\u0022],[\u0022https:\/\/tingerplast.ru\/listovoy-plastik-pnd\/\u0022,1713339432,\u0022\u041b\u0438\u0441\u0442\u043e\u0432\u043e\u0439 \u043f\u043b\u0430\u0441\u0442\u0438\u043a \u041f\u041d\u0414\u0022],[\u0022https:\/\/tingerplast.ru\/listovoy-plastik-pp\/\u0022,1713339441,\u0022\u041b\u0438\u0441\u0442\u043e\u0432\u043e\u0439 \u043f\u043b\u0430\u0441\u0442\u0438\u043a \u041f\u041f\u0022]]},\u0022gid\u0022:null,\u0022previous\u0022:{\u0022list\u0022:[]}}"}}},"result":{"result":507668,"time":{"start":1713339550.9414239,"finish":1713339553.111237,"duration":2.1698131561279297,"processing":2.1248278617858887,"date_start":"2024-04-17T10:39:10+03:00","date_finish":"2024-04-17T10:39:13+03:00","operating_reset_at":1713340150,"operating":2.1247761249542236}}}