{"url":"https:\/\/tinger.bitrix24.ru\/rest\/190\/42tc2gxq8od2858i\/crm.lead.add.json","info":{"url":"https:\/\/tinger.bitrix24.ru\/rest\/190\/42tc2gxq8od2858i\/crm.lead.add.json","content_type":"application\/json; charset=utf-8","http_code":200,"header_size":1034,"request_size":207,"filetime":-1,"ssl_verify_result":0,"redirect_count":0,"total_time":2.4671959999999999,"namelookup_time":0.015327,"connect_time":0.027095000000000001,"pretransfer_time":0.047474000000000002,"size_upload":3496,"size_download":287,"speed_download":116,"speed_upload":1417,"download_content_length":-1,"upload_content_length":3496,"starttransfer_time":0.047480000000000001,"redirect_time":0,"redirect_url":"","primary_ip":"46.235.53.70","certinfo":[],"primary_port":443,"local_ip":"188.225.57.79","local_port":46096,"http_version":3,"protocol":2,"ssl_verifyresult":0,"scheme":"HTTPS","appconnect_time_us":47332,"connect_time_us":27095,"namelookup_time_us":15327,"pretransfer_time_us":47474,"redirect_time_us":0,"starttransfer_time_us":47480,"total_time_us":2467196},"params":{"method":"crm.lead.add","params":{"fields":{"NAME":"\u041e\u0440\u043b\u043e\u0432 \u0410\u043b\u0435\u043a\u0441\u0430\u043d\u0434\u0440 \u042e\u0440\u044c\u0435\u0432\u0438\u0447","PHONE":[{"VALUE":"9263342570","VALUE_TYPE":"WORK"}],"EMAIL":[{"VALUE":"liter_a@rambler.ru","VALUE_TYPE":"WORK"}],"TRACE":"{\u0022url\u0022:\u0022https:\/\/tinger.ru\/contacts\/\u0022,\u0022ref\u0022:\u0022https:\/\/ya.ru\/search\/?text=%D0%92%D0%B5%D0%B7%D0%B4%D0%B5%D1%85%D0%BE%D0%B4%D1%8B+TINGER\u0026lr=127130\u0026clid=2933877\u0026win=590\u0022,\u0022device\u0022:{\u0022isMobile\u0022:false},\u0022tags\u0022:{\u0022ts\u0022:1755583115,\u0022list\u0022:{},\u0022gclid\u0022:null},\u0022client\u0022:{\u0022gaId\u0022:\u0022128057234.1755583115\u0022,\u0022yaId\u0022:\u00221755583115635068717\u0022},\u0022pages\u0022:{\u0022list\u0022:[[\u0022https:\/\/tinger.ru\/catalog\/\u0022,1755583652,\u0022\u041c\u043e\u0434\u0435\u043b\u044c\u043d\u044b\u0439 \u0440\u044f\u0434 \u0432\u0435\u0437\u0434\u0435\u0445\u043e\u0434\u043d\u043e\u0439 \u0442\u0435\u0445\u043d\u0438\u043a\u0438\u0022],[\u0022https:\/\/tinger.ru\/catalog\/tinger-armor\/\u0022,1755584196,\u00228-\u043c\u0438 \u043a\u043e\u043b\u0451\u0441\u043d\u044b\u0435 \u0432\u0435\u0437\u0434\u0435\u0445\u043e\u0434\u044b \u043d\u0430 \u0448\u0438\u043d\u0430\u0445 \u043d\u0438\u0437\u043a\u043e\u0433\u043e\u0022],[\u0022https:\/\/tinger.ru\/configurator\/onlyconfigurator.php?selectModel=tinger-armor\u0022,1755584196,\u0022onlyconfigurator\u0022],[\u0022https:\/\/tinger.ru\/configurator\/\u0022,1755584204,\u0022\u041a\u043e\u043d\u0444\u0438\u0433\u0443\u0440\u0430\u0442\u043e\u0440 \u0432\u0435\u0437\u0434\u0435\u0445\u043e\u0434\u043d\u043e\u0439 \u0442\u0435\u0445\u043d\u0438\u043a\u0438\u0022],[\u0022https:\/\/tinger.ru\/contacts\/\u0022,1755584471,\u0022\u041a\u043e\u043d\u0442\u0430\u043a\u0442\u044b \u0433\u0440\u0443\u043f\u043f\u044b \u043a\u043e\u043c\u043f\u0430\u043d\u0438\u0439 TINGER\u0022]]},\u0022gid\u0022:null,\u0022previous\u0022:{\u0022list\u0022:[]}}","UF_CRM_1736853511":"1755583115635068717","UF_CRM_1736853555":"1755583115635068717","UF_CRM_1736853537":"1755583115635068717","UF_CRM_1517561552":"3922831","COMMENTS":"\u0414\u043e\u0431\u0440\u044b\u0439 \u0434\u0435\u043d\u044c! \u0412 2013 \u043a\u0443\u043f\u0438\u043b 2 \u0432\u0435\u0437\u0434\u0435\u0445\u043e\u0434\u0430  Wild Panther 8x8 \u0441 \u0433\u0443\u0441\u0435\u043d\u0438\u0446\u0430\u043c\u0438, \u044d\u043a\u0441\u043f\u043b\u0443\u0430\u0442\u0438\u0440\u043e\u0432\u0430\u043b\u0438\u0441\u044c \u043c\u0430\u043b\u043e - 20-30 \u043c\u043e\u0442\u043e\u0447\u0430\u0441\u043e\u0432, \u0445\u0440\u0430\u043d\u044f\u0442\u0441\u044f \u043f\u043e\u0434 \u043d\u0430\u0432\u0435\u0441\u043e\u043c \u0432\u0441\u0435 \u044d\u0442\u0438 \u0433\u043e\u0434\u044b. \u0425\u043e\u0447\u0443 \u0440\u0430\u0441\u0441\u0442\u0430\u0442\u044c\u0441\u044f \u0441 \u043d\u0438\u043c\u0438 - \u0435\u0441\u043b\u0438 \u0438\u043d\u0442\u0435\u0440\u0435\u0441\u043d\u043e -\u043f\u0438\u0448\u0438\u0442\u0435.","TITLE":"\u0412\u043e\u043f\u0440\u043e\u0441\u044b, \u0437\u0430\u043c\u0435\u0447\u0430\u043d\u0438\u044f \u0438\u043b\u0438 \u043f\u0440\u0435\u0434\u043b\u043e\u0436\u0435\u043d\u0438\u044f","UF_CRM_1449663065":64,"ASSIGNED_BY_ID":58,"SOURCE_ID":"WEB"}}},"result":{"result":617514,"time":{"start":1755584837.8403349,"finish":1755584840.166656,"duration":2.3263211250305176,"processing":2.2828450202941895,"date_start":"2025-08-19T09:27:17+03:00","date_finish":"2025-08-19T09:27:20+03:00","operating_reset_at":1755585437,"operating":2.2828171253204346}}}