{"url":"https:\/\/tinger.bitrix24.ru\/rest\/190\/42tc2gxq8od2858i\/crm.lead.add.json","info":{"url":"https:\/\/tinger.bitrix24.ru\/rest\/190\/42tc2gxq8od2858i\/crm.lead.add.json","content_type":"application\/json; charset=utf-8","http_code":200,"header_size":1030,"request_size":207,"filetime":-1,"ssl_verify_result":0,"redirect_count":0,"total_time":2.3007610000000001,"namelookup_time":0.016969000000000001,"connect_time":0.02546,"pretransfer_time":0.045123000000000003,"size_upload":1387,"size_download":285,"speed_download":123,"speed_upload":603,"download_content_length":-1,"upload_content_length":1387,"starttransfer_time":0.045125999999999999,"redirect_time":0,"redirect_url":"","primary_ip":"109.120.182.255","certinfo":[],"primary_port":443,"local_ip":"188.225.57.79","local_port":39118,"http_version":3,"protocol":2,"ssl_verifyresult":0,"scheme":"HTTPS","appconnect_time_us":44999,"connect_time_us":25460,"namelookup_time_us":16969,"pretransfer_time_us":45123,"redirect_time_us":0,"starttransfer_time_us":45126,"total_time_us":2300761},"params":{"method":"crm.lead.add","params":{"fields":{"NAME":"\u041d\u0430\u0442\u0430\u043b\u0438\u044f","PHONE":[{"VALUE":"+7 (962) 856-84-38","VALUE_TYPE":"WORK"}],"EMAIL":[{"VALUE":"egrv.natalia@yandex.ru","VALUE_TYPE":"WORK"}],"TRACE":"{\u0022url\u0022:\u0022https:\/\/tingard.ru\/\u0022,\u0022ref\u0022:\u0022https:\/\/www.google.com\/\u0022,\u0022device\u0022:{\u0022isMobile\u0022:false},\u0022tags\u0022:{\u0022ts\u0022:1754753886,\u0022list\u0022:{},\u0022gclid\u0022:null},\u0022client\u0022:{\u0022yaId\u0022:\u0022175208391181990264\u0022},\u0022pages\u0022:{\u0022list\u0022:[[\u0022https:\/\/tingard.ru\/\u0022,1754753886,\u0022TINGARD \u2014 \u0431\u0435\u0441\u0448\u043e\u0432\u043d\u044b\u0439 \u043f\u043b\u0430\u0441\u0442\u0438\u043a\u043e\u0432\u044b\u0439 \u043f\u043e\u0433\u0440\u0435\u0431 \u0441\u0022]]},\u0022gid\u0022:null,\u0022previous\u0022:{\u0022list\u0022:[]}}","UF_CRM_1736853511":"175208391181990264","UF_CRM_1736853555":"175208391181990264","UF_CRM_1736853537":"175208391181990264","UF_CRM_1517561552":"3726361","COMMENTS":null,"TITLE":"\u0420\u0430\u0441\u0441\u0447\u0438\u0442\u0430\u0442\u044c \u0441\u0442\u043e\u0438\u043c\u043e\u0441\u0442\u044c \u043f\u043e\u0433\u0440\u0435\u0431\u0430","UF_CRM_1449663065":68,"ASSIGNED_BY_ID":58,"SOURCE_ID":9}}},"result":{"result":616058,"time":{"start":1754753954.0219519,"finish":1754753956.2074709,"duration":2.1855189800262451,"processing":2.1468291282653809,"date_start":"2025-08-09T18:39:14+03:00","date_finish":"2025-08-09T18:39:16+03:00","operating_reset_at":1754754554,"operating":2.1468050479888916}}}