{"url":"https:\/\/b24-sh4tt4.bitrix24.ru\/rest\/1\/217jmm875q0fh5wp\/crm.lead.add.json","info":{"url":"https:\/\/b24-sh4tt4.bitrix24.ru\/rest\/1\/217jmm875q0fh5wp\/crm.lead.add.json","content_type":"application\/json; charset=utf-8","http_code":200,"header_size":1034,"request_size":209,"filetime":-1,"ssl_verify_result":0,"redirect_count":0,"total_time":0.63368599999999997,"namelookup_time":0.0095040000000000003,"connect_time":0.020677000000000001,"pretransfer_time":0.040245999999999997,"size_upload":1871,"size_download":288,"speed_download":454,"speed_upload":2955,"download_content_length":-1,"upload_content_length":1871,"starttransfer_time":0.040247999999999999,"redirect_time":0,"redirect_url":"","primary_ip":"46.235.53.69","certinfo":[],"primary_port":443,"local_ip":"188.225.57.79","local_port":51478,"http_version":3,"protocol":2,"ssl_verifyresult":0,"scheme":"HTTPS","appconnect_time_us":40108,"connect_time_us":20677,"namelookup_time_us":9504,"pretransfer_time_us":40246,"redirect_time_us":0,"starttransfer_time_us":40248,"total_time_us":633686},"params":{"method":"crm.lead.add","params":{"fields":{"NAME":"\u0412\u044f\u0447\u0435\u0441\u043b\u0430\u0432","PHONE":[{"VALUE":"+7 (992) 031-50-62","VALUE_TYPE":"WORK"}],"EMAIL":[{"VALUE":null,"VALUE_TYPE":"WORK"}],"TRACE":"{\u0022url\u0022:\u0022https:\/\/tingard.ru\/?roistat=direct14_context_16225328535_\u0026roistat_referrer=konstruktortestov.ru\u0026roistat_pos=none_0\u0026utm_source=yandex\u0026utm_medium=cpc\u0026utm_campaign=rsya-click\u0026utm_content=16225328535\u0026utm_term=konstruktortestov.ru\u0026yclid=18196554897114005503\u0022,\u0022ref\u0022:\u0022https:\/\/konstruktortestov.ru\/\u0022,\u0022device\u0022:{\u0022isMobile\u0022:true},\u0022tags\u0022:{\u0022ts\u0022:1722249211,\u0022list\u0022:{\u0022utm_source\u0022:\u0022yandex\u0022,\u0022utm_medium\u0022:\u0022cpc\u0022,\u0022utm_campaign\u0022:\u0022rsya-click\u0022,\u0022utm_content\u0022:\u002216225328535\u0022,\u0022utm_term\u0022:\u0022konstruktortestov.ru\u0022},\u0022gclid\u0022:null},\u0022client\u0022:{\u0022yaId\u0022:\u00221722249210501362275\u0022},\u0022pages\u0022:{\u0022list\u0022:[[\u0022https:\/\/tingard.ru\/?roistat=direct14_context_16225328535_\u0026roistat_referrer=konstruktortestov.ru\u0026roistat_pos=none_0\u0026utm_source=yandex\u0026utm_medium=cpc\u0026utm_campaign=rsya-click\u0026utm_content=16225328535\u0026utm_term=konstruktortestov.ru\u0026yclid=18196554897114005503\u0022,1722249212,\u0022TINGARD \u2014 \u0431\u0435\u0441\u0448\u043e\u0432\u043d\u044b\u0439 \u043f\u043b\u0430\u0441\u0442\u0438\u043a\u043e\u0432\u044b\u0439 \u043f\u043e\u0433\u0440\u0435\u0431 \u2116\u0022]]},\u0022gid\u0022:null,\u0022previous\u0022:{\u0022list\u0022:[]}}","UF_CRM_1517561552":"3360466","COMMENTS":null,"TITLE":"\u0420\u0430\u0441\u0441\u0447\u0438\u0442\u0430\u0442\u044c \u0434\u043e\u0441\u0442\u0430\u0432\u043a\u0443","UF_CRM_1449663065":68,"ASSIGNED_BY_ID":58,"SOURCE_ID":9}}},"result":{"result":259,"time":{"start":1722249234.9683061,"finish":1722249235.5181921,"duration":0.54988598823547363,"processing":0.53047299385070801,"date_start":"2024-07-29T13:33:54+03:00","date_finish":"2024-07-29T13:33:55+03:00","operating_reset_at":1722249834,"operating":0.5304567813873291}}}