{"url":"https:\/\/tinger.bitrix24.ru\/rest\/190\/42tc2gxq8od2858i\/crm.lead.add.json","info":{"url":"https:\/\/tinger.bitrix24.ru\/rest\/190\/42tc2gxq8od2858i\/crm.lead.add.json","content_type":"application\/json; charset=utf-8","http_code":200,"header_size":1030,"request_size":207,"filetime":-1,"ssl_verify_result":0,"redirect_count":0,"total_time":1.1807890000000001,"namelookup_time":0.0022659999999999998,"connect_time":0.010671,"pretransfer_time":0.027851000000000001,"size_upload":1812,"size_download":285,"speed_download":241,"speed_upload":1535,"download_content_length":-1,"upload_content_length":1812,"starttransfer_time":0.027854,"redirect_time":0,"redirect_url":"","primary_ip":"109.120.182.255","certinfo":[],"primary_port":443,"local_ip":"188.225.57.79","local_port":40764,"http_version":3,"protocol":2,"ssl_verifyresult":0,"scheme":"HTTPS","appconnect_time_us":27711,"connect_time_us":10671,"namelookup_time_us":2266,"pretransfer_time_us":27851,"redirect_time_us":0,"starttransfer_time_us":27854,"total_time_us":1180789},"params":{"method":"crm.lead.add","params":{"fields":{"NAME":"\u0413\u0430\u0434\u0436\u0435\u0442 \u0434\u0436\u0430\u0432\u0430\u0442\u0445\u0430\u043d\u043e\u0432 ","PHONE":[{"VALUE":"+7 (977) 545-20-63","VALUE_TYPE":"WORK"}],"TRACE":"{\u0022url\u0022:\u0022https:\/\/tingard.ru\/thanks\/\u0022,\u0022device\u0022:{\u0022isMobile\u0022:true},\u0022tags\u0022:{\u0022ts\u0022:1748699437,\u0022list\u0022:{\u0022utm_source\u0022:\u0022yandex\u0022,\u0022utm_medium\u0022:\u0022cpc\u0022,\u0022utm_campaign\u0022:\u0022mk_rf\u0022,\u0022utm_content\u0022:\u002214460640497\u0022,\u0022utm_term\u0022:\u0022---autotargeting\u0022},\u0022gclid\u0022:null},\u0022client\u0022:{\u0022yaId\u0022:\u00221748699438326102129\u0022},\u0022pages\u0022:{\u0022list\u0022:[[\u0022https:\/\/tingard.ru\/?utm_source=yandex\u0026utm_medium=cpc\u0026utm_campaign=mk_rf\u0026utm_content=14460640497\u0026utm_term=---autotargeting\u0026roistat=direct14_context_89463958_rsMasterGroup_rsMasterBanner_---autotargeting\u0026yclid=8716860675833987071\u0022,1748699438,\u0022TINGARD \u2014 \u0431\u0435\u0441\u0448\u043e\u0432\u043d\u044b\u0439 \u043f\u043b\u0430\u0441\u0442\u0438\u043a\u043e\u0432\u044b\u0439 \u043f\u043e\u0433\u0440\u0435\u0431 \u2116\u0022],[\u0022https:\/\/tingard.ru\/thanks\/\u0022,1748699542,\u0022\u0421\u043f\u0430\u0441\u0438\u0431\u043e \u0437\u0430 \u0437\u0430\u044f\u0432\u043a\u0443\u0022]]},\u0022gid\u0022:null,\u0022previous\u0022:{\u0022list\u0022:[]}}","UF_CRM_1736853511":"1748699438326102129","UF_CRM_1736853555":"1748699438326102129","UF_CRM_1736853537":"1748699438326102129","UF_CRM_1517561552":"3659723","COMMENTS":null,"TITLE":"\u0417\u0430\u043a\u0430\u0437\u0430\u0442\u044c \u043f\u043e\u0433\u0440\u0435\u0431","UF_CRM_1449663065":68,"ASSIGNED_BY_ID":58,"SOURCE_ID":9}}},"result":{"result":599500,"time":{"start":1748699524.2086151,"finish":1748699525.288914,"duration":1.080298900604248,"processing":1.0401179790496826,"date_start":"2025-05-31T16:52:04+03:00","date_finish":"2025-05-31T16:52:05+03:00","operating_reset_at":1748700124,"operating":3.2824218273162842}}}