{"url":"https:\/\/tinger.bitrix24.ru\/rest\/190\/42tc2gxq8od2858i\/crm.lead.add.json","info":{"url":"https:\/\/tinger.bitrix24.ru\/rest\/190\/42tc2gxq8od2858i\/crm.lead.add.json","content_type":"application\/json; charset=utf-8","http_code":200,"header_size":1030,"request_size":207,"filetime":-1,"ssl_verify_result":0,"redirect_count":0,"total_time":1.9189320000000001,"namelookup_time":0.0018760000000000001,"connect_time":0.003362,"pretransfer_time":0.012644000000000001,"size_upload":3364,"size_download":288,"speed_download":150,"speed_upload":1753,"download_content_length":-1,"upload_content_length":3364,"starttransfer_time":0.012645999999999999,"redirect_time":0,"redirect_url":"","primary_ip":"178.132.201.52","certinfo":[],"primary_port":443,"local_ip":"188.225.57.79","local_port":39262,"http_version":3,"protocol":2,"ssl_verifyresult":0,"scheme":"HTTPS","appconnect_time_us":12555,"connect_time_us":3362,"namelookup_time_us":1876,"pretransfer_time_us":12644,"redirect_time_us":0,"starttransfer_time_us":12646,"total_time_us":1918932},"params":{"method":"crm.lead.add","params":{"fields":{"NAME":"\u0412\u0438\u0442\u0430\u043b\u0438\u0439","PHONE":[{"VALUE":"+7 (960) 449-16-00","VALUE_TYPE":"WORK"}],"EMAIL":[{"VALUE":null,"VALUE_TYPE":"WORK"}],"TRACE":"{\u0022url\u0022:\u0022https:\/\/tingard.ru\/?roistat=direct14_context_16233427521_\u0026roistat_referrer=com.avito.android\u0026roistat_pos=none_0\u0026utm_source=yandex\u0026utm_medium=cpc\u0026utm_campaign=rsya-click\u0026utm_content=16233427521\u0026utm_term=com.avito.android\u0026yclid=12480337770442653695\u0022,\u0022device\u0022:{\u0022isMobile\u0022:true},\u0022tags\u0022:{\u0022ts\u0022:1721809338,\u0022list\u0022:{\u0022utm_source\u0022:\u0022yandex\u0022,\u0022utm_medium\u0022:\u0022cpc\u0022,\u0022utm_campaign\u0022:\u0022rsya-click\u0022,\u0022utm_content\u0022:\u002216233427521\u0022,\u0022utm_term\u0022:\u0022com.avito.android\u0022},\u0022gclid\u0022:null},\u0022client\u0022:{\u0022yaId\u0022:\u00221721809264254937372\u0022},\u0022pages\u0022:{\u0022list\u0022:[[\u0022https:\/\/tingard.ru\/?roistat=direct14_context_16233427521_\u0026roistat_referrer=com.avito.android\u0026roistat_pos=none_0\u0026utm_source=yandex\u0026utm_medium=cpc\u0026utm_campaign=rsya-click\u0026utm_content=16233427521\u0026utm_term=com.avito.android\u0026yclid=12480337770442653695\u0022,1721809338,\u0022TINGARD \u2014 \u0431\u0435\u0441\u0448\u043e\u0432\u043d\u044b\u0439 \u043f\u043b\u0430\u0441\u0442\u0438\u043a\u043e\u0432\u044b\u0439 \u043f\u043e\u0433\u0440\u0435\u0431 \u2116\u0022]]},\u0022gid\u0022:null,\u0022previous\u0022:{\u0022list\u0022:[]}}","UF_CRM_1517561552":"3352762","COMMENTS":"undefined\u003Cb\u003E\u0413\u0434\u0435 \u043f\u043b\u0430\u043d\u0438\u0440\u0443\u0435\u0442\u0435 \u0443\u0441\u0442\u0430\u043d\u0430\u0432\u043b\u0438\u0432\u0430\u0442\u044c \u043f\u043e\u0433\u0440\u0435\u0431?\u003C\/b\u003E \u043f\u043e\u0434 \u0434\u043e\u043c\u043e\u043c\u003Cbr\u003E\u003Cb\u003E\u041a\u0430\u043a\u043e\u0439 \u0443\u0440\u043e\u0432\u0435\u043d\u044c \u0433\u0440\u0443\u043d\u0442\u043e\u0432\u044b\u0445 \u0432\u043e\u0434 \u043d\u0430 \u0432\u0430\u0448\u0435\u043c \u0443\u0447\u0430\u0441\u0442\u043a\u0435?\u003C\/b\u003E \u043d\u0443\u0436\u043d\u0430 \u043a\u043e\u043d\u0441\u0443\u043b\u044c\u0442\u0430\u0446\u0438\u044f\u003Cbr\u003E\u003Cb\u003E\u041f\u043e\u0434\u0431\u0435\u0440\u0438 \u043f\u043e\u0433\u0440\u0435\u0431 \u0437\u0430 30 \u0441\u0435\u043a\u0443\u043d\u0434\u003C\/b\u003E \u043f\u043e\u043a\u0430 \u043d\u0435 \u0437\u043d\u0430\u044e\u003Cbr\u003E\u003Cb\u003E\u041a\u0442\u043e \u0431\u0443\u0434\u0435\u0442 \u0437\u0430\u043d\u0438\u043c\u0430\u0442\u044c\u0441\u044f \u0443\u0441\u0442\u0430\u043d\u043e\u0432\u043a\u043e\u0439 \u043f\u043e\u0433\u0440\u0435\u0431\u0430?\u003C\/b\u003E \u043f\u0440\u043e\u0444\u0438\u043b\u044c\u043d\u0430\u044f \u043e\u0440\u0433\u0430\u043d\u0438\u0437\u0430\u0446\u0438\u044f\u003Cbr\u003E\u003Cb\u003E\u041a\u043e\u0433\u0434\u0430 \u0432\u044b \u043f\u043b\u0430\u043d\u0438\u0440\u0443\u0435\u0442\u0435 \u043f\u0440\u0438\u043e\u0431\u0440\u0435\u0441\u0442\u0438 \u043f\u043e\u0433\u0440\u0435\u0431?\u003C\/b\u003E \u0434\u043e \u043a\u043e\u043d\u0446\u0430 \u0433\u043e\u0434\u0430\u003Cbr\u003E","TITLE":"\u041f\u043e\u0434\u043e\u0431\u0440\u0430\u0442\u044c \u043f\u043e\u0433\u0440\u0435\u0431 (\u043a\u0432\u0438\u0437)","UF_CRM_1449663065":68,"ASSIGNED_BY_ID":58,"SOURCE_ID":9}}},"result":{"result":532176,"time":{"start":1721809355.987431,"finish":1721809357.7964799,"duration":1.8090488910675049,"processing":1.7767229080200195,"date_start":"2024-07-24T11:22:35+03:00","date_finish":"2024-07-24T11:22:37+03:00","operating_reset_at":1721809956,"operating":3.5192160606384277}}}