{"url":"https:\/\/tinger.bitrix24.ru\/rest\/190\/42tc2gxq8od2858i\/crm.lead.add.json","info":{"url":"https:\/\/tinger.bitrix24.ru\/rest\/190\/42tc2gxq8od2858i\/crm.lead.add.json","content_type":"application\/json; charset=utf-8","http_code":200,"header_size":1027,"request_size":207,"filetime":-1,"ssl_verify_result":0,"redirect_count":0,"total_time":1.534524,"namelookup_time":0.017892999999999999,"connect_time":0.019547999999999999,"pretransfer_time":0.031701,"size_upload":1450,"size_download":285,"speed_download":185,"speed_upload":945,"download_content_length":-1,"upload_content_length":1450,"starttransfer_time":0.031703000000000002,"redirect_time":0,"redirect_url":"","primary_ip":"178.132.201.50","certinfo":[],"primary_port":443,"local_ip":"188.225.57.79","local_port":40854,"http_version":3,"protocol":2,"ssl_verifyresult":0,"scheme":"HTTPS","appconnect_time_us":31583,"connect_time_us":19548,"namelookup_time_us":17893,"pretransfer_time_us":31701,"redirect_time_us":0,"starttransfer_time_us":31703,"total_time_us":1534524},"params":{"method":"crm.lead.add","params":{"fields":{"NAME":"\u041f\u0430\u0432\u0435\u043b","PHONE":[{"VALUE":"8 (982) 641-99-01","VALUE_TYPE":"WORK"}],"EMAIL":[{"VALUE":null,"VALUE_TYPE":"WORK"}],"TRACE":"{\u0022url\u0022:\u0022https:\/\/tingard.ru\/?roistat=direct14_context_16233427521_\u0026roistat_referrer=com.sweep.cleaner.trash.junk\u0026roistat_pos=none_0\u0026yclid=7357295735168565247\u0022,\u0022device\u0022:{\u0022isMobile\u0022:true},\u0022tags\u0022:{\u0022ts\u0022:1721089731,\u0022list\u0022:{},\u0022gclid\u0022:null},\u0022client\u0022:{\u0022yaId\u0022:\u00221721089732619331711\u0022},\u0022pages\u0022:{\u0022list\u0022:[[\u0022https:\/\/tingard.ru\/?roistat=direct14_context_16233427521_\u0026roistat_referrer=com.sweep.cleaner.trash.junk\u0026roistat_pos=none_0\u0026yclid=7357295735168565247\u0022,1721089732,\u0022TINGARD \u2014 \u0431\u0435\u0441\u0448\u043e\u0432\u043d\u044b\u0439 \u043f\u043b\u0430\u0441\u0442\u0438\u043a\u043e\u0432\u044b\u0439 \u043f\u043e\u0433\u0440\u0435\u0431 \u2116\u0022]]},\u0022gid\u0022:null,\u0022previous\u0022:{\u0022list\u0022:[]}}","UF_CRM_1517561552":"3339761","COMMENTS":null,"TITLE":"\u0423\u0437\u043d\u0430\u0442\u044c \u043f\u043e\u0434\u0440\u043e\u0431\u043d\u0435\u0435 \u043e \u00ab\u0414\u043e\u043c\u0438\u043a \u0434\u043b\u044f \u043f\u043e\u0433\u0440\u0435\u0431\u0430\u00bb","UF_CRM_1449663065":68,"ASSIGNED_BY_ID":58,"SOURCE_ID":9}}},"result":{"result":528870,"time":{"start":1721089876.65042,"finish":1721089878.058841,"duration":1.4084210395812988,"processing":1.377830982208252,"date_start":"2024-07-16T03:31:16+03:00","date_finish":"2024-07-16T03:31:18+03:00","operating_reset_at":1721090476,"operating":1.3778088092803955}}}