{"url":"https:\/\/tinger.bitrix24.ru\/rest\/190\/42tc2gxq8od2858i\/crm.lead.add.json","info":{"url":"https:\/\/tinger.bitrix24.ru\/rest\/190\/42tc2gxq8od2858i\/crm.lead.add.json","content_type":"application\/json; charset=utf-8","http_code":200,"header_size":1033,"request_size":207,"filetime":-1,"ssl_verify_result":0,"redirect_count":0,"total_time":2.339334,"namelookup_time":0.0088769999999999995,"connect_time":0.019286000000000001,"pretransfer_time":0.037435000000000003,"size_upload":1971,"size_download":287,"speed_download":122,"speed_upload":842,"download_content_length":-1,"upload_content_length":1971,"starttransfer_time":0.037442999999999997,"redirect_time":0,"redirect_url":"","primary_ip":"195.208.185.4","certinfo":[],"primary_port":443,"local_ip":"188.225.57.79","local_port":59632,"http_version":3,"protocol":2,"ssl_verifyresult":0,"scheme":"HTTPS","appconnect_time_us":37215,"connect_time_us":19286,"namelookup_time_us":8877,"pretransfer_time_us":37435,"redirect_time_us":0,"starttransfer_time_us":37443,"total_time_us":2339334},"params":{"method":"crm.lead.add","params":{"fields":{"NAME":"\u0412\u0438\u043a\u0442\u043e\u0440\u0438\u044f","PHONE":[{"VALUE":"+7 (903) 757-23-85","VALUE_TYPE":"WORK"}],"EMAIL":[{"VALUE":null,"VALUE_TYPE":"WORK"}],"TRACE":"{\u0022url\u0022:\u0022https:\/\/tingard.ru\/?utm_source=yandex\u0026utm_medium=cpc\u0026utm_campaign=pogreba_rozn_umnaya_click_perezapusk_15_01\u0026utm_content=15676822875\u0026utm_term=---autotargeting\u0026roistat=direct14_search_105160085_rsMasterGroup_rsMasterBanner_---autotargeting\u0026yclid=6373515045799198719\u0022,\u0022ref\u0022:\u0022https:\/\/yandex.ru\/\u0022,\u0022device\u0022:{\u0022isMobile\u0022:true},\u0022tags\u0022:{\u0022ts\u0022:1721594002,\u0022list\u0022:{\u0022utm_source\u0022:\u0022yandex\u0022,\u0022utm_medium\u0022:\u0022cpc\u0022,\u0022utm_campaign\u0022:\u0022pogreba_rozn_umnaya_click_perezapusk_15_01\u0022,\u0022utm_content\u0022:\u002215676822875\u0022,\u0022utm_term\u0022:\u0022---autotargeting\u0022},\u0022gclid\u0022:null},\u0022client\u0022:{\u0022yaId\u0022:\u00221721593479244512718\u0022},\u0022pages\u0022:{\u0022list\u0022:[[\u0022https:\/\/tingard.ru\/?utm_source=yandex\u0026utm_medium=cpc\u0026utm_campaign=pogreba_rozn_umnaya_click_perezapusk_15_01\u0026utm_content=15676822875\u0026utm_term=---autotargeting\u0026roistat=direct14_search_105160085_rsMasterGroup_rsMasterBanner_---autotargeting\u0026yclid=6373515045799198719\u0022,1721594003,\u0022TINGARD \u2014 \u0431\u0435\u0441\u0448\u043e\u0432\u043d\u044b\u0439 \u043f\u043b\u0430\u0441\u0442\u0438\u043a\u043e\u0432\u044b\u0439 \u043f\u043e\u0433\u0440\u0435\u0431 \u2116\u0022]]},\u0022gid\u0022:null,\u0022previous\u0022:{\u0022list\u0022:[]}}","UF_CRM_1517561552":"3349503","COMMENTS":null,"TITLE":"\u041f\u043e\u043b\u0443\u0447\u0438\u0442\u044c \u043f\u0440\u0435\u0434\u043b\u043e\u0436\u0435\u043d\u0438\u0435 \u043f\u043e \u043f\u043e\u0433\u0440\u0435\u0431\u0443 TINGARD 3500","UF_CRM_1449663065":68,"ASSIGNED_BY_ID":58,"SOURCE_ID":9}}},"result":{"result":531356,"time":{"start":1721594335.6079569,"finish":1721594337.840976,"duration":2.2330191135406494,"processing":2.202826976776123,"date_start":"2024-07-21T23:38:55+03:00","date_finish":"2024-07-21T23:38:57+03:00","operating_reset_at":1721594935,"operating":2.2028071880340576}}}