{"url":"https:\/\/tinger.bitrix24.ru\/rest\/190\/42tc2gxq8od2858i\/crm.lead.add.json","info":{"url":"https:\/\/tinger.bitrix24.ru\/rest\/190\/42tc2gxq8od2858i\/crm.lead.add.json","content_type":"application\/json; charset=utf-8","http_code":200,"header_size":1034,"request_size":207,"filetime":-1,"ssl_verify_result":0,"redirect_count":0,"total_time":1.2335,"namelookup_time":0.0015349999999999999,"connect_time":0.011476999999999999,"pretransfer_time":0.029173000000000001,"size_upload":2365,"size_download":286,"speed_download":231,"speed_upload":1918,"download_content_length":-1,"upload_content_length":2365,"starttransfer_time":0.029176000000000001,"redirect_time":0,"redirect_url":"","primary_ip":"46.235.53.69","certinfo":[],"primary_port":443,"local_ip":"188.225.57.79","local_port":51748,"http_version":3,"protocol":2,"ssl_verifyresult":0,"scheme":"HTTPS","appconnect_time_us":29082,"connect_time_us":11477,"namelookup_time_us":1535,"pretransfer_time_us":29173,"redirect_time_us":0,"starttransfer_time_us":29176,"total_time_us":1233500},"params":{"method":"crm.lead.add","params":{"fields":{"NAME":"\u0418\u0433\u043d\u0430\u0442 \u0418\u0432\u0430\u043d\u043e\u0432","PHONE":[{"VALUE":"+79891291898","VALUE_TYPE":"WORK"}],"EMAIL":[{"VALUE":null,"VALUE_TYPE":"WORK"}],"TRACE":"{\u0022url\u0022:\u0022https:\/\/tingard.ru\/?roistat=direct14_context_16233427522_%D0%BA%D1%83%D0%BF%D0%B8%D1%82%D1%8C%20%D0%BF%D0%B5%D1%80%D0%B5%D0%B3%D0%BD%D0%BE%D0%B9%20%D0%B2%20%D0%BC%D0%B5%D1%88%D0%BA%D0%B0%D1%85\u0026roistat_referrer=mrmy.store\u0026roistat_pos=none_0\u0026y_ref=mrmy.store\u0026utm_source=yandex\u0026utm_medium=cpc\u0026utm_campaign=rsya-click\u0026utm_content=16233427522\u0026utm_term=mrmy.store\u0026yclid=2192869758483300351\u0022,\u0022ref\u0022:\u0022https:\/\/mrmy.store\/\u0022,\u0022device\u0022:{\u0022isMobile\u0022:true},\u0022tags\u0022:{\u0022ts\u0022:1724150387,\u0022list\u0022:{\u0022utm_source\u0022:\u0022yandex\u0022,\u0022utm_medium\u0022:\u0022cpc\u0022,\u0022utm_campaign\u0022:\u0022rsya-click\u0022,\u0022utm_content\u0022:\u002216233427522\u0022,\u0022utm_term\u0022:\u0022mrmy.store\u0022},\u0022gclid\u0022:null},\u0022client\u0022:{\u0022yaId\u0022:\u00221724150383433389580\u0022},\u0022pages\u0022:{\u0022list\u0022:[[\u0022https:\/\/tingard.ru\/?roistat=direct14_context_16233427522_%D0%BA%D1%83%D0%BF%D0%B8%D1%82%D1%8C%20%D0%BF%D0%B5%D1%80%D0%B5%D0%B3%D0%BD%D0%BE%D0%B9%20%D0%B2%20%D0%BC%D0%B5%D1%88%D0%BA%D0%B0%D1%85\u0026roistat_referrer=mrmy.store\u0026roistat_pos=none_0\u0026y_ref=mrmy.store\u0026utm_source=yandex\u0026utm_medium=cpc\u0026utm_campaign=rsya-click\u0026utm_content=16233427522\u0026utm_term=mrmy.store\u0026yclid=2192869758483300351\u0022,1724150387,\u0022TINGARD \u2014 \u0431\u0435\u0441\u0448\u043e\u0432\u043d\u044b\u0439 \u043f\u043b\u0430\u0441\u0442\u0438\u043a\u043e\u0432\u044b\u0439 \u043f\u043e\u0433\u0440\u0435\u0431 \u2116\u0022]]},\u0022gid\u0022:null,\u0022previous\u0022:{\u0022list\u0022:[]}}","UF_CRM_1517561552":"3410688","COMMENTS":null,"TITLE":"\u0420\u0430\u0441\u0441\u0440\u043e\u0447\u043a\u0430 (\u0443\u0437\u043d\u0430\u0442\u044c \u043f\u043e\u0434\u0440\u043e\u0431\u043d\u043e\u0441\u0442\u0438)","UF_CRM_1449663065":68,"ASSIGNED_BY_ID":58,"SOURCE_ID":9}}},"result":{"result":539952,"time":{"start":1724150400.1517379,"finish":1724150401.2599909,"duration":1.108253002166748,"processing":1.0573198795318604,"date_start":"2024-08-20T13:40:00+03:00","date_finish":"2024-08-20T13:40:01+03:00","operating_reset_at":1724151000,"operating":2.10422682762146}}}