{"url":"https:\/\/tinger.bitrix24.ru\/rest\/190\/42tc2gxq8od2858i\/crm.lead.add.json","info":{"url":"https:\/\/tinger.bitrix24.ru\/rest\/190\/42tc2gxq8od2858i\/crm.lead.add.json","content_type":"application\/json; charset=utf-8","http_code":200,"header_size":1027,"request_size":207,"filetime":-1,"ssl_verify_result":0,"redirect_count":0,"total_time":1.547318,"namelookup_time":0.021811000000000001,"connect_time":0.023049,"pretransfer_time":0.031475000000000003,"size_upload":6680,"size_download":288,"speed_download":186,"speed_upload":4318,"download_content_length":-1,"upload_content_length":6680,"starttransfer_time":0.031477999999999999,"redirect_time":0,"redirect_url":"","primary_ip":"178.132.201.52","certinfo":[],"primary_port":443,"local_ip":"188.225.57.79","local_port":44678,"http_version":3,"protocol":2,"ssl_verifyresult":0,"scheme":"HTTPS","appconnect_time_us":31374,"connect_time_us":23049,"namelookup_time_us":21811,"pretransfer_time_us":31475,"redirect_time_us":0,"starttransfer_time_us":31478,"total_time_us":1547318},"params":{"method":"crm.lead.add","params":{"fields":{"NAME":"\u0421\u0435\u0440\u0433\u0435\u0439 \u0412\u0438\u043a\u0442\u043e\u0440\u043e\u0432\u0438\u0447 \u041d\u043e\u0432\u043e\u0442\u0435\u043b\u044c\u043d\u043e\u0432","PHONE":[{"VALUE":null,"VALUE_TYPE":"WORK"}],"EMAIL":[{"VALUE":"Prostall@yandex.ru","VALUE_TYPE":"WORK"}],"TRACE":"{\u0022url\u0022:\u0022https:\/\/tinger.ru\/configurator\/\u0022,\u0022ref\u0022:\u0022https:\/\/dzen.ru\/a\/Z2VUc1k6NVAOoPHq\u0022,\u0022device\u0022:{\u0022isMobile\u0022:true},\u0022tags\u0022:{\u0022ts\u0022:1734857155,\u0022list\u0022:{\u0022utm_source\u0022:\u0022yandex\u0022,\u0022utm_medium\u0022:\u0022cpc\u0022,\u0022utm_campaign\u0022:\u0022mk_click_ru4ka_tf4\u0022,\u0022utm_content\u0022:\u002216623889961\u0022,\u0022utm_term\u0022:\u0022---autotargeting\u0022},\u0022gclid\u0022:null},\u0022client\u0022:{\u0022gaId\u0022:\u0022756239477.1734857155\u0022,\u0022yaId\u0022:\u00221734857155546555608\u0022},\u0022pages\u0022:{\u0022list\u0022:[[\u0022https:\/\/tinger.ru\/catalog\/perelomka\/?utm_source=yandex\u0026utm_medium=cpc\u0026utm_campaign=mk_click_ru4ka_tf4\u0026utm_content=16623889961\u0026utm_term=---autotargeting\u0026roistat=direct20_context_114766688_rsMasterGroup_rsMasterBanner_---autotargeting\u0026yclid=5231361347345973247\u0022,1734857155,\u0022\u041a\u0443\u043f\u0438\u0442\u044c \u0432\u0435\u0437\u0434\u0435\u0445\u043e\u0434 \u043f\u0435\u0440\u0435\u043b\u043e\u043c\u043a\u0443 TINGER TF4 \u0432 \u0420\u0022],[\u0022https:\/\/tinger.ru\/thanks\/\u0022,1734858063,\u0022\u0421\u043f\u0430\u0441\u0438\u0431\u043e \u0437\u0430 \u0437\u0430\u044f\u0432\u043a\u0443\u0022],[\u0022https:\/\/tinger.ru\/catalog\/tinger-t\/\u0022,1734858117,\u0022\u041f\u043b\u0430\u0441\u0442\u0438\u043a\u043e\u0432\u044b\u0435 \u043f\u0440\u0438\u0446\u0435\u043f\u044b \u0434\u043b\u044f \u0432\u0435\u0437\u0434\u0435\u0445\u043e\u0434\u043e\u0432 TINGE\u0022],[\u0022https:\/\/tinger.ru\/configurator\/\u0022,1734858124,\u0022\u041a\u043e\u043d\u0444\u0438\u0433\u0443\u0440\u0430\u0442\u043e\u0440 \u0432\u0435\u0437\u0434\u0435\u0445\u043e\u0434\u043d\u043e\u0439 \u0442\u0435\u0445\u043d\u0438\u043a\u0438\u0022]]},\u0022gid\u0022:null,\u0022previous\u0022:{\u0022list\u0022:[]}}","UF_CRM_1517561552":"3788388","COMMENTS":"\u003Cb\u003E\u0412\u044b\u0431\u0440\u0430\u043d\u043d\u0430\u044f \u043c\u043e\u0434\u0435\u043b\u044c: \u003C\/b\u003E TINGER T\u003Cbr\u003E\u003Cb\u003E\u0412\u044b\u0431\u0440\u0430\u043d\u043d\u044b\u0435 \u043c\u043e\u0434\u0438\u0444\u0438\u043a\u0430\u0446\u0438\u044f \u0438 \u0434\u0432\u0438\u0433\u0430\u0442\u0435\u043b\u044c:\u003C\/b\u003E T4\u003Cbr\u003E\u003Cb\u003E\u0412\u044b\u0431\u0440\u0430\u043d\u043d\u044b\u0439 \u043f\u0430\u043a\u0435\u0442:\u003C\/b\u003E \u003Cbr\u003E\u003Cb\u003E\u0412\u044b\u0433\u043e\u0434\u0430 \u043e\u0442 \u043f\u0430\u043a\u0435\u0442\u0430:\u003C\/b\u003E 0 \u0440\u0443\u0431.\u003Cbr\u003E\u003Cb\u003E\u0412\u044b\u0431\u0440\u0430\u043d\u043d\u044b\u0439 \u0446\u0432\u0435\u0442:\u003C\/b\u003E \u003Cbr\u003E\u003Cb\u003E\u0411\u0430\u0437\u043e\u0432\u044b\u0435 \u043e\u043f\u0446\u0438\u0438:\u003C\/b\u003E\u003Cbr\u003E\u2014 \u041b\u044b\u0436\u043d\u044b\u0439 \u043c\u043e\u0434\u0443\u043b\u044c \u003Cbr\u003E\u2014 \u041c\u044f\u0433\u043a\u0438\u0435 \u0441\u0438\u0434\u0435\u043d\u044c\u044f \u003Cbr\u003E\u2014 \u041a\u043e\u043c\u043f\u043b\u0435\u043a\u0442 \u0434\u043e\u043f\u043e\u043b\u043d\u0438\u0442\u0435\u043b\u044c\u043d\u044b\u0445 \u0441\u0438\u0434\u0435\u043d\u0438\u0439 \u0434\u043b\u044f \u0443\u0441\u0442\u0430\u043d\u043e\u0432\u043a\u0438 \u0441\u043f\u0430\u043b\u044c\u043d\u043e\u0433\u043e \u043c\u0435\u0441\u0442\u0430 \u003Cbr\u003E\u2014 \u0412\u044b\u0441\u043e\u043a\u0438\u0439 \u043a\u0430\u0440\u043a\u0430\u0441 \u0441 \u0436\u0451\u0441\u0442\u043a\u043e\u0439 \u043a\u0440\u044b\u0448\u0435\u0439 \u003Cbr\u003E\u2014 \u0422\u0435\u043d\u0442 \u0445\u043e\u0434\u043e\u0432\u043e\u0439 \u0434\u043b\u044f \u0432\u044b\u0441\u043e\u043a\u043e\u0433\u043e \u043a\u0430\u0440\u043a\u0430\u0441\u0430 \u003Cbr\u003E\u2014 \u0417\u0430\u043f\u0430\u0441\u043d\u043e\u0435 \u043a\u043e\u043b\u0435\u0441\u043e \u003Cbr\u003E\u003Cb\u003E\u0421\u0442\u043e\u0438\u043c\u043e\u0441\u0442\u044c \u0431\u0430\u0437\u043e\u0432\u043e\u0439 \u043a\u043e\u043c\u043f\u043b\u0435\u043a\u0442\u0430\u0446\u0438\u0438:\u003C\/b\u003E 139\u00a0000 \u0440\u0443\u0431.\u003Cbr\u003E\u003Ch2 style=\u0022padding: 0;margin-top: 25px;margin-bottom:2px;\u0022\u003E\u003Cb\u003E\u0414\u043e\u043f\u043e\u043b\u043d\u0438\u0442\u0435\u043b\u044c\u043d\u043e\u0435 \u043e\u0431\u043e\u0440\u0443\u0434\u043e\u0432\u0430\u043d\u0438\u0435:\u003C\/b\u003E\u003C\/h2\u003E\u2014 \u041b\u044b\u0436\u043d\u044b\u0439 \u043c\u043e\u0434\u0443\u043b\u044c\u003Ci\u003E( 13200 \u0440\u0443\u0431. )\u003C\/i\u003E\u003Cbr\u003E\u2014 \u041c\u044f\u0433\u043a\u0438\u0435 \u0441\u0438\u0434\u0435\u043d\u044c\u044f\u003Ci\u003E( 6200 \u0440\u0443\u0431. )\u003C\/i\u003E\u003Cbr\u003E\u2014 \u041a\u043e\u043c\u043f\u043b\u0435\u043a\u0442 \u0434\u043e\u043f\u043e\u043b\u043d\u0438\u0442\u0435\u043b\u044c\u043d\u044b\u0445 \u0441\u0438\u0434\u0435\u043d\u0438\u0439 \u0434\u043b\u044f \u0443\u0441\u0442\u0430\u043d\u043e\u0432\u043a\u0438 \u0441\u043f\u0430\u043b\u044c\u043d\u043e\u0433\u043e \u043c\u0435\u0441\u0442\u0430\u003Ci\u003E( 6200 \u0440\u0443\u0431. )\u003C\/i\u003E\u003Cbr\u003E\u2014 \u0412\u044b\u0441\u043e\u043a\u0438\u0439 \u043a\u0430\u0440\u043a\u0430\u0441 \u0441 \u0436\u0451\u0441\u0442\u043a\u043e\u0439 \u043a\u0440\u044b\u0448\u0435\u0439\u003Ci\u003E( 18900 \u0440\u0443\u0431. )\u003C\/i\u003E\u003Cbr\u003E\u2014 \u0422\u0435\u043d\u0442 \u0445\u043e\u0434\u043e\u0432\u043e\u0439 \u0434\u043b\u044f \u0432\u044b\u0441\u043e\u043a\u043e\u0433\u043e \u043a\u0430\u0440\u043a\u0430\u0441\u0430\u003Ci\u003E( 11000 \u0440\u0443\u0431. )\u003C\/i\u003E\u003Cbr\u003E\u2014 \u0417\u0430\u043f\u0430\u0441\u043d\u043e\u0435 \u043a\u043e\u043b\u0435\u0441\u043e\u003Ci\u003E( 31000 \u0440\u0443\u0431. )\u003C\/i\u003E\u003Cbr\u003E\u003Cb\u003E\u0421\u0442\u043e\u0438\u043c\u043e\u0441\u0442\u044c \u0434\u043e\u043f\u043e\u043b\u043d\u0438\u0442\u0435\u043b\u044c\u043d\u043e\u0433\u043e \u043e\u0431\u043e\u0440\u0443\u0434\u043e\u0432\u0430\u043d\u0438\u044f:\u003C\/b\u003E 86\u00a0500 \u0440\u0443\u0431.\u003Cbr\u003E","TITLE":"\u0421\u043a\u043e\u043d\u0444\u0438\u0433\u0443\u0440\u0438\u0440\u043e\u0432\u0430\u043d\u043d\u044b\u0439 \u0432\u0435\u0437\u0434\u0435\u0445\u043e\u0434 (\u043a\u043b\u0438\u0435\u043d\u0442 \u043e\u0442\u043f\u0440\u0430\u0432\u0438\u043b \u043a\u043e\u043c\u043f\u043b\u0435\u043a\u0442\u0430\u0446\u0438\u044e \u0441\u0435\u0431\u0435 \u043d\u0430 email)","UF_CRM_1449663065":64,"ASSIGNED_BY_ID":58,"SOURCE_ID":"WEB"}}},"result":{"result":571510,"time":{"start":1734858200.0034771,