{"url":"https:\/\/tinger.bitrix24.ru\/rest\/190\/42tc2gxq8od2858i\/crm.lead.add.json","info":{"url":"https:\/\/tinger.bitrix24.ru\/rest\/190\/42tc2gxq8od2858i\/crm.lead.add.json","content_type":"application\/json; charset=utf-8","http_code":200,"header_size":1027,"request_size":207,"filetime":-1,"ssl_verify_result":0,"redirect_count":0,"total_time":1.523606,"namelookup_time":0.0014779999999999999,"connect_time":0.0032499999999999999,"pretransfer_time":0.01218,"size_upload":2139,"size_download":288,"speed_download":189,"speed_upload":1404,"download_content_length":-1,"upload_content_length":2139,"starttransfer_time":0.012182,"redirect_time":0,"redirect_url":"","primary_ip":"178.132.201.52","certinfo":[],"primary_port":443,"local_ip":"188.225.57.79","local_port":49362,"http_version":3,"protocol":2,"ssl_verifyresult":0,"scheme":"HTTPS","appconnect_time_us":12077,"connect_time_us":3250,"namelookup_time_us":1478,"pretransfer_time_us":12180,"redirect_time_us":0,"starttransfer_time_us":12182,"total_time_us":1523606},"params":{"method":"crm.lead.add","params":{"fields":{"NAME":"\u0413\u043b\u0435\u0431","PHONE":[{"VALUE":"+7 (903) 945-22-11","VALUE_TYPE":"WORK"}],"EMAIL":[{"VALUE":null,"VALUE_TYPE":"WORK"}],"TRACE":"{\u0022url\u0022:\u0022https:\/\/tingard.ru\/?roistat=direct14_context_16225570742_\u0026roistat_referrer=zakon--area-ru.turbopages.org\u0026roistat_pos=none_0\u0026utm_source=yandex\u0026utm_medium=cpc\u0026utm_campaign=rsya-click\u0026utm_content=16225570742\u0026utm_term=zakon--area-ru.turbopages.org\u0026yclid=2545841857944092671\u0022,\u0022ref\u0022:\u0022https:\/\/zakon--area-ru.turbopages.org\/\u0022,\u0022device\u0022:{\u0022isMobile\u0022:true},\u0022tags\u0022:{\u0022ts\u0022:1722990642,\u0022list\u0022:{\u0022utm_source\u0022:\u0022yandex\u0022,\u0022utm_medium\u0022:\u0022cpc\u0022,\u0022utm_campaign\u0022:\u0022rsya-click\u0022,\u0022utm_content\u0022:\u002216225570742\u0022,\u0022utm_term\u0022:\u0022zakon--area-ru.turbopages.org\u0022},\u0022gclid\u0022:null},\u0022client\u0022:{\u0022yaId\u0022:\u00221722990620166100082\u0022},\u0022pages\u0022:{\u0022list\u0022:[[\u0022https:\/\/tingard.ru\/cookie-policy\/\u0022,1722990631,\u0022\u0421\u043e\u0433\u043b\u0430\u0441\u0438\u0435 \u043d\u0430 \u0438\u0441\u043f\u043e\u043b\u044c\u0437\u043e\u0432\u0430\u043d\u0438\u0435 \u0444\u0430\u0439\u043b\u043e\u0432 cookie\u0022],[\u0022https:\/\/tingard.ru\/?roistat=direct14_context_16225570742_\u0026roistat_referrer=zakon--area-ru.turbopages.org\u0026roistat_pos=none_0\u0026utm_source=yandex\u0026utm_medium=cpc\u0026utm_campaign=rsya-click\u0026utm_content=16225570742\u0026utm_term=zakon--area-ru.turbopages.org\u0026yclid=2545841857944092671\u0022,1722990643,\u0022TINGARD \u2014 \u0431\u0435\u0441\u0448\u043e\u0432\u043d\u044b\u0439 \u043f\u043b\u0430\u0441\u0442\u0438\u043a\u043e\u0432\u044b\u0439 \u043f\u043e\u0433\u0440\u0435\u0431 \u2116\u0022]]},\u0022gid\u0022:null,\u0022previous\u0022:{\u0022list\u0022:[]}}","UF_CRM_1517561552":"3386835","COMMENTS":null,"TITLE":"\u0417\u0430\u043a\u0430\u0437\u0430\u0442\u044c \u043f\u043e\u0433\u0440\u0435\u0431","UF_CRM_1449663065":68,"ASSIGNED_BY_ID":58,"SOURCE_ID":9}}},"result":{"result":536058,"time":{"start":1722990729.835444,"finish":1722990731.2459061,"duration":1.4104621410369873,"processing":1.3722789287567139,"date_start":"2024-08-07T03:32:09+03:00","date_finish":"2024-08-07T03:32:11+03:00","operating_reset_at":1722991329,"operating":1.3722541332244873}}}