{"url":"https:\/\/tinger.bitrix24.ru\/rest\/190\/42tc2gxq8od2858i\/crm.lead.add.json","info":{"url":"https:\/\/tinger.bitrix24.ru\/rest\/190\/42tc2gxq8od2858i\/crm.lead.add.json","content_type":"application\/json; charset=utf-8","http_code":200,"header_size":1028,"request_size":207,"filetime":-1,"ssl_verify_result":0,"redirect_count":0,"total_time":1.71296,"namelookup_time":0.023827999999999998,"connect_time":0.025201999999999999,"pretransfer_time":0.041313000000000002,"size_upload":2590,"size_download":286,"speed_download":167,"speed_upload":1512,"download_content_length":-1,"upload_content_length":2590,"starttransfer_time":0.041314999999999998,"redirect_time":0,"redirect_url":"","primary_ip":"178.132.201.51","certinfo":[],"primary_port":443,"local_ip":"188.225.57.79","local_port":37720,"http_version":3,"protocol":2,"ssl_verifyresult":0,"scheme":"HTTPS","appconnect_time_us":41217,"connect_time_us":25202,"namelookup_time_us":23828,"pretransfer_time_us":41313,"redirect_time_us":0,"starttransfer_time_us":41315,"total_time_us":1712960},"params":{"method":"crm.lead.add","params":{"fields":{"NAME":"\u041e\u043b\u0435\u0433","PHONE":[{"VALUE":"8 (921) 742-12-34","VALUE_TYPE":"WORK"}],"EMAIL":[{"VALUE":"z.hp.1969@mail.ru","VALUE_TYPE":"WORK"}],"TRACE":"{\u0022url\u0022:\u0022https:\/\/tinger.ru\/contacts\/\u0022,\u0022ref\u0022:\u0022https:\/\/www.google.com\/\u0022,\u0022device\u0022:{\u0022isMobile\u0022:true},\u0022tags\u0022:{\u0022ts\u0022:1742069804,\u0022list\u0022:{},\u0022gclid\u0022:null},\u0022client\u0022:{\u0022gaId\u0022:\u00221862402956.1742069804\u0022,\u0022yaId\u0022:\u00221706822554790183062\u0022},\u0022pages\u0022:{\u0022list\u0022:[[\u0022https:\/\/tinger.ru\/catalog\/\u0022,1742069805,\u0022\u041c\u043e\u0434\u0435\u043b\u044c\u043d\u044b\u0439 \u0440\u044f\u0434 \u0432\u0435\u0437\u0434\u0435\u0445\u043e\u0434\u043d\u043e\u0439 \u0442\u0435\u0445\u043d\u0438\u043a\u0438\u0022],[\u0022https:\/\/tinger.ru\/catalog\/perelomka\/\u0022,1742069999,\u0022\u041a\u0443\u043f\u0438\u0442\u044c \u0432\u0435\u0437\u0434\u0435\u0445\u043e\u0434 \u043f\u0435\u0440\u0435\u043b\u043e\u043c\u043a\u0443 TINGER TF4 \u0432 \u0420\u0022],[\u0022https:\/\/tinger.ru\/configurator\/\u0022,1742070004,\u0022\u041a\u043e\u043d\u0444\u0438\u0433\u0443\u0440\u0430\u0442\u043e\u0440 \u0432\u0435\u0437\u0434\u0435\u0445\u043e\u0434\u043d\u043e\u0439 \u0442\u0435\u0445\u043d\u0438\u043a\u0438\u0022],[\u0022https:\/\/tinger.ru\/thanks\/\u0022,1742070218,\u0022\u0421\u043f\u0430\u0441\u0438\u0431\u043e \u0437\u0430 \u0437\u0430\u044f\u0432\u043a\u0443\u0022],[\u0022https:\/\/tinger.ru\/contacts\/\u0022,1742070252,\u0022\u041a\u043e\u043d\u0442\u0430\u043a\u0442\u044b \u0433\u0440\u0443\u043f\u043f\u044b \u043a\u043e\u043c\u043f\u0430\u043d\u0438\u0439 TINGER\u0022]]},\u0022gid\u0022:null,\u0022previous\u0022:{\u0022list\u0022:[]}}","UF_CRM_1736853511":"1706822554790183062","UF_CRM_1736853555":"1706822554790183062","UF_CRM_1736853537":"1706822554790183062","UF_CRM_1517561552":"3839108","COMMENTS":"\u041a\u0430\u043a\u0430\u044f \u043a\u0430\u0442\u0435\u0433\u043e\u0440\u0438\u044f \u043f\u0440\u0430\u0432 \u043d\u0443\u0436\u043d\u0430 \u043d\u0430 \u0443\u043f\u0440\u0430\u0432\u043b\u0435\u043d\u0438\u0435 TF-4?","TITLE":"\u0412\u043e\u043f\u0440\u043e\u0441\u044b, \u0437\u0430\u043c\u0435\u0447\u0430\u043d\u0438\u044f \u0438\u043b\u0438 \u043f\u0440\u0435\u0434\u043b\u043e\u0436\u0435\u043d\u0438\u044f","UF_CRM_1449663065":64,"ASSIGNED_BY_ID":58,"SOURCE_ID":"WEB"}}},"result":{"result":583896,"time":{"start":1742070324.370235,"finish":1742070325.967741,"duration":1.597506046295166,"processing":1.5651330947875977,"date_start":"2025-03-15T23:25:24+03:00","date_finish":"2025-03-15T23:25:25+03:00","operating_reset_at":1742070924,"operating":3.3134951591491699}}}