{"url":"https:\/\/tinger.bitrix24.ru\/rest\/190\/42tc2gxq8od2858i\/crm.lead.add.json","info":{"url":"https:\/\/tinger.bitrix24.ru\/rest\/190\/42tc2gxq8od2858i\/crm.lead.add.json","content_type":"application\/json; charset=utf-8","http_code":200,"header_size":1031,"request_size":207,"filetime":-1,"ssl_verify_result":0,"redirect_count":0,"total_time":1.6328069999999999,"namelookup_time":0.0088579999999999996,"connect_time":0.019066,"pretransfer_time":0.036856,"size_upload":1775,"size_download":289,"speed_download":177,"speed_upload":1087,"download_content_length":-1,"upload_content_length":1775,"starttransfer_time":0.036858000000000002,"redirect_time":0,"redirect_url":"","primary_ip":"95.163.249.170","certinfo":[],"primary_port":443,"local_ip":"188.225.57.79","local_port":56342,"http_version":3,"protocol":2,"ssl_verifyresult":0,"scheme":"HTTPS","appconnect_time_us":36757,"connect_time_us":19066,"namelookup_time_us":8858,"pretransfer_time_us":36856,"redirect_time_us":0,"starttransfer_time_us":36858,"total_time_us":1632807},"params":{"method":"crm.lead.add","params":{"fields":{"NAME":"\u041d\u0438\u043a\u043e\u043b\u0430\u0439","PHONE":[{"VALUE":"+7 (909) 414-35-88","VALUE_TYPE":"WORK"}],"EMAIL":[{"VALUE":null,"VALUE_TYPE":"WORK"}],"TRACE":"{\u0022url\u0022:\u0022https:\/\/tingard.ru\/?utm_source=yandex\u0026utm_medium=cpc\u0026utm_campaign=rsya-click\u0026utm_content=16233427522\u0026utm_term=yandex.ru\u0026roistat=direct14_context_16233427522_\u0026roistat_referrer=yandex.ru\u0026roistat_pos=none_0\u0026yclid=12440147762082742271\u0022,\u0022ref\u0022:\u0022https:\/\/yandex.ru\/\u0022,\u0022device\u0022:{\u0022isMobile\u0022:true},\u0022tags\u0022:{\u0022ts\u0022:1723335440,\u0022list\u0022:{\u0022utm_source\u0022:\u0022yandex\u0022,\u0022utm_medium\u0022:\u0022cpc\u0022,\u0022utm_campaign\u0022:\u0022rsya-click\u0022,\u0022utm_content\u0022:\u002216233427522\u0022,\u0022utm_term\u0022:\u0022yandex.ru\u0022},\u0022gclid\u0022:null},\u0022client\u0022:{\u0022yaId\u0022:\u00221723335436468839910\u0022},\u0022pages\u0022:{\u0022list\u0022:[[\u0022https:\/\/tingard.ru\/?utm_source=yandex\u0026utm_medium=cpc\u0026utm_campaign=rsya-click\u0026utm_content=16233427522\u0026utm_term=yandex.ru\u0026roistat=direct14_context_16233427522_\u0026roistat_referrer=yandex.ru\u0026roistat_pos=none_0\u0026yclid=12440147762082742271\u0022,1723335440,\u0022TINGARD \u2014 \u0431\u0435\u0441\u0448\u043e\u0432\u043d\u044b\u0439 \u043f\u043b\u0430\u0441\u0442\u0438\u043a\u043e\u0432\u044b\u0439 \u043f\u043e\u0433\u0440\u0435\u0431 \u2116\u0022]]},\u0022gid\u0022:null,\u0022previous\u0022:{\u0022list\u0022:[]}}","UF_CRM_1517561552":"3396067","COMMENTS":null,"TITLE":"\u0417\u0430\u043a\u0430\u0437\u0430\u0442\u044c \u043f\u043e\u0433\u0440\u0435\u0431","UF_CRM_1449663065":68,"ASSIGNED_BY_ID":58,"SOURCE_ID":9}}},"result":{"result":537236,"time":{"start":1723335474.4420371,"finish":1723335475.9747479,"duration":1.5327107906341553,"processing":1.4995779991149902,"date_start":"2024-08-11T03:17:54+03:00","date_finish":"2024-08-11T03:17:55+03:00","operating_reset_at":1723336074,"operating":1.4995548725128174}}}