{"url":"https:\/\/tinger.bitrix24.ru\/rest\/190\/42tc2gxq8od2858i\/crm.lead.add.json","info":{"url":"https:\/\/tinger.bitrix24.ru\/rest\/190\/42tc2gxq8od2858i\/crm.lead.add.json","content_type":"application\/json; charset=utf-8","http_code":200,"header_size":1033,"request_size":207,"filetime":-1,"ssl_verify_result":0,"redirect_count":0,"total_time":1.018856,"namelookup_time":0.014272,"connect_time":0.022651999999999999,"pretransfer_time":0.041089000000000001,"size_upload":1305,"size_download":291,"speed_download":285,"speed_upload":1281,"download_content_length":-1,"upload_content_length":1305,"starttransfer_time":0.041091000000000003,"redirect_time":0,"redirect_url":"","primary_ip":"46.235.53.67","certinfo":[],"primary_port":443,"local_ip":"188.225.57.79","local_port":53648,"http_version":3,"protocol":2,"ssl_verifyresult":0,"scheme":"HTTPS","appconnect_time_us":40970,"connect_time_us":22652,"namelookup_time_us":14272,"pretransfer_time_us":41089,"redirect_time_us":0,"starttransfer_time_us":41091,"total_time_us":1018856},"params":{"method":"crm.lead.add","params":{"fields":{"NAME":"\u0418\u0433\u043e\u0440\u044c","PHONE":[{"VALUE":"+7 (924) 781-18-80","VALUE_TYPE":"WORK"}],"EMAIL":[{"VALUE":null,"VALUE_TYPE":"WORK"}],"TRACE":"{\u0022url\u0022:\u0022https:\/\/tingard.ru\/?roistat=direct14_context_16225570742_\u0026roistat_referrer=www.avito.ru\u0026roistat_pos=none_0\u0026yclid=17175114170756759551\u0022,\u0022device\u0022:{\u0022isMobile\u0022:false},\u0022tags\u0022:{\u0022ts\u0022:1725017327,\u0022list\u0022:{},\u0022gclid\u0022:null},\u0022client\u0022:{\u0022yaId\u0022:\u0022172044456442803206\u0022},\u0022pages\u0022:{\u0022list\u0022:[[\u0022https:\/\/tingard.ru\/?roistat=direct14_context_16225570742_\u0026roistat_referrer=www.avito.ru\u0026roistat_pos=none_0\u0026yclid=17175114170756759551\u0022,1725017328,\u0022TINGARD \u2014 \u0431\u0435\u0441\u0448\u043e\u0432\u043d\u044b\u0439 \u043f\u043b\u0430\u0441\u0442\u0438\u043a\u043e\u0432\u044b\u0439 \u043f\u043e\u0433\u0440\u0435\u0431 \u2116\u0022]]},\u0022gid\u0022:null,\u0022previous\u0022:{\u0022list\u0022:[]}}","UF_CRM_1517561552":"3419739","COMMENTS":null,"TITLE":"\u0417\u0430\u043a\u0430\u0437\u0430\u0442\u044c \u043f\u043e\u0433\u0440\u0435\u0431","UF_CRM_1449663065":68,"ASSIGNED_BY_ID":58,"SOURCE_ID":9}}},"result":{"result":543984,"time":{"start":1724984793.0708671,"finish":1724984793.9821661,"duration":0.91129899024963379,"processing":0.8797299861907959,"date_start":"2024-08-30T05:26:33+03:00","date_finish":"2024-08-30T05:26:33+03:00","operating_reset_at":1724985393,"operating":0.87970280647277832}}}