{"url":"https:\/\/tinger.bitrix24.ru\/rest\/190\/42tc2gxq8od2858i\/crm.lead.add.json","info":{"url":"https:\/\/tinger.bitrix24.ru\/rest\/190\/42tc2gxq8od2858i\/crm.lead.add.json","content_type":"application\/json; charset=utf-8","http_code":200,"header_size":1034,"request_size":207,"filetime":-1,"ssl_verify_result":0,"redirect_count":0,"total_time":2.415937,"namelookup_time":0.0019189999999999999,"connect_time":0.013528999999999999,"pretransfer_time":0.037852999999999998,"size_upload":1795,"size_download":261,"speed_download":108,"speed_upload":743,"download_content_length":-1,"upload_content_length":1795,"starttransfer_time":0.037858999999999997,"redirect_time":0,"redirect_url":"","primary_ip":"46.235.53.58","certinfo":[],"primary_port":443,"local_ip":"188.225.57.79","local_port":42546,"http_version":3,"protocol":2,"ssl_verifyresult":0,"scheme":"HTTPS","appconnect_time_us":37555,"connect_time_us":13529,"namelookup_time_us":1919,"pretransfer_time_us":37853,"redirect_time_us":0,"starttransfer_time_us":37859,"total_time_us":2415937},"params":{"method":"crm.lead.add","params":{"fields":{"NAME":"\u0433\u0430\u043b\u044f","PHONE":[{"VALUE":"+7 (903) 395-23-39","VALUE_TYPE":"WORK"}],"EMAIL":[{"VALUE":"","VALUE_TYPE":"WORK"}],"TRACE":"{\u0022url\u0022:\u0022https:\/\/tingard.ru\/?utm_source=yandex\u0026utm_medium=cpc\u0026utm_campaign=mk_rf\u0026utm_content=17359042613\u0026utm_term=\u0026roistat=direct14_context_89463958_rsMasterGroup_rsMasterBanner_\u0026yclid=10935133273709346815\u0026ybaip=1\u0022,\u0022device\u0022:{\u0022isMobile\u0022:false},\u0022tags\u0022:{\u0022ts\u0022:1761301208,\u0022list\u0022:{\u0022utm_source\u0022:\u0022yandex\u0022,\u0022utm_medium\u0022:\u0022cpc\u0022,\u0022utm_campaign\u0022:\u0022mk_rf\u0022,\u0022utm_content\u0022:\u002217359042613\u0022},\u0022gclid\u0022:null},\u0022client\u0022:{\u0022yaId\u0022:\u00221761301208300489116\u0022},\u0022pages\u0022:{\u0022list\u0022:[[\u0022https:\/\/tingard.ru\/?utm_source=yandex\u0026utm_medium=cpc\u0026utm_campaign=mk_rf\u0026utm_content=17359042613\u0026utm_term=\u0026roistat=direct14_context_89463958_rsMasterGroup_rsMasterBanner_\u0026yclid=10935133273709346815\u0026ybaip=1\u0022,1761301208,\u0022TINGARD \u2014 \u0431\u0435\u0441\u0448\u043e\u0432\u043d\u044b\u0439 \u043f\u043b\u0430\u0441\u0442\u0438\u043a\u043e\u0432\u044b\u0439 \u043f\u043e\u0433\u0440\u0435\u0431 \u0441\u0022]]},\u0022gid\u0022:null,\u0022previous\u0022:{\u0022list\u0022:[]}}","UF_CRM_1736853511":"1761301208300489116","UF_CRM_1736853555":"1761301208300489116","UF_CRM_1736853537":"1761301208300489116","UF_CRM_1517561552":"3794893","COMMENTS":null,"TITLE":"\u0417\u0430\u043a\u0430\u0437\u0430\u0442\u044c \u043f\u043e\u0433\u0440\u0435\u0431","UF_CRM_1449663065":68,"ASSIGNED_BY_ID":58,"SOURCE_ID":9}}},"result":{"result":629210,"time":{"start":1761301222,"finish":1761301225.1868241,"duration":3.1868240833282471,"processing":3,"date_start":"2025-10-24T13:20:22+03:00","date_finish":"2025-10-24T13:20:25+03:00","operating_reset_at":1761301822,"operating":4.3923053741455078}}}