{"url":"https:\/\/tinger.bitrix24.ru\/rest\/190\/42tc2gxq8od2858i\/crm.lead.add.json","info":{"url":"https:\/\/tinger.bitrix24.ru\/rest\/190\/42tc2gxq8od2858i\/crm.lead.add.json","content_type":"application\/json; charset=utf-8","http_code":200,"header_size":1034,"request_size":207,"filetime":-1,"ssl_verify_result":0,"redirect_count":0,"total_time":1.946952,"namelookup_time":0.0092460000000000007,"connect_time":0.021330999999999999,"pretransfer_time":0.042659999999999997,"size_upload":5056,"size_download":284,"speed_download":145,"speed_upload":2598,"download_content_length":-1,"upload_content_length":5056,"starttransfer_time":0.042666999999999997,"redirect_time":0,"redirect_url":"","primary_ip":"195.208.185.4","certinfo":[],"primary_port":443,"local_ip":"188.225.57.79","local_port":46316,"http_version":3,"protocol":2,"ssl_verifyresult":0,"scheme":"HTTPS","appconnect_time_us":42476,"connect_time_us":21331,"namelookup_time_us":9246,"pretransfer_time_us":42660,"redirect_time_us":0,"starttransfer_time_us":42667,"total_time_us":1946952},"params":{"method":"crm.lead.add","params":{"fields":{"NAME":"1234567890\u043d\u0437\u043e\u043c\u0449\u0440\u04417\u04357\u04307\u043d\u2070\u044d","PHONE":[{"VALUE":"+6128369988888883","VALUE_TYPE":"WORK"}],"EMAIL":[{"VALUE":null,"VALUE_TYPE":"WORK"}],"TRACE":"{\u0022url\u0022:\u0022https:\/\/tinger.ru\/catalog\/perelomka\/?utm_source=yandex\u0026utm_medium=cpc\u0026utm_campaign=mk_click_tf4\u0026utm_content=15450801326\u0026utm_term=---autotargeting\u0026yclid=10263762151011778559\u0022,\u0022device\u0022:{\u0022isMobile\u0022:true},\u0022tags\u0022:{\u0022ts\u0022:1708695751,\u0022list\u0022:{\u0022utm_source\u0022:\u0022yandex\u0022,\u0022utm_medium\u0022:\u0022cpc\u0022,\u0022utm_campaign\u0022:\u0022mk_click_tf4\u0022,\u0022utm_content\u0022:\u002215450801326\u0022,\u0022utm_term\u0022:\u0022---autotargeting\u0022},\u0022gclid\u0022:null},\u0022client\u0022:{\u0022gaId\u0022:\u0022793356117.1708695751\u0022,\u0022yaId\u0022:\u00221708695751249311415\u0022},\u0022pages\u0022:{\u0022list\u0022:null},\u0022gid\u0022:null,\u0022previous\u0022:{\u0022list\u0022:[]}}","COMMENTS":"\u003Cb\u003E\u0412\u044b\u0431\u0440\u0430\u043d\u043d\u0430\u044f \u043c\u043e\u0434\u0435\u043b\u044c:\u003C\/b\u003E TINGER TF4\u003Cbr\u003E\u003Cb\u003E\u0412\u044b\u0431\u0440\u0430\u043d\u043d\u0430\u044f \u043c\u043e\u0434\u0438\u0444\u0438\u043a\u0430\u0446\u0438\u044f:\u003C\/b\u003E TF4, \u0434\u0432\u0438\u0433\u0430\u0442\u0435\u043b\u044c Chery SQR372\u003Cbr\u003E\u003Cb\u003E\u0412\u044b\u0431\u0440\u0430\u043d\u043d\u044b\u0439 \u0446\u0432\u0435\u0442:\u003C\/b\u003E \u043a\u0440\u0430\u0441\u043d\u044b\u0439\u003Cbr\u003E\u003Cb\u003E\u0412\u044b\u0431\u0440\u0430\u043d\u043d\u044b\u0435 \u043e\u043f\u0446\u0438\u0438:\u003C\/b\u003E\u003Cbr\u003E\u2014 \u042d\u043b\u0435\u043a\u0442\u0440\u043e\u043d\u043d\u044b\u0439 \u043f\u0430\u0441\u043f\u043e\u0440\u0442 \u0441\u0430\u043c\u043e\u0445\u043e\u0434\u043d\u043e\u0439 \u043c\u0430\u0448\u0438\u043d\u044b (\u044d\u041f\u0421\u041c)\u003Cbr\u003E\u2014 \u0428\u0438\u043d\u044b \u0441\u0432\u0435\u0440\u0445\u0432\u044b\u0441\u043e\u043a\u043e\u0439 \u043f\u0440\u043e\u0445\u043e\u0434\u0438\u043c\u043e\u0441\u0442\u0438 (1400*650) (4 \u0448\u0442.)\u003Cbr\u003E\u2014 \u0414\u0438\u0441\u043a\u0438 \u0441\u0432\u0435\u0440\u0445\u043d\u0438\u0437\u043a\u043e\u0433\u043e \u0434\u0430\u0432\u043b\u0435\u043d\u0438\u044f R21 (\u0431\u0435\u0434\u043b\u043e\u043a) (4 \u0448\u0442.)\u003Cbr\u003E\u2014 \u0411\u043b\u043e\u043a\u0438\u0440\u0430\u0442\u043e\u0440 \u0448\u0430\u0440\u043d\u0438\u0440\u0430 \u0441\u043e\u0447\u043b\u0435\u043d\u0435\u043d\u0438\u044f \u0440\u0430\u043c\u044b \u043d\u0430 \u0441\u043a\u0440\u0443\u0447\u0438\u0432\u0430\u043d\u0438\u0435\u003Cbr\u003E\u2014 \u0417\u0435\u0440\u043a\u0430\u043b\u0430 \u0437\u0430\u0434\u043d\u0435\u0433\u043e \u0432\u0438\u0434\u0430 (2 \u0448\u0442.)\u003Cbr\u003E\u2014 \u041b\u043e\u0431\u043e\u0432\u043e\u0435 \u0441\u0442\u0435\u043a\u043b\u043e \u0441 \u043e\u0442\u043a\u0440\u044b\u0432\u0430\u043d\u0438\u0435\u043c \u0432\u043f\u0435\u0440\u0451\u0434\u003Cbr\u003E\u2014 \u0420\u0430\u0434\u0438\u0430\u0442\u043e\u0440 \u043e\u0442\u043e\u043f\u0438\u0442\u0435\u043b\u044f \u0441\u0430\u043b\u043e\u043d\u0430 (\u0436\u0438\u0434\u043a\u043e\u0441\u0442\u043d\u044b\u0439)\u003Cbr\u003E\u2014 \u0420\u0435\u043c\u043d\u0438 \u0431\u0435\u0437\u043e\u043f\u0430\u0441\u043d\u043e\u0441\u0442\u0438 \u043f\u0435\u0440\u0435\u0434\u043d\u0438\u0435 (2 \u0448\u0442.)\u003Cbr\u003E\u2014 \u041f\u0430\u043d\u0435\u043b\u044c \u0443\u043f\u0440\u0430\u0432\u043b\u0435\u043d\u0438\u044f \u0441 \u0433\u043d\u0451\u0437\u0434\u0430\u043c\u0438 12V \u0438 USB\u003Cbr\u003E\u2014 \u0421\u0438\u0434\u0435\u043d\u044c\u044f \u043f\u0435\u0440\u0435\u0434\u043d\u0438\u0435 \u044d\u0440\u0433\u043e\u043d\u043e\u043c\u0438\u0447\u043d\u044b\u0435 (2 \u0448\u0442.)\u003Cbr\u003E\u2014 \u0421\u0442\u0435\u043a\u043b\u043e\u043e\u0447\u0438\u0441\u0442\u0438\u0442\u0435\u043b\u044c \u043b\u043e\u0431\u043e\u0432\u043e\u0433\u043e \u0441\u0442\u0435\u043a\u043b\u0430\u003Cbr\u003E\u2014 \u042d\u043b\u0435\u043a\u0442\u0440\u043e\u043d\u043d\u0430\u044f \u043f\u0430\u043d\u0435\u043b\u044c \u043f\u0440\u0438\u0431\u043e\u0440\u043e\u0432 (\u0432\u0435\u0440\u0441\u0438\u044f 1.0)\u003Cbr\u003E\u2014 \u0411\u0443\u043a\u0441\u0438\u0440\u043e\u0432\u043e\u0447\u043d\u044b\u0435 \u0441\u043a\u043e\u0431\u044b (\u0448\u0430\u043a\u043b\u044b), 2 \u0448\u0442.)\u003Cbr\u003E\u003Cb\u003E\u0421\u0442\u043e\u0438\u043c\u043e\u0441\u0442\u044c \u0434\u043e\u043f\u043e\u043b\u043d\u0438\u0442\u0435\u043b\u044c\u043d\u043e\u0433\u043e \u043e\u0431\u043e\u0440\u0443\u0434\u043e\u0432\u0430\u043d\u0438\u044f:\u003C\/b\u003E 0 \u0440\u0443\u0431.\u003Cbr\u003E\u0418\u0442\u043e\u0433\u043e: 1\u00a0990\u00a0000 \u0440\u0443\u0431.","TITLE":"\u041a\u0443\u043f\u0438\u0442\u044c TINGER TF4 (\u0441\u043a\u043e\u043d\u0444\u0438\u0433\u0443\u0440\u0438\u0440\u043e\u0432\u0430\u043d\u043d\u044b\u0439)","UF_CRM_1449663065":64,"ASSIGNED_BY_ID":58,"SOURCE_ID":"WEB"}}},"result":{"result":498578,"time":{"start":1708695866.358773,"finish":1708695868.20347,"duration":1.8446969985961914,"processing":1.812748908996582,"date_start":"2024-02-23T16:44:26+03:00","date_finish":"2024-02-23T16:44:28+03:00","operating_reset_at":1708696466,"operating":1.812730073928833}}}