{"url":"https:\/\/tinger.bitrix24.ru\/rest\/190\/42tc2gxq8od2858i\/crm.lead.add.json","info":{"url":"https:\/\/tinger.bitrix24.ru\/rest\/190\/42tc2gxq8od2858i\/crm.lead.add.json","content_type":"application\/json; charset=utf-8","http_code":200,"header_size":1030,"request_size":207,"filetime":-1,"ssl_verify_result":0,"redirect_count":0,"total_time":3.7678370000000001,"namelookup_time":0.0016800000000000001,"connect_time":0.010123999999999999,"pretransfer_time":0.027829,"size_upload":2674,"size_download":285,"speed_download":75,"speed_upload":709,"download_content_length":-1,"upload_content_length":2674,"starttransfer_time":0.027831999999999999,"redirect_time":0,"redirect_url":"","primary_ip":"217.16.18.181","certinfo":[],"primary_port":443,"local_ip":"188.225.57.79","local_port":55500,"http_version":3,"protocol":2,"ssl_verifyresult":0,"scheme":"HTTPS","appconnect_time_us":27550,"connect_time_us":10124,"namelookup_time_us":1680,"pretransfer_time_us":27829,"redirect_time_us":0,"starttransfer_time_us":27832,"total_time_us":3767837},"params":{"method":"crm.lead.add","params":{"fields":{"UF_CRM_1449663065":null,"SOURCE_ID":"CONFERENCE","ASSIGNED_BY_ID":58,"TITLE":null,"NAME":null,"PHONE":[{"VALUE":null,"VALUE_TYPE":"WORK"}],"EMAIL":[{"VALUE":null,"VALUE_TYPE":"WORK"}],"COMMENTS":null,"TRACE":"{\u0022url\u0022:\u0022https:\/\/tingerplast.ru\/account\/change-password\/?USER_CHECKWORD=gzlqt22iknwwnlva2s93md7m6u90brpe\u0026USER_LOGIN=info%40aqua71.ru\u0022,\u0022ref\u0022:\u0022https:\/\/e.mail.ru\/\u0022,\u0022device\u0022:{\u0022isMobile\u0022:false},\u0022tags\u0022:{\u0022ts\u0022:1756281053,\u0022list\u0022:{},\u0022gclid\u0022:null},\u0022client\u0022:{\u0022yaId\u0022:\u00221756209327193062512\u0022},\u0022pages\u0022:{\u0022list\u0022:[[\u0022https:\/\/tingerplast.ru\/account\/change-password\/?USER_CHECKWORD=gzlqt22iknwwnlva2s93md7m6u90brpe\u0026USER_LOGIN=info%40aqua71.ru\u0022,1756281053,\u0022\u0421\u043c\u0435\u043d\u0430 \u043f\u0430\u0440\u043e\u043b\u044f\u0022]]},\u0022gid\u0022:null,\u0022previous\u0022:{\u0022list\u0022:[{\u0022url\u0022:\u0022https:\/\/tingerplast.ru\/account\/change-password\/?USER_CHECKWORD=gzlqt22iknwwnlva2s93md7m6u90brpe\u0026USER_LOGIN=info%40aqua71.ru\u0022,\u0022ref\u0022:\u0022https:\/\/yandex.ru\/\u0022,\u0022device\u0022:{\u0022isMobile\u0022:false},\u0022tags\u0022:{\u0022ts\u0022:1756209327,\u0022list\u0022:{},\u0022gclid\u0022:null},\u0022client\u0022:{\u0022yaId\u0022:36650905},\u0022pages\u0022:{\u0022list\u0022:[[\u0022https:\/\/tingerplast.ru\/plastikovye-pogreba\/dopolnitelnaya-komplektatsiya\/\u0022,1756211658,\u0022\u0414\u043e\u043f\u043e\u043b\u043d\u0438\u0442\u0435\u043b\u044c\u043d\u0430\u044f \u043a\u043e\u043c\u043f\u043b\u0435\u043a\u0442\u0430\u0446\u0438\u044f \u0434\u043b\u044f \u043f\u043e\u0433\u0440\u0435\u0431\u043e\u0432\u0022],[\u0022https:\/\/tingerplast.ru\/cart\/\u0022,1756211706,\u0022\u041a\u043e\u0440\u0437\u0438\u043d\u0430\u0022],[\u0022https:\/\/tingerplast.ru\/plastikovye-pogreba\/dopolnitelnaya-komplektatsiya\/filter\/clear\/apply\/\u0022,1756280341,\u0022\u0414\u043e\u043f\u043e\u043b\u043d\u0438\u0442\u0435\u043b\u044c\u043d\u0430\u044f \u043a\u043e\u043c\u043f\u043b\u0435\u043a\u0442\u0430\u0446\u0438\u044f \u0434\u043b\u044f \u043f\u043e\u0433\u0440\u0435\u0431\u043e\u0432\u0022],[\u0022https:\/\/tingerplast.ru\/account\/auth\/\u0022,1756281018,\u0022\u0412\u0445\u043e\u0434 \u0432 \u0430\u043a\u043a\u0430\u0443\u043d\u0442 \u0434\u0438\u043b\u0435\u0440\u0430\u0022],[\u0022https:\/\/tingerplast.ru\/account\/restore-password\/\u0022,1756281027,\u0022\u0412\u043e\u0441\u0441\u0442\u0430\u043d\u043e\u0432\u043b\u0435\u043d\u0438\u0435 \u043f\u0430\u0440\u043e\u043b\u044f\u0022]]},\u0022gid\u0022:null}]}}","UF_CRM_1517561552":"3739295"}}},"result":{"result":618780,"time":{"start":1756281066.1859441,"finish":1756281069.776139,"duration":3.5901949405670166,"processing":3.4879550933837891,"date_start":"2025-08-27T10:51:06+03:00","date_finish":"2025-08-27T10:51:09+03:00","operating_reset_at":1756281666,"operating":3.4879179000854492}}}