{"url":"https:\/\/tinger.bitrix24.ru\/rest\/190\/42tc2gxq8od2858i\/crm.lead.add.json","info":{"url":"https:\/\/tinger.bitrix24.ru\/rest\/190\/42tc2gxq8od2858i\/crm.lead.add.json","content_type":"application\/json; charset=utf-8","http_code":200,"header_size":1034,"request_size":207,"filetime":-1,"ssl_verify_result":0,"redirect_count":0,"total_time":2.1552449999999999,"namelookup_time":0.015355000000000001,"connect_time":0.026589000000000002,"pretransfer_time":0.047545999999999998,"size_upload":2110,"size_download":262,"speed_download":121,"speed_upload":979,"download_content_length":-1,"upload_content_length":2110,"starttransfer_time":0.047549000000000001,"redirect_time":0,"redirect_url":"","primary_ip":"46.235.53.70","certinfo":[],"primary_port":443,"local_ip":"188.225.57.79","local_port":46480,"http_version":3,"protocol":2,"ssl_verifyresult":0,"scheme":"HTTPS","appconnect_time_us":47437,"connect_time_us":26589,"namelookup_time_us":15355,"pretransfer_time_us":47546,"redirect_time_us":0,"starttransfer_time_us":47549,"total_time_us":2155245},"params":{"method":"crm.lead.add","params":{"fields":{"NAME":"\u0421\u0435\u0440\u0433\u0435\u0439","EMAIL":[{"VALUE":"ond-sladkovo@72.mchs.gov.ru","VALUE_TYPE":"WORK"}],"TRACE":"{\u0022url\u0022:\u0022https:\/\/tingard.ru\/?utm_source=yandex\u0026utm_medium=cpc\u0026utm_campaign=mk_rf\u0026utm_content=17341225313\u0026utm_term=---autotargeting\u0026roistat=direct14_context_89463958_rsMasterGroup_rsMasterBanner_---autotargeting\u0026yclid=4343450792334196735\u0026ybaip=1\u0022,\u0022ref\u0022:\u0022https:\/\/yandex.ru\/pogoda\/ru?from=homescreen_icon\u0026lat=55.531219\u0026lon=70.345516\u0022,\u0022device\u0022:{\u0022isMobile\u0022:true},\u0022tags\u0022:{\u0022ts\u0022:1760673600,\u0022list\u0022:{\u0022utm_source\u0022:\u0022yandex\u0022,\u0022utm_medium\u0022:\u0022cpc\u0022,\u0022utm_campaign\u0022:\u0022mk_rf\u0022,\u0022utm_content\u0022:\u002217341225313\u0022,\u0022utm_term\u0022:\u0022---autotargeting\u0022},\u0022gclid\u0022:null},\u0022client\u0022:{\u0022yaId\u0022:\u00221723455414143116881\u0022},\u0022pages\u0022:{\u0022list\u0022:[[\u0022https:\/\/tingard.ru\/?utm_source=yandex\u0026utm_medium=cpc\u0026utm_campaign=mk_rf\u0026utm_content=17341225313\u0026utm_term=---autotargeting\u0026roistat=direct14_context_89463958_rsMasterGroup_rsMasterBanner_---autotargeting\u0026yclid=4343450792334196735\u0026ybaip=1\u0022,1760673601,\u0022TINGARD \u2014 \u0431\u0435\u0441\u0448\u043e\u0432\u043d\u044b\u0439 \u043f\u043b\u0430\u0441\u0442\u0438\u043a\u043e\u0432\u044b\u0439 \u043f\u043e\u0433\u0440\u0435\u0431 \u0441\u0022]]},\u0022gid\u0022:null,\u0022previous\u0022:{\u0022list\u0022:[]}}","UF_CRM_1736853511":"1723455414143116881","UF_CRM_1736853555":"1723455414143116881","UF_CRM_1736853537":"1723455414143116881","UF_CRM_1517561552":"3790197","COMMENTS":"\u0415\u0441\u0442\u044c \u0434\u043e\u0441\u0442\u0430\u0432\u043a\u0430?","TITLE":"\u0421\u0432\u044f\u0437\u0430\u0442\u044c\u0441\u044f \u0441 \u043f\u0440\u043e\u0438\u0437\u0432\u043e\u0434\u0438\u0442\u0435\u043b\u0435\u043c","UF_CRM_1449663065":68,"ASSIGNED_BY_ID":58,"SOURCE_ID":9}}},"result":{"result":627790,"time":{"start":1760673645,"finish":1760673647.787334,"duration":2.7873339653015137,"processing":2,"date_start":"2025-10-17T07:00:45+03:00","date_finish":"2025-10-17T07:00:47+03:00","operating_reset_at":1760674245,"operating":2.0150291919708252}}}