{"url":"https:\/\/tinger.bitrix24.ru\/rest\/190\/42tc2gxq8od2858i\/crm.lead.add.json","info":{"url":"https:\/\/tinger.bitrix24.ru\/rest\/190\/42tc2gxq8od2858i\/crm.lead.add.json","content_type":"application\/json; charset=utf-8","http_code":200,"header_size":1030,"request_size":207,"filetime":-1,"ssl_verify_result":0,"redirect_count":0,"total_time":1.820471,"namelookup_time":0.018530000000000001,"connect_time":0.027206000000000001,"pretransfer_time":0.043522999999999999,"size_upload":2004,"size_download":287,"speed_download":157,"speed_upload":1101,"download_content_length":-1,"upload_content_length":2004,"starttransfer_time":0.043525000000000001,"redirect_time":0,"redirect_url":"","primary_ip":"89.208.228.119","certinfo":[],"primary_port":443,"local_ip":"188.225.57.79","local_port":38370,"http_version":3,"protocol":2,"ssl_verifyresult":0,"scheme":"HTTPS","appconnect_time_us":43428,"connect_time_us":27206,"namelookup_time_us":18530,"pretransfer_time_us":43523,"redirect_time_us":0,"starttransfer_time_us":43525,"total_time_us":1820471},"params":{"method":"crm.lead.add","params":{"fields":{"NAME":"A","PHONE":[{"VALUE":"926435366","VALUE_TYPE":"WORK"}],"EMAIL":[{"VALUE":null,"VALUE_TYPE":"WORK"}],"TRACE":"{\u0022url\u0022:\u0022https:\/\/tinger.ru\/catalog\/perelomka\/?utm_source=yandex\u0026utm_medium=cpc\u0026utm_campaign=mk_click_ru4ka_tf4\u0026utm_content=16623889961\u0026utm_term=---autotargeting\u0026roistat=direct20_context_114766688_rsMasterGroup_rsMasterBanner_---autotargeting\u0026yclid=3389040839659618303\u0022,\u0022ref\u0022:\u0022https:\/\/yandex.ru\/video\/preview\/12196371703038183283\u0022,\u0022device\u0022:{\u0022isMobile\u0022:true},\u0022tags\u0022:{\u0022ts\u0022:1737659521,\u0022list\u0022:{\u0022utm_source\u0022:\u0022yandex\u0022,\u0022utm_medium\u0022:\u0022cpc\u0022,\u0022utm_campaign\u0022:\u0022mk_click_ru4ka_tf4\u0022,\u0022utm_content\u0022:\u002216623889961\u0022,\u0022utm_term\u0022:\u0022---autotargeting\u0022},\u0022gclid\u0022:null},\u0022client\u0022:{\u0022gaId\u0022:\u0022842159101.1737659521\u0022,\u0022yaId\u0022:\u00221737659521599035495\u0022},\u0022pages\u0022:{\u0022list\u0022:[[\u0022https:\/\/tinger.ru\/catalog\/perelomka\/?utm_source=yandex\u0026utm_medium=cpc\u0026utm_campaign=mk_click_ru4ka_tf4\u0026utm_content=16623889961\u0026utm_term=---autotargeting\u0026roistat=direct20_context_114766688_rsMasterGroup_rsMasterBanner_---autotargeting\u0026yclid=3389040839659618303\u0022,1737659521,\u0022\u041a\u0443\u043f\u0438\u0442\u044c \u0432\u0435\u0437\u0434\u0435\u0445\u043e\u0434 \u043f\u0435\u0440\u0435\u043b\u043e\u043c\u043a\u0443 TINGER TF4 \u0432 \u0420\u0022]]},\u0022gid\u0022:null,\u0022previous\u0022:{\u0022list\u0022:[]}}","UF_CRM_1736853511":"1737659521599035495","UF_CRM_1736853555":"1737659521599035495","UF_CRM_1736853537":"1737659521599035495","UF_CRM_1517561552":"3803089","COMMENTS":null,"TITLE":"\u041a\u0443\u043f\u0438\u0442\u044c \u0432\u0435\u0437\u0434\u0435\u0445\u043e\u0434 TINGER TF4","UF_CRM_1449663065":64,"ASSIGNED_BY_ID":58,"SOURCE_ID":"WEB"}}},"result":{"result":575448,"time":{"start":1737659539.8164189,"finish":1737659541.4105749,"duration":1.59415602684021,"processing":1.5611832141876221,"date_start":"2025-01-23T22:12:19+03:00","date_finish":"2025-01-23T22:12:21+03:00","operating_reset_at":1737660139,"operating":1.5611529350280762}}}