{"url":"https:\/\/tinger.bitrix24.ru\/rest\/190\/42tc2gxq8od2858i\/crm.lead.add.json","info":{"url":"https:\/\/tinger.bitrix24.ru\/rest\/190\/42tc2gxq8od2858i\/crm.lead.add.json","content_type":"application\/json; charset=utf-8","http_code":200,"header_size":1027,"request_size":207,"filetime":-1,"ssl_verify_result":0,"redirect_count":0,"total_time":1.186161,"namelookup_time":0.014987,"connect_time":0.016247999999999999,"pretransfer_time":0.029419000000000001,"size_upload":2463,"size_download":285,"speed_download":240,"speed_upload":2076,"download_content_length":-1,"upload_content_length":2463,"starttransfer_time":0.029422,"redirect_time":0,"redirect_url":"","primary_ip":"178.132.201.50","certinfo":[],"primary_port":443,"local_ip":"188.225.57.79","local_port":44976,"http_version":3,"protocol":2,"ssl_verifyresult":0,"scheme":"HTTPS","appconnect_time_us":29289,"connect_time_us":16248,"namelookup_time_us":14987,"pretransfer_time_us":29419,"redirect_time_us":0,"starttransfer_time_us":29422,"total_time_us":1186161},"params":{"method":"crm.lead.add","params":{"fields":{"NAME":"\u0420\u0443\u0441\u043b\u0430\u043d","EMAIL":[{"VALUE":"uspehstroi777@mail.ru","VALUE_TYPE":"WORK"}],"TRACE":"{\u0022url\u0022:\u0022https:\/\/tingard.ru\/?utm_source=yandex\u0026utm_medium=cpc\u0026utm_campaign=mk_rf_kval_click\u0026utm_content=17134107088\u0026utm_term=---autotargeting\u0026roistat=direct14_search_701489563_rsMasterGroup_rsMasterBanner_---autotargeting\u0026yclid=18114165197565067263\u0022,\u0022ref\u0022:\u0022https:\/\/yandex.ru\/\u0022,\u0022device\u0022:{\u0022isMobile\u0022:true},\u0022tags\u0022:{\u0022ts\u0022:1751104052,\u0022list\u0022:{\u0022utm_source\u0022:\u0022yandex\u0022,\u0022utm_medium\u0022:\u0022cpc\u0022,\u0022utm_campaign\u0022:\u0022mk_rf_kval_click\u0022,\u0022utm_content\u0022:\u002217134107088\u0022,\u0022utm_term\u0022:\u0022---autotargeting\u0022},\u0022gclid\u0022:null},\u0022client\u0022:{\u0022yaId\u0022:\u00221751104052750559385\u0022},\u0022pages\u0022:{\u0022list\u0022:[[\u0022https:\/\/tingard.ru\/?utm_source=yandex\u0026utm_medium=cpc\u0026utm_campaign=mk_rf_kval_click\u0026utm_content=17134107088\u0026utm_term=---autotargeting\u0026roistat=direct14_search_701489563_rsMasterGroup_rsMasterBanner_---autotargeting\u0026yclid=18114165197565067263\u0022,1751104053,\u0022TINGARD \u2014 \u0431\u0435\u0441\u0448\u043e\u0432\u043d\u044b\u0439 \u043f\u043b\u0430\u0441\u0442\u0438\u043a\u043e\u0432\u044b\u0439 \u043f\u043e\u0433\u0440\u0435\u0431 \u2116\u0022]]},\u0022gid\u0022:null,\u0022previous\u0022:{\u0022list\u0022:[]}}","UF_CRM_1736853511":"1751104052750559385","UF_CRM_1736853555":"1751104052750559385","UF_CRM_1736853537":"1751104052750559385","UF_CRM_1517561552":"3678740","COMMENTS":"\u041f\u043e\u0433\u0440\u0435\u0431 \u0438\u043d\u0442\u0435\u0440\u0435\u0441\u0443\u0435\u0442 \u0422\u0438\u043d\u0433\u0430\u0440\u0434\r\n\u0412 \u041e\u0440\u0435\u043d\u0431\u0443\u0440\u0433\u0441\u043a\u0443\u044e \u043e\u0431\u043b\u0430\u0441\u0442\u044c \u0441\u0435\u043b\u043e \u041f\u043e\u043b\u0438\u0431\u0438\u043d\u043e\r\n\u0411\u0443\u0433\u0443\u0440\u0443\u0441\u043b\u0430\u043d\u0441\u043a\u043e\u0433\u043e \u0440\u0430\u0439\u043e\u043d\u0430 \r\n89228861105","TITLE":"\u0421\u0432\u044f\u0437\u0430\u0442\u044c\u0441\u044f \u0441 \u043f\u0440\u043e\u0438\u0437\u0432\u043e\u0434\u0438\u0442\u0435\u043b\u0435\u043c","UF_CRM_1449663065":68,"ASSIGNED_BY_ID":58,"SOURCE_ID":9}}},"result":{"result":608712,"time":{"start":1751104227.336771,"finish":1751104228.426352,"duration":1.0895810127258301,"processing":1.0641028881072998,"date_start":"2025-06-28T12:50:27+03:00","date_finish":"2025-06-28T12:50:28+03:00","operating_reset_at":1751104827,"operating":1.0640850067138672}}}