{"url":"https:\/\/tinger.bitrix24.ru\/rest\/190\/42tc2gxq8od2858i\/crm.lead.add.json","info":{"url":"https:\/\/tinger.bitrix24.ru\/rest\/190\/42tc2gxq8od2858i\/crm.lead.add.json","content_type":"application\/json; charset=utf-8","http_code":200,"header_size":1030,"request_size":207,"filetime":-1,"ssl_verify_result":0,"redirect_count":0,"total_time":1.001069,"namelookup_time":0.001846,"connect_time":0.011011,"pretransfer_time":0.030207000000000001,"size_upload":2645,"size_download":288,"speed_download":287,"speed_upload":2642,"download_content_length":-1,"upload_content_length":2645,"starttransfer_time":0.030210000000000001,"redirect_time":0,"redirect_url":"","primary_ip":"95.163.249.170","certinfo":[],"primary_port":443,"local_ip":"188.225.57.79","local_port":36730,"http_version":3,"protocol":2,"ssl_verifyresult":0,"scheme":"HTTPS","appconnect_time_us":30096,"connect_time_us":11011,"namelookup_time_us":1846,"pretransfer_time_us":30207,"redirect_time_us":0,"starttransfer_time_us":30210,"total_time_us":1001069},"params":{"method":"crm.lead.add","params":{"fields":{"NAME":"\u041e\u043a\u0441\u0430\u043d\u0430","PHONE":[{"VALUE":"+7 (929) 311-74-82","VALUE_TYPE":"WORK"}],"EMAIL":[{"VALUE":null,"VALUE_TYPE":"WORK"}],"TRACE":"{\u0022url\u0022:\u0022https:\/\/tingard.ru\/?roistat=direct14_context_16225570742_%D0%BF%D0%BE%D1%81%D0%B0%D0%B4%D0%BA%D0%B0%20%D1%81%D0%B5%D0%BC%D1%8F%D0%BD%20%D0%BC%D0%BE%D1%80%D0%BA%D0%BE%D0%B2%D0%B8%20%D0%B2%20%D0%BE%D1%82%D0%BA%D1%80%D1%8B%D1%82%D1%8B%D0%B9%20%D0%B3%D1%80%D1%83%D0%BD%D1%82\u0026roistat_referrer=adblitz-ru.turbopages.org\u0026roistat_pos=none_0\u0026y_ref=adblitz-ru.turbopages.org\u0026utm_source=yandex\u0026utm_medium=cpc\u0026utm_campaign=rsya-click\u0026utm_content=16225570742\u0026utm_term=adblitz-ru.turbopages.org\u0026yclid=2928985253636210687\u0022,\u0022ref\u0022:\u0022https:\/\/adblitz-ru.turbopages.org\/\u0022,\u0022device\u0022:{\u0022isMobile\u0022:true},\u0022tags\u0022:{\u0022ts\u0022:1724570919,\u0022list\u0022:{\u0022utm_source\u0022:\u0022yandex\u0022,\u0022utm_medium\u0022:\u0022cpc\u0022,\u0022utm_campaign\u0022:\u0022rsya-click\u0022,\u0022utm_content\u0022:\u002216225570742\u0022,\u0022utm_term\u0022:\u0022adblitz-ru.turbopages.org\u0022},\u0022gclid\u0022:null},\u0022client\u0022:{\u0022yaId\u0022:\u00221724570918870796722\u0022},\u0022pages\u0022:{\u0022list\u0022:[[\u0022https:\/\/tingard.ru\/?roistat=direct14_context_16225570742_%D0%BF%D0%BE%D1%81%D0%B0%D0%B4%D0%BA%D0%B0%20%D1%81%D0%B5%D0%BC%D1%8F%D0%BD%20%D0%BC%D0%BE%D1%80%D0%BA%D0%BE%D0%B2%D0%B8%20%D0%B2%20%D0%BE%D1%82%D0%BA%D1%80%D1%8B%D1%82%D1%8B%D0%B9%20%D0%B3%D1%80%D1%83%D0%BD%D1%82\u0026roistat_referrer=adblitz-ru.turbopages.org\u0026roistat_pos=none_0\u0026y_ref=adblitz-ru.turbopages.org\u0026utm_source=yandex\u0026utm_medium=cpc\u0026utm_campaign=rsya-click\u0026utm_content=16225570742\u0026utm_term=adblitz-ru.turbopages.org\u0026yclid=2928985253636210687\u0022,1724570920,\u0022TINGARD \u2014 \u0431\u0435\u0441\u0448\u043e\u0432\u043d\u044b\u0439 \u043f\u043b\u0430\u0441\u0442\u0438\u043a\u043e\u0432\u044b\u0439 \u043f\u043e\u0433\u0440\u0435\u0431 \u2116\u0022]]},\u0022gid\u0022:null,\u0022previous\u0022:{\u0022list\u0022:[]}}","UF_CRM_1517561552":"3418188","COMMENTS":null,"TITLE":"\u0417\u0430\u043a\u0430\u0437\u0430\u0442\u044c \u043f\u043e\u0433\u0440\u0435\u0431","UF_CRM_1449663065":68,"ASSIGNED_BY_ID":58,"SOURCE_ID":9}}},"result":{"result":541352,"time":{"start":1724570953.8981581,"finish":1724570954.797101,"duration":0.89894294738769531,"processing":0.8596189022064209,"date_start":"2024-08-25T10:29:13+03:00","date_finish":"2024-08-25T10:29:14+03:00","operating_reset_at":1724571553,"operating":2.473621129989624}}}