{"url":"https:\/\/tinger.bitrix24.ru\/rest\/190\/42tc2gxq8od2858i\/crm.lead.add.json","info":{"url":"https:\/\/tinger.bitrix24.ru\/rest\/190\/42tc2gxq8od2858i\/crm.lead.add.json","content_type":"application\/json; charset=utf-8","http_code":200,"header_size":1034,"request_size":207,"filetime":-1,"ssl_verify_result":0,"redirect_count":0,"total_time":2.0508630000000001,"namelookup_time":0.024105000000000001,"connect_time":0.036268000000000002,"pretransfer_time":0.058996,"size_upload":1977,"size_download":288,"speed_download":140,"speed_upload":964,"download_content_length":-1,"upload_content_length":1977,"starttransfer_time":0.059000999999999998,"redirect_time":0,"redirect_url":"","primary_ip":"195.208.185.4","certinfo":[],"primary_port":443,"local_ip":"188.225.57.79","local_port":41422,"http_version":3,"protocol":2,"ssl_verifyresult":0,"scheme":"HTTPS","appconnect_time_us":58861,"connect_time_us":36268,"namelookup_time_us":24105,"pretransfer_time_us":58996,"redirect_time_us":0,"starttransfer_time_us":59001,"total_time_us":2050863},"params":{"method":"crm.lead.add","params":{"fields":{"NAME":"\u0420\u043e\u0441\u0438\u043d\u0430\u0445\u0430","PHONE":[{"VALUE":"8 (903) 243-86-86","VALUE_TYPE":"WORK"}],"EMAIL":[{"VALUE":null,"VALUE_TYPE":"WORK"}],"TRACE":"{\u0022url\u0022:\u0022https:\/\/tinger.ru\/catalog\/perelomka\/?utm_source=yandex\u0026utm_medium=cpc\u0026utm_campaign=mk_click_ru4ka_tf4\u0026utm_content=16623889961\u0026utm_term=---autotargeting\u0026roistat=direct20_context_114766688_rsMasterGroup_rsMasterBanner_---autotargeting\u0026yclid=8710133696747012095\u0022,\u0022device\u0022:{\u0022isMobile\u0022:true},\u0022tags\u0022:{\u0022ts\u0022:1741959520,\u0022list\u0022:{\u0022utm_source\u0022:\u0022yandex\u0022,\u0022utm_medium\u0022:\u0022cpc\u0022,\u0022utm_campaign\u0022:\u0022mk_click_ru4ka_tf4\u0022,\u0022utm_content\u0022:\u002216623889961\u0022,\u0022utm_term\u0022:\u0022---autotargeting\u0022},\u0022gclid\u0022:null},\u0022client\u0022:{\u0022gaId\u0022:\u002224127739.1741959520\u0022,\u0022yaId\u0022:\u00221741959520453798652\u0022},\u0022pages\u0022:{\u0022list\u0022:[[\u0022https:\/\/tinger.ru\/catalog\/perelomka\/?utm_source=yandex\u0026utm_medium=cpc\u0026utm_campaign=mk_click_ru4ka_tf4\u0026utm_content=16623889961\u0026utm_term=---autotargeting\u0026roistat=direct20_context_114766688_rsMasterGroup_rsMasterBanner_---autotargeting\u0026yclid=8710133696747012095\u0022,1741959521,\u0022\u041a\u0443\u043f\u0438\u0442\u044c \u0432\u0435\u0437\u0434\u0435\u0445\u043e\u0434 \u043f\u0435\u0440\u0435\u043b\u043e\u043c\u043a\u0443 TINGER TF4 \u0432 \u0420\u0022]]},\u0022gid\u0022:null,\u0022previous\u0022:{\u0022list\u0022:[]}}","UF_CRM_1736853511":"1741959520453798652","UF_CRM_1736853555":"1741959520453798652","UF_CRM_1736853537":"1741959520453798652","UF_CRM_1517561552":"3838368","COMMENTS":null,"TITLE":"\u041a\u0443\u043f\u0438\u0442\u044c \u0432\u0435\u0437\u0434\u0435\u0445\u043e\u0434 TINGER TF4","UF_CRM_1449663065":64,"ASSIGNED_BY_ID":58,"SOURCE_ID":"WEB"}}},"result":{"result":583766,"time":{"start":1741959489.901602,"finish":1741959491.7984991,"duration":1.8968970775604248,"processing":1.8634531497955322,"date_start":"2025-03-14T16:38:09+03:00","date_finish":"2025-03-14T16:38:11+03:00","operating_reset_at":1741960089,"operating":1.8634250164031982}}}