{"url":"https:\/\/tinger.bitrix24.ru\/rest\/190\/42tc2gxq8od2858i\/crm.lead.add.json","info":{"url":"https:\/\/tinger.bitrix24.ru\/rest\/190\/42tc2gxq8od2858i\/crm.lead.add.json","content_type":"application\/json; charset=utf-8","http_code":200,"header_size":1027,"request_size":207,"filetime":-1,"ssl_verify_result":0,"redirect_count":0,"total_time":1.009773,"namelookup_time":0.0087749999999999998,"connect_time":0.010295,"pretransfer_time":0.025121999999999998,"size_upload":3703,"size_download":291,"speed_download":288,"speed_upload":3669,"download_content_length":-1,"upload_content_length":3703,"starttransfer_time":0.025124,"redirect_time":0,"redirect_url":"","primary_ip":"178.132.201.53","certinfo":[],"primary_port":443,"local_ip":"188.225.57.79","local_port":49796,"http_version":3,"protocol":2,"ssl_verifyresult":0,"scheme":"HTTPS","appconnect_time_us":25022,"connect_time_us":10295,"namelookup_time_us":8775,"pretransfer_time_us":25122,"redirect_time_us":0,"starttransfer_time_us":25124,"total_time_us":1009773},"params":{"method":"crm.lead.add","params":{"fields":{"NAME":"\u0418\u0433\u043d\u0430\u044c \u0418\u0432\u0430\u043d\u043e\u0432","PHONE":[{"VALUE":"+79891291898","VALUE_TYPE":"WORK"}],"EMAIL":[{"VALUE":null,"VALUE_TYPE":"WORK"}],"TRACE":"{\u0022url\u0022:\u0022https:\/\/tingard.ru\/?roistat=direct14_context_16225516162_%D1%82%D0%B8%D0%BD%D0%B3%D0%B0%D1%80%D0%B4\u0026roistat_referrer=d-interiors.online\u0026roistat_pos=none_0\u0026y_ref=d-interiors.online\u0026utm_source=yandex\u0026utm_medium=cpc\u0026utm_campaign=rsya-click\u0026utm_content=16225516162\u0026utm_term=d-interiors.online\u0026yclid=15797796176236380159\u0022,\u0022ref\u0022:\u0022https:\/\/d-interiors.online\/\u0022,\u0022device\u0022:{\u0022isMobile\u0022:true},\u0022tags\u0022:{\u0022ts\u0022:1724579326,\u0022list\u0022:{\u0022utm_source\u0022:\u0022yandex\u0022,\u0022utm_medium\u0022:\u0022cpc\u0022,\u0022utm_campaign\u0022:\u0022rsya-click\u0022,\u0022utm_content\u0022:\u002216225516162\u0022,\u0022utm_term\u0022:\u0022d-interiors.online\u0022},\u0022gclid\u0022:null},\u0022client\u0022:{\u0022yaId\u0022:\u00221724579327454087348\u0022},\u0022pages\u0022:{\u0022list\u0022:[[\u0022https:\/\/tingard.ru\/?roistat=direct14_context_16225516162_%D1%82%D0%B8%D0%BD%D0%B3%D0%B0%D1%80%D0%B4\u0026roistat_referrer=d-interiors.online\u0026roistat_pos=none_0\u0026y_ref=d-interiors.online\u0026utm_source=yandex\u0026utm_medium=cpc\u0026utm_campaign=rsya-click\u0026utm_content=16225516162\u0026utm_term=d-interiors.online\u0026yclid=15797796176236380159\u0022,1724579327,\u0022TINGARD \u2014 \u0431\u0435\u0441\u0448\u043e\u0432\u043d\u044b\u0439 \u043f\u043b\u0430\u0441\u0442\u0438\u043a\u043e\u0432\u044b\u0439 \u043f\u043e\u0433\u0440\u0435\u0431 \u2116\u0022]]},\u0022gid\u0022:null,\u0022previous\u0022:{\u0022list\u0022:[]}}","UF_CRM_1517561552":"3418412","COMMENTS":"undefined\u003Cb\u003E\u0413\u0434\u0435 \u043f\u043b\u0430\u043d\u0438\u0440\u0443\u0435\u0442\u0435 \u0443\u0441\u0442\u0430\u043d\u0430\u0432\u043b\u0438\u0432\u0430\u0442\u044c \u043f\u043e\u0433\u0440\u0435\u0431?\u003C\/b\u003E \u043f\u043e\u0434 \u0431\u0435\u0441\u0435\u0434\u043a\u0443\/\u0433\u0430\u0440\u0430\u0436\u003Cbr\u003E\u003Cb\u003E\u041a\u0430\u043a\u043e\u0439 \u0443\u0440\u043e\u0432\u0435\u043d\u044c \u0433\u0440\u0443\u043d\u0442\u043e\u0432\u044b\u0445 \u0432\u043e\u0434 \u043d\u0430 \u0432\u0430\u0448\u0435\u043c \u0443\u0447\u0430\u0441\u0442\u043a\u0435?\u003C\/b\u003E \u043d\u0443\u0436\u043d\u0430 \u043a\u043e\u043d\u0441\u0443\u043b\u044c\u0442\u0430\u0446\u0438\u044f\u003Cbr\u003E\u003Cb\u003E\u041f\u043e\u0434\u0431\u0435\u0440\u0438 \u043f\u043e\u0433\u0440\u0435\u0431 \u0437\u0430 30 \u0441\u0435\u043a\u0443\u043d\u0434\u003C\/b\u003E \u0434\u043e 350 \u0431\u0430\u043d\u043e\u043a \u0438 \u0434\u043e 35 \u044f\u0449\u0438\u043a\u043e\u0432\u003Cbr\u003E\u003Cb\u003E\u041a\u0442\u043e \u0431\u0443\u0434\u0435\u0442 \u0437\u0430\u043d\u0438\u043c\u0430\u0442\u044c\u0441\u044f \u0443\u0441\u0442\u0430\u043d\u043e\u0432\u043a\u043e\u0439 \u043f\u043e\u0433\u0440\u0435\u0431\u0430?\u003C\/b\u003E \u0441\u0430\u043c\u043e\u0441\u0442\u043e\u044f\u0442\u0435\u043b\u044c\u043d\u043e\u003Cbr\u003E\u003Cb\u003E\u041a\u043e\u0433\u0434\u0430 \u0432\u044b \u043f\u043b\u0430\u043d\u0438\u0440\u0443\u0435\u0442\u0435 \u043f\u0440\u0438\u043e\u0431\u0440\u0435\u0441\u0442\u0438 \u043f\u043e\u0433\u0440\u0435\u0431?\u003C\/b\u003E \u0432 \u0441\u043b\u0435\u0434\u0443\u044e\u0449\u0435\u043c \u0433\u043e\u0434\u0443\u003Cbr\u003E","TITLE":"\u041f\u043e\u0434\u043e\u0431\u0440\u0430\u0442\u044c \u043f\u043e\u0433\u0440\u0435\u0431 (\u043a\u0432\u0438\u0437)","UF_CRM_1449663065":68,"ASSIGNED_BY_ID":58,"SOURCE_ID":9}}},"result":{"result":541374,"time":{"start":1724579343.472873,"finish":1724579344.3902371,"duration":0.91736412048339844,"processing":0.88571906089782715,"date_start":"2024-08-25T12:49:03+03:00","date_finish":"2024-08-25T12:49:04+03:00","operating_reset_at":1724579943,"operating":0.88569784164428711}}}