{"url":"https:\/\/tinger.bitrix24.ru\/rest\/190\/42tc2gxq8od2858i\/crm.lead.add.json","info":{"url":"https:\/\/tinger.bitrix24.ru\/rest\/190\/42tc2gxq8od2858i\/crm.lead.add.json","content_type":"application\/json; charset=utf-8","http_code":200,"header_size":1028,"request_size":207,"filetime":-1,"ssl_verify_result":0,"redirect_count":0,"total_time":3.7030850000000002,"namelookup_time":0.0016919999999999999,"connect_time":0.0041570000000000001,"pretransfer_time":0.014021,"size_upload":1477,"size_download":288,"speed_download":77,"speed_upload":398,"download_content_length":-1,"upload_content_length":1477,"starttransfer_time":0.014023000000000001,"redirect_time":0,"redirect_url":"","primary_ip":"178.132.201.50","certinfo":[],"primary_port":443,"local_ip":"188.225.57.79","local_port":57168,"http_version":3,"protocol":2,"ssl_verifyresult":0,"scheme":"HTTPS","appconnect_time_us":13919,"connect_time_us":4157,"namelookup_time_us":1692,"pretransfer_time_us":14021,"redirect_time_us":0,"starttransfer_time_us":14023,"total_time_us":3703085},"params":{"method":"crm.lead.add","params":{"fields":{"NAME":"\u041b\u044e\u0434\u043c\u0438\u043b\u0430 \u041d\u0438\u043a\u0438\u0442\u0438\u0447\u043d\u0430 \t","PHONE":[{"VALUE":"+7 (987) 523-98-24","VALUE_TYPE":"WORK"}],"EMAIL":[{"VALUE":null,"VALUE_TYPE":"WORK"}],"COMMENTS":"\u042f\u043c\u0430 \u0435\u0441\u0442\u044c(\u0434\u0435\u0440\u0435\u0432\u044f\u043d\u043d\u044b\u0435 \u0431\u0430\u043b\u043a\u0438), \u0440\u0430\u0437\u043c\u0435\u0440 2,3\/2,3 ,\u0432\u044b\u0441\u043e\u0442\u0430 3 \u043c\r\n\u041f\u0435\u0440\u0435\u0437\u0432\u043e\u043d\u0438\u0442\u044c \u0432 \u0442\u0435\u0447\u0435\u043d\u0438\u0438 \u0447\u0430\u0441\u0430\r\nhttps:\/\/app.uiscom.ru\/system\/media\/talk\/3124583044\/a6e593c2a78ab3f3e56e948adc69e7bb\/","TRACE":"{\u0022url\u0022:\u0022https:\/\/tinger.ru\/form\/\u0022,\u0022device\u0022:{\u0022isMobile\u0022:false},\u0022tags\u0022:{\u0022ts\u0022:1689229916,\u0022list\u0022:{},\u0022gclid\u0022:null},\u0022client\u0022:{\u0022gaId\u0022:\u00221541338507.1689229918\u0022,\u0022yaId\u0022:\u00221689229918358927925\u0022},\u0022pages\u0022:{\u0022list\u0022:[[\u0022https:\/\/tinger.ru\/form\/\u0022,1690870095,\u0022\u0424\u043e\u0440\u043c\u0430\u0022]]},\u0022gid\u0022:null,\u0022previous\u0022:{\u0022list\u0022:[]}}","TITLE":"\u0417\u0430\u044f\u0432\u043a\u0430 \u043e\u0442 \u041a\u0426","UF_CRM_1449663065":68,"ASSIGNED_BY_ID":58,"SOURCE_ID":"102"}}},"result":{"result":461034,"time":{"start":1690870414.866365,"finish":1690870418.4679539,"duration":3.6015889644622803,"processing":3.5490448474884033,"date_start":"2023-08-01T09:13:34+03:00","date_finish":"2023-08-01T09:13:38+03:00","operating_reset_at":1690871014,"operating":3.5490188598632812}}}