{"url":"https:\/\/tinger.bitrix24.ru\/rest\/190\/42tc2gxq8od2858i\/crm.lead.add.json","info":{"url":"https:\/\/tinger.bitrix24.ru\/rest\/190\/42tc2gxq8od2858i\/crm.lead.add.json","content_type":"application\/json; charset=utf-8","http_code":200,"header_size":1033,"request_size":207,"filetime":-1,"ssl_verify_result":0,"redirect_count":0,"total_time":1.119408,"namelookup_time":0.0094179999999999993,"connect_time":0.018711999999999999,"pretransfer_time":0.039473000000000001,"size_upload":2578,"size_download":288,"speed_download":257,"speed_upload":2303,"download_content_length":-1,"upload_content_length":2578,"starttransfer_time":0.039475000000000003,"redirect_time":0,"redirect_url":"","primary_ip":"46.235.53.67","certinfo":[],"primary_port":443,"local_ip":"188.225.57.79","local_port":60714,"http_version":3,"protocol":2,"ssl_verifyresult":0,"scheme":"HTTPS","appconnect_time_us":39362,"connect_time_us":18712,"namelookup_time_us":9418,"pretransfer_time_us":39473,"redirect_time_us":0,"starttransfer_time_us":39475,"total_time_us":1119408},"params":{"method":"crm.lead.add","params":{"fields":{"NAME":"zxczxc","PHONE":[{"VALUE":"+7 (899) 965-65-65","VALUE_TYPE":"WORK"}],"EMAIL":[{"VALUE":null,"VALUE_TYPE":"WORK"}],"COMMENTS":null,"TRACE":"{\u0022url\u0022:\u0022https:\/\/tingard.ru\/\u0022,\u0022ref\u0022:\u0022https:\/\/www.google.com\/\u0022,\u0022device\u0022:{\u0022isMobile\u0022:false},\u0022tags\u0022:{\u0022ts\u0022:1695711178,\u0022list\u0022:{},\u0022gclid\u0022:null},\u0022client\u0022:{\u0022yaId\u0022:\u00221692356956778755089\u0022},\u0022pages\u0022:{\u0022list\u0022:[[\u0022https:\/\/tingard.ru\/\u0022,1695796742,\u0022TINGARD \u2014 \u0431\u0435\u0441\u0448\u043e\u0432\u043d\u044b\u0439 \u043f\u043b\u0430\u0441\u0442\u0438\u043a\u043e\u0432\u044b\u0439 \u043f\u043e\u0433\u0440\u0435\u0431 \u2116\u0022]]},\u0022gid\u0022:null,\u0022previous\u0022:{\u0022list\u0022:[{\u0022url\u0022:\u0022https:\/\/tingard.ru\/\u0022,\u0022device\u0022:{\u0022isMobile\u0022:false},\u0022tags\u0022:{\u0022ts\u0022:1694779192,\u0022list\u0022:{},\u0022gclid\u0022:null},\u0022client\u0022:{\u0022yaId\u0022:\u00221692356956778755089\u0022},\u0022pages\u0022:{\u0022list\u0022:[[\u0022https:\/\/tingard.ru\/cookie-policy\/\u0022,1693811852,\u0022\u0421\u043e\u0433\u043b\u0430\u0441\u0438\u0435 \u043d\u0430 \u0438\u0441\u043f\u043e\u043b\u044c\u0437\u043e\u0432\u0430\u043d\u0438\u0435 \u0444\u0430\u0439\u043b\u043e\u0432 cookie\u0022],[\u0022https:\/\/tingard.ru\/thanks\/\u0022,1693894597,\u0022\u0421\u043f\u0430\u0441\u0438\u0431\u043e \u0437\u0430 \u0437\u0430\u044f\u0432\u043a\u0443\u0022],[\u0022https:\/\/tingard.ru\/?_ym_debug=1\u0022,1693895004,\u0022TINGARD \u2014 \u0431\u0435\u0441\u0448\u043e\u0432\u043d\u044b\u0439 \u043f\u043b\u0430\u0441\u0442\u0438\u043a\u043e\u0432\u044b\u0439 \u043f\u043e\u0433\u0440\u0435\u0431 \u2116\u0022],[\u0022https:\/\/tingard.ru\/privacy-policy\/\u0022,1695157507,\u0022\u041f\u043e\u043b\u0438\u0442\u0438\u043a\u0430 \u043e\u0431\u0440\u0430\u0431\u043e\u0442\u043a\u0438 \u043f\u0435\u0440\u0441\u043e\u043d\u0430\u043b\u044c\u043d\u044b\u0445 \u0434\u0430\u043d\u043d\u044b\u0445\u0022],[\u0022https:\/\/tingard.ru\/\u0022,1695710879,\u0022TINGARD \u2014 \u0431\u0435\u0441\u0448\u043e\u0432\u043d\u044b\u0439 \u043f\u043b\u0430\u0441\u0442\u0438\u043a\u043e\u0432\u044b\u0439 \u043f\u043e\u0433\u0440\u0435\u0431 \u2116\u0022]]},\u0022gid\u0022:null}]}}","TITLE":"\u0417\u0430\u043a\u0430\u0437\u0430\u0442\u044c \u043f\u043e\u0433\u0440\u0435\u0431","UF_CRM_1449663065":68,"ASSIGNED_BY_ID":58,"SOURCE_ID":9}}},"result":{"result":472892,"time":{"start":1695796750.243089,"finish":1695796751.255317,"duration":1.0122280120849609,"processing":0.9636538028717041,"date_start":"2023-09-27T09:39:10+03:00","date_finish":"2023-09-27T09:39:11+03:00","operating_reset_at":1695797350,"operating":0.96362996101379395}}}