{"url":"https:\/\/tinger.bitrix24.ru\/rest\/190\/42tc2gxq8od2858i\/crm.lead.add.json","info":{"url":"https:\/\/tinger.bitrix24.ru\/rest\/190\/42tc2gxq8od2858i\/crm.lead.add.json","content_type":"application\/json; charset=utf-8","http_code":200,"header_size":1027,"request_size":207,"filetime":-1,"ssl_verify_result":0,"redirect_count":0,"total_time":4.2494759999999996,"namelookup_time":0.0035739999999999999,"connect_time":0.0052290000000000001,"pretransfer_time":0.021212000000000002,"size_upload":2203,"size_download":285,"speed_download":67,"speed_upload":518,"download_content_length":-1,"upload_content_length":2203,"starttransfer_time":0.021215000000000001,"redirect_time":0,"redirect_url":"","primary_ip":"178.132.201.52","certinfo":[],"primary_port":443,"local_ip":"188.225.57.79","local_port":45136,"http_version":3,"protocol":2,"ssl_verifyresult":0,"scheme":"HTTPS","appconnect_time_us":21040,"connect_time_us":5229,"namelookup_time_us":3574,"pretransfer_time_us":21212,"redirect_time_us":0,"starttransfer_time_us":21215,"total_time_us":4249476},"params":{"method":"crm.lead.add","params":{"fields":{"NAME":"\u0421\u0435\u0440\u0433\u0435\u0439","PHONE":[{"VALUE":"+7 (921) 840-13-97","VALUE_TYPE":"WORK"}],"EMAIL":[{"VALUE":null,"VALUE_TYPE":"WORK"}],"COMMENTS":null,"TRACE":"{\u0022url\u0022:\u0022https:\/\/tinger.ru\/catalog\/perelomka\/?utm_source=yandex\u0026utm_medium=cpc\u0026utm_campaign=mk_auto_tf4\u0026utm_content=14985045759\u0026utm_term=---autotargeting\u0026yclid=6033795613525860268\u0022,\u0022ref\u0022:\u0022https:\/\/yandex.ru\/games\/app\/96300?utm_campaign=rus_games_general-igra-bezkav_yandex_search_460.new%7C59207487\u0026utm_medium=search\u0026utm_source=yandex\u0026utm_term=%D0%B8%D0%B3%D1%80%D0%B0%20%D0%BF%D0%BE%D0%B8%D0%B3%D1%80%D0%B0%D1%82%D1%8C%20%D0%BE%D0%BD%D0%BB%D0%B0%D0%B9%D0%BD\u0026utm_content=k50id%7C0100000026526833772_26526833772%7Ccid%7C59207487%7Cgid%7C4460504578%7Caid%7C10267104166%7Cadp%7Cno%7Cpos%7Cpremium1%7Csrc%7Csearch_none%7Cdvc%7Cdesktop%7Cmain\u0022,\u0022device\u0022:{\u0022isMobile\u0022:false},\u0022tags\u0022:{\u0022ts\u0022:1697189911,\u0022list\u0022:{\u0022utm_source\u0022:\u0022yandex\u0022,\u0022utm_medium\u0022:\u0022cpc\u0022,\u0022utm_campaign\u0022:\u0022mk_auto_tf4\u0022,\u0022utm_content\u0022:\u002214985045759\u0022,\u0022utm_term\u0022:\u0022---autotargeting\u0022},\u0022gclid\u0022:null},\u0022client\u0022:{\u0022gaId\u0022:\u00221357649600.1697189911\u0022,\u0022yaId\u0022:\u00221697189912996904005\u0022},\u0022pages\u0022:{\u0022list\u0022:[[\u0022https:\/\/tinger.ru\/catalog\/perelomka\/?utm_source=yandex\u0026utm_medium=cpc\u0026utm_campaign=mk_auto_tf4\u0026utm_content=14985045759\u0026utm_term=---autotargeting\u0026yclid=6033795613525860268\u0022,1697189912,\u0022\u041a\u0443\u043f\u0438\u0442\u044c \u0432\u0435\u0437\u0434\u0435\u0445\u043e\u0434 \u043f\u0435\u0440\u0435\u043b\u043e\u043c\u043a\u0443 TINGER TF4 \u0432 \u0420\u0022]]},\u0022gid\u0022:null,\u0022previous\u0022:{\u0022list\u0022:[]}}","TITLE":"\u041a\u0443\u043f\u0438\u0442\u044c \u0432\u0435\u0437\u0434\u0435\u0445\u043e\u0434 TINGER TF4","UF_CRM_1449663065":64,"ASSIGNED_BY_ID":58,"SOURCE_ID":"WEB"}}},"result":{"result":478150,"time":{"start":1697190149.88872,"finish":1697190153.999418,"duration":4.1106979846954346,"processing":4.061521053314209,"date_start":"2023-10-13T12:42:29+03:00","date_finish":"2023-10-13T12:42:33+03:00","operating_reset_at":1697190749,"operating":4.0614910125732422}}}