{"url":"https:\/\/tinger.bitrix24.ru\/rest\/190\/42tc2gxq8od2858i\/crm.lead.add.json","info":{"url":"https:\/\/tinger.bitrix24.ru\/rest\/190\/42tc2gxq8od2858i\/crm.lead.add.json","content_type":"application\/json; charset=utf-8","http_code":200,"header_size":1028,"request_size":207,"filetime":-1,"ssl_verify_result":0,"redirect_count":0,"total_time":1.7647930000000001,"namelookup_time":0.014961,"connect_time":0.016990000000000002,"pretransfer_time":0.026616999999999998,"size_upload":2449,"size_download":280,"speed_download":158,"speed_upload":1388,"download_content_length":-1,"upload_content_length":2449,"starttransfer_time":0.026619,"redirect_time":0,"redirect_url":"","primary_ip":"178.132.201.52","certinfo":[],"primary_port":443,"local_ip":"188.225.57.79","local_port":60474,"http_version":3,"protocol":2,"ssl_verifyresult":0,"scheme":"HTTPS","appconnect_time_us":26525,"connect_time_us":16990,"namelookup_time_us":14961,"pretransfer_time_us":26617,"redirect_time_us":0,"starttransfer_time_us":26619,"total_time_us":1764793},"params":{"method":"crm.lead.add","params":{"fields":{"NAME":"\u0410\u043d\u0434\u0440\u0435\u0439 ","PHONE":[{"VALUE":"+7 (960) 574-49-83","VALUE_TYPE":"WORK"}],"EMAIL":[{"VALUE":"","VALUE_TYPE":"WORK"}],"TRACE":"{\u0022url\u0022:\u0022https:\/\/tingard.ru\/?utm_source=yandex\u0026utm_medium=cpc\u0026utm_campaign=mk_rf_kval\u0026utm_content=17189060407\u0026utm_term=---autotargeting\u0026roistat=direct14_search_702036728_rsMasterGroup_rsMasterBanner_---autotargeting\u0026etext=2202.rRIiXWx3fhRWz4D5d1F7yjLupRh0aoxSjMCOXmbzuwu8mRLLs8Ph152Mco1QV6z2MBWMNtO-smgqiQZvr7XlsaQo8S4ppoB-J6gMx5Th6K-4BVoZpuzawpFRBP1Bd-NSYXBvZ2Z3Y3hpZHJnem5ubQ.1761de360d996395ea0cede2c4b704d6273068aa\u0026yclid=7099068207108194303\u0022,\u0022ref\u0022:\u0022https:\/\/yandex.ru\/\u0022,\u0022device\u0022:{\u0022isMobile\u0022:true},\u0022tags\u0022:{\u0022ts\u0022:1755969936,\u0022list\u0022:{\u0022utm_source\u0022:\u0022yandex\u0022,\u0022utm_medium\u0022:\u0022cpc\u0022,\u0022utm_campaign\u0022:\u0022mk_rf_kval\u0022,\u0022utm_content\u0022:\u002217189060407\u0022,\u0022utm_term\u0022:\u0022---autotargeting\u0022},\u0022gclid\u0022:null},\u0022client\u0022:{\u0022yaId\u0022:\u00221755969935473464544\u0022},\u0022pages\u0022:{\u0022list\u0022:[[\u0022https:\/\/tingard.ru\/?utm_source=yandex\u0026utm_medium=cpc\u0026utm_campaign=mk_rf_kval\u0026utm_content=17189060407\u0026utm_term=---autotargeting\u0026roistat=direct14_search_702036728_rsMasterGroup_rsMasterBanner_---autotargeting\u0026etext=2202.rRIiXWx3fhRWz4D5d1F7yjLupRh0aoxSjMCOXmbzuwu8mRLLs8Ph152Mco1QV6z2MBWMNtO-smgqiQZvr7XlsaQo8S4ppoB-J6gMx5Th6K-4BVoZpuzawpFRBP1Bd-NSYXBvZ2Z3Y3hpZHJnem5ubQ.1761de360d996395ea0cede2c4b704d6273068aa\u0026yclid=7099068207108194303\u0022,1755969937,\u0022TINGARD \u2014 \u0431\u0435\u0441\u0448\u043e\u0432\u043d\u044b\u0439 \u043f\u043b\u0430\u0441\u0442\u0438\u043a\u043e\u0432\u044b\u0439 \u043f\u043e\u0433\u0440\u0435\u0431 \u0441\u0022]]},\u0022gid\u0022:null,\u0022previous\u0022:{\u0022list\u0022:[]}}","UF_CRM_1736853511":"1755969935473464544","UF_CRM_1736853555":"1755969935473464544","UF_CRM_1736853537":"1755969935473464544","UF_CRM_1517561552":"3736382","COMMENTS":null,"TITLE":"\u0423\u0437\u043d\u0430\u0442\u044c \u0442\u043e\u0447\u043d\u0443\u044e \u0441\u0442\u043e\u0438\u043c\u043e\u0441\u0442\u044c \u043c\u043e\u043d\u0442\u0430\u0436\u0430","UF_CRM_1449663065":68,"ASSIGNED_BY_ID":58,"SOURCE_ID":9}}},"result":{"result":618232,"time":{"start":1755970117.0167799,"finish":1755970118.692683,"duration":1.6759030818939209,"processing":1.64404296875,"date_start":"2025-08-23T20:28:37+03:00","date_finish":"2025-08-23T20:28:38+03:00","operating_reset_at":1755970717,"operating":1.6440191268920898}}}