{"url":"https:\/\/tinger.bitrix24.ru\/rest\/190\/42tc2gxq8od2858i\/crm.lead.add.json","info":{"url":"https:\/\/tinger.bitrix24.ru\/rest\/190\/42tc2gxq8od2858i\/crm.lead.add.json","content_type":"application\/json; charset=utf-8","http_code":200,"header_size":1034,"request_size":207,"filetime":-1,"ssl_verify_result":0,"redirect_count":0,"total_time":2.418399,"namelookup_time":0.017641,"connect_time":0.028743999999999999,"pretransfer_time":0.053206000000000003,"size_upload":1903,"size_download":287,"speed_download":118,"speed_upload":787,"download_content_length":-1,"upload_content_length":1903,"starttransfer_time":0.053207999999999998,"redirect_time":0,"redirect_url":"","primary_ip":"46.235.53.69","certinfo":[],"primary_port":443,"local_ip":"188.225.57.79","local_port":43018,"http_version":3,"protocol":2,"ssl_verifyresult":0,"scheme":"HTTPS","appconnect_time_us":53078,"connect_time_us":28744,"namelookup_time_us":17641,"pretransfer_time_us":53206,"redirect_time_us":0,"starttransfer_time_us":53208,"total_time_us":2418399},"params":{"method":"crm.lead.add","params":{"fields":{"NAME":"\u0410\u043b\u0435\u0441\u044c","PHONE":[{"VALUE":"+7 (912) 560-83-59","VALUE_TYPE":"WORK"}],"EMAIL":[{"VALUE":null,"VALUE_TYPE":"WORK"}],"COMMENTS":null,"TRACE":"{\u0022url\u0022:\u0022https:\/\/tingard.ru\/?utm_source=yandex_kirill\u0026utm_medium=cpc\u0026utm_campaign=pogreba_rozn_umnaya_copy_11_04\u0026utm_content=13300555439\u0026utm_term=---autotargeting\u0026roistat=direct14_context_13300555439_---autotargeting\u0026roistat_referrer=yandex.ru\u0026roistat_pos=none_0\u0026yclid=14793783127802118143\u0022,\u0022ref\u0022:\u0022https:\/\/yandex.ru\/games\/app\/210231\u0022,\u0022device\u0022:{\u0022isMobile\u0022:true},\u0022tags\u0022:{\u0022ts\u0022:1704961460,\u0022list\u0022:{\u0022utm_source\u0022:\u0022yandex_kirill\u0022,\u0022utm_medium\u0022:\u0022cpc\u0022,\u0022utm_campaign\u0022:\u0022pogreba_rozn_umnaya_copy_11_04\u0022,\u0022utm_content\u0022:\u002213300555439\u0022,\u0022utm_term\u0022:\u0022---autotargeting\u0022},\u0022gclid\u0022:null},\u0022client\u0022:{\u0022yaId\u0022:\u00221704961457339955850\u0022},\u0022pages\u0022:{\u0022list\u0022:[[\u0022https:\/\/tingard.ru\/?utm_source=yandex_kirill\u0026utm_medium=cpc\u0026utm_campaign=pogreba_rozn_umnaya_copy_11_04\u0026utm_content=13300555439\u0026utm_term=---autotargeting\u0026roistat=direct14_context_13300555439_---autotargeting\u0026roistat_referrer=yandex.ru\u0026roistat_pos=none_0\u0026yclid=14793783127802118143\u0022,1704961461,\u0022TINGARD \u2014 \u0431\u0435\u0441\u0448\u043e\u0432\u043d\u044b\u0439 \u043f\u043b\u0430\u0441\u0442\u0438\u043a\u043e\u0432\u044b\u0439 \u043f\u043e\u0433\u0440\u0435\u0431 \u2116\u0022]]},\u0022gid\u0022:null,\u0022previous\u0022:{\u0022list\u0022:[]}}","TITLE":"\u0420\u0430\u0441\u0441\u0447\u0438\u0442\u0430\u0442\u044c \u0434\u043e\u0441\u0442\u0430\u0432\u043a\u0443","UF_CRM_1449663065":68,"ASSIGNED_BY_ID":58,"SOURCE_ID":9}}},"result":{"result":490998,"time":{"start":1704961480.770679,"finish":1704961483.0625689,"duration":2.2918899059295654,"processing":2.2476820945739746,"date_start":"2024-01-11T11:24:40+03:00","date_finish":"2024-01-11T11:24:43+03:00","operating_reset_at":1704962080,"operating":4.716489315032959}}}