{"url":"https:\/\/tinger.bitrix24.ru\/rest\/190\/42tc2gxq8od2858i\/crm.lead.add.json","info":{"url":"https:\/\/tinger.bitrix24.ru\/rest\/190\/42tc2gxq8od2858i\/crm.lead.add.json","content_type":"application\/json; charset=utf-8","http_code":200,"header_size":1030,"request_size":207,"filetime":-1,"ssl_verify_result":0,"redirect_count":0,"total_time":2.9213170000000002,"namelookup_time":0.001954,"connect_time":0.003908,"pretransfer_time":0.012836,"size_upload":1343,"size_download":288,"speed_download":98,"speed_upload":459,"download_content_length":-1,"upload_content_length":1343,"starttransfer_time":0.012838,"redirect_time":0,"redirect_url":"","primary_ip":"178.132.201.50","certinfo":[],"primary_port":443,"local_ip":"188.225.57.79","local_port":44508,"http_version":3,"protocol":2,"ssl_verifyresult":0,"scheme":"HTTPS","appconnect_time_us":12726,"connect_time_us":3908,"namelookup_time_us":1954,"pretransfer_time_us":12836,"redirect_time_us":0,"starttransfer_time_us":12838,"total_time_us":2921317},"params":{"method":"crm.lead.add","params":{"fields":{"NAME":"\u041d\u0435\u043b\u043b\u0438","PHONE":[{"VALUE":"+7 (917) 724-40-94","VALUE_TYPE":"WORK"}],"EMAIL":[{"VALUE":null,"VALUE_TYPE":"WORK"}],"TRACE":"{\u0022url\u0022:\u0022https:\/\/tingard.ru\/?roistat=direct14_context_16225570742_\u0026roistat_referrer=ru.ok.android\u0026roistat_pos=none_0\u0026yclid=603490124448923647\u0022,\u0022device\u0022:{\u0022isMobile\u0022:true},\u0022tags\u0022:{\u0022ts\u0022:1718608839,\u0022list\u0022:{},\u0022gclid\u0022:null},\u0022client\u0022:{\u0022yaId\u0022:\u0022171860883496041514\u0022},\u0022pages\u0022:{\u0022list\u0022:[[\u0022https:\/\/tingard.ru\/?roistat=direct14_context_16225570742_\u0026roistat_referrer=ru.ok.android\u0026roistat_pos=none_0\u0026yclid=603490124448923647\u0022,1718608839,\u0022TINGARD \u2014 \u0431\u0435\u0441\u0448\u043e\u0432\u043d\u044b\u0439 \u043f\u043b\u0430\u0441\u0442\u0438\u043a\u043e\u0432\u044b\u0439 \u043f\u043e\u0433\u0440\u0435\u0431 \u2116\u0022]]},\u0022gid\u0022:null,\u0022previous\u0022:{\u0022list\u0022:[]}}","COMMENTS":null,"TITLE":"\u0420\u0430\u0441\u0441\u0440\u043e\u0447\u043a\u0430 (\u0443\u0437\u043d\u0430\u0442\u044c \u043f\u043e\u0434\u0440\u043e\u0431\u043d\u043e\u0441\u0442\u0438)","UF_CRM_1449663065":68,"ASSIGNED_BY_ID":58,"SOURCE_ID":9}}},"result":{"result":521110,"time":{"start":1718608940.581511,"finish":1718608943.4072881,"duration":2.8257770538330078,"processing":2.7910170555114746,"date_start":"2024-06-17T10:22:20+03:00","date_finish":"2024-06-17T10:22:23+03:00","operating_reset_at":1718609540,"operating":10.219802856445312}}}