{"url":"https:\/\/tinger.bitrix24.ru\/rest\/190\/42tc2gxq8od2858i\/crm.lead.add.json","info":{"url":"https:\/\/tinger.bitrix24.ru\/rest\/190\/42tc2gxq8od2858i\/crm.lead.add.json","content_type":"application\/json; charset=utf-8","http_code":200,"header_size":1034,"request_size":207,"filetime":-1,"ssl_verify_result":0,"redirect_count":0,"total_time":2.6503730000000001,"namelookup_time":0.016507000000000001,"connect_time":0.024628000000000001,"pretransfer_time":0.041417000000000002,"size_upload":1992,"size_download":289,"speed_download":109,"speed_upload":751,"download_content_length":-1,"upload_content_length":1992,"starttransfer_time":0.041418999999999997,"redirect_time":0,"redirect_url":"","primary_ip":"178.248.236.39","certinfo":[],"primary_port":443,"local_ip":"188.225.57.79","local_port":58542,"http_version":3,"protocol":2,"ssl_verifyresult":0,"scheme":"HTTPS","appconnect_time_us":41303,"connect_time_us":24628,"namelookup_time_us":16507,"pretransfer_time_us":41417,"redirect_time_us":0,"starttransfer_time_us":41419,"total_time_us":2650373},"params":{"method":"crm.lead.add","params":{"fields":{"NAME":"\u0410\u043b\u044c\u0431\u0435\u0440\u0442","PHONE":[{"VALUE":"8 (987) 291-91-78","VALUE_TYPE":"WORK"}],"EMAIL":[{"VALUE":null,"VALUE_TYPE":"WORK"}],"TRACE":"{\u0022url\u0022:\u0022https:\/\/tingard.ru\/\u0022,\u0022device\u0022:{\u0022isMobile\u0022:true},\u0022tags\u0022:{\u0022ts\u0022:1714927661,\u0022list\u0022:{\u0022utm_source\u0022:\u0022yandex\u0022,\u0022utm_medium\u0022:\u0022cpc\u0022,\u0022utm_campaign\u0022:\u0022pogreba_rozn_umnaya_click_perezapusk_29_03\u0022,\u0022utm_content\u0022:\u002216002504726\u0022,\u0022utm_term\u0022:\u0022---autotargeting\u0022},\u0022gclid\u0022:null},\u0022client\u0022:{\u0022yaId\u0022:\u00221714803160101947201\u0022},\u0022pages\u0022:{\u0022list\u0022:[[\u0022https:\/\/tingard.ru\/?utm_source=yandex\u0026utm_medium=cpc\u0026utm_campaign=pogreba_rozn_umnaya_click_perezapusk_29_03\u0026utm_content=16002504726\u0026utm_term=---autotargeting\u0026roistat=direct14_context_16002504726_---autotargeting\u0026roistat_referrer=com.vkontakte.android\u0026roistat_pos=none_0\u0026yclid=9721215604953710591\u0022,1714927662,\u0022TINGARD \u2014 \u0431\u0435\u0441\u0448\u043e\u0432\u043d\u044b\u0439 \u043f\u043b\u0430\u0441\u0442\u0438\u043a\u043e\u0432\u044b\u0439 \u043f\u043e\u0433\u0440\u0435\u0431 \u2116\u0022],[\u0022https:\/\/tingard.ru\/thanks\/\u0022,1714927761,\u0022\u0421\u043f\u0430\u0441\u0438\u0431\u043e \u0437\u0430 \u0437\u0430\u044f\u0432\u043a\u0443\u0022],[\u0022https:\/\/tingard.ru\/\u0022,1714927766,\u0022TINGARD \u2014 \u0431\u0435\u0441\u0448\u043e\u0432\u043d\u044b\u0439 \u043f\u043b\u0430\u0441\u0442\u0438\u043a\u043e\u0432\u044b\u0439 \u043f\u043e\u0433\u0440\u0435\u0431 \u2116\u0022]]},\u0022gid\u0022:null,\u0022previous\u0022:{\u0022list\u0022:[]}}","COMMENTS":null,"TITLE":"\u0420\u0430\u0441\u0441\u0440\u043e\u0447\u043a\u0430 \u043d\u0430 \u043f\u043e\u0433\u0440\u0435\u0431 TINGARD 2500","UF_CRM_1449663065":68,"ASSIGNED_BY_ID":58,"SOURCE_ID":9}}},"result":{"result":510782,"time":{"start":1714928385.1162009,"finish":1714928387.6300459,"duration":2.5138449668884277,"processing":2.4633781909942627,"date_start":"2024-05-05T19:59:45+03:00","date_finish":"2024-05-05T19:59:47+03:00","operating_reset_at":1714928985,"operating":2.4633479118347168}}}