{"url":"https:\/\/tinger.bitrix24.ru\/rest\/190\/42tc2gxq8od2858i\/crm.lead.add.json","info":{"url":"https:\/\/tinger.bitrix24.ru\/rest\/190\/42tc2gxq8od2858i\/crm.lead.add.json","content_type":"application\/json; charset=utf-8","http_code":200,"header_size":1028,"request_size":207,"filetime":-1,"ssl_verify_result":0,"redirect_count":0,"total_time":2.1250399999999998,"namelookup_time":0.019613999999999999,"connect_time":0.024823000000000001,"pretransfer_time":0.041540000000000001,"size_upload":3273,"size_download":286,"speed_download":134,"speed_upload":1540,"download_content_length":-1,"upload_content_length":3273,"starttransfer_time":0.041543999999999998,"redirect_time":0,"redirect_url":"","primary_ip":"178.132.201.52","certinfo":[],"primary_port":443,"local_ip":"188.225.57.79","local_port":56866,"http_version":3,"protocol":2,"ssl_verifyresult":0,"scheme":"HTTPS","appconnect_time_us":41426,"connect_time_us":24823,"namelookup_time_us":19614,"pretransfer_time_us":41540,"redirect_time_us":0,"starttransfer_time_us":41544,"total_time_us":2125040},"params":{"method":"crm.lead.add","params":{"fields":{"NAME":"\u0438\u0433\u043e\u0440\u044c","PHONE":[{"VALUE":"8 (911) 534-47-80","VALUE_TYPE":"WORK"}],"EMAIL":[{"VALUE":null,"VALUE_TYPE":"WORK"}],"TRACE":"{\u0022url\u0022:\u0022https:\/\/tinger.ru\/catalog\/perelomka\/?utm_source=yandex\u0026utm_medium=cpc\u0026utm_campaign=mk_click_ru4ka_tf4\u0026utm_content=16623889961\u0026utm_term=---autotargeting\u0026roistat=direct20_context_114766688_rsMasterGroup_rsMasterBanner_---autotargeting\u0026yclid=14850511115429609471\u0022,\u0022device\u0022:{\u0022isMobile\u0022:true},\u0022tags\u0022:{\u0022ts\u0022:1740571898,\u0022list\u0022:{\u0022utm_source\u0022:\u0022yandex\u0022,\u0022utm_medium\u0022:\u0022cpc\u0022,\u0022utm_campaign\u0022:\u0022mk_click_ru4ka_tf4\u0022,\u0022utm_content\u0022:\u002216623889961\u0022,\u0022utm_term\u0022:\u0022---autotargeting\u0022},\u0022gclid\u0022:null},\u0022client\u0022:{\u0022gaId\u0022:\u00221913266610.1739788812\u0022,\u0022yaId\u0022:\u00221739788815697404895\u0022},\u0022pages\u0022:{\u0022list\u0022:[[\u0022https:\/\/tinger.ru\/catalog\/perelomka\/?utm_source=yandex\u0026utm_medium=cpc\u0026utm_campaign=mk_click_ru4ka_tf4\u0026utm_content=16623889961\u0026utm_term=---autotargeting\u0026roistat=direct20_context_114766688_rsMasterGroup_rsMasterBanner_---autotargeting\u0026yclid=14850511115429609471\u0022,1740571899,\u0022\u041a\u0443\u043f\u0438\u0442\u044c \u0432\u0435\u0437\u0434\u0435\u0445\u043e\u0434 \u043f\u0435\u0440\u0435\u043b\u043e\u043c\u043a\u0443 TINGER TF4 \u0432 \u0420\u0022]]},\u0022gid\u0022:null,\u0022previous\u0022:{\u0022list\u0022:[{\u0022url\u0022:\u0022https:\/\/tinger.ru\/catalog\/perelomka\/?utm_source=yandex\u0026utm_medium=cpc\u0026utm_campaign=mk_click_ru4ka_tf4\u0026utm_content=16623889961\u0026utm_term=---autotargeting\u0026roistat=direct20_context_114766688_rsMasterGroup_rsMasterBanner_---autotargeting\u0026yclid=14850511115429609471\u0022,\u0022device\u0022:{\u0022isMobile\u0022:true},\u0022tags\u0022:{\u0022ts\u0022:1739788811,\u0022list\u0022:{\u0022utm_source\u0022:\u0022yandex\u0022,\u0022utm_medium\u0022:\u0022cpc\u0022,\u0022utm_campaign\u0022:\u0022mk_click_ru4ka_tf4\u0022,\u0022utm_content\u0022:\u002216623890020\u0022,\u0022utm_term\u0022:\u0022---autotargeting\u0022},\u0022gclid\u0022:null},\u0022client\u0022:{\u0022gaId\u0022:\u00221913266610.1739788812\u0022,\u0022yaId\u0022:\u00221739788815697404895\u0022},\u0022pages\u0022:{\u0022list\u0022:[[\u0022https:\/\/tinger.ru\/catalog\/perelomka\/?utm_source=yandex\u0026utm_medium=cpc\u0026utm_campaign=mk_click_ru4ka_tf4\u0026utm_content=16623890020\u0026utm_term=---autotargeting\u0026roistat=direct20_context_114766688_rsMasterGroup_rsMasterBanner_---autotargeting\u0026yclid=994455332662280191\u0022,1739788811,\u0022\u041a\u0443\u043f\u0438\u0442\u044c \u0432\u0435\u0437\u0434\u0435\u0445\u043e\u0434 \u043f\u0435\u0440\u0435\u043b\u043e\u043c\u043a\u0443 TINGER TF4 \u0432 \u0420\u0022]]},\u0022gid\u0022:null}]}}","UF_CRM_1736853511":"1739788815697404895","UF_CRM_1736853555":"1739788815697404895","UF_CRM_1736853537":"1739788815697404895","UF_CRM_1517561552":"3819849","COMMENTS":null,"TITLE":"\u041a\u0443\u043f\u0438\u0442\u044c \u043f\u0435\u0440\u0435\u043b\u043e\u043c\u043a\u0443 TINGER","UF_CRM_1449663065":64,"ASSIGNED_BY_ID":58,"SOURCE_ID":"WEB"}}},"result":{"result":580768,"time":{"start":1740571966.9504459,"finish":1740571968.909421,"duration":1.958975076675415,"processing":1.9262330532073975,"date_start":"2025-02-26T15:12:46+03:00","date_finish":"2025-02-26T15:12:48+03:00","operating_reset_at":1740572566,"operating":1.926177978515625}}}