{"url":"https:\/\/tinger.bitrix24.ru\/rest\/190\/42tc2gxq8od2858i\/crm.lead.add.json","info":{"url":"https:\/\/tinger.bitrix24.ru\/rest\/190\/42tc2gxq8od2858i\/crm.lead.add.json","content_type":"application\/json; charset=utf-8","http_code":200,"header_size":923,"request_size":207,"filetime":-1,"ssl_verify_result":0,"redirect_count":0,"total_time":1.88279,"namelookup_time":0.017801000000000001,"connect_time":0.028507000000000001,"pretransfer_time":0.049535000000000003,"size_upload":3472,"size_download":263,"speed_download":139,"speed_upload":1844,"download_content_length":-1,"upload_content_length":3472,"starttransfer_time":0.049537999999999999,"redirect_time":0,"redirect_url":"","primary_ip":"95.163.249.170","certinfo":[],"primary_port":443,"local_ip":"188.225.57.79","local_port":45004,"http_version":3,"protocol":2,"ssl_verifyresult":0,"scheme":"HTTPS","appconnect_time_us":49439,"connect_time_us":28507,"namelookup_time_us":17801,"pretransfer_time_us":49535,"redirect_time_us":0,"starttransfer_time_us":49538,"total_time_us":1882790},"params":{"method":"crm.lead.add","params":{"fields":{"NAME":"\u0410\u043d\u043d\u0430","PHONE":[{"VALUE":"+7 (920) 665-64-05","VALUE_TYPE":"WORK"}],"EMAIL":[{"VALUE":"k6656405@gmail.com","VALUE_TYPE":"WORK"}],"TRACE":"{\u0022url\u0022:\u0022https:\/\/tingard.ru\/?utm_content=gift\u0026yclid=16733389596002877439\u0026ybaip=1\u0022,\u0022ref\u0022:\u0022https:\/\/www.sunhome.ru\/\u0022,\u0022device\u0022:{\u0022isMobile\u0022:true},\u0022tags\u0022:{\u0022ts\u0022:1772685918,\u0022list\u0022:{\u0022utm_content\u0022:\u0022gift\u0022},\u0022gclid\u0022:null},\u0022client\u0022:{\u0022yaId\u0022:\u0022177113812081833803\u0022},\u0022pages\u0022:{\u0022list\u0022:[[\u0022https:\/\/tingard.ru\/?utm_content=gift\u0026utm_source=yandex\u0026utm_medium=cpc\u0026utm_campaign=mk_rf_kval_test\u0026utm_term=---autotargeting\u0026roistat=direct14_context_704697320_rsMasterGroup_rsMasterBanner_---autotargeting\u0026yclid=4073463537368039423\u0026ybaip=1\u0022,1771183064,\u0022TINGARD \u2014 \u0431\u0435\u0441\u0448\u043e\u0432\u043d\u044b\u0439 \u043f\u043b\u0430\u0441\u0442\u0438\u043a\u043e\u0432\u044b\u0439 \u043f\u043e\u0433\u0440\u0435\u0431 \u0441\u0022],[\u0022https:\/\/tingard.ru\/?utm_content=gift\u0026yclid=16733389596002877439\u0026ybaip=1\u0022,1772685919,\u0022TINGARD \u2014 \u0431\u0435\u0441\u0448\u043e\u0432\u043d\u044b\u0439 \u043f\u043b\u0430\u0441\u0442\u0438\u043a\u043e\u0432\u044b\u0439 \u043f\u043e\u0433\u0440\u0435\u0431 \u0441\u0022]]},\u0022gid\u0022:null,\u0022previous\u0022:{\u0022list\u0022:[{\u0022url\u0022:\u0022https:\/\/tingard.ru\/?utm_content=gift\u0026utm_source=yandex\u0026utm_medium=cpc\u0026utm_campaign=mk_rf_kval_test\u0026utm_term=---autotargeting\u0026roistat=direct14_context_704697320_rsMasterGroup_rsMasterBanner_---autotargeting\u0026yclid=4073463537368039423\u0026ybaip=1\u0022,\u0022ref\u0022:\u0022https:\/\/www.sunhome.ru\/\u0022,\u0022device\u0022:{\u0022isMobile\u0022:true},\u0022tags\u0022:{\u0022ts\u0022:1771138622,\u0022list\u0022:{\u0022utm_content\u0022:\u0022gift\u0022,\u0022utm_source\u0022:\u0022yandex\u0022,\u0022utm_medium\u0022:\u0022cpc\u0022,\u0022utm_campaign\u0022:\u0022mk_rf_kval_test\u0022,\u0022utm_term\u0022:\u0022---autotargeting\u0022},\u0022gclid\u0022:null},\u0022client\u0022:{\u0022yaId\u0022:\u0022177113812081833803\u0022},\u0022pages\u0022:{\u0022list\u0022:[[\u0022https:\/\/tingard.ru\/catalog\/\u0022,1771138504,\u0022\u041a\u0430\u0442\u0430\u043b\u043e\u0433 \u043f\u043e\u0433\u0440\u0435\u0431\u043e\u0432\u0022],[\u0022https:\/\/tingard.ru\/?utm_content=gift\u0026utm_source=yandex\u0026utm_medium=cpc\u0026utm_campaign=mk_rf_kval_test\u0026utm_term=---autotargeting\u0026roistat=direct14_context_704697320_rsMasterGroup_rsMasterBanner_---autotargeting\u0026yclid=6833918190106181631\u0026ybaip=1\u0022,1771138622,\u0022TINGARD \u2014 \u0431\u0435\u0441\u0448\u043e\u0432\u043d\u044b\u0439 \u043f\u043b\u0430\u0441\u0442\u0438\u043a\u043e\u0432\u044b\u0439 \u043f\u043e\u0433\u0440\u0435\u0431 \u0441\u0022]]},\u0022gid\u0022:null}]}}","UF_CRM_1736853511":"177113812081833803","UF_CRM_1736853555":"177113812081833803","UF_CRM_1736853537":"177113812081833803","UF_CRM_1517561552":"3877481","COMMENTS":null,"TITLE":"\u0420\u0430\u0441\u0441\u0447\u0438\u0442\u0430\u0442\u044c \u0441\u0442\u043e\u0438\u043c\u043e\u0441\u0442\u044c \u043f\u043e\u0433\u0440\u0435\u0431\u0430","UF_CRM_1449663065":68,"ASSIGNED_BY_ID":58,"SOURCE_ID":9}}},"result":{"result":646696,"time":{"start":1772686109,"finish":1772686110.9544411,"duration":1.9544410705566406,"processing":1,"date_start":"2026-03-05T07:48:29+03:00","date_finish":"2026-03-05T07:48:30+03:00","operating_reset_at":1772686709,"operating":1.7561049461364746}}}