{"url":"https:\/\/tinger.bitrix24.ru\/rest\/190\/42tc2gxq8od2858i\/crm.lead.add.json","info":{"url":"https:\/\/tinger.bitrix24.ru\/rest\/190\/42tc2gxq8od2858i\/crm.lead.add.json","content_type":"application\/json; charset=utf-8","http_code":200,"header_size":1030,"request_size":207,"filetime":-1,"ssl_verify_result":0,"redirect_count":0,"total_time":1.102104,"namelookup_time":0.019868,"connect_time":0.028316999999999998,"pretransfer_time":0.17214299999999999,"size_upload":1441,"size_download":291,"speed_download":264,"speed_upload":1307,"download_content_length":-1,"upload_content_length":1441,"starttransfer_time":0.17214599999999999,"redirect_time":0,"redirect_url":"","primary_ip":"89.208.228.119","certinfo":[],"primary_port":443,"local_ip":"188.225.57.79","local_port":42142,"http_version":3,"protocol":2,"ssl_verifyresult":0,"scheme":"HTTPS","appconnect_time_us":172036,"connect_time_us":28317,"namelookup_time_us":19868,"pretransfer_time_us":172143,"redirect_time_us":0,"starttransfer_time_us":172146,"total_time_us":1102104},"params":{"method":"crm.lead.add","params":{"fields":{"NAME":"zxczxc","PHONE":[{"VALUE":"+3444233434","VALUE_TYPE":"WORK"}],"TRACE":"{\u0022url\u0022:\u0022https:\/\/tingard.ru\/\u0022,\u0022device\u0022:{\u0022isMobile\u0022:false},\u0022tags\u0022:{\u0022ts\u0022:1736790698,\u0022list\u0022:{},\u0022gclid\u0022:null},\u0022client\u0022:{\u0022gaId\u0022:\u00221690822819.1714023164\u0022,\u0022yaId\u0022:\u00221712298355142490425\u0022},\u0022pages\u0022:{\u0022list\u0022:[[\u0022https:\/\/tingard.ru\/?clear_cache=Y\u0022,1732710803,\u0022TINGARD \u2014 \u0431\u0435\u0441\u0448\u043e\u0432\u043d\u044b\u0439 \u043f\u043b\u0430\u0441\u0442\u0438\u043a\u043e\u0432\u044b\u0439 \u043f\u043e\u0433\u0440\u0435\u0431 \u2116\u0022],[\u0022https:\/\/tingard.ru\/thanks\/\u0022,1736852778,\u0022\u0421\u043f\u0430\u0441\u0438\u0431\u043e \u0437\u0430 \u0437\u0430\u044f\u0432\u043a\u0443\u0022],[\u0022https:\/\/tingard.ru\/\u0022,1736852945,\u0022TINGARD \u2014 \u0431\u0435\u0441\u0448\u043e\u0432\u043d\u044b\u0439 \u043f\u043b\u0430\u0441\u0442\u0438\u043a\u043e\u0432\u044b\u0439 \u043f\u043e\u0433\u0440\u0435\u0431 \u2116\u0022]]},\u0022gid\u0022:null,\u0022previous\u0022:{\u0022list\u0022:[]}}","UF_CRM_1736852520":null,"UF_CRM_1736852597":null,"UF_CRM_1736852564":null,"UF_CRM_1517561552":"3589649","COMMENTS":null,"TITLE":"\u0417\u0430\u043a\u0430\u0437\u0430\u0442\u044c \u043f\u043e\u0433\u0440\u0435\u0431","UF_CRM_1449663065":68,"ASSIGNED_BY_ID":58,"SOURCE_ID":9}}},"result":{"result":573562,"time":{"start":1736852950.1419339,"finish":1736852950.9477799,"duration":0.80584597587585449,"processing":0.77283596992492676,"date_start":"2025-01-14T14:09:10+03:00","date_finish":"2025-01-14T14:09:10+03:00","operating_reset_at":1736853550,"operating":3.1427028179168701}}}