{"url":"https:\/\/tinger.bitrix24.ru\/rest\/190\/42tc2gxq8od2858i\/crm.lead.add.json","info":{"url":"https:\/\/tinger.bitrix24.ru\/rest\/190\/42tc2gxq8od2858i\/crm.lead.add.json","content_type":"application\/json; charset=utf-8","http_code":200,"header_size":1031,"request_size":207,"filetime":-1,"ssl_verify_result":0,"redirect_count":0,"total_time":1.863971,"namelookup_time":0.0021320000000000002,"connect_time":0.011620999999999999,"pretransfer_time":0.028903000000000002,"size_upload":3539,"size_download":287,"speed_download":154,"speed_upload":1899,"download_content_length":-1,"upload_content_length":3539,"starttransfer_time":0.028906000000000001,"redirect_time":0,"redirect_url":"","primary_ip":"95.163.249.170","certinfo":[],"primary_port":443,"local_ip":"188.225.57.79","local_port":38728,"http_version":3,"protocol":2,"ssl_verifyresult":0,"scheme":"HTTPS","appconnect_time_us":28747,"connect_time_us":11621,"namelookup_time_us":2132,"pretransfer_time_us":28903,"redirect_time_us":0,"starttransfer_time_us":28906,"total_time_us":1863971},"params":{"method":"crm.lead.add","params":{"fields":{"NAME":"\u041e\u043a\u0441\u0430\u043d\u0430","PHONE":[{"VALUE":null,"VALUE_TYPE":"WORK"}],"EMAIL":[{"VALUE":"Ksushaorlova@ya.ru","VALUE_TYPE":"WORK"}],"TRACE":"{\u0022url\u0022:\u0022https:\/\/tingard.ru\/\u0022,\u0022ref\u0022:\u0022android-app:\/\/org.telegram.messenger\/\u0022,\u0022device\u0022:{\u0022isMobile\u0022:true},\u0022tags\u0022:{\u0022ts\u0022:1718866672,\u0022list\u0022:{},\u0022gclid\u0022:null},\u0022client\u0022:{\u0022yaId\u0022:\u0022171886654787118336\u0022},\u0022pages\u0022:{\u0022list\u0022:[[\u0022https:\/\/tingard.ru\/\u0022,1718868179,\u0022TINGARD \u2014 \u0431\u0435\u0441\u0448\u043e\u0432\u043d\u044b\u0439 \u043f\u043b\u0430\u0441\u0442\u0438\u043a\u043e\u0432\u044b\u0439 \u043f\u043e\u0433\u0440\u0435\u0431 \u2116\u0022]]},\u0022gid\u0022:null,\u0022previous\u0022:{\u0022list\u0022:[{\u0022url\u0022:\u0022https:\/\/tingard.ru\/\u0022,\u0022ref\u0022:\u0022https:\/\/yandex.ru\/search\/?text=%D0%BF%D0%BE%D0%B3%D1%80%D0%B5%D0%B1+%D1%82%D0%B8%D0%BD%D0%B3%D0%B0%D1%80%D0%B4\u0026source=tabbar\u0026lr=6\u0026redircnt=1718866541.1\u0022,\u0022device\u0022:{\u0022isMobile\u0022:true},\u0022tags\u0022:{\u0022ts\u0022:1718866546,\u0022list\u0022:{\u0022utm_source\u0022:\u0022yandex_kirill\u0022,\u0022utm_medium\u0022:\u0022cpc\u0022,\u0022utm_campaign\u0022:\u0022pogreba_rozn_umnaya_click_perezapusk_15_01\u0022,\u0022utm_content\u0022:\u002215676822870\u0022,\u0022utm_term\u0022:\u0022---autotargeting\u0022},\u0022gclid\u0022:null},\u0022client\u0022:{\u0022yaId\u0022:\u0022171886654787118336\u0022},\u0022pages\u0022:{\u0022list\u0022:[[\u0022https:\/\/tingard.ru\/?utm_source=yandex_kirill\u0026utm_medium=cpc\u0026utm_campaign=pogreba_rozn_umnaya_click_perezapusk_15_01\u0026utm_content=15676822870\u0026utm_term=---autotargeting\u0026roistat=direct14_search_15676822870_---autotargeting\u0026roistat_referrer=none\u0026roistat_pos=premium_2\u0026yclid=16698074660095393791\u0022,1718866547,\u0022TINGARD \u2014 \u0431\u0435\u0441\u0448\u043e\u0432\u043d\u044b\u0439 \u043f\u043b\u0430\u0441\u0442\u0438\u043a\u043e\u0432\u044b\u0439 \u043f\u043e\u0433\u0440\u0435\u0431 \u2116\u0022]]},\u0022gid\u0022:null}]}}","COMMENTS":"\u0417\u0434\u0440\u0430\u0432\u0441\u0442\u0432\u0443\u0439\u0442\u0435. \u041c\u043e\u0436\u043d\u043e \u043b\u0438 \u043f\u043e\u043f\u0440\u043e\u0441\u0438\u0442\u044c \u0443 \u0432\u0430\u0441 \u0441\u0445\u0435\u043c\u0443 \u043f\u043e\u0433\u0440\u0435\u0431\u0430 \u0441\u0432\u0435\u0440\u0445\u0443 \u0441 \u0443\u043a\u0430\u0437\u0430\u043d\u0438\u0435\u043c \u0440\u0430\u0437\u043c\u0435\u0440\u043e\u0432 \u043b\u044e\u043a\u0430 \u0438 \u0440\u0430\u0441\u043f\u043e\u043b\u043e\u0436\u0435\u043d\u0438\u0435 \u0432\u044b\u0432\u043e\u0434\u043e\u0432 \u0432\u0435\u043d\u0442\u0438\u043b\u044f\u0446\u0438\u0438 \u0434\u043b\u044f \u043f\u043e\u0433\u0440\u0435\u0431\u0430 1900. \u0425\u043e\u0447\u0443 \u043f\u043e\u0441\u0442\u0430\u0432\u0438\u0442\u044c \u044d\u0442\u043e\u0442 \u043f\u043e\u0433\u0440\u0435\u0431 \u043f\u043e\u0434 \u0433\u0430\u0440\u0430\u0436, \u043d\u0435 \u043f\u043e\u043d\u0438\u043c\u0430\u044e, \u0433\u0434\u0435 \u043e\u043a\u0430\u0436\u0443\u0442\u0441\u044f \u0442\u0440\u0443\u0431\u044b","TITLE":"\u0421\u0432\u044f\u0437\u0430\u0442\u044c\u0441\u044f \u0441 \u043f\u0440\u043e\u0438\u0437\u0432\u043e\u0434\u0438\u0442\u0435\u043b\u0435\u043c","UF_CRM_1449663065":68,"ASSIGNED_BY_ID":58,"SOURCE_ID":9}}},"result":{"result":521836,"time":{"start":1718868373.470799,"finish":1718868375.2422681,"duration":1.7714691162109375,"processing":1.742138147354126,"date_start":"2024-06-20T10:26:13+03:00","date_finish":"2024-06-20T10:26:15+03:00","operating_reset_at":1718868973,"operating":1.7421021461486816}}}