{"url":"https:\/\/tinger.bitrix24.ru\/rest\/190\/42tc2gxq8od2858i\/crm.lead.add.json","info":{"url":"https:\/\/tinger.bitrix24.ru\/rest\/190\/42tc2gxq8od2858i\/crm.lead.add.json","content_type":"application\/json; charset=utf-8","http_code":200,"header_size":1135,"request_size":207,"filetime":-1,"ssl_verify_result":0,"redirect_count":0,"total_time":3.5079039999999999,"namelookup_time":0.014092,"connect_time":0.024340000000000001,"pretransfer_time":0.044512999999999997,"size_upload":7235,"size_download":288,"speed_download":82,"speed_upload":2063,"download_content_length":-1,"upload_content_length":7235,"starttransfer_time":0.044520999999999998,"redirect_time":0,"redirect_url":"","primary_ip":"46.235.53.67","certinfo":[],"primary_port":443,"local_ip":"188.225.57.79","local_port":46466,"http_version":3,"protocol":2,"ssl_verifyresult":0,"scheme":"HTTPS","appconnect_time_us":44265,"connect_time_us":24340,"namelookup_time_us":14092,"pretransfer_time_us":44513,"redirect_time_us":0,"starttransfer_time_us":44521,"total_time_us":3507904},"params":{"method":"crm.lead.add","params":{"fields":{"UF_CRM_1449663065":64,"SOURCE_ID":"WEB","ASSIGNED_BY_ID":58,"TITLE":"\u0412\u043e\u043f\u0440\u043e\u0441\u044b, \u0437\u0430\u043c\u0435\u0447\u0430\u043d\u0438\u044f \u0438\u043b\u0438 \u043f\u0440\u0435\u0434\u043b\u043e\u0436\u0435\u043d\u0438\u044f","NAME":"\u0410\u043d\u0434\u0440\u0435\u0439 ","PHONE":[{"VALUE":"8 (923) 429-71-76","VALUE_TYPE":"WORK"}],"EMAIL":[{"VALUE":"Fedorov.AAlek@tomsk.gazprom-neft.ru","VALUE_TYPE":"WORK"}],"COMMENTS":"\u0414\u043e\u0431\u0440\u044b\u0439 \u0434\u0435\u043d\u044c!\r\n\u0412 2022\u0433. \u043a\u043e\u043c\u043f\u0430\u043d\u0438\u044f \u041e\u041e\u041e\u0022\u0413\u0430\u0437\u043f\u0440\u043e\u043c\u043d\u0435\u0444\u0442\u044c-\u0412\u043e\u0441\u0442\u043e\u043a\u0022 \u043f\u0440\u0438\u043e\u0431\u0440\u0435\u043b\u0430 \u0432\u0435\u0437\u0434\u0435\u0445\u043e\u0434 Tinger TR5 \u0437\u0430\u0432\u043e\u0434\u0441\u043a\u043e\u0439 \u043d\u043e\u043c\u0435\u0440 \u0440\u0430\u043c\u044b 02908. \u0412 \u043f\u0440\u043e\u0446\u0435\u0441\u0441\u0435 \u044d\u043a\u0441\u043f\u043b\u0443\u0430\u0442\u0430\u0446\u0438\u0438 \u043f\u043e\u0434\u043e\u0448\u043b\u043e \u0432\u0440\u0435\u043c\u044f \u043c\u0435\u043d\u044f\u0442\u044c \u0442\u043e\u0440\u043c\u043e\u0437\u043d\u044b\u0435 \u043a\u043e\u043b\u043e\u0434\u043a\u0438 \u0443\u043f\u0440\u0430\u0432\u043b\u0435\u043d\u0438\u044f \u0438 \u043d\u0430\u0442\u044f\u0436\u043a\u0430 \u043f\u0440\u0438\u0432\u043e\u0434\u043d\u044b\u0445 \u0446\u0435\u043f\u0435\u0439, \u0442\u0430\u043a \u043a\u0430\u043a \u0432\u0435\u0437\u0434\u0435\u0445\u043e\u0434 \u043d\u0430\u0445\u043e\u0434\u0438\u0442\u0441\u044f \u043d\u0430 \u043c\u0435\u0441\u0442\u043e\u0440\u043e\u0436\u0434\u0435\u043d\u0438\u0438 \u0438 \u0434\u043e\u0441\u0442\u0430\u0432\u043a\u0430 \u0435\u0433\u043e \u043d\u0430 \u0431\u043e\u043b\u044c\u0448\u0443\u044e \u0437\u0435\u043c\u043b\u044e  \u0434\u043b\u044f \u043e\u0431\u0441\u043b\u0443\u0436\u0438\u0432\u0430\u043d\u0438\u044f \u043d\u0435 \u043f\u0440\u0435\u0434\u043e\u0441\u0442\u0430\u0432\u043b\u044f\u0435\u0442\u0441\u044f \u0432\u043e\u0437\u043c\u043e\u0436\u043d\u044b\u043c, \u0442\u0435\u0445\u043e\u0431\u0441\u043b\u0443\u0436\u0438\u0432\u0430\u043d\u0438\u0435 \u0431\u0443\u0434\u0435\u043c \u0432\u044b\u043f\u043e\u043b\u043d\u044f\u0442\u044c \u0441\u0430\u043c\u0438. \u0423 \u043d\u0430\u0441 \u0442\u0430\u043a\u0430\u044f \u043f\u0440\u043e\u0441\u044c\u0431\u0430: \u043c\u043e\u0436\u043d\u043e \u043b\u0438 \u043d\u0430\u043c \u043d\u0430\u043f\u0440\u0430\u0432\u0438\u0442\u044c \u043f\u043e\u0434\u0440\u043e\u0431\u043d\u0443\u044e \u0438\u043d\u0441\u0442\u0440\u0443\u043a\u0446\u0438\u044e \u043f\u043e \u0437\u0430\u043c\u0435\u043d\u0435 \u0442\u043e\u0440\u043c\u043e\u0437\u043d\u044b\u0445 \u043a\u043e\u043b\u043e\u0434\u043e\u043a \u0438 \u043d\u0430\u0442\u044f\u0436\u043a\u0435 \u043f\u0440\u0438\u0432\u043e\u0434\u043d\u044b\u0445 \u0446\u0435\u043f\u0435\u0439, \u0438\u043b\u0438 \u0436\u0435 \u0441\u0441\u044b\u043b\u043a\u0443 \u043d\u0430 \u0438\u043d\u0441\u0442\u0440\u0443\u043a\u0446\u0438\u044e \u0441 \u0444\u043e\u0442\u043e \u0438 \u0432\u0438\u0434\u0435\u043e \u044d\u0442\u043e\u0433\u043e \u043f\u0440\u043e\u0446\u0435\u0441\u0441\u0430. \u041d\u0430 \u043f\u0440\u043e\u0441\u0442\u043e\u0440\u0430\u0445 \u0438\u043d\u0442\u0435\u0440\u043d\u0435\u0442\u0430 \u043d\u0435\u0442 \u043f\u043e\u0434\u0440\u043e\u0431\u043d\u043e\u0439 \u0438\u043d\u0444\u043e\u0440\u043c\u0430\u0446\u0438\u0438, \u043a\u0430\u043a \u044d\u0442\u043e \u0434\u0435\u043b\u0430\u0435\u0442\u0441\u044f. \r\n\u041f\u043e\u0441\u043b\u0435 \u043f\u0440\u0435\u0434\u0432\u0430\u0440\u0438\u0442\u0435\u043b\u044c\u043d\u043e\u0433\u043e \u043e\u0441\u043c\u043e\u0442\u0440\u0430 \u0443 \u043d\u0430\u0441 \u0442\u043e\u0436\u0435 \u043d\u0435\u0442 \u043f\u043e\u043d\u0438\u043c\u0430\u043d\u0438\u044f, \u0442\u0430\u043a \u043a\u0430\u043a \u0434\u043e\u0441\u0442\u0443\u043f \u043a \u0443\u0437\u043b\u0430\u043c \u043e\u0447\u0435\u043d\u044c \u043e\u0433\u0440\u0430\u043d\u0438\u0447\u0435\u043d \u0438 \u0432\u0438\u0437\u0443\u0430\u043b\u044c\u043d\u043e \u0441\u043b\u043e\u0436\u043d\u043e \u043e\u043f\u0440\u0435\u0434\u0435\u043b\u0438\u0442\u044c \u0447\u0442\u043e \u0438 \u0433\u0434\u0435 \u043e\u0442\u043a\u0440\u0443\u0447\u0438\u0432\u0430\u0442\u044c \u0434\u0430\u0436\u0435 \u0434\u043b\u044f \u043d\u0430\u0442\u044f\u0436\u043a\u0435 \u0446\u0435\u043f\u0435\u0439. \r\n\u0416\u0434\u0451\u043c \u043e\u0442 \u0432\u0430\u0441 \u043e\u0431\u0440\u0430\u0442\u043d\u0443\u044e \u0441\u0432\u044f\u0437\u044c!\r\n\u0421\u043f\u0430\u0441\u0438\u0431\u043e!",