{"url":"https:\/\/tinger.bitrix24.ru\/rest\/190\/42tc2gxq8od2858i\/crm.lead.add.json","info":{"url":"https:\/\/tinger.bitrix24.ru\/rest\/190\/42tc2gxq8od2858i\/crm.lead.add.json","content_type":"application\/json; charset=utf-8","http_code":200,"header_size":1030,"request_size":207,"filetime":-1,"ssl_verify_result":0,"redirect_count":0,"total_time":1.1367719999999999,"namelookup_time":0.0034740000000000001,"connect_time":0.011990000000000001,"pretransfer_time":0.027476,"size_upload":5366,"size_download":289,"speed_download":254,"speed_upload":4723,"download_content_length":-1,"upload_content_length":5366,"starttransfer_time":0.027477999999999999,"redirect_time":0,"redirect_url":"","primary_ip":"95.163.249.170","certinfo":[],"primary_port":443,"local_ip":"188.225.57.79","local_port":44328,"http_version":3,"protocol":2,"ssl_verifyresult":0,"scheme":"HTTPS","appconnect_time_us":27386,"connect_time_us":11990,"namelookup_time_us":3474,"pretransfer_time_us":27476,"redirect_time_us":0,"starttransfer_time_us":27478,"total_time_us":1136772},"params":{"method":"crm.lead.add","params":{"fields":{"NAME":"\u0410\u043b\u0435\u043a\u0441\u0435\u0446","PHONE":[{"VALUE":"8 (901) 698-95-57","VALUE_TYPE":"WORK"}],"EMAIL":[{"VALUE":null,"VALUE_TYPE":"WORK"}],"TRACE":"{\u0022url\u0022:\u0022https:\/\/tingard.ru\/?utm_source=yandex\u0026utm_medium=cpc\u0026utm_campaign=pogreba_rozn_umnaya_ozk_07_01\u0026utm_content=16219659954\u0026utm_term=---autotargeting\u0026roistat=direct14_search_111793320_rsMasterGroup_rsMasterBanner_---autotargeting\u0026etext=2202.mQ73Ht4o1cLbC4qAJ-Umri9yr8dCej0U1mpzePEby9ytjA3G3xHGX9asLuv7ohSaEMy4Z0y1bs_BJsYy0_NGq3VhZGZ2eHBrcnN2YnRqbW4.bf57e890c20f70e43e4624b2c546cce01bbbb008\u0026yclid=6802452855517609983\u0022,\u0022ref\u0022:\u0022http:\/\/yandex.ru\/searchapp?text=\u0022,\u0022device\u0022:{\u0022isMobile\u0022:true},\u0022tags\u0022:{\u0022ts\u0022:1728571625,\u0022list\u0022:{\u0022utm_source\u0022:\u0022yandex\u0022,\u0022utm_medium\u0022:\u0022cpc\u0022,\u0022utm_campaign\u0022:\u0022pogreba_rozn_umnaya_ozk_07_01\u0022,\u0022utm_content\u0022:\u002216219659954\u0022,\u0022utm_term\u0022:\u0022---autotargeting\u0022},\u0022gclid\u0022:null},\u0022client\u0022:{\u0022yaId\u0022:\u00221723031547399779100\u0022},\u0022pages\u0022:{\u0022list\u0022:[[\u0022https:\/\/tingard.ru\/?utm_source=yandex\u0026utm_medium=cpc\u0026utm_campaign=pogreba_rozn_umnaya_ozk_07_01\u0026utm_content=16219659954\u0026utm_term=---autotargeting\u0026roistat=direct14_search_111793320_rsMasterGroup_rsMasterBanner_---autotargeting\u0026etext=2202.mQ73Ht4o1cLbC4qAJ-Umri9yr8dCej0U1mpzePEby9ytjA3G3xHGX9asLuv7ohSaEMy4Z0y1bs_BJsYy0_NGq3VhZGZ2eHBrcnN2YnRqbW4.bf57e890c20f70e43e4624b2c546cce01bbbb008\u0026yclid=6802452855517609983\u0022,1728571625,\u0022TINGARD \u2014 \u0431\u0435\u0441\u0448\u043e\u0432\u043d\u044b\u0439 \u043f\u043b\u0430\u0441\u0442\u0438\u043a\u043e\u0432\u044b\u0439 \u043f\u043e\u0433\u0440\u0435\u0431 \u2116\u0022]]},\u0022gid\u0022:null,\u0022previous\u0022:{\u0022list\u0022:[{\u0022url\u0022:\u0022https:\/\/tingard.ru\/?utm_source=yandex\u0026utm_medium=cpc\u0026utm_campaign=pogreba_rozn_umnaya_ozk_07_01\u0026utm_content=16219659954\u0026utm_term=---autotargeting\u0026roistat=direct14_search_111793320_rsMasterGroup_rsMasterBanner_---autotargeting\u0026etext=2202.mQ73Ht4o1cLbC4qAJ-Umri9yr8dCej0U1mpzePEby9ytjA3G3xHGX9asLuv7ohSaEMy4Z0y1bs_BJsYy0_NGq3VhZGZ2eHBrcnN2YnRqbW4.bf57e890c20f70e43e4624b2c546cce01bbbb008\u0026yclid=6802452855517609983\u0022,\u0022device\u0022:{\u0022isMobile\u0022:true},\u0022tags\u0022:{\u0022ts\u0022:1723031547,\u0022list\u0022:{\u0022utm_source\u0022:\u0022yandex\u0022,\u0022utm_medium\u0022:\u0022cpc\u0022,\u0022utm_campaign\u0022:\u0022mk_rf\u0022,\u0022utm_content\u0022:\u002214460640500\u0022,\u0022utm_term\u0022:\u0022\u043f\u043e\u0433\u0440\u0435\u0431\u0022},\u0022gclid\u0022:null},\u0022client\u0022:{\u0022yaId\u0022:\u00221723031547399779100\u0022},\u0022pages\u0022:{\u0022list\u0022:[[\u0022https:\/\/tingard.ru\/?utm_source=yandex\u0026utm_medium=cpc\u0026utm_campaign=mk_rf\u0026utm_content=14460640500\u0026utm_term=%D0%BF%D0%BE%D0%B3%D1%80%D0%B5%D0%B1\u0026roistat=direct14_context_89463958_rsMasterGroup_rsMasterBanner_%D0%BF%D0%BE%D0%B3%D1%80%D0%B5%D0%B1\u0026yclid=9801991005033725951\u0022,1723031547,\u0022TINGARD \u2014 \u0431\u0435\u0441\u0448\u043e\u0432\u043d\u044b\u0439 \u043f\u043b\u0430\u0441\u0442\u0438\u043a\u043e\u0432\u044b\u0439 \u043f\u043e\u0433\u0440\u0435\u0431 \u2116\u0022]]},\u0022gid\u0022:null}]}}","UF_CRM_1517561552":"3507781","COMMENTS":"undefined\u003Cb\u003E\u0413\u0434\u0435 \u043f\u043b\u0430\u043d\u0438\u0440\u0443\u0435\u0442\u0435 \u0443\u0441\u0442\u0430\u043d\u0430\u0432\u043b\u0438\u0432\u0430\u0442\u044c \u043f\u043e\u0433\u0440\u0435\u0431?\u003C\/b\u003E \u043d\u0430 \u043e\u0442\u043a\u0440\u044b\u0442\u043e\u043c \u0443\u0447\u0430\u0441\u0442\u043a\u0435\u003Cbr\u003E\u003Cb\u003E\u041a\u0430\u043a\u043e\u0439 \u0443\u0440\u043e\u0432\u0435\u043d\u044c \u0433\u0440\u0443\u043d\u0442\u043e\u0432\u044b\u0445 \u0432\u043e\u0434 \u043d\u0430 \u0432\u0430\u0448\u0435\u043c \u0443\u0447\u0430\u0441\u0442\u043a\u0435?\u003C\/b\u003E \u043d\u0443\u0436\u043d\u0430 \u043a\u043e\u043d\u0441\u0443\u043b\u044c\u0442\u0430\u0446\u0438\u044f\u003Cbr\u003E\u003Cb\u003E\u041f\u043e\u0434\u0431\u0435\u0440\u0438 \u043f\u043e\u0433\u0440\u0435\u0431 \u0437\u0430 30 \u0441\u0435\u043a\u0443\u043d\u0434\u003C\/b\u003E \u0434\u043e 250 \u0431\u0430\u043d\u043e\u043a \u0438 \u0434\u043e 25 \u044f\u0449\u0438\u043a\u043e\u0432\u003Cbr\u003E\u003Cb\u003E\u041a\u0442\u043e \u0431\u0443\u0434\u0435\u0442 \u0437\u0430\u043d\u0438\u043c\u0430\u0442\u044c\u0441\u044f \u0443\u0441\u0442\u0430\u043d\u043e\u0432\u043a\u043e\u0439 \u043f\u043e\u0433\u0440\u0435\u0431\u0430?\u003C\/b\u003E \u0441\u0442\u0440\u043e\u0438\u0442\u0435\u043b\u0438 \u043d\u0430 \u0443\u0447\u0430\u0441\u0442\u043a\u0435\u003Cbr\u003E\u003Cb\u003E\u041a\u043e\u0433\u0434\u0430 \u0432\u044b \u043f\u043b\u0430\u043d\u0438\u0440\u0443\u0435\u0442\u0435 \u043f\u0440\u0438\u043e\u0431\u0440\u0435\u0441\u0442\u0438 \u043f\u043e\u0433\u0440\u0435\u0431?\u003C\/b\u003E \u0432 \u0441\u043b\u0435\u0434\u0443\u044e\u0449\u0435\u043c \u0433\u043e\u0434\u0443\u003Cbr\u003E","TITLE":"\u041f\u043e\u0434\u043e\u0431\u0440\u0430\u0442\u044c \u043f\u043e\u0433\u0440\u0435\u0431 (\u043a\u0432\u0438\u0437)","UF_CRM_1449663065":68,"ASSIGNED_BY_ID":58,"SOURCE_ID":9}}},"result":{"result":556162,"time":{"start":1728571685.380177,"finish":1728571686.410696,"duration":1.0305190086364746,"processing":0.99480581283569336,"date_start":"2024-10-10T17:48:05+03:00","date_finish":"2024-10-10T17:48:06+03:00","operating_reset_at":1728572285,"operating":0.99477696418762207}}}