{"url":"https:\/\/b24-sh4tt4.bitrix24.ru\/rest\/1\/217jmm875q0fh5wp\/crm.lead.add.json","info":{"url":"https:\/\/b24-sh4tt4.bitrix24.ru\/rest\/1\/217jmm875q0fh5wp\/crm.lead.add.json","content_type":"application\/json; charset=utf-8","http_code":200,"header_size":1027,"request_size":209,"filetime":-1,"ssl_verify_result":0,"redirect_count":0,"total_time":0.43066500000000002,"namelookup_time":0.001833,"connect_time":0.0035869999999999999,"pretransfer_time":0.012444999999999999,"size_upload":1778,"size_download":287,"speed_download":667,"speed_upload":4134,"download_content_length":-1,"upload_content_length":1778,"starttransfer_time":0.012448000000000001,"redirect_time":0,"redirect_url":"","primary_ip":"178.132.201.52","certinfo":[],"primary_port":443,"local_ip":"188.225.57.79","local_port":58440,"http_version":3,"protocol":2,"ssl_verifyresult":0,"scheme":"HTTPS","appconnect_time_us":12336,"connect_time_us":3587,"namelookup_time_us":1833,"pretransfer_time_us":12445,"redirect_time_us":0,"starttransfer_time_us":12448,"total_time_us":430665},"params":{"method":"crm.lead.add","params":{"fields":{"NAME":"\u041e\u043b\u044c\u0433\u0430","PHONE":[{"VALUE":"+7 (928) 266-11-02","VALUE_TYPE":"WORK"}],"EMAIL":[{"VALUE":null,"VALUE_TYPE":"WORK"}],"TRACE":"{\u0022url\u0022:\u0022https:\/\/sale.tingard.ru\/?utm_source=yandex\u0026utm_medium=cpc\u0026utm_campaign=pogreba_rozn_new_lend_click\u0026utm_content=16219638541\u0026utm_term=---autotargeting\u0026roistat=direct14_context_111792903_rsMasterGroup_rsMasterBanner_---autotargeting\u0026yclid=4875577631408652287\u0022,\u0022device\u0022:{\u0022isMobile\u0022:true},\u0022tags\u0022:{\u0022ts\u0022:1721986874,\u0022list\u0022:{\u0022utm_source\u0022:\u0022yandex\u0022,\u0022utm_medium\u0022:\u0022cpc\u0022,\u0022utm_campaign\u0022:\u0022pogreba_rozn_new_lend_click\u0022,\u0022utm_content\u0022:\u002216219638541\u0022,\u0022utm_term\u0022:\u0022---autotargeting\u0022},\u0022gclid\u0022:null},\u0022client\u0022:{\u0022yaId\u0022:\u00221721986874906017886\u0022},\u0022pages\u0022:{\u0022list\u0022:[[\u0022https:\/\/sale.tingard.ru\/?utm_source=yandex\u0026utm_medium=cpc\u0026utm_campaign=pogreba_rozn_new_lend_click\u0026utm_content=16219638541\u0026utm_term=---autotargeting\u0026roistat=direct14_context_111792903_rsMasterGroup_rsMasterBanner_---autotargeting\u0026yclid=4875577631408652287\u0022,1721986874,\u0022\u0411\u0435\u0441\u0448\u043e\u0432\u043d\u044b\u0435 \u043f\u043b\u0430\u0441\u0442\u0438\u043a\u043e\u0432\u044b\u0435 \u043f\u043e\u0433\u0440\u0435\u0431\u0430 TINGARD \u2014 \u0022]]},\u0022gid\u0022:null,\u0022previous\u0022:{\u0022list\u0022:[]}}","UF_CRM_1517561552":"3355621","COMMENTS":null,"TITLE":"\u041f\u043e\u0434\u043e\u0431\u0440\u0430\u0442\u044c \u043f\u043e\u0433\u0440\u0435\u0431","UF_CRM_1449663065":68,"ASSIGNED_BY_ID":58,"SOURCE_ID":85}}},"result":{"result":47,"time":{"start":1721986888.2562399,"finish":1721986888.6316481,"duration":0.37540817260742188,"processing":0.35495901107788086,"date_start":"2024-07-26T12:41:28+03:00","date_finish":"2024-07-26T12:41:28+03:00","operating_reset_at":1721987488,"operating":2.1427872180938721}}}