{"url":"https:\/\/tinger.bitrix24.ru\/rest\/190\/42tc2gxq8od2858i\/crm.lead.add.json","info":{"url":"https:\/\/tinger.bitrix24.ru\/rest\/190\/42tc2gxq8od2858i\/crm.lead.add.json","content_type":"application\/json; charset=utf-8","http_code":200,"header_size":926,"request_size":208,"filetime":-1,"ssl_verify_result":0,"redirect_count":0,"total_time":2.30823,"namelookup_time":0.0015009999999999999,"connect_time":0.013082,"pretransfer_time":0.034542999999999997,"size_upload":13447,"size_download":262,"speed_download":113,"speed_upload":5826,"download_content_length":-1,"upload_content_length":13447,"starttransfer_time":0.034547000000000001,"redirect_time":0,"redirect_url":"","primary_ip":"46.235.53.58","certinfo":[],"primary_port":443,"local_ip":"188.225.57.79","local_port":55856,"http_version":3,"protocol":2,"ssl_verifyresult":0,"scheme":"HTTPS","appconnect_time_us":34406,"connect_time_us":13082,"namelookup_time_us":1501,"pretransfer_time_us":34543,"redirect_time_us":0,"starttransfer_time_us":34547,"total_time_us":2308230},"params":{"method":"crm.lead.add","params":{"fields":{"NAME":"\u0410\u043b\u0435\u043a\u0441\u0430\u043d\u0434\u0440","PHONE":[{"VALUE":"8 (918) 045-71-96","VALUE_TYPE":"WORK"}],"EMAIL":[{"VALUE":"iahont_aleks@mail.ru","VALUE_TYPE":"WORK"}],"TRACE":"{\u0022url\u0022:\u0022https:\/\/tingard.ru\/catalog\/\u0022,\u0022ref\u0022:\u0022https:\/\/www.yandex.ru\/images\/search?img_url=https%3A%2F%2Fsun9-61.userapi.com%2Fimpg%2FjDOJepDK689C7_syo4eFi-lwJqOh5igO0f94yQ%2FBdbv_EZVqeI.jpg%3Fsize%3D640x612%26quality%3D96%26sign%3D1d699e0a0827e8dee5d63be1b6825671%26c_uniq_tag%3Df2MgXE69X6_jROH7ib8Pw4wstYaXPhMMw8XvmEF3-mU%26type%3Dalbum\u0026lr=35\u0026pos=0\u0026rpt=simage\u0026source=serp\u0026text=%D0%BA%D0%BE%D0%B3%D0%B4%D0%B0%20%D0%BF%D1%80%D0%B8%D0%B1%D0%B0%D0%B2%D0%B8%D1%82%D1%81%D1%8F%20%D1%81%D0%B2%D0%B5%D1%82%D0%BE%D0%B2%D0%BE%D0%B9%20%D0%B4%D0%B5%D0%BD%D1%8C\u0022,\u0022device\u0022:{\u0022isMobile\u0022:false},\u0022tags\u0022:{\u0022ts\u0022:1766400451,\u0022list\u0022:{\u0022utm_source\u0022:\u0022yandex\u0022,\u0022utm_medium\u0022:\u0022cpc\u0022,\u0022utm_campaign\u0022:\u0022mk_rf_kval_click\u0022,\u0022utm_content\u0022:\u002217359046734\u0022,\u0022utm_term\u0022:\u0022---autotargeting\u0022},\u0022gclid\u0022:null},\u0022client\u0022:{\u0022yaId\u0022:\u00221751891459716422107\u0022},\u0022pages\u0022:{\u0022list\u0022:[[\u0022https:\/\/tingard.ru\/?utm_source=yandex\u0026utm_medium=cpc\u0026utm_campaign=mk_rf_kval_click\u0026utm_content=17359046734\u0026utm_term=---autotargeting\u0026roistat=direct14_context_701489563_rsMasterGroup_rsMasterBanner_---autotargeting\u0026yclid=785444236791382015\u0026ybaip=1\u0022,1766400451,\u0022TINGARD \u2014 \u0431\u0435\u0441\u0448\u043e\u0432\u043d\u044b\u0439 \u043f\u043b\u0430\u0441\u0442\u0438\u043a\u043e\u0432\u044b\u0439 \u043f\u043e\u0433\u0440\u0435\u0431 \u0441\u0022],[\u0022https:\/\/tingard.ru\/dealers\/\u0022,1766401374,\u0022\u041d\u0430\u0448\u0438 \u0434\u0438\u043b\u0435\u0440\u044b \u0435\u0441\u0442\u044c \u0432 52 \u0433\u043e\u0440\u043e\u0434\u0430\u0445 \u0420\u043e\u0441\u0441\u0438\u0438\u0022],[\u0022https:\/\/tingard.ru\/installation\/\u0022,1766401379,\u0022\u041c\u043e\u043d\u0442\u0430\u0436 \u0431\u0435\u0441\u0448\u043e\u0432\u043d\u044b\u0445 \u043f\u043e\u0433\u0440\u0435\u0431\u043e\u0432 TINGARD \u0437\u0430 1 \u0434\u0022],[\u0022https:\/\/tingard.ru\/catalog\/\u0022,1766401386,\u0022\u041a\u0430\u0442\u0430\u043b\u043e\u0433 \u043f\u043e\u0433\u0440\u0435\u0431\u043e\u0432\u0022]]},\u0022gid\u0022:null,\u0022previous\u0022:{\u0022list\u0022:[{\u0022url\u0022:\u0022https:\/\/tingard.ru\/?utm_source=yandex\u0026utm_medium=cpc\u0026utm_campaign=mk_rf\u0026utm_content=14460640483\u0026utm_term=%D0%BF%D0%BB%D0%B0%D1%81%D1%82%D0%B8%D0%BA%D0%BE%D0%B2%D1%8B%D0%B9%20%D0%BF%D0%BE%D0%B3%D1%80%D0%B5%D0%B1%20%D1%86%D0%B5%D0%BD%D0%B0\u0026roistat=direct14_search_89463958_rsMasterGroup_rsMasterBanner_%D0%BF%D0%BB%D0%B0%D1%81%D1%82%D0%B8%D0%BA%D0%BE%D0%B2%D1%8B%D0%B9%20%D0%BF%D0%BE%D0%B3%D1%80%D0%B5%D0%B1%20%D1%86%D0%B5%D0%BD%D0%B0\u0026etext=2202.dopxsIxsdDdMh7KqBRNGklBSJtoocZ11Zpt6YbYu6-cCJ1SwtrVAI_v5kyc9OyiR24oCvwzPerZgro9zwEbgk_c6X3Bs0yG9UP9jTND67if74Og0W0g-K_FpORVTNV-VAx3jYD5AeLU5F3djDclNvtQz1Z-Q0pBzdAZjless1KBqbXd2Z2xkZGlhenR1Y2p4.a4bb17b174238b2e977b3b02097a246607298407\u0026yclid=14139524414004789247\u0022,\u0022device\u0022:{\u0022isMobile\u0022:false},\u0022tags\u0022:{\u0022ts\u0022:1755403934,\u0022list\u0022:{\u0022utm_source\u0022:\u0022yandex\u0022,\u0022utm_medium\u0022:\u0022cpc\u0022,\u0022utm_campaign\u0022:\u0022mk_rf\u0022,\u0022utm_content\u0022:\u002214460640483\u0022,\u0022utm_term\u0022:\u0022\u043f\u043b\u0430\u0441\u0442\u0438\u043a\u043e\u0432\u044b\u0439 \u043f\u043e\u0433\u0440\u0435\u0431 \u0446\u0435\u043d\u0430\u0022},\u0022gclid\u0022:null},\u0022client\u0022:{\u0022yaId\u0022:\u00221751891459716422107\u0022},\u0022pages\u0022:{\u0022list\u0022:[[\u0022https:\/\/tingard.ru\/?utm_source=yandex\u0026utm_medium=cpc\u0026utm_campaign=mk_rf\u0026utm_content=14460640483\u0026utm_term=%D0%BF%D0%BB%D0%B0%D1%81%D1%82%D0%B8%D0%BA%D0%BE%D0%B2%D1%8B%D0%B9%20%D0%BF%D0%BE%D0%B3%D1%80%D0%B5%D0%B1%20%D1%86%D0%B5%D0%BD%D0%B0\u0026roistat=direct14_search_89463958_rsMasterGroup_rsMasterBanner_%D0%BF%D0%BB%D0%B0%D1%81%D1%82%D0%B8%D0%BA%D0%BE%D0%B2%D1%8B%D0%B9%20%D0%BF%D0%BE%D0%B3%D1%80%D0%B5%D0%B1%20%D1%86%D0%B5%D0%BD%D0%B0\u0026etext=2202.dopxsIxsdDdMh7KqBRNGklBSJtoocZ11Zpt6YbYu6-cCJ1SwtrVAI_v5kyc9OyiR24oCvwzPerZgro9zwEbgk_c6X3Bs0yG9UP9jTND67if74Og0W0g-K_FpORVTNV-VAx3jYD5AeLU5F3djDclNvtQz1Z-Q0pBzdAZjless1KBqbXd2Z2xkZGlhenR1Y2p4.a4bb17b174238b2e977b3b02097a246607298407\u0026yclid=14139524414004789247\u0022,1755403934,\u0022TINGARD \u2014 \u0431\u0435\u0441\u0448\u043e\u0432\u043d\u044b\u0439 \u043f\u043b\u0430\u0441\u0442\u0438\u043a\u043e\u0432\u044b\u0439 \u043f\u043e\u0433\u0440\u0435\u0431 \u0441\u0022]]},\u0022gid\u0022:null},{\u0022url\u0022:\u0022https:\/\/tingard.ru\/?utm_source=yandex\u0026utm_medium=cpc\u0026utm_campaign=mk_rf_kval_click\u0026utm_content=17178942693\u0026utm_term=---autotargeting\u0026roistat=direct14_context_701489563_rsMasterGroup_rsMasterBanner_---autotargeting\u0026yprqee=17688002389354479615\u0022,\u0022ref\u0022:\u0022https:\/\/www.yandex.ru\/\u0022,\u0022device\u0022:{\u0022isMobile\u0022:false},\u0022tags\u0022:{\u0022ts\u0022:1755453390,\u0022list\u0022:{\u0022utm_source\u0022:\u0022yandex\u0022,\u0022utm_medium\u0022:\u0022cpc\u0022,\u0022utm_campaign\u0022:\u0022mk_rf\u0022,\u0022utm_content\u0022:\u002214460640483\u0022,\u0022utm_term\u0022:\u0022\u043f\u043b\u0430\u0441\u0442\u0438\u043a\u043e\u0432\u044b\u0439 \u043f\u043e\u0433\u0440\u0435\u0431 \u0446\u0435\u043d\u0430\u0022},\u0022gclid\u0022:null},\u0022client\u0022:{\u0022yaId\u0022:\u00221751891459716422107\u0022},\u0022pages\u0022:{\u0022list\u0022:[[\u0022https:\/\/tingard.ru\/?utm_source=yandex\u0026utm_medium=cpc\u0026utm_campaign=mk_rf\u0026utm_content=14460640483\u0026utm_term=%D0%BF%D0%BB%D0%B0%D1%81%D1%82%D0%B8%D0%BA%D0%BE%D0%B2%D1%8B%D0%B9%20%D0%BF%D0%BE%D0%B3%D1%80%D0%B5%D0%B1%20%D1%86%D0%B5%D0%BD%D0%B0\u0026roistat=direct14_search_89463958_rsMasterGroup_rsMasterBanner_%D0%BF%D0%BB%D0%B0%D1%81%D1%82%D0%B8%D0%BA%D0%BE%D0%B2%D1%8B%D0%B9%20%D0%BF%D0%BE%D0%B3%D1%80%D0%B5%D0%B1%20%D1%86%D0%B5%D0%BD%D0%B0\u0026etext=2202.dopxsIxsdDdMh7KqBRNGklBSJtoocZ11Zpt6YbYu6-cCJ1SwtrVAI_v5kyc9OyiR24oCvwzPerZgro9zwEbgk_c6X3Bs0yG9UP9jTND67if74Og0W0g-K_FpORVTNV-VAx3jYD5AeLU5F3djDclNvtQz1Z-Q0pBzdAZjless1KBqbXd2Z2xkZGlhenR1Y2p4.a4bb17b174238b2e977b3b02097a246607298407\u0026yclid=14139524414004789247\u0022,1755453390,\u0022TINGARD \u2014 \u0431\u0435\u0441\u0448\u043e\u0432\u043d\u044b\u0439 \u043f\u043b\u0430\u0441\u0442\u0438\u043a\u043e\u0432\u044b\u0439 \u043f\u043e\u0433\u0440\u0435\u0431 \u0441\u0022]]},\u0022gid\u0022:null},