{"url":"https:\/\/tinger.bitrix24.ru\/rest\/190\/42tc2gxq8od2858i\/crm.lead.add.json","info":{"url":"https:\/\/tinger.bitrix24.ru\/rest\/190\/42tc2gxq8od2858i\/crm.lead.add.json","content_type":"application\/json; charset=utf-8","http_code":200,"header_size":1034,"request_size":207,"filetime":-1,"ssl_verify_result":0,"redirect_count":0,"total_time":1.9880370000000001,"namelookup_time":0.0094240000000000001,"connect_time":0.021026,"pretransfer_time":0.042181000000000003,"size_upload":1490,"size_download":288,"speed_download":144,"speed_upload":749,"download_content_length":-1,"upload_content_length":1490,"starttransfer_time":0.042182999999999998,"redirect_time":0,"redirect_url":"","primary_ip":"46.235.53.67","certinfo":[],"primary_port":443,"local_ip":"188.225.57.79","local_port":35788,"http_version":3,"protocol":2,"ssl_verifyresult":0,"scheme":"HTTPS","appconnect_time_us":42090,"connect_time_us":21026,"namelookup_time_us":9424,"pretransfer_time_us":42181,"redirect_time_us":0,"starttransfer_time_us":42183,"total_time_us":1988037},"params":{"method":"crm.lead.add","params":{"fields":{"NAME":"jimbo wang","PHONE":[{"VALUE":"8 (615) 731-16-99","VALUE_TYPE":"WORK"}],"EMAIL":[{"VALUE":"yabo9@cnfdrubber.com","VALUE_TYPE":"WORK"}],"TRACE":"{\u0022url\u0022:\u0022https:\/\/tinger.ru\/contacts\/\u0022,\u0022ref\u0022:\u0022https:\/\/crm.xiaoman.cn\/\u0022,\u0022device\u0022:{\u0022isMobile\u0022:false},\u0022tags\u0022:{\u0022ts\u0022:1708237728,\u0022list\u0022:{},\u0022gclid\u0022:null},\u0022client\u0022:{\u0022gaId\u0022:\u0022857932317.1708092951\u0022,\u0022yaId\u0022:\u00221708092953232939678\u0022},\u0022pages\u0022:{\u0022list\u0022:[[\u0022https:\/\/tinger.ru\/\u0022,1708238769,\u0022\u5236\u9020\u5546 TINGER \u7684\u5168\u5730\u5f62\u8f66\u8f86\u548c\u6cbc\u6cfd\u8f66\u8f86\u0022],[\u0022https:\/\/tinger.ru\/contacts\/\u0022,1708238979,\u0022TINGER \u96c6\u56e2\u516c\u53f8\u7684\u8054\u7cfb\u65b9\u5f0f\u0022]]},\u0022gid\u0022:null,\u0022previous\u0022:{\u0022list\u0022:[]}}","COMMENTS":"Hi\r\nwe are a manufacturer in China, we can supply you with oil seals.\r\nAre you interested in it?","TITLE":"\u0412\u043e\u043f\u0440\u043e\u0441\u044b, \u0437\u0430\u043c\u0435\u0447\u0430\u043d\u0438\u044f \u0438\u043b\u0438 \u043f\u0440\u0435\u0434\u043b\u043e\u0436\u0435\u043d\u0438\u044f","UF_CRM_1449663065":64,"ASSIGNED_BY_ID":58,"SOURCE_ID":"WEB"}}},"result":{"result":497562,"time":{"start":1708240719.286706,"finish":1708240721.1809449,"duration":1.8942389488220215,"processing":1.8607959747314453,"date_start":"2024-02-18T10:18:39+03:00","date_finish":"2024-02-18T10:18:41+03:00","operating_reset_at":1708241319,"operating":1.8607800006866455}}}