{"url":"https:\/\/tinger.bitrix24.ru\/rest\/190\/42tc2gxq8od2858i\/crm.lead.add.json","info":{"url":"https:\/\/tinger.bitrix24.ru\/rest\/190\/42tc2gxq8od2858i\/crm.lead.add.json","content_type":"application\/json; charset=utf-8","http_code":200,"header_size":1034,"request_size":207,"filetime":-1,"ssl_verify_result":0,"redirect_count":0,"total_time":2.3138809999999999,"namelookup_time":0.014777999999999999,"connect_time":0.027177,"pretransfer_time":0.048743000000000002,"size_upload":2713,"size_download":285,"speed_download":123,"speed_upload":1172,"download_content_length":-1,"upload_content_length":2713,"starttransfer_time":0.048744999999999997,"redirect_time":0,"redirect_url":"","primary_ip":"46.235.53.67","certinfo":[],"primary_port":443,"local_ip":"188.225.57.79","local_port":57688,"http_version":3,"protocol":2,"ssl_verifyresult":0,"scheme":"HTTPS","appconnect_time_us":48615,"connect_time_us":27177,"namelookup_time_us":14778,"pretransfer_time_us":48743,"redirect_time_us":0,"starttransfer_time_us":48745,"total_time_us":2313881},"params":{"method":"crm.lead.add","params":{"fields":{"NAME":"\u0413\u0435\u043d\u043d\u0430\u0434\u0438\u0439","PHONE":[{"VALUE":"+7 (922) 111-21-41","VALUE_TYPE":"WORK"}],"EMAIL":[{"VALUE":"","VALUE_TYPE":"WORK"}],"TRACE":"{\u0022url\u0022:\u0022https:\/\/tingard.ru\/?utm_source=yandex\u0026utm_medium=cpc\u0026utm_campaign=mk_rf\u0026utm_content=17178945112\u0026utm_term=%D0%BF%D0%BE%D0%B3%D1%80%D0%B5%D0%B1%20%D1%83%D1%80%D0%B0%D0%BB%D0%B5%D1%86%20%D1%86%D0%B5%D0%BD%D0%B0\u0026roistat=direct14_context_89463958_rsMasterGroup_rsMasterBanner_%D0%BF%D0%BE%D0%B3%D1%80%D0%B5%D0%B1%20%D1%83%D1%80%D0%B0%D0%BB%D0%B5%D1%86%20%D1%86%D0%B5%D0%BD%D0%B0\u0026yclid=2601040832218791935\u0022,\u0022ref\u0022:\u0022https:\/\/ya.ru\/\u0022,\u0022device\u0022:{\u0022isMobile\u0022:false},\u0022tags\u0022:{\u0022ts\u0022:1756226828,\u0022list\u0022:{\u0022utm_source\u0022:\u0022yandex\u0022,\u0022utm_medium\u0022:\u0022cpc\u0022,\u0022utm_campaign\u0022:\u0022mk_rf\u0022,\u0022utm_content\u0022:\u002217178945112\u0022,\u0022utm_term\u0022:\u0022\u043f\u043e\u0433\u0440\u0435\u0431 \u0443\u0440\u0430\u043b\u0435\u0446 \u0446\u0435\u043d\u0430\u0022},\u0022gclid\u0022:null},\u0022client\u0022:{\u0022yaId\u0022:\u00221750873602970244550\u0022},\u0022pages\u0022:{\u0022list\u0022:[[\u0022https:\/\/tingard.ru\/?utm_source=yandex\u0026utm_medium=cpc\u0026utm_campaign=mk_rf\u0026utm_content=17178945112\u0026utm_term=%D0%BF%D0%BE%D0%B3%D1%80%D0%B5%D0%B1%20%D1%83%D1%80%D0%B0%D0%BB%D0%B5%D1%86%20%D1%86%D0%B5%D0%BD%D0%B0\u0026roistat=direct14_context_89463958_rsMasterGroup_rsMasterBanner_%D0%BF%D0%BE%D0%B3%D1%80%D0%B5%D0%B1%20%D1%83%D1%80%D0%B0%D0%BB%D0%B5%D1%86%20%D1%86%D0%B5%D0%BD%D0%B0\u0026yclid=2601040832218791935\u0022,1756226829,\u0022TINGARD \u2014 \u0431\u0435\u0441\u0448\u043e\u0432\u043d\u044b\u0439 \u043f\u043b\u0430\u0441\u0442\u0438\u043a\u043e\u0432\u044b\u0439 \u043f\u043e\u0433\u0440\u0435\u0431 \u0441\u0022]]},\u0022gid\u0022:null,\u0022previous\u0022:{\u0022list\u0022:[]}}","UF_CRM_1736853511":"1750873602970244550","UF_CRM_1736853555":"1750873602970244550","UF_CRM_1736853537":"1750873602970244550","UF_CRM_1517561552":"3738855","COMMENTS":null,"TITLE":"\u0420\u0430\u0441\u0441\u0447\u0438\u0442\u0430\u0442\u044c \u0441\u0442\u043e\u0438\u043c\u043e\u0441\u0442\u044c \u043f\u043e\u0433\u0440\u0435\u0431\u0430","UF_CRM_1449663065":68,"ASSIGNED_BY_ID":58,"SOURCE_ID":9}}},"result":{"result":618702,"time":{"start":1756228403.806385,"finish":1756228405.980278,"duration":2.1738929748535156,"processing":2.1352331638336182,"date_start":"2025-08-26T20:13:23+03:00","date_finish":"2025-08-26T20:13:25+03:00","operating_reset_at":1756229003,"operating":2.1352071762084961}}}