{"url":"https:\/\/tinger.bitrix24.ru\/rest\/190\/42tc2gxq8od2858i\/crm.lead.add.json","info":{"url":"https:\/\/tinger.bitrix24.ru\/rest\/190\/42tc2gxq8od2858i\/crm.lead.add.json","content_type":"application\/json; charset=utf-8","http_code":200,"header_size":1034,"request_size":207,"filetime":-1,"ssl_verify_result":0,"redirect_count":0,"total_time":2.4444309999999998,"namelookup_time":0.016289000000000001,"connect_time":0.030630999999999999,"pretransfer_time":0.080662999999999999,"size_upload":4645,"size_download":261,"speed_download":106,"speed_upload":1900,"download_content_length":-1,"upload_content_length":4645,"starttransfer_time":0.080666000000000002,"redirect_time":0,"redirect_url":"","primary_ip":"46.235.53.58","certinfo":[],"primary_port":443,"local_ip":"188.225.57.79","local_port":34414,"http_version":3,"protocol":2,"ssl_verifyresult":0,"scheme":"HTTPS","appconnect_time_us":80531,"connect_time_us":30631,"namelookup_time_us":16289,"pretransfer_time_us":80663,"redirect_time_us":0,"starttransfer_time_us":80666,"total_time_us":2444431},"params":{"method":"crm.lead.add","params":{"fields":{"NAME":"\u0410\u043b\u0435\u043a\u0441\u0430\u043d\u0434\u0440 ","PHONE":[{"VALUE":"8 (902) 998-40-45","VALUE_TYPE":"WORK"}],"EMAIL":[{"VALUE":null,"VALUE_TYPE":"WORK"}],"TRACE":"{\u0022url\u0022:\u0022https:\/\/tinger.ru\/catalog\/tf4pro\/?utm_source=yandex\u0026utm_medium=cpc\u0026utm_campaign=mk_click_ru4ka_tf4_kval\u0026utm_content=17313678788\u0026utm_term=---autotargeting\u0026roistat=direct20_context_117660709_rsMasterGroup_rsMasterBanner_---autotargeting\u0026yclid=801564079519170559\u0026ybaip=1\u0022,\u0022ref\u0022:\u0022https:\/\/m.dzen.ru\/\u0022,\u0022device\u0022:{\u0022isMobile\u0022:true},\u0022tags\u0022:{\u0022ts\u0022:1758884688,\u0022list\u0022:{\u0022utm_source\u0022:\u0022yandex\u0022,\u0022utm_medium\u0022:\u0022cpc\u0022,\u0022utm_campaign\u0022:\u0022mk_click_ru4ka_tf4_kval\u0022,\u0022utm_content\u0022:\u002217313678788\u0022,\u0022utm_term\u0022:\u0022---autotargeting\u0022},\u0022gclid\u0022:null},\u0022client\u0022:{\u0022gaId\u0022:\u00221333318884.1754227209\u0022,\u0022yaId\u0022:\u00221754227209552147843\u0022},\u0022pages\u0022:{\u0022list\u0022:[[\u0022https:\/\/tinger.ru\/catalog\/tf4pro\/?utm_source=yandex\u0026utm_medium=cpc\u0026utm_campaign=mk_click_ru4ka_tf4_kval\u0026utm_content=17313678788\u0026utm_term=---autotargeting\u0026roistat=direct20_context_117660709_rsMasterGroup_rsMasterBanner_---autotargeting\u0026yclid=801564079519170559\u0026ybaip=1\u0022,1758884688,\u0022\u041d\u043e\u0432\u0435\u0439\u0448\u0438\u0439 \u0432\u0435\u0437\u0434\u0435\u0445\u043e\u0434 TINGER TF4 Pro\u0022],[\u0022https:\/\/tinger.ru\/configurator\/onlyconfigurator.php?selectModel=perelomka\u0026selectModify=TF4%20Pro,%20%D0%B4%D0%B2%D0%B8%D0%B3%D0%B0%D1%82%D0%B5%D0%BB%D1%8C%20%D0%92%D0%90%D0%97%2011182\u0022,1758884688,\u0022onlyconfigurator\u0022]]},\u0022gid\u0022:null,\u0022previous\u0022:{\u0022list\u0022:[{\u0022url\u0022:\u0022https:\/\/tinger.ru\/catalog\/tf4pro\/?utm_source=yandex\u0026utm_medium=cpc\u0026utm_campaign=mk_click_ru4ka_tf4_kval\u0026utm_content=17313678788\u0026utm_term=---autotargeting\u0026roistat=direct20_context_117660709_rsMasterGroup_rsMasterBanner_---autotargeting\u0026yclid=801564079519170559\u0026ybaip=1\u0022,\u0022device\u0022:{\u0022isMobile\u0022:true},\u0022tags\u0022:{\u0022ts\u0022:1755090549,\u0022list\u0022:{\u0022utm_medium\u0022:\u0022cpc\u0022,\u0022utm_campaign\u0022:\u0022mk_click_ru4ka_tf4_kval\u0022,\u0022utm_content\u0022:\u002216801571870\u0022,\u0022utm_term\u0022:\u0022---autotargeting\u0022},\u0022gclid\u0022:null},\u0022client\u0022:{\u0022gaId\u0022:\u00221333318884.1754227209\u0022,\u0022yaId\u0022:\u00221754227209552147843\u0022},\u0022pages\u0022:{\u0022list\u0022:[[\u0022https:\/\/tinger.ru\/\u0022,1755104312,\u0022\u0420\u043e\u0441\u0441\u0438\u0439\u0441\u043a\u0438\u0435 \u0432\u0435\u0437\u0434\u0435\u0445\u043e\u0434\u044b \u043e\u0442 \u043f\u0440\u043e\u0438\u0437\u0432\u043e\u0434\u0438\u0442\u0435\u043b\u044f TI\u0022],[\u0022https:\/\/tinger.ru\/catalog\/tf4long\/\u0022,1755104397,\u0022TINGER \u0434\u043b\u044f \u043f\u0440\u043e\u0444\u0435\u0441\u0441\u0438\u043e\u043d\u0430\u043b\u043e\u0432\u0022],[\u0022https:\/\/tinger.ru\/configurator\/\u0022,1755104403,\u0022\u041a\u043e\u043d\u0444\u0438\u0433\u0443\u0440\u0430\u0442\u043e\u0440 \u0432\u0435\u0437\u0434\u0435\u0445\u043e\u0434\u043d\u043e\u0439 \u0442\u0435\u0445\u043d\u0438\u043a\u0438\u0022],[\u0022https:\/\/tinger.ru\/catalog\/tf4pro\/?roistat=direct20_context_17246068893_%D0%B2%D0%B5%D0%B7%D0%B4%D0%B5%D1%85%D0%BE%D0%B4%20tinger%20tf4\u0026roistat_referrer=yandex.ru\u0026roistat_pos=none_0\u0026yclid=12591382016996147199\u0022,1757085144,\u0022\u041d\u043e\u0432\u0435\u0439\u0448\u0438\u0439 \u0432\u0435\u0437\u0434\u0435\u0445\u043e\u0434 TINGER TF4 Pro\u0022],[\u0022https:\/\/tinger.ru\/configurator\/onlyconfigurator.php?selectModel=perelomka\u0026selectModify=TF4%20Pro,%20%D0%B4%D0%B2%D0%B8%D0%B3%D0%B0%D1%82%D0%B5%D0%BB%D1%8C%20%D0%92%D0%90%D0%97%2011182\u0022,1757085145,\u0022onlyconfigurator\u0022]]},\u0022gid\u0022:null}]}}","UF_CRM_1736853511":"1754227209552147843","UF_CRM_1736853555":"1754227209552147843","UF_CRM_1736853537":"1754227209552147843","UF_CRM_1517561552":"3967361","COMMENTS":null,"TITLE":"\u0417\u0430\u044f\u0432\u043a\u0430 \u043f\u043e \u0441\u0435\u043d\u0442\u044f\u0431\u0440\u044c\u0441\u043a\u043e\u0439 \u0430\u043a\u0446\u0438\u0438 TINGER TF4 Pro","UF_CRM_1449663065":64,"ASSIGNED_BY_ID":58,"SOURCE_ID":"WEB"}}},"result":{"result":623930,"time":{"start":1758884712,"finish":1758884714.9889951,"duration":2.9889950752258301,"processing":2,"date_start":"2025-09-26T14:05:12+03:00","date_finish":"2025-09-26T14:05:14+03:00","operating_reset_at":1758885312,"operating":2.2552199363708496}}}