{"url":"https:\/\/tinger.bitrix24.ru\/rest\/190\/42tc2gxq8od2858i\/crm.lead.add.json","info":{"url":"https:\/\/tinger.bitrix24.ru\/rest\/190\/42tc2gxq8od2858i\/crm.lead.add.json","content_type":"application\/json; charset=utf-8","http_code":200,"header_size":1027,"request_size":207,"filetime":-1,"ssl_verify_result":0,"redirect_count":0,"total_time":1.687265,"namelookup_time":0.008933,"connect_time":0.010359,"pretransfer_time":0.018912999999999999,"size_upload":1885,"size_download":287,"speed_download":170,"speed_upload":1117,"download_content_length":-1,"upload_content_length":1885,"starttransfer_time":0.018918999999999998,"redirect_time":0,"redirect_url":"","primary_ip":"178.132.201.50","certinfo":[],"primary_port":443,"local_ip":"188.225.57.79","local_port":58036,"http_version":3,"protocol":2,"ssl_verifyresult":0,"scheme":"HTTPS","appconnect_time_us":18697,"connect_time_us":10359,"namelookup_time_us":8933,"pretransfer_time_us":18913,"redirect_time_us":0,"starttransfer_time_us":18919,"total_time_us":1687265},"params":{"method":"crm.lead.add","params":{"fields":{"NAME":"\u0410\u0440\u0441\u0435\u043d\u0438\u0439","PHONE":[{"VALUE":"+7 (963) 223-55-01","VALUE_TYPE":"WORK"}],"EMAIL":[{"VALUE":null,"VALUE_TYPE":"WORK"}],"TRACE":"{\u0022url\u0022:\u0022https:\/\/tinger.ru\/catalog\/perelomka\/?utm_source=yandex\u0026utm_medium=cpc\u0026utm_campaign=mk_click_tf4\u0026utm_content=16219861897\u0026utm_term=---autotargeting\u0026yclid=18018372614371672063\u0022,\u0022ref\u0022:\u0022https:\/\/yandex.ru\/images\/search?from=tabbar\u0026img_url=https%3A%2F%2Fget.wallhere.com%2Fphoto%2Fcat-face-grass-eyes-1061373.jpg\u0026lr=10834\u0026pos=11\u0026rpt=simage\u0026text=%D0%BA%D0%BE%D1%82%D0%B8%D0%BA%D0%B8\u0022,\u0022device\u0022:{\u0022isMobile\u0022:false},\u0022tags\u0022:{\u0022ts\u0022:1720193706,\u0022list\u0022:{\u0022utm_source\u0022:\u0022yandex\u0022,\u0022utm_medium\u0022:\u0022cpc\u0022,\u0022utm_campaign\u0022:\u0022mk_click_tf4\u0022,\u0022utm_content\u0022:\u002216219861897\u0022,\u0022utm_term\u0022:\u0022---autotargeting\u0022},\u0022gclid\u0022:null},\u0022client\u0022:{\u0022gaId\u0022:\u00221101464023.1720193706\u0022,\u0022yaId\u0022:\u00221720193706391838508\u0022},\u0022pages\u0022:{\u0022list\u0022:[[\u0022https:\/\/tinger.ru\/catalog\/perelomka\/?utm_source=yandex\u0026utm_medium=cpc\u0026utm_campaign=mk_click_tf4\u0026utm_content=16219861897\u0026utm_term=---autotargeting\u0026yclid=18018372614371672063\u0022,1720193707,\u0022\u041a\u0443\u043f\u0438\u0442\u044c \u0432\u0435\u0437\u0434\u0435\u0445\u043e\u0434 \u043f\u0435\u0440\u0435\u043b\u043e\u043c\u043a\u0443 TINGER TF4 \u0432 \u0420\u0022]]},\u0022gid\u0022:null,\u0022previous\u0022:{\u0022list\u0022:[]}}","COMMENTS":null,"TITLE":"\u041a\u0443\u043f\u0438\u0442\u044c \u0432\u0435\u0437\u0434\u0435\u0445\u043e\u0434 TINGER TF4","UF_CRM_1449663065":64,"ASSIGNED_BY_ID":58,"SOURCE_ID":"WEB"}}},"result":{"result":526586,"time":{"start":1720193814.2543349,"finish":1720193815.850446,"duration":1.5961110591888428,"processing":1.5584428310394287,"date_start":"2024-07-05T18:36:54+03:00","date_finish":"2024-07-05T18:36:55+03:00","operating_reset_at":1720194414,"operating":1.558413028717041}}}