{"url":"https:\/\/tinger.bitrix24.ru\/rest\/190\/42tc2gxq8od2858i\/crm.lead.add.json","info":{"url":"https:\/\/tinger.bitrix24.ru\/rest\/190\/42tc2gxq8od2858i\/crm.lead.add.json","content_type":"application\/json; charset=utf-8","http_code":200,"header_size":1034,"request_size":207,"filetime":-1,"ssl_verify_result":0,"redirect_count":0,"total_time":2.5810469999999999,"namelookup_time":0.017967,"connect_time":0.030823,"pretransfer_time":0.051513000000000003,"size_upload":2229,"size_download":286,"speed_download":110,"speed_upload":863,"download_content_length":-1,"upload_content_length":2229,"starttransfer_time":0.051515999999999999,"redirect_time":0,"redirect_url":"","primary_ip":"195.208.185.4","certinfo":[],"primary_port":443,"local_ip":"188.225.57.79","local_port":40008,"http_version":3,"protocol":2,"ssl_verifyresult":0,"scheme":"HTTPS","appconnect_time_us":51416,"connect_time_us":30823,"namelookup_time_us":17967,"pretransfer_time_us":51513,"redirect_time_us":0,"starttransfer_time_us":51516,"total_time_us":2581047},"params":{"method":"crm.lead.add","params":{"fields":{"NAME":"\u0415\u043b\u0435\u043d\u0430 ","PHONE":[{"VALUE":"+7 (922) 075-15-71","VALUE_TYPE":"WORK"}],"EMAIL":[{"VALUE":"luchelena1610@gmail.com","VALUE_TYPE":"WORK"}],"TRACE":"{\u0022url\u0022:\u0022https:\/\/tingard.ru\/?utm_source=yandex\u0026utm_medium=cpc\u0026utm_campaign=mk_rf\u0026utm_content=17178945128\u0026utm_term=%D0%BF%D0%BE%D0%B3%D1%80%D0%B5%D0%B1\u0026roistat=direct14_search_89463958_rsMasterGroup_rsMasterBanner_%D0%BF%D0%BE%D0%B3%D1%80%D0%B5%D0%B1\u0026yclid=14576543544287428607\u0022,\u0022ref\u0022:\u0022https:\/\/uslugi.yandex.ru\/\u0022,\u0022device\u0022:{\u0022isMobile\u0022:true},\u0022tags\u0022:{\u0022ts\u0022:1754758437,\u0022list\u0022:{\u0022utm_source\u0022:\u0022yandex\u0022,\u0022utm_medium\u0022:\u0022cpc\u0022,\u0022utm_campaign\u0022:\u0022mk_rf\u0022,\u0022utm_content\u0022:\u002217178945128\u0022,\u0022utm_term\u0022:\u0022\u043f\u043e\u0433\u0440\u0435\u0431\u0022},\u0022gclid\u0022:null},\u0022client\u0022:{\u0022yaId\u0022:\u00221754758438909311373\u0022},\u0022pages\u0022:{\u0022list\u0022:[[\u0022https:\/\/tingard.ru\/?utm_source=yandex\u0026utm_medium=cpc\u0026utm_campaign=mk_rf\u0026utm_content=17178945128\u0026utm_term=%D0%BF%D0%BE%D0%B3%D1%80%D0%B5%D0%B1\u0026roistat=direct14_search_89463958_rsMasterGroup_rsMasterBanner_%D0%BF%D0%BE%D0%B3%D1%80%D0%B5%D0%B1\u0026yclid=14576543544287428607\u0022,1754758437,\u0022TINGARD \u2014 \u0431\u0435\u0441\u0448\u043e\u0432\u043d\u044b\u0439 \u043f\u043b\u0430\u0441\u0442\u0438\u043a\u043e\u0432\u044b\u0439 \u043f\u043e\u0433\u0440\u0435\u0431 \u0441\u0022]]},\u0022gid\u0022:null,\u0022previous\u0022:{\u0022list\u0022:[]}}","UF_CRM_1736853511":"1754758438909311373","UF_CRM_1736853555":"1754758438909311373","UF_CRM_1736853537":"1754758438909311373","UF_CRM_1517561552":"3726411","COMMENTS":null,"TITLE":"\u0420\u0430\u0441\u0441\u0447\u0438\u0442\u0430\u0442\u044c \u0441\u0442\u043e\u0438\u043c\u043e\u0441\u0442\u044c \u043f\u043e\u0433\u0440\u0435\u0431\u0430","UF_CRM_1449663065":68,"ASSIGNED_BY_ID":58,"SOURCE_ID":9}}},"result":{"result":616060,"time":{"start":1754759214.573689,"finish":1754759217.024858,"duration":2.4511690139770508,"processing":2.4133589267730713,"date_start":"2025-08-09T20:06:54+03:00","date_finish":"2025-08-09T20:06:57+03:00","operating_reset_at":1754759814,"operating":2.4133310317993164}}}