{"url":"https:\/\/tinger.bitrix24.ru\/rest\/190\/42tc2gxq8od2858i\/crm.lead.add.json","info":{"url":"https:\/\/tinger.bitrix24.ru\/rest\/190\/42tc2gxq8od2858i\/crm.lead.add.json","content_type":"application\/json; charset=utf-8","http_code":200,"header_size":1028,"request_size":207,"filetime":-1,"ssl_verify_result":0,"redirect_count":0,"total_time":1.8405039999999999,"namelookup_time":0.009273,"connect_time":0.010947999999999999,"pretransfer_time":0.024225,"size_upload":2110,"size_download":289,"speed_download":157,"speed_upload":1146,"download_content_length":-1,"upload_content_length":2110,"starttransfer_time":0.024228,"redirect_time":0,"redirect_url":"","primary_ip":"178.132.201.52","certinfo":[],"primary_port":443,"local_ip":"188.225.57.79","local_port":45670,"http_version":3,"protocol":2,"ssl_verifyresult":0,"scheme":"HTTPS","appconnect_time_us":24036,"connect_time_us":10948,"namelookup_time_us":9273,"pretransfer_time_us":24225,"redirect_time_us":0,"starttransfer_time_us":24228,"total_time_us":1840504},"params":{"method":"crm.lead.add","params":{"fields":{"NAME":"\u0415\u0432\u0433\u0435\u043d\u0438\u0439","PHONE":[{"VALUE":null,"VALUE_TYPE":"WORK"}],"EMAIL":[{"VALUE":"dialkras@maill.ru","VALUE_TYPE":"WORK"}],"COMMENTS":"\u0414\u043e\u0431\u0440\u044b\u0439 \u0434\u0435\u043d\u044c, \u043f\u043e\u0434\u0441\u043a\u0430\u0436\u0438\u0442\u0435, \u0432\u043e\u0437\u043c\u043e\u0436\u043d\u043e \u043b\u0438 \u0441 \u0432\u0430\u0448\u0435\u0439 \u043a\u043e\u043c\u043f\u0430\u043d\u0438\u0435\u0439 \u0437\u0430\u043a\u043b\u044e\u0447\u0438\u0442\u044c \u0434\u0438\u043b\u0435\u0440\u0441\u043a\u0438\u0439 \u0434\u043e\u0433\u043e\u0432\u043e\u0440 \u043d\u0430 \u043f\u0440\u043e\u0434\u0430\u0436\u0443 \u043f\u043e\u0433\u0440\u0435\u0431\u043e\u0432 \u0432 \u041a\u0440\u0430\u0441\u043d\u043e\u044f\u0440\u0441\u043a\u0435, \u0443 \u043d\u0430\u0441 \u0438\u043c\u0435\u044e\u0442\u0441\u044f \u0437\u0430\u044f\u0432\u043a\u0438, \u0433\u043e\u0442\u043e\u0432\u044b \u043f\u0440\u0438\u043e\u0431\u0440\u0435\u0441\u0442\u0438 \u0441\u0435\u0439\u0447\u0430\u0441 \u0434\u0430\u0436\u0435. \u041d\u0430\u0448 \u0441\u0430\u0439\u0442 bio-septik24.ru, +79233510411","TRACE":"{\u0022url\u0022:\u0022https:\/\/tingard.ru\/\u0022,\u0022ref\u0022:\u0022https:\/\/yandex.ru\/\u0022,\u0022device\u0022:{\u0022isMobile\u0022:true},\u0022tags\u0022:{\u0022ts\u0022:1694447215,\u0022list\u0022:{},\u0022gclid\u0022:null},\u0022client\u0022:{\u0022yaId\u0022:\u00221694447215800909564\u0022},\u0022pages\u0022:{\u0022list\u0022:[[\u0022https:\/\/tingard.ru\/\u0022,1694447308,\u0022TINGARD \u2014 \u0431\u0435\u0441\u0448\u043e\u0432\u043d\u044b\u0439 \u043f\u043b\u0430\u0441\u0442\u0438\u043a\u043e\u0432\u044b\u0439 \u043f\u043e\u0433\u0440\u0435\u0431 \u2116\u0022]]},\u0022gid\u0022:null,\u0022previous\u0022:{\u0022list\u0022:[]}}","TITLE":"\u0421\u0432\u044f\u0437\u0430\u0442\u044c\u0441\u044f \u0441 \u043f\u0440\u043e\u0438\u0437\u0432\u043e\u0434\u0438\u0442\u0435\u043b\u0435\u043c","UF_CRM_1449663065":68,"ASSIGNED_BY_ID":58,"SOURCE_ID":9}}},"result":{"result":469376,"time":{"start":1694447504.1369531,"finish":1694447505.9010479,"duration":1.7640948295593262,"processing":1.7256338596343994,"date_start":"2023-09-11T18:51:44+03:00","date_finish":"2023-09-11T18:51:45+03:00","operating_reset_at":1694448104,"operating":1.7256081104278564}}}