{"url":"https:\/\/tinger.bitrix24.ru\/rest\/190\/42tc2gxq8od2858i\/crm.lead.add.json","info":{"url":"https:\/\/tinger.bitrix24.ru\/rest\/190\/42tc2gxq8od2858i\/crm.lead.add.json","content_type":"application\/json; charset=utf-8","http_code":200,"header_size":1034,"request_size":207,"filetime":-1,"ssl_verify_result":0,"redirect_count":0,"total_time":1.746057,"namelookup_time":0.019678000000000001,"connect_time":0.031876000000000002,"pretransfer_time":0.051289000000000001,"size_upload":1932,"size_download":289,"speed_download":165,"speed_upload":1106,"download_content_length":-1,"upload_content_length":1932,"starttransfer_time":0.051292999999999998,"redirect_time":0,"redirect_url":"","primary_ip":"195.208.185.4","certinfo":[],"primary_port":443,"local_ip":"188.225.57.79","local_port":40652,"http_version":3,"protocol":2,"ssl_verifyresult":0,"scheme":"HTTPS","appconnect_time_us":51171,"connect_time_us":31876,"namelookup_time_us":19678,"pretransfer_time_us":51289,"redirect_time_us":0,"starttransfer_time_us":51293,"total_time_us":1746057},"params":{"method":"crm.lead.add","params":{"fields":{"NAME":"\u0410\u043d\u0434\u0440\u0435\u0439","PHONE":[{"VALUE":"+7 (963) 917-21-05","VALUE_TYPE":"WORK"}],"EMAIL":[{"VALUE":null,"VALUE_TYPE":"WORK"}],"TRACE":"{\u0022url\u0022:\u0022https:\/\/tinger.ru\/catalog\/tinger-track-2\/\u0022,\u0022ref\u0022:\u0022http:\/\/cskvvs.com\/\u0022,\u0022device\u0022:{\u0022isMobile\u0022:false},\u0022tags\u0022:{\u0022ts\u0022:1734509071,\u0022list\u0022:{\u0022utm_source\u0022:\u0022yandex\u0022,\u0022utm_medium\u0022:\u0022cpc\u0022,\u0022utm_campaign\u0022:\u0022mk_click_tf4\u0022,\u0022utm_content\u0022:\u002216623890244\u0022,\u0022utm_term\u0022:\u0022---autotargeting\u0022},\u0022gclid\u0022:null},\u0022client\u0022:{\u0022gaId\u0022:\u0022119325339.1734509072\u0022,\u0022yaId\u0022:\u00221734509072786310714\u0022},\u0022pages\u0022:{\u0022list\u0022:[[\u0022https:\/\/tinger.ru\/catalog\/perelomka\/?utm_source=yandex\u0026utm_medium=cpc\u0026utm_campaign=mk_click_tf4\u0026utm_content=16623890244\u0026utm_term=---autotargeting\u0026roistat=direct20_context_111795943_rsMasterGroup_rsMasterBanner_---autotargeting\u0026yclid=12007830509618987007\u0022,1734509072,\u0022\u041a\u0443\u043f\u0438\u0442\u044c \u0432\u0435\u0437\u0434\u0435\u0445\u043e\u0434 \u043f\u0435\u0440\u0435\u043b\u043e\u043c\u043a\u0443 TINGER TF4 \u0432 \u0420\u0022],[\u0022https:\/\/tinger.ru\/catalog\/tinger-track-2\/\u0022,1734509114,\u0022\u0412\u0435\u0437\u0434\u0435\u0445\u043e\u0434\u044b \u043d\u0430 \u0433\u0443\u0441\u0435\u043d\u0438\u0446\u0430\u0445\\nTINGER Track 2\u0022]]},\u0022gid\u0022:null,\u0022previous\u0022:{\u0022list\u0022:[]}}","UF_CRM_1517561552":"3786435","COMMENTS":null,"TITLE":"\u0417\u0430\u043f\u0438\u0441\u0430\u0442\u044c\u0441\u044f \u043d\u0430 \u0447\u0430\u0441\u043e\u0432\u043e\u0439 \u0442\u0435\u0441\u0442-\u0434\u0440\u0430\u0439\u0432 TINGER Track 2","UF_CRM_1449663065":64,"ASSIGNED_BY_ID":58,"SOURCE_ID":"WEB"}}},"result":{"result":570790,"time":{"start":1734509288.5275841,"finish":1734509290.1397741,"duration":1.6121900081634521,"processing":1.5814449787139893,"date_start":"2024-12-18T11:08:08+03:00","date_finish":"2024-12-18T11:08:10+03:00","operating_reset_at":1734509888,"operating":6.0051579475402832}}}