{"url":"https:\/\/tinger.bitrix24.ru\/rest\/190\/42tc2gxq8od2858i\/crm.lead.add.json","info":{"url":"https:\/\/tinger.bitrix24.ru\/rest\/190\/42tc2gxq8od2858i\/crm.lead.add.json","content_type":"application\/json; charset=utf-8","http_code":200,"header_size":1134,"request_size":207,"filetime":-1,"ssl_verify_result":0,"redirect_count":0,"total_time":2.935972,"namelookup_time":0.018044000000000001,"connect_time":0.029530000000000001,"pretransfer_time":0.054496999999999997,"size_upload":2118,"size_download":288,"speed_download":98,"speed_upload":721,"download_content_length":-1,"upload_content_length":2118,"starttransfer_time":0.054498999999999999,"redirect_time":0,"redirect_url":"","primary_ip":"46.235.53.67","certinfo":[],"primary_port":443,"local_ip":"188.225.57.79","local_port":49270,"http_version":3,"protocol":2,"ssl_verifyresult":0,"scheme":"HTTPS","appconnect_time_us":54317,"connect_time_us":29530,"namelookup_time_us":18044,"pretransfer_time_us":54497,"redirect_time_us":0,"starttransfer_time_us":54499,"total_time_us":2935972},"params":{"method":"crm.lead.add","params":{"fields":{"UF_CRM_1449663065":null,"SOURCE_ID":"WEB","ASSIGNED_BY_ID":"58","TITLE":null,"NAME":null,"PHONE":[{"VALUE":null,"VALUE_TYPE":"WORK"}],"EMAIL":[{"VALUE":null,"VALUE_TYPE":"WORK"}],"COMMENTS":null,"TRACE":"{\u0022url\u0022:\u0022https:\/\/tinger.ru\/\u0022,\u0022device\u0022:{\u0022isMobile\u0022:false},\u0022tags\u0022:{\u0022ts\u0022:1685682211,\u0022list\u0022:{},\u0022gclid\u0022:null},\u0022client\u0022:{\u0022gaId\u0022:\u00221318044515.1678340612\u0022,\u0022yaId\u0022:\u00221678340612692476700\u0022},\u0022pages\u0022:{\u0022list\u0022:[[\u0022https:\/\/tinger.ru\/catalog\/tinger-armor\/\u0022,1687779812,\u0022\u041a\u0443\u043f\u0438\u0442\u044c \u0432\u0435\u0437\u0434\u0435\u0445\u043e\u0434\u044b \u043d\u0430 \u0448\u0438\u043d\u0430\u0445 \u043d\u0438\u0437\u043a\u043e\u0433\u043e \u0434\u0430\u0432\u043b\u0435\u043d\u0022],[\u0022https:\/\/tinger.ru\/catalog\/tinger-track-2\/\u0022,1687933533,\u0022\u041a\u0443\u043f\u0438\u0442\u044c \u0432\u0435\u0437\u0434\u0435\u0445\u043e\u0434\u044b \u043d\u0430 \u0433\u0443\u0441\u0435\u043d\u0438\u0446\u0430\u0445 \u0432 \u0420\u043e\u0441\u0441\u0438\u0438\\nT\u0022],[\u0022https:\/\/tinger.ru\/?crm-entity=lead\u0026crm-title=%D0%9A%D1%83%D0%BF%D0%B8%D1%82%D1%8C+%D0%B2%D0%B5%D0%B7%D0%B4%D0%B5%D1%85%D0%BE%D0%B4\u0026crm-sale-direction=64\u0026crm-responsible=58\u0026policy=on\u0022,1687933645,\u0022\u0412\u0435\u0437\u0434\u0435\u0445\u043e\u0434\u044b \u0438 \u0431\u043e\u043b\u043e\u0442\u043e\u0445\u043e\u0434\u044b \u043e\u0442 \u043f\u0440\u043e\u0438\u0437\u0432\u043e\u0434\u0438\u0442\u0435\u043b\u044f \u0022],[\u0022https:\/\/tinger.ru\/thanks\/\u0022,1687933682,\u0022\u0421\u043f\u0430\u0441\u0438\u0431\u043e \u0437\u0430 \u0437\u0430\u044f\u0432\u043a\u0443\u0022],[\u0022https:\/\/tinger.ru\/\u0022,1687934490,\u0022\u0412\u0435\u0437\u0434\u0435\u0445\u043e\u0434\u044b \u0438 \u0431\u043e\u043b\u043e\u0442\u043e\u0445\u043e\u0434\u044b \u043e\u0442 \u043f\u0440\u043e\u0438\u0437\u0432\u043e\u0434\u0438\u0442\u0435\u043b\u044f \u0022]]},\u0022gid\u0022:null,\u0022previous\u0022:{\u0022list\u0022:[]}}"}}},"result":{"result":453624,"time":{"start":1687934493.515491,"finish":1687934496.3103089,"duration":2.7948179244995117,"processing":2.7489829063415527,"date_start":"2023-06-28T09:41:33+03:00","date_finish":"2023-06-28T09:41:36+03:00","operating_reset_at":1687935093,"operating":2.7489538192749023}}}