{"url":"https:\/\/tinger.bitrix24.ru\/rest\/190\/42tc2gxq8od2858i\/crm.lead.add.json","info":{"url":"https:\/\/tinger.bitrix24.ru\/rest\/190\/42tc2gxq8od2858i\/crm.lead.add.json","content_type":"application\/json; charset=utf-8","http_code":200,"header_size":1026,"request_size":207,"filetime":-1,"ssl_verify_result":0,"redirect_count":0,"total_time":2.3470089999999999,"namelookup_time":0.040509999999999997,"connect_time":0.042305000000000002,"pretransfer_time":0.058266999999999999,"size_upload":2730,"size_download":288,"speed_download":122,"speed_upload":1163,"download_content_length":-1,"upload_content_length":2730,"starttransfer_time":0.058270000000000002,"redirect_time":0,"redirect_url":"","primary_ip":"178.132.201.50","certinfo":[],"primary_port":443,"local_ip":"188.225.57.79","local_port":43494,"http_version":3,"protocol":2,"ssl_verifyresult":0,"scheme":"HTTPS","appconnect_time_us":58000,"connect_time_us":42305,"namelookup_time_us":40510,"pretransfer_time_us":58267,"redirect_time_us":0,"starttransfer_time_us":58270,"total_time_us":2347009},"params":{"method":"crm.lead.add","params":{"fields":{"NAME":"\u0420\u043e\u043c\u0430\u043d \u042e\u0440\u044c\u0435\u0432\u0438\u0447 \u041e\u0441\u043e\u0446\u043a\u0438\u0439","PHONE":[{"VALUE":"+7 (965) 671-00-32","VALUE_TYPE":"WORK"}],"EMAIL":[{"VALUE":"oroman-72@mail.ru","VALUE_TYPE":"WORK"}],"COMMENTS":"\u0417\u0434\u0440\u0430\u0432\u0441\u0442\u0432\u0443\u0439\u0442\u0435! \u0430 \u0433\u0434\u0435 \u0438\u043d\u0444\u043e\u0440\u043c\u0430\u0446\u0438\u044f \u043f\u043e \u043c\u043e\u0441\u0442\u0430\u043c, \u043a\u0430\u0440\u0434\u0430\u043d\u0430\u043c \u0438 \u0442.\u043f. \u0415\u0441\u043b\u0438 \u0435\u0441\u0442\u044c \u0432\u043e\u0437\u043c\u043e\u0436\u043d\u043e\u0441\u0442\u044c \u0441\u043a\u0438\u043d\u044c\u0442\u0435 \u043c\u043d\u0435.","TRACE":"{\u0022url\u0022:\u0022https:\/\/tinger.ru\/contacts\/\u0022,\u0022ref\u0022:\u0022https:\/\/yandex.ru\/pogoda\/?lat=51.93746948\u0026lon=129.5843353\u0026via=ssc\u0026utm_source=serp\u0022,\u0022device\u0022:{\u0022isMobile\u0022:false},\u0022tags\u0022:{\u0022ts\u0022:1695856698,\u0022list\u0022:{\u0022utm_source\u0022:\u0022yandex\u0022,\u0022utm_medium\u0022:\u0022cpc\u0022,\u0022utm_campaign\u0022:\u0022mk_auto_tf4\u0022,\u0022utm_content\u0022:\u002214985045760\u0022,\u0022utm_term\u0022:\u0022---autotargeting\u0022},\u0022gclid\u0022:null},\u0022client\u0022:{\u0022gaId\u0022:\u00221107570708.1695856698\u0022,\u0022yaId\u0022:\u00221695856698220831536\u0022},\u0022pages\u0022:{\u0022list\u0022:[[\u0022https:\/\/tinger.ru\/catalog\/perelomka\/?utm_source=yandex\u0026utm_medium=cpc\u0026utm_campaign=mk_auto_tf4\u0026utm_content=14985045760\u0026utm_term=---autotargeting\u0026yclid=5684297005309956687\u0022,1695856698,\u0022\u041a\u0443\u043f\u0438\u0442\u044c \u0432\u0435\u0437\u0434\u0435\u0445\u043e\u0434 \u043f\u0435\u0440\u0435\u043b\u043e\u043c\u043a\u0443 TINGER TF4 \u0432 \u0420\u0022],[\u0022https:\/\/tinger.ru\/catalog\/perelomka\/\u0022,1695856748,\u0022\u041a\u0443\u043f\u0438\u0442\u044c \u0432\u0435\u0437\u0434\u0435\u0445\u043e\u0434 \u043f\u0435\u0440\u0435\u043b\u043e\u043c\u043a\u0443 TINGER TF4 \u0432 \u0420\u0022],[\u0022https:\/\/tinger.ru\/contacts\/\u0022,1695857343,\u0022\u041a\u043e\u043d\u0442\u0430\u043a\u0442\u044b \u0433\u0440\u0443\u043f\u043f\u044b \u043a\u043e\u043c\u043f\u0430\u043d\u0438\u0439 TINGER\u0022]]},\u0022gid\u0022:null,\u0022previous\u0022:{\u0022list\u0022:[]}}","TITLE":"\u0412\u043e\u043f\u0440\u043e\u0441\u044b, \u0437\u0430\u043c\u0435\u0447\u0430\u043d\u0438\u044f \u0438\u043b\u0438 \u043f\u0440\u0435\u0434\u043b\u043e\u0436\u0435\u043d\u0438\u044f","UF_CRM_1449663065":64,"ASSIGNED_BY_ID":58,"SOURCE_ID":"WEB"}}},"result":{"result":473158,"time":{"start":1695857444.928709,"finish":1695857447.1463809,"duration":2.2176718711853027,"processing":2.1785919666290283,"date_start":"2023-09-28T02:30:44+03:00","date_finish":"2023-09-28T02:30:47+03:00","operating_reset_at":1695858044,"operating":2.1785669326782227}}}