{"url":"https:\/\/tinger.bitrix24.ru\/rest\/190\/42tc2gxq8od2858i\/crm.lead.add.json","info":{"url":"https:\/\/tinger.bitrix24.ru\/rest\/190\/42tc2gxq8od2858i\/crm.lead.add.json","content_type":"application\/json; charset=utf-8","http_code":200,"header_size":1034,"request_size":207,"filetime":-1,"ssl_verify_result":0,"redirect_count":0,"total_time":2.1057489999999999,"namelookup_time":0.0019189999999999999,"connect_time":0.011823,"pretransfer_time":0.032053999999999999,"size_upload":1854,"size_download":286,"speed_download":135,"speed_upload":880,"download_content_length":-1,"upload_content_length":1854,"starttransfer_time":0.032057000000000002,"redirect_time":0,"redirect_url":"","primary_ip":"195.208.185.4","certinfo":[],"primary_port":443,"local_ip":"188.225.57.79","local_port":39922,"http_version":3,"protocol":2,"ssl_verifyresult":0,"scheme":"HTTPS","appconnect_time_us":31914,"connect_time_us":11823,"namelookup_time_us":1919,"pretransfer_time_us":32054,"redirect_time_us":0,"starttransfer_time_us":32057,"total_time_us":2105749},"params":{"method":"crm.lead.add","params":{"fields":{"NAME":"\u0413\u0435\u043e\u0440\u0433\u0438\u0439","PHONE":[{"VALUE":"+7 (929) 670-94-08","VALUE_TYPE":"WORK"}],"TRACE":"{\u0022url\u0022:\u0022https:\/\/tingard.ru\/?utm_source=yandex\u0026utm_medium=cpc\u0026utm_campaign=mk_rf\u0026utm_content=14460640497\u0026utm_term=---autotargeting\u0026roistat=direct14_context_89463958_rsMasterGroup_rsMasterBanner_---autotargeting\u0026yclid=8798412577763491839\u0022,\u0022ref\u0022:\u0022https:\/\/mail.ru\/\u0022,\u0022device\u0022:{\u0022isMobile\u0022:false},\u0022tags\u0022:{\u0022ts\u0022:1744805352,\u0022list\u0022:{\u0022utm_source\u0022:\u0022yandex\u0022,\u0022utm_medium\u0022:\u0022cpc\u0022,\u0022utm_campaign\u0022:\u0022mk_rf\u0022,\u0022utm_content\u0022:\u002214460640497\u0022,\u0022utm_term\u0022:\u0022---autotargeting\u0022},\u0022gclid\u0022:null},\u0022client\u0022:{\u0022yaId\u0022:\u0022174445691197953926\u0022},\u0022pages\u0022:{\u0022list\u0022:[[\u0022https:\/\/tingard.ru\/?utm_source=yandex\u0026utm_medium=cpc\u0026utm_campaign=mk_rf\u0026utm_content=14460640497\u0026utm_term=---autotargeting\u0026roistat=direct14_context_89463958_rsMasterGroup_rsMasterBanner_---autotargeting\u0026yclid=8798412577763491839\u0022,1744805353,\u0022TINGARD \u2014 \u0431\u0435\u0441\u0448\u043e\u0432\u043d\u044b\u0439 \u043f\u043b\u0430\u0441\u0442\u0438\u043a\u043e\u0432\u044b\u0439 \u043f\u043e\u0433\u0440\u0435\u0431 \u2116\u0022]]},\u0022gid\u0022:null,\u0022previous\u0022:{\u0022list\u0022:[]}}","UF_CRM_1736853511":"174445691197953926","UF_CRM_1736853555":"174445691197953926","UF_CRM_1736853537":"174445691197953926","UF_CRM_1517561552":"3636347","COMMENTS":null,"TITLE":"\u0417\u0430\u043a\u0430\u0437\u0430\u0442\u044c \u043f\u043e\u0433\u0440\u0435\u0431","UF_CRM_1449663065":68,"ASSIGNED_BY_ID":58,"SOURCE_ID":9}}},"result":{"result":590454,"time":{"start":1744805361.5530729,"finish":1744805363.5393,"duration":1.9862270355224609,"processing":1.9495010375976562,"date_start":"2025-04-16T15:09:21+03:00","date_finish":"2025-04-16T15:09:23+03:00","operating_reset_at":1744805961,"operating":5.7517030239105225}}}