{"url":"https:\/\/tinger.bitrix24.ru\/rest\/190\/42tc2gxq8od2858i\/crm.lead.add.json","info":{"url":"https:\/\/tinger.bitrix24.ru\/rest\/190\/42tc2gxq8od2858i\/crm.lead.add.json","content_type":"application\/json; charset=utf-8","http_code":200,"header_size":1034,"request_size":207,"filetime":-1,"ssl_verify_result":0,"redirect_count":0,"total_time":1.2731440000000001,"namelookup_time":0.0023080000000000002,"connect_time":0.014298999999999999,"pretransfer_time":0.033855000000000003,"size_upload":2042,"size_download":289,"speed_download":227,"speed_upload":1604,"download_content_length":-1,"upload_content_length":2042,"starttransfer_time":0.033856999999999998,"redirect_time":0,"redirect_url":"","primary_ip":"46.235.53.67","certinfo":[],"primary_port":443,"local_ip":"188.225.57.79","local_port":54510,"http_version":3,"protocol":2,"ssl_verifyresult":0,"scheme":"HTTPS","appconnect_time_us":33760,"connect_time_us":14299,"namelookup_time_us":2308,"pretransfer_time_us":33855,"redirect_time_us":0,"starttransfer_time_us":33857,"total_time_us":1273144},"params":{"method":"crm.lead.add","params":{"fields":{"NAME":"\u041b\u044e\u0434\u043c\u0438\u043b\u0430 ","PHONE":[{"VALUE":"8 (914) 033-33-23","VALUE_TYPE":"WORK"}],"EMAIL":[{"VALUE":null,"VALUE_TYPE":"WORK"}],"TRACE":"{\u0022url\u0022:\u0022https:\/\/tingard.ru\/?roistat=direct14_context_16225318444_---autotargeting\u0026roistat_referrer=krasnodar.regtorg.ru\u0026roistat_pos=none_0\u0026y_ref=krasnodar.regtorg.ru\u0026utm_source=yandex\u0026utm_medium=cpc\u0026utm_campaign=rsya-click\u0026utm_content=16225318444\u0026utm_term=krasnodar.regtorg.ru\u0026yclid=9421565596377022463\u0022,\u0022ref\u0022:\u0022https:\/\/krasnodar.regtorg.ru\/\u0022,\u0022device\u0022:{\u0022isMobile\u0022:true},\u0022tags\u0022:{\u0022ts\u0022:1727856720,\u0022list\u0022:{\u0022utm_source\u0022:\u0022yandex\u0022,\u0022utm_medium\u0022:\u0022cpc\u0022,\u0022utm_campaign\u0022:\u0022rsya-click\u0022,\u0022utm_content\u0022:\u002216225318444\u0022,\u0022utm_term\u0022:\u0022krasnodar.regtorg.ru\u0022},\u0022gclid\u0022:null},\u0022client\u0022:{\u0022yaId\u0022:\u0022172785671967105233\u0022},\u0022pages\u0022:{\u0022list\u0022:[[\u0022https:\/\/tingard.ru\/?roistat=direct14_context_16225318444_---autotargeting\u0026roistat_referrer=krasnodar.regtorg.ru\u0026roistat_pos=none_0\u0026y_ref=krasnodar.regtorg.ru\u0026utm_source=yandex\u0026utm_medium=cpc\u0026utm_campaign=rsya-click\u0026utm_content=16225318444\u0026utm_term=krasnodar.regtorg.ru\u0026yclid=9421565596377022463\u0022,1727856720,\u0022TINGARD \u2014 \u0431\u0435\u0441\u0448\u043e\u0432\u043d\u044b\u0439 \u043f\u043b\u0430\u0441\u0442\u0438\u043a\u043e\u0432\u044b\u0439 \u043f\u043e\u0433\u0440\u0435\u0431 \u2116\u0022]]},\u0022gid\u0022:null,\u0022previous\u0022:{\u0022list\u0022:[]}}","UF_CRM_1517561552":"3488089","COMMENTS":null,"TITLE":"\u0423\u0437\u043d\u0430\u0442\u044c \u043f\u043e\u0434\u0440\u043e\u0431\u043d\u0435\u0435 \u043e \u043d\u043e\u0432\u043e\u043c \u043f\u043e\u0433\u0440\u0435\u0431\u0435 TINGARD 1900\u0411\u041a","UF_CRM_1449663065":68,"ASSIGNED_BY_ID":58,"SOURCE_ID":9}}},"result":{"result":553100,"time":{"start":1727856812.6169181,"finish":1727856813.7760949,"duration":1.1591768264770508,"processing":1.1247777938842773,"date_start":"2024-10-02T11:13:32+03:00","date_finish":"2024-10-02T11:13:33+03:00","operating_reset_at":1727857412,"operating":2.2775352001190186}}}