{"url":"https:\/\/tinger.bitrix24.ru\/rest\/190\/42tc2gxq8od2858i\/crm.lead.add.json","info":{"url":"https:\/\/tinger.bitrix24.ru\/rest\/190\/42tc2gxq8od2858i\/crm.lead.add.json","content_type":"application\/json; charset=utf-8","http_code":200,"header_size":1033,"request_size":207,"filetime":-1,"ssl_verify_result":0,"redirect_count":0,"total_time":2.466199,"namelookup_time":0.013533999999999999,"connect_time":0.030228000000000001,"pretransfer_time":0.050901000000000002,"size_upload":4012,"size_download":288,"speed_download":116,"speed_upload":1626,"download_content_length":-1,"upload_content_length":4012,"starttransfer_time":0.050902999999999997,"redirect_time":0,"redirect_url":"","primary_ip":"195.208.185.4","certinfo":[],"primary_port":443,"local_ip":"188.225.57.79","local_port":48212,"http_version":3,"protocol":2,"ssl_verifyresult":0,"scheme":"HTTPS","appconnect_time_us":50752,"connect_time_us":30228,"namelookup_time_us":13534,"pretransfer_time_us":50901,"redirect_time_us":0,"starttransfer_time_us":50903,"total_time_us":2466199},"params":{"method":"crm.lead.add","params":{"fields":{"NAME":"\u0421\u0435\u0440\u0433\u0435\u0439 \u0427\u0435\u0431\u043e\u0442\u0430\u0440\u0435\u0432","PHONE":[{"VALUE":"+7 (903) 118-63-77","VALUE_TYPE":"WORK"}],"EMAIL":[{"VALUE":"sergei.chebotaryov2014@yandex.ru","VALUE_TYPE":"WORK"}],"COMMENTS":"\u0414\u043e\u0431\u0440\u044b\u0439 \u0434\u0435\u043d\u044c. \u041c\u0435\u043d\u044f \u0437\u043e\u0432\u0443\u0442 \u0427\u0435\u0431\u043e\u0442\u0430\u0440\u0435\u0432 \u0421\u0435\u0440\u0433\u0435\u0439. \u041c\u0435\u043d\u044f \u0438\u043d\u0442\u0435\u0440\u0435\u0441\u0443\u0435\u0442 \u043a\u0430\u0440\u0430\u043a\u0430\u0442 \u043f\u0435\u0440\u0435\u043b\u043e\u043c\u043a\u0430, \u0430 \u0442\u043e\u0447\u043d\u0435\u0435 \u0430\u0440\u0435\u043d\u0434\u0430 \u043a\u0430\u0440\u0430\u043a\u0430\u0442\u0430, \u043f\u0440\u0435\u0434\u043e\u0441\u0442\u0430\u0432\u043b\u044f\u0435\u0442\u0435 \u043b\u0438 \u0432\u044b \u0442\u0430\u043a\u0443\u044e \u0443\u0441\u043b\u0443\u0433\u0443?? \u043f\u043e\u043a\u0430\u0442\u0430\u0442\u044c\u0441\u044f \u0445\u043e\u0447\u0443 \u043f\u043e \u043a\u043e\u0440\u0435\u043b\u0438\u0438 \u0442\u043e\u0447\u043d\u0435\u0435 \u043d\u0430 \u041a\u043e\u0436\u043e\u0437\u0435\u0440\u043e \u0441\u044a\u0435\u0437\u0434\u0438\u0442\u044c\/ \u041d\u0435\u043e\u0431\u0445\u043e\u0434\u0438\u043c\u043e \u0434\u043e\u0441\u0442\u0430\u0432\u0438\u0442\u044c \u043c\u0435\u043d\u044f \u0441 \u043a\u0430\u0440\u0430\u043a\u0430\u0442\u043e\u043c \u0434\u043e \u0442\u043e\u0447\u043a\u0438 (\u0434\u043e\u0440\u043e\u0433\u0430 \u043d\u0430 \u041e\u043d\u0435\u0433\u0443, \u0441\u044a\u0435\u0437\u0434 \u0441 \u0442\u0440\u0430\u0441\u0441\u044b \u043d\u0430 \u0410\u0440\u0445\u0430\u043d\u0433\u0435\u043b\u044c\u0441\u043a \u043f\u043e\u0441\u043b\u0435 \u041f\u043b\u0435\u0441\u0435\u0446\u043a\u0430 ) \u0438 \u0437\u0430\u0431\u0440\u0430\u0442\u044c \u043e\u0442 \u0442\u0443\u0434\u0430 \u0447\u0435\u0440\u0435\u0437 \u043d\u0435\u0434\u0435\u043b\u044e\r\n\r\n89856832546 \u0422\u0435\u043b\u0435\u0433\u0440\u0430\u043c\u043c, WhatsApp","TRACE":"{\u0022url\u0022:\u0022https:\/\/tinger.ru\/contacts\/\u0022,\u0022ref\u0022:\u0022https:\/\/yandex.ru\/\u0022,\u0022device\u0022:{\u0022isMobile\u0022:false},\u0022tags\u0022:{\u0022ts\u0022:1695205587,\u0022list\u0022:{\u0022utm_source\u0022:\u0022yandex\u0022,\u0022utm_medium\u0022:\u0022cpc\u0022,\u0022utm_campaign\u0022:\u0022mk_auto_tf4_click\u0022,\u0022utm_content\u0022:\u002215014346966\u0022,\u0022utm_term\u0022:\u0022---autotargeting\u0022},\u0022gclid\u0022:null},\u0022client\u0022:{\u0022gaId\u0022:\u0022522534107.1695205587\u0022,\u0022yaId\u0022:\u00221695205587358097128\u0022},\u0022pages\u0022:{\u0022list\u0022:[[\u0022https:\/\/tinger.ru\/catalog\/perelomka\/?utm_source=yandex\u0026utm_medium=cpc\u0026utm_campaign=mk_auto_tf4_click\u0026utm_content=15014346966\u0026utm_term=---autotargeting\u0026yclid=4370200540938239999\u0022,1695205588,\u0022\u041a\u0443\u043f\u0438\u0442\u044c \u0432\u0435\u0437\u0434\u0435\u0445\u043e\u0434 \u043f\u0435\u0440\u0435\u043b\u043e\u043c\u043a\u0443 TINGER TF4 \u0432 \u0420\u0022],[\u0022https:\/\/tinger.ru\/catalog\/perelomka\/\u0022,1695205644,\u0022\u041a\u0443\u043f\u0438\u0442\u044c \u0432\u0435\u0437\u0434\u0435\u0445\u043e\u0434 \u043f\u0435\u0440\u0435\u043b\u043e\u043c\u043a\u0443 TINGER TF4 \u0432 \u0420\u0022],[\u0022https:\/\/tinger.ru\/contacts\/\u0022,1695205735,\u0022\u041a\u043e\u043d\u0442\u0430\u043a\u0442\u044b \u0433\u0440\u0443\u043f\u043f\u044b \u043a\u043e\u043c\u043f\u0430\u043d\u0438\u0439 TINGER\u0022]]},\u0022gid\u0022:null,\u0022previous\u0022:{\u0022list\u0022:[]}}","TITLE":"\u0412\u043e\u043f\u0440\u043e\u0441\u044b, \u0437\u0430\u043c\u0435\u0447\u0430\u043d\u0438\u044f \u0438\u043b\u0438 \u043f\u0440\u0435\u0434\u043b\u043e\u0436\u0435\u043d\u0438\u044f","UF_CRM_1449663065":64,"ASSIGNED_BY_ID":58,"SOURCE_ID":"WEB"}}},"result":{"result":471592,"time":{"start":1695205940.187861,"finish":1695205942.5372081,"duration":2.3493471145629883,"processing":2.3070647716522217,"date_start":"2023-09-20T13:32:20+03:00","date_finish":"2023-09-20T13:32:22+03:00","operating_reset_at":1695206540,"operating":2.3070390224456787}}}