{"url":"https:\/\/tinger.bitrix24.ru\/rest\/190\/42tc2gxq8od2858i\/crm.lead.add.json","info":{"url":"https:\/\/tinger.bitrix24.ru\/rest\/190\/42tc2gxq8od2858i\/crm.lead.add.json","content_type":"application\/json; charset=utf-8","http_code":200,"header_size":1030,"request_size":207,"filetime":-1,"ssl_verify_result":0,"redirect_count":0,"total_time":2.1673049999999998,"namelookup_time":0.0016659999999999999,"connect_time":0.011467,"pretransfer_time":0.030599999999999999,"size_upload":3240,"size_download":288,"speed_download":132,"speed_upload":1495,"download_content_length":-1,"upload_content_length":3240,"starttransfer_time":0.030603000000000002,"redirect_time":0,"redirect_url":"","primary_ip":"89.208.228.119","certinfo":[],"primary_port":443,"local_ip":"188.225.57.79","local_port":42962,"http_version":3,"protocol":2,"ssl_verifyresult":0,"scheme":"HTTPS","appconnect_time_us":30491,"connect_time_us":11467,"namelookup_time_us":1666,"pretransfer_time_us":30600,"redirect_time_us":0,"starttransfer_time_us":30603,"total_time_us":2167305},"params":{"method":"crm.lead.add","params":{"fields":{"NAME":"\u0422\u0435\u043f\u043b\u043e\u0443\u0445\u043e\u0432 \u041d\u0438\u043a\u043e\u043b\u0430\u0439","PHONE":[{"VALUE":"+7 (962) 733-22-55","VALUE_TYPE":"WORK"}],"EMAIL":[{"VALUE":null,"VALUE_TYPE":"WORK"}],"TRACE":"{\u0022url\u0022:\u0022https:\/\/tinger.ru\/catalog\/perelomka\/?utm_source=yandex\u0026utm_medium=cpc\u0026utm_campaign=mk_click_tf4\u0026utm_content=16219861901\u0026utm_term=---autotargeting\u0026yclid=13809630405877563391\u0022,\u0022device\u0022:{\u0022isMobile\u0022:true},\u0022tags\u0022:{\u0022ts\u0022:1718793614,\u0022list\u0022:{\u0022utm_source\u0022:\u0022yandex\u0022,\u0022utm_medium\u0022:\u0022cpc\u0022,\u0022utm_campaign\u0022:\u0022mk_click_tf4\u0022,\u0022utm_content\u0022:\u002216219861901\u0022,\u0022utm_term\u0022:\u0022---autotargeting\u0022},\u0022gclid\u0022:null},\u0022client\u0022:{\u0022gaId\u0022:\u0022393095313.1694223987\u0022,\u0022yaId\u0022:\u00221694223986626434489\u0022},\u0022pages\u0022:{\u0022list\u0022:[[\u0022https:\/\/tinger.ru\/catalog\/perelomka\/?utm_source=yandex\u0026utm_medium=cpc\u0026utm_campaign=mk_click_tf4\u0026utm_content=16219861901\u0026utm_term=---autotargeting\u0026yclid=13809630405877563391\u0022,1718793614,\u0022\u041a\u0443\u043f\u0438\u0442\u044c \u0432\u0435\u0437\u0434\u0435\u0445\u043e\u0434 \u043f\u0435\u0440\u0435\u043b\u043e\u043c\u043a\u0443 TINGER TF4 \u0432 \u0420\u0022]]},\u0022gid\u0022:null,\u0022previous\u0022:{\u0022list\u0022:[{\u0022url\u0022:\u0022https:\/\/tinger.ru\/catalog\/perelomka\/?utm_source=yandex\u0026utm_medium=cpc\u0026utm_campaign=mk_click_tf4\u0026utm_content=16219861901\u0026utm_term=---autotargeting\u0026yclid=13809630405877563391\u0022,\u0022ref\u0022:\u0022https:\/\/yandex.ru\/\u0022,\u0022device\u0022:{\u0022isMobile\u0022:true},\u0022tags\u0022:{\u0022ts\u0022:1718149092,\u0022list\u0022:{\u0022utm_source\u0022:\u0022yandex\u0022,\u0022utm_medium\u0022:\u0022cpc\u0022,\u0022utm_campaign\u0022:\u0022mk_click_tf4\u0022,\u0022utm_content\u0022:\u002216219861887\u0022,\u0022utm_term\u0022:\u0022---autotargeting\u0022},\u0022gclid\u0022:null},\u0022client\u0022:{\u0022gaId\u0022:\u0022393095313.1694223987\u0022,\u0022yaId\u0022:\u00221694223986626434489\u0022},\u0022pages\u0022:{\u0022list\u0022:[[\u0022https:\/\/tinger.ru\/thanks\/\u0022,1718149085,\u0022\u0421\u043f\u0430\u0441\u0438\u0431\u043e \u0437\u0430 \u0437\u0430\u044f\u0432\u043a\u0443\u0022],[\u0022https:\/\/tinger.ru\/catalog\/perelomka\/?utm_source=yandex\u0026utm_medium=cpc\u0026utm_campaign=mk_click_tf4\u0026utm_content=16219861887\u0026utm_term=---autotargeting\u0026yclid=10819828538839662591\u0022,1718149092,\u0022\u041a\u0443\u043f\u0438\u0442\u044c \u0432\u0435\u0437\u0434\u0435\u0445\u043e\u0434 \u043f\u0435\u0440\u0435\u043b\u043e\u043c\u043a\u0443 TINGER TF4 \u0432 \u0420\u0022],[\u0022https:\/\/tinger.ru\/catalog\/perelomka\/\u0022,1718149897,\u0022\u041a\u0443\u043f\u0438\u0442\u044c \u0432\u0435\u0437\u0434\u0435\u0445\u043e\u0434 \u043f\u0435\u0440\u0435\u043b\u043e\u043c\u043a\u0443 TINGER TF4 \u0432 \u0420\u0022]]},\u0022gid\u0022:null}]}}","COMMENTS":null,"TITLE":"\u041a\u0443\u043f\u0438\u0442\u044c \u043f\u0435\u0440\u0435\u043b\u043e\u043c\u043a\u0443 TINGER","UF_CRM_1449663065":64,"ASSIGNED_BY_ID":58,"SOURCE_ID":"WEB"}}},"result":{"result":521694,"time":{"start":1718793659.0945041,"finish":1718793661.172828,"duration":2.0783238410949707,"processing":2.0492818355560303,"date_start":"2024-06-19T13:40:59+03:00","date_finish":"2024-06-19T13:41:01+03:00","operating_reset_at":1718794259,"operating":2.0492630004882812}}}