{"url":"https:\/\/tinger.bitrix24.ru\/rest\/190\/42tc2gxq8od2858i\/crm.lead.add.json","info":{"url":"https:\/\/tinger.bitrix24.ru\/rest\/190\/42tc2gxq8od2858i\/crm.lead.add.json","content_type":"application\/json; charset=utf-8","http_code":200,"header_size":1030,"request_size":207,"filetime":-1,"ssl_verify_result":0,"redirect_count":0,"total_time":1.7280120000000001,"namelookup_time":0.018578999999999998,"connect_time":0.02862,"pretransfer_time":0.047851999999999999,"size_upload":2062,"size_download":289,"speed_download":167,"speed_upload":1193,"download_content_length":-1,"upload_content_length":2062,"starttransfer_time":0.047856999999999997,"redirect_time":0,"redirect_url":"","primary_ip":"95.163.249.170","certinfo":[],"primary_port":443,"local_ip":"188.225.57.79","local_port":38682,"http_version":3,"protocol":2,"ssl_verifyresult":0,"scheme":"HTTPS","appconnect_time_us":47668,"connect_time_us":28620,"namelookup_time_us":18579,"pretransfer_time_us":47852,"redirect_time_us":0,"starttransfer_time_us":47857,"total_time_us":1728012},"params":{"method":"crm.lead.add","params":{"fields":{"NAME":"\u0418\u0432\u0430\u043d","PHONE":[{"VALUE":"+7 (978) 635-26-56","VALUE_TYPE":"WORK"}],"EMAIL":[{"VALUE":"adsa@mail.ru","VALUE_TYPE":"WORK"}],"TRACE":"{\u0022url\u0022:\u0022https:\/\/tinger.ru\/contacts\/\u0022,\u0022ref\u0022:\u0022https:\/\/yandex.ru\/games\/app\/262910\u0022,\u0022device\u0022:{\u0022isMobile\u0022:false},\u0022tags\u0022:{\u0022ts\u0022:1719909618,\u0022list\u0022:{\u0022utm_source\u0022:\u0022yandex\u0022,\u0022utm_medium\u0022:\u0022cpc\u0022,\u0022utm_campaign\u0022:\u0022mk_click_tf4\u0022,\u0022utm_content\u0022:\u002216219861897\u0022,\u0022utm_term\u0022:\u0022---autotargeting\u0022},\u0022gclid\u0022:null},\u0022client\u0022:{\u0022gaId\u0022:\u0022731205197.1719909618\u0022,\u0022yaId\u0022:\u00221719909618867930137\u0022},\u0022pages\u0022:{\u0022list\u0022:[[\u0022https:\/\/tinger.ru\/catalog\/perelomka\/?utm_source=yandex\u0026utm_medium=cpc\u0026utm_campaign=mk_click_tf4\u0026utm_content=16219861897\u0026utm_term=---autotargeting\u0026yclid=10351020548598530047\u0022,1719909618,\u0022\u041a\u0443\u043f\u0438\u0442\u044c \u0432\u0435\u0437\u0434\u0435\u0445\u043e\u0434 \u043f\u0435\u0440\u0435\u043b\u043e\u043c\u043a\u0443 TINGER TF4 \u0432 \u0420\u0022],[\u0022https:\/\/tinger.ru\/testdrive\/\u0022,1719909639,\u0022\u0422\u0435\u0441\u0442-\u0434\u0440\u0430\u0439\u0432 \u0432\u0435\u0437\u0434\u0435\u0445\u043e\u0434\u043e\u0432 TINGER\u0022],[\u0022https:\/\/tinger.ru\/contacts\/\u0022,1719909647,\u0022\u041a\u043e\u043d\u0442\u0430\u043a\u0442\u044b \u0433\u0440\u0443\u043f\u043f\u044b \u043a\u043e\u043c\u043f\u0430\u043d\u0438\u0439 TINGER\u0022]]},\u0022gid\u0022:null,\u0022previous\u0022:{\u0022list\u0022:[]}}","COMMENTS":"\u0446","TITLE":"\u0412\u043e\u043f\u0440\u043e\u0441\u044b, \u0437\u0430\u043c\u0435\u0447\u0430\u043d\u0438\u044f \u0438\u043b\u0438 \u043f\u0440\u0435\u0434\u043b\u043e\u0436\u0435\u043d\u0438\u044f","UF_CRM_1449663065":64,"ASSIGNED_BY_ID":58,"SOURCE_ID":"WEB"}}},"result":{"result":524690,"time":{"start":1719909652.7124679,"finish":1719909654.3184891,"duration":1.6060211658477783,"processing":1.5782818794250488,"date_start":"2024-07-02T11:40:52+03:00","date_finish":"2024-07-02T11:40:54+03:00","operating_reset_at":1719910252,"operating":1.5782649517059326}}}