{"url":"https:\/\/tinger.bitrix24.ru\/rest\/190\/42tc2gxq8od2858i\/crm.lead.add.json","info":{"url":"https:\/\/tinger.bitrix24.ru\/rest\/190\/42tc2gxq8od2858i\/crm.lead.add.json","content_type":"application\/json; charset=utf-8","http_code":200,"header_size":1036,"request_size":207,"filetime":-1,"ssl_verify_result":0,"redirect_count":0,"total_time":0.93908100000000005,"namelookup_time":0.016702999999999999,"connect_time":0.025038000000000001,"pretransfer_time":0.040285000000000001,"size_upload":1712,"size_download":288,"speed_download":306,"speed_upload":1823,"download_content_length":-1,"upload_content_length":1712,"starttransfer_time":0.040287999999999997,"redirect_time":0,"redirect_url":"","primary_ip":"178.248.236.39","certinfo":[],"primary_port":443,"local_ip":"188.225.57.79","local_port":49334,"http_version":3,"protocol":2,"ssl_verifyresult":0,"scheme":"HTTPS","appconnect_time_us":40133,"connect_time_us":25038,"namelookup_time_us":16703,"pretransfer_time_us":40285,"redirect_time_us":0,"starttransfer_time_us":40288,"total_time_us":939081},"params":{"method":"crm.lead.add","params":{"fields":{"NAME":"\u041f\u0430\u0432\u0435\u043b","PHONE":[{"VALUE":"8 (909) 809-11-00","VALUE_TYPE":"WORK"}],"EMAIL":[{"VALUE":null,"VALUE_TYPE":"WORK"}],"TRACE":"{\u0022url\u0022:\u0022https:\/\/tingard.ru\/?utm_source=yandex_kirill\u0026utm_medium=cpc\u0026utm_campaign=pogreba_rozn_umnaya\u0026utm_content=14635340018_bs2\u0026utm_term=---autotargeting\u0026yclid=3416751016257519615\u0022,\u0022ref\u0022:\u0022https:\/\/www.pravda.ru\/\u0022,\u0022device\u0022:{\u0022isMobile\u0022:true},\u0022tags\u0022:{\u0022ts\u0022:1715560608,\u0022list\u0022:{\u0022utm_source\u0022:\u0022yandex_kirill\u0022,\u0022utm_medium\u0022:\u0022cpc\u0022,\u0022utm_campaign\u0022:\u0022pogreba_rozn_umnaya\u0022,\u0022utm_content\u0022:\u002214635340018_bs2\u0022,\u0022utm_term\u0022:\u0022---autotargeting\u0022},\u0022gclid\u0022:null},\u0022client\u0022:{\u0022yaId\u0022:\u00221715516185397235251\u0022},\u0022pages\u0022:{\u0022list\u0022:[[\u0022https:\/\/tingard.ru\/?utm_source=yandex_kirill\u0026utm_medium=cpc\u0026utm_campaign=pogreba_rozn_umnaya\u0026utm_content=14635340018_bs2\u0026utm_term=---autotargeting\u0026yclid=3416751016257519615\u0022,1715560608,\u0022TINGARD \u2014 \u0431\u0435\u0441\u0448\u043e\u0432\u043d\u044b\u0439 \u043f\u043b\u0430\u0441\u0442\u0438\u043a\u043e\u0432\u044b\u0439 \u043f\u043e\u0433\u0440\u0435\u0431 \u2116\u0022]]},\u0022gid\u0022:null,\u0022previous\u0022:{\u0022list\u0022:[]}}","COMMENTS":null,"TITLE":"\u041f\u043e\u043b\u0443\u0447\u0438\u0442\u044c \u043f\u0440\u0435\u0434\u043b\u043e\u0436\u0435\u043d\u0438\u0435 \u043f\u043e \u043f\u043e\u0433\u0440\u0435\u0431\u0443 TINGARD 1900","UF_CRM_1449663065":68,"ASSIGNED_BY_ID":58,"SOURCE_ID":9}}},"result":{"result":511680,"time":{"start":1715560998.031965,"finish":1715560998.8566,"duration":0.82463502883911133,"processing":0.78813600540161133,"date_start":"2024-05-13T03:43:18+03:00","date_finish":"2024-05-13T03:43:18+03:00","operating_reset_at":1715561598,"operating":0.78810882568359375}}}