{"url":"https:\/\/tinger.bitrix24.ru\/rest\/190\/42tc2gxq8od2858i\/crm.lead.add.json","info":{"url":"https:\/\/tinger.bitrix24.ru\/rest\/190\/42tc2gxq8od2858i\/crm.lead.add.json","content_type":"application\/json; charset=utf-8","http_code":200,"header_size":1030,"request_size":207,"filetime":-1,"ssl_verify_result":0,"redirect_count":0,"total_time":2.0580349999999998,"namelookup_time":0.0014710000000000001,"connect_time":0.0099670000000000002,"pretransfer_time":0.029729999999999999,"size_upload":2321,"size_download":287,"speed_download":139,"speed_upload":1127,"download_content_length":-1,"upload_content_length":2321,"starttransfer_time":0.029732000000000001,"redirect_time":0,"redirect_url":"","primary_ip":"89.208.228.119","certinfo":[],"primary_port":443,"local_ip":"188.225.57.79","local_port":36556,"http_version":3,"protocol":2,"ssl_verifyresult":0,"scheme":"HTTPS","appconnect_time_us":29611,"connect_time_us":9967,"namelookup_time_us":1471,"pretransfer_time_us":29730,"redirect_time_us":0,"starttransfer_time_us":29732,"total_time_us":2058035},"params":{"method":"crm.lead.add","params":{"fields":{"NAME":"\u041c\u0430\u043a\u0441\u0438\u043c","PHONE":[{"VALUE":"8 (911) 922-74-92","VALUE_TYPE":"WORK"}],"EMAIL":[{"VALUE":null,"VALUE_TYPE":"WORK"}],"TRACE":"{\u0022url\u0022:\u0022https:\/\/tinger.ru\/catalog\/tinger-t\/\u0022,\u0022device\u0022:{\u0022isMobile\u0022:false},\u0022tags\u0022:{\u0022ts\u0022:1738058505,\u0022list\u0022:{},\u0022gclid\u0022:null},\u0022client\u0022:{\u0022gaId\u0022:\u00221380948514.1738058506\u0022,\u0022yaId\u0022:\u00221738058506740298196\u0022},\u0022pages\u0022:{\u0022list\u0022:[[\u0022https:\/\/tinger.ru\/configurator\/\u0022,1738058524,\u0022\u041a\u043e\u043d\u0444\u0438\u0433\u0443\u0440\u0430\u0442\u043e\u0440 \u0432\u0435\u0437\u0434\u0435\u0445\u043e\u0434\u043d\u043e\u0439 \u0442\u0435\u0445\u043d\u0438\u043a\u0438\u0022],[\u0022https:\/\/tinger.ru\/thanks\/\u0022,1738058612,\u0022\u0421\u043f\u0430\u0441\u0438\u0431\u043e \u0437\u0430 \u0437\u0430\u044f\u0432\u043a\u0443\u0022],[\u0022https:\/\/tinger.ru\/\u0022,1738244688,\u0022\u0420\u043e\u0441\u0441\u0438\u0439\u0441\u043a\u0438\u0435 \u0432\u0435\u0437\u0434\u0435\u0445\u043e\u0434\u044b \u043e\u0442 \u043f\u0440\u043e\u0438\u0437\u0432\u043e\u0434\u0438\u0442\u0435\u043b\u044f TI\u0022],[\u0022https:\/\/tinger.ru\/catalog\/tinger-t\/\u0022,1738244695,\u0022\u041f\u043b\u0430\u0441\u0442\u0438\u043a\u043e\u0432\u044b\u0435 \u043f\u0440\u0438\u0446\u0435\u043f\u044b \u0434\u043b\u044f \u0432\u0435\u0437\u0434\u0435\u0445\u043e\u0434\u043e\u0432 TINGE\u0022]]},\u0022gid\u0022:null,\u0022previous\u0022:{\u0022list\u0022:[]}}","UF_CRM_1736853511":"1738058506740298196","UF_CRM_1736853555":"1738058506740298196","UF_CRM_1736853537":"1738058506740298196","UF_CRM_1517561552":"3805097","COMMENTS":"\u003Cb\u003E\u0412\u044b\u0431\u0440\u0430\u043d\u043d\u0430\u044f \u043c\u043e\u0434\u0438\u0444\u0438\u043a\u0430\u0446\u0438\u044f:\u003C\/b\u003E T8 (\u0441\u0442\u043e\u0438\u043c\u043e\u0441\u0442\u044c 363 000 \u0440\u0443\u0431.)","TITLE":"\u041a\u0443\u043f\u0438\u0442\u044c TINGER T (\u0432\u044b\u0431\u0440\u0430\u043d\u0430 \u043c\u043e\u0434\u0438\u0444\u0438\u043a\u0430\u0446\u0438\u044f)","UF_CRM_1449663065":64,"ASSIGNED_BY_ID":58,"SOURCE_ID":"WEB"}}},"result":{"result":576520,"time":{"start":1738244731.869349,"finish":1738244733.807946,"duration":1.9385969638824463,"processing":1.9027860164642334,"date_start":"2025-01-30T16:45:31+03:00","date_finish":"2025-01-30T16:45:33+03:00","operating_reset_at":1738245331,"operating":1.9027600288391113}}}