{"url":"https:\/\/tinger.bitrix24.ru\/rest\/190\/42tc2gxq8od2858i\/crm.lead.add.json","info":{"url":"https:\/\/tinger.bitrix24.ru\/rest\/190\/42tc2gxq8od2858i\/crm.lead.add.json","content_type":"application\/json; charset=utf-8","http_code":200,"header_size":1027,"request_size":207,"filetime":-1,"ssl_verify_result":0,"redirect_count":0,"total_time":2.9344950000000001,"namelookup_time":0.0020110000000000002,"connect_time":0.0047149999999999996,"pretransfer_time":0.014812000000000001,"size_upload":1860,"size_download":288,"speed_download":98,"speed_upload":633,"download_content_length":-1,"upload_content_length":1860,"starttransfer_time":0.014814000000000001,"redirect_time":0,"redirect_url":"","primary_ip":"178.132.201.51","certinfo":[],"primary_port":443,"local_ip":"188.225.57.79","local_port":50528,"http_version":3,"protocol":2,"ssl_verifyresult":0,"scheme":"HTTPS","appconnect_time_us":14700,"connect_time_us":4715,"namelookup_time_us":2011,"pretransfer_time_us":14812,"redirect_time_us":0,"starttransfer_time_us":14814,"total_time_us":2934495},"params":{"method":"crm.lead.add","params":{"fields":{"NAME":"\u041e\u043b\u0435\u0433   ","PHONE":[{"VALUE":"8 (922) 174-78-22","VALUE_TYPE":"WORK"}],"EMAIL":[{"VALUE":null,"VALUE_TYPE":"WORK"}],"COMMENTS":null,"TRACE":"{\u0022url\u0022:\u0022https:\/\/tingard.ru\/?utm_source=yandex_kirill\u0026utm_medium=cpc\u0026utm_campaign=pogreba_rozn_umnaya_copy_11_04\u0026utm_content=13300555395\u0026utm_term=---autotargeting\u0026roistat=direct14_context_13300555395_---autotargeting\u0026roistat_referrer=kupivkube.ru\u0026roistat_pos=none_0\u0026yclid=8256952149943517183\u0022,\u0022ref\u0022:\u0022https:\/\/kupivkube.ru\/\u0022,\u0022device\u0022:{\u0022isMobile\u0022:false},\u0022tags\u0022:{\u0022ts\u0022:1702299252,\u0022list\u0022:{\u0022utm_source\u0022:\u0022yandex_kirill\u0022,\u0022utm_medium\u0022:\u0022cpc\u0022,\u0022utm_campaign\u0022:\u0022pogreba_rozn_umnaya_copy_11_04\u0022,\u0022utm_content\u0022:\u002213300555395\u0022,\u0022utm_term\u0022:\u0022---autotargeting\u0022},\u0022gclid\u0022:null},\u0022client\u0022:{\u0022yaId\u0022:\u0022170229925432526448\u0022},\u0022pages\u0022:{\u0022list\u0022:[[\u0022https:\/\/tingard.ru\/?utm_source=yandex_kirill\u0026utm_medium=cpc\u0026utm_campaign=pogreba_rozn_umnaya_copy_11_04\u0026utm_content=13300555395\u0026utm_term=---autotargeting\u0026roistat=direct14_context_13300555395_---autotargeting\u0026roistat_referrer=kupivkube.ru\u0026roistat_pos=none_0\u0026yclid=8256952149943517183\u0022,1702299252,\u0022TINGARD \u2014 \u0431\u0435\u0441\u0448\u043e\u0432\u043d\u044b\u0439 \u043f\u043b\u0430\u0441\u0442\u0438\u043a\u043e\u0432\u044b\u0439 \u043f\u043e\u0433\u0440\u0435\u0431 \u2116\u0022]]},\u0022gid\u0022:null,\u0022previous\u0022:{\u0022list\u0022:[]}}","TITLE":"\u0417\u0430\u043a\u0430\u0437\u0430\u0442\u044c \u043f\u043e\u0433\u0440\u0435\u0431","UF_CRM_1449663065":68,"ASSIGNED_BY_ID":58,"SOURCE_ID":9}}},"result":{"result":487686,"time":{"start":1702299298.606168,"finish":1702299301.4283509,"duration":2.8221828937530518,"processing":2.7586820125579834,"date_start":"2023-12-11T15:54:58+03:00","date_finish":"2023-12-11T15:55:01+03:00","operating_reset_at":1702299898,"operating":2.7586591243743896}}}