{"url":"https:\/\/tinger.bitrix24.ru\/rest\/190\/42tc2gxq8od2858i\/crm.lead.add.json","info":{"url":"https:\/\/tinger.bitrix24.ru\/rest\/190\/42tc2gxq8od2858i\/crm.lead.add.json","content_type":"application\/json; charset=utf-8","http_code":200,"header_size":1030,"request_size":207,"filetime":-1,"ssl_verify_result":0,"redirect_count":0,"total_time":2.2955350000000001,"namelookup_time":0.040000000000000001,"connect_time":0.049556999999999997,"pretransfer_time":0.068351999999999996,"size_upload":2101,"size_download":289,"speed_download":125,"speed_upload":915,"download_content_length":-1,"upload_content_length":2101,"starttransfer_time":0.068354999999999999,"redirect_time":0,"redirect_url":"","primary_ip":"95.163.249.170","certinfo":[],"primary_port":443,"local_ip":"188.225.57.79","local_port":49242,"http_version":3,"protocol":2,"ssl_verifyresult":0,"scheme":"HTTPS","appconnect_time_us":68222,"connect_time_us":49557,"namelookup_time_us":40000,"pretransfer_time_us":68352,"redirect_time_us":0,"starttransfer_time_us":68355,"total_time_us":2295535},"params":{"method":"crm.lead.add","params":{"fields":{"UF_CRM_1449663065":14016,"SOURCE_ID":"CONFERENCE","ASSIGNED_BY_ID":58,"TITLE":"\u041f\u043e\u0437\u0432\u043e\u043d\u0438\u0442\u0435 \u043c\u043d\u0435","NAME":"\u0415\u043a\u0430\u0442\u0435\u0440\u0438\u043d\u0430","PHONE":[{"VALUE":"+7 (961) 644-10-76","VALUE_TYPE":"WORK"}],"EMAIL":[{"VALUE":null,"VALUE_TYPE":"WORK"}],"COMMENTS":"","TRACE":"{\u0022url\u0022:\u0022https:\/\/tingerplast.ru\/plastikovye-yemkosti\/podzemnaya-yemkost-pe-10\/\u0022,\u0022device\u0022:{\u0022isMobile\u0022:false},\u0022tags\u0022:{\u0022ts\u0022:1711379527,\u0022list\u0022:{},\u0022gclid\u0022:null},\u0022client\u0022:{\u0022yaId\u0022:\u00221711379523976033125\u0022},\u0022pages\u0022:{\u0022list\u0022:[[\u0022https:\/\/tingerplast.ru\/plastikovye-yemkosti\/\u0022,1711379527,\u0022\u041f\u043b\u0430\u0441\u0442\u0438\u043a\u043e\u0432\u044b\u0435 \u0451\u043c\u043a\u043e\u0441\u0442\u0438 \u0438 \u0431\u0430\u043a\u0438\u0022],[\u0022https:\/\/tingerplast.ru\/warranty\/\u0022,1711429964,\u0022\u0423\u0441\u043b\u043e\u0432\u0438\u044f \u0433\u0430\u0440\u0430\u043d\u0442\u0438\u0438 \u0438 \u0432\u043e\u0437\u0432\u0440\u0430\u0442\u0430 \u043f\u0440\u043e\u0434\u0443\u043a\u0446\u0438\u0438 TI\u0022],[\u0022https:\/\/tingerplast.ru\/plastikovye-yemkosti\/10000-l-10-kubov\/\u0022,1711430065,\u0022\u041f\u043b\u0430\u0441\u0442\u0438\u043a\u043e\u0432\u044b\u0435 \u0451\u043c\u043a\u043e\u0441\u0442\u0438 10000 \u043b (10 \u043a\u0443\u0431\u043e\u0432)\u0022],[\u0022https:\/\/tingerplast.ru\/delivery\/\u0022,1711431067,\u0022\u0414\u043e\u0441\u0442\u0430\u0432\u043a\u0430 \u0438 \u043e\u043f\u043b\u0430\u0442\u0430\u0022],[\u0022https:\/\/tingerplast.ru\/plastikovye-yemkosti\/podzemnaya-yemkost-pe-10\/\u0022,1711431097,\u0022\u041f\u043e\u0434\u0437\u0435\u043c\u043d\u043e-\u043d\u0430\u0437\u0435\u043c\u043d\u0430\u044f \u0451\u043c\u043a\u043e\u0441\u0442\u044c 10 \u043c3 (PT 10),\u0022]]},\u0022gid\u0022:null,\u0022previous\u0022:{\u0022list\u0022:[]}}"}}},"result":{"result":503152,"time":{"start":1711431117.3076899,"finish":1711431119.4561591,"duration":2.1484692096710205,"processing":2.1080751419067383,"date_start":"2024-03-26T08:31:57+03:00","date_finish":"2024-03-26T08:31:59+03:00","operating_reset_at":1711431717,"operating":4.3237490653991699}}}