{"url":"https:\/\/tinger.bitrix24.ru\/rest\/190\/42tc2gxq8od2858i\/crm.lead.add.json","info":{"url":"https:\/\/tinger.bitrix24.ru\/rest\/190\/42tc2gxq8od2858i\/crm.lead.add.json","content_type":"application\/json; charset=utf-8","http_code":200,"header_size":1027,"request_size":207,"filetime":-1,"ssl_verify_result":0,"redirect_count":0,"total_time":2.3867340000000001,"namelookup_time":0.0021679999999999998,"connect_time":0.0036329999999999999,"pretransfer_time":0.013235,"size_upload":2835,"size_download":262,"speed_download":109,"speed_upload":1188,"download_content_length":-1,"upload_content_length":2835,"starttransfer_time":0.013237000000000001,"redirect_time":0,"redirect_url":"","primary_ip":"178.132.201.51","certinfo":[],"primary_port":443,"local_ip":"188.225.57.79","local_port":45192,"http_version":3,"protocol":2,"ssl_verifyresult":0,"scheme":"HTTPS","appconnect_time_us":13042,"connect_time_us":3633,"namelookup_time_us":2168,"pretransfer_time_us":13235,"redirect_time_us":0,"starttransfer_time_us":13237,"total_time_us":2386734},"params":{"method":"crm.lead.add","params":{"fields":{"NAME":"\u041a\u043e\u043d\u0441\u0442\u0430\u043d\u0442\u0438\u043d","PHONE":[{"VALUE":"8 (961) 883-06-43","VALUE_TYPE":"WORK"}],"EMAIL":[{"VALUE":null,"VALUE_TYPE":"WORK"}],"TRACE":"{\u0022url\u0022:\u0022https:\/\/tinger.ru\/catalog\/tf4pro\/?utm_source=yandex\u0026utm_medium=cpc\u0026utm_campaign=mk_click_ru4ka_tf4_kval\u0026utm_content=17313678882\u0026utm_term=%D1%82%D0%B8%D0%BD%D0%B3%D0%B5%D1%80\u0026roistat=direct20_search_117660709_rsMasterGroup_rsMasterBanner_%D1%82%D0%B8%D0%BD%D0%B3%D0%B5%D1%80\u0026ybaip=1\u0026yclid=14577062361436782591\u0022,\u0022ref\u0022:\u0022https:\/\/yandex.ru\/\u0022,\u0022device\u0022:{\u0022isMobile\u0022:true},\u0022tags\u0022:{\u0022ts\u0022:1760334962,\u0022list\u0022:{\u0022utm_source\u0022:\u0022yandex\u0022,\u0022utm_medium\u0022:\u0022cpc\u0022,\u0022utm_campaign\u0022:\u0022mk_click_ru4ka_tf4_kval\u0022,\u0022utm_content\u0022:\u002217313678882\u0022,\u0022utm_term\u0022:\u0022\u0442\u0438\u043d\u0433\u0435\u0440\u0022},\u0022gclid\u0022:null},\u0022client\u0022:{\u0022gaId\u0022:\u00221150047661.1760334675\u0022,\u0022yaId\u0022:\u00221760334673489968382\u0022},\u0022pages\u0022:{\u0022list\u0022:[[\u0022https:\/\/tinger.ru\/catalog\/tf4pro\/?utm_source=yandex\u0026utm_medium=cpc\u0026utm_campaign=mk_click_ru4ka_tf4_kval\u0026utm_content=17313678882\u0026utm_term=%D1%82%D0%B8%D0%BD%D0%B3%D0%B5%D1%80\u0026roistat=direct20_search_117660709_rsMasterGroup_rsMasterBanner_%D1%82%D0%B8%D0%BD%D0%B3%D0%B5%D1%80\u0026ybaip=1\u0026yclid=14054114481414340607\u0022,1760334674,\u0022\u041d\u043e\u0432\u0435\u0439\u0448\u0438\u0439 \u0432\u0435\u0437\u0434\u0435\u0445\u043e\u0434 TINGER TF4 Pro\u0022],[\u0022https:\/\/tinger.ru\/catalog\/tf4pro\/?utm_source=yandex\u0026utm_medium=cpc\u0026utm_campaign=mk_click_ru4ka_tf4_kval\u0026utm_content=17313678882\u0026utm_term=%D1%82%D0%B8%D0%BD%D0%B3%D0%B5%D1%80\u0026roistat=direct20_search_117660709_rsMasterGroup_rsMasterBanner_%D1%82%D0%B8%D0%BD%D0%B3%D0%B5%D1%80\u0026ybaip=1\u0026yclid=14577062361436782591\u0022,1760334962,\u0022\u041d\u043e\u0432\u0435\u0439\u0448\u0438\u0439 \u0432\u0435\u0437\u0434\u0435\u0445\u043e\u0434 TINGER TF4 Pro\u0022]]},\u0022gid\u0022:null,\u0022previous\u0022:{\u0022list\u0022:[]}}","UF_CRM_1736853511":"1760334673489968382","UF_CRM_1736853555":"1760334673489968382","UF_CRM_1736853537":"1760334673489968382","UF_CRM_1517561552":"3976127","COMMENTS":null,"TITLE":"\u0417\u0430\u044f\u0432\u043a\u0430 \u043f\u043e \u0441\u0435\u043d\u0442\u044f\u0431\u0440\u044c\u0441\u043a\u043e\u0439 \u0430\u043a\u0446\u0438\u0438 TINGER TF4 Pro","UF_CRM_1449663065":64,"ASSIGNED_BY_ID":58,"SOURCE_ID":"WEB"}}},"result":{"result":626978,"time":{"start":1760338609,"finish":1760338611.984338,"duration":2.9843380451202393,"processing":2,"date_start":"2025-10-13T09:56:49+03:00","date_finish":"2025-10-13T09:56:51+03:00","operating_reset_at":1760339209,"operating":3.7917389869689941}}}