{"url":"https:\/\/tinger.bitrix24.ru\/rest\/190\/42tc2gxq8od2858i\/crm.lead.add.json","info":{"url":"https:\/\/tinger.bitrix24.ru\/rest\/190\/42tc2gxq8od2858i\/crm.lead.add.json","content_type":"application\/json; charset=utf-8","http_code":200,"header_size":1028,"request_size":207,"filetime":-1,"ssl_verify_result":0,"redirect_count":0,"total_time":1.6609039999999999,"namelookup_time":0.015729,"connect_time":0.018501,"pretransfer_time":0.036155,"size_upload":2095,"size_download":262,"speed_download":157,"speed_upload":1262,"download_content_length":-1,"upload_content_length":2095,"starttransfer_time":0.036159999999999998,"redirect_time":0,"redirect_url":"","primary_ip":"178.132.201.51","certinfo":[],"primary_port":443,"local_ip":"188.225.57.79","local_port":37208,"http_version":3,"protocol":2,"ssl_verifyresult":0,"scheme":"HTTPS","appconnect_time_us":36046,"connect_time_us":18501,"namelookup_time_us":15729,"pretransfer_time_us":36155,"redirect_time_us":0,"starttransfer_time_us":36160,"total_time_us":1660904},"params":{"method":"crm.lead.add","params":{"fields":{"NAME":"zxczxc","PHONE":[{"VALUE":"+7 (933) 333-33-33","VALUE_TYPE":"WORK"}],"EMAIL":[{"VALUE":"","VALUE_TYPE":"WORK"}],"TRACE":"{\u0022url\u0022:\u0022https:\/\/tingard.ru\/\u0022,\u0022device\u0022:{\u0022isMobile\u0022:false},\u0022tags\u0022:{\u0022ts\u0022:1759477483,\u0022list\u0022:{},\u0022gclid\u0022:null},\u0022client\u0022:{\u0022gaId\u0022:\u00221981272001.1742211110\u0022,\u0022yaId\u0022:\u00221712298355142490425\u0022},\u0022pages\u0022:{\u0022list\u0022:[[\u0022https:\/\/tingard.ru\/thanks\/\u0022,1759831640,\u0022\u0421\u043f\u0430\u0441\u0438\u0431\u043e \u0437\u0430 \u0437\u0430\u044f\u0432\u043a\u0443\u0022],[\u0022https:\/\/tingard.ru\/installation\/\u0022,1759832460,\u0022\u041c\u043e\u043d\u0442\u0430\u0436 \u0431\u0435\u0441\u0448\u043e\u0432\u043d\u044b\u0445 \u043f\u043e\u0433\u0440\u0435\u0431\u043e\u0432 TINGARD \u0437\u0430 1 \u0434\u0022],[\u0022https:\/\/tingard.ru\/installation\/?clear_cache=Y\u0022,1759832554,\u0022\u041c\u043e\u043d\u0442\u0430\u0436 \u0431\u0435\u0441\u0448\u043e\u0432\u043d\u044b\u0445 \u043f\u043e\u0433\u0440\u0435\u0431\u043e\u0432 TINGARD \u0437\u0430 1 \u0434\u0022],[\u0022https:\/\/tingard.ru\/catalog\/\u0022,1760338339,\u0022\u041a\u0430\u0442\u0430\u043b\u043e\u0433 \u043f\u043e\u0433\u0440\u0435\u0431\u043e\u0432\u0022],[\u0022https:\/\/tingard.ru\/\u0022,1760338580,\u0022TINGARD \u2014 \u0431\u0435\u0441\u0448\u043e\u0432\u043d\u044b\u0439 \u043f\u043b\u0430\u0441\u0442\u0438\u043a\u043e\u0432\u044b\u0439 \u043f\u043e\u0433\u0440\u0435\u0431 \u0441\u0022]]},\u0022gid\u0022:null,\u0022previous\u0022:{\u0022list\u0022:[]}}","UF_CRM_1736853511":"1712298355142490425","UF_CRM_1736853555":"1712298355142490425","UF_CRM_1736853537":"1712298355142490425","UF_CRM_1517561552":"3772234","COMMENTS":null,"TITLE":"\u0417\u0430\u043a\u0430\u0437\u0430\u0442\u044c \u043f\u043e\u0433\u0440\u0435\u0431","UF_CRM_1449663065":68,"ASSIGNED_BY_ID":58,"SOURCE_ID":9}}},"result":{"result":626976,"time":{"start":1760338590,"finish":1760338592.539722,"duration":2.5397219657897949,"processing":1,"date_start":"2025-10-13T09:56:30+03:00","date_finish":"2025-10-13T09:56:32+03:00","operating_reset_at":1760339191,"operating":1.5305490493774414}}}