{"url":"https:\/\/tinger.bitrix24.ru\/rest\/190\/42tc2gxq8od2858i\/crm.lead.add.json","info":{"url":"https:\/\/tinger.bitrix24.ru\/rest\/190\/42tc2gxq8od2858i\/crm.lead.add.json","content_type":"application\/json; charset=utf-8","http_code":200,"header_size":1033,"request_size":207,"filetime":-1,"ssl_verify_result":0,"redirect_count":0,"total_time":1.044427,"namelookup_time":0.001428,"connect_time":0.011013,"pretransfer_time":0.027306,"size_upload":3275,"size_download":292,"speed_download":279,"speed_upload":3136,"download_content_length":-1,"upload_content_length":3275,"starttransfer_time":0.027307999999999999,"redirect_time":0,"redirect_url":"","primary_ip":"195.208.185.4","certinfo":[],"primary_port":443,"local_ip":"188.225.57.79","local_port":40214,"http_version":3,"protocol":2,"ssl_verifyresult":0,"scheme":"HTTPS","appconnect_time_us":27223,"connect_time_us":11013,"namelookup_time_us":1428,"pretransfer_time_us":27306,"redirect_time_us":0,"starttransfer_time_us":27308,"total_time_us":1044427},"params":{"method":"crm.lead.add","params":{"fields":{"NAME":"\u0412\u044f\u0447\u0435\u0441\u043b\u0430\u0432","PHONE":[{"VALUE":"+7 (922) 226-99-83","VALUE_TYPE":"WORK"}],"EMAIL":[{"VALUE":null,"VALUE_TYPE":"WORK"}],"TRACE":"{\u0022url\u0022:\u0022https:\/\/tingard.ru\/?utm_source=yandex\u0026utm_medium=cpc\u0026utm_campaign=pogreba_rozn_umnaya_ozk_07_01\u0026utm_content=16219659953\u0026utm_term=---autotargeting\u0026roistat=direct14_search_111793320_rsMasterGroup_rsMasterBanner_---autotargeting\u0026yclid=14315126690972172287\u0022,\u0022ref\u0022:\u0022https:\/\/yandex.ru\/\u0022,\u0022device\u0022:{\u0022isMobile\u0022:false},\u0022tags\u0022:{\u0022ts\u0022:1725705952,\u0022list\u0022:{\u0022utm_source\u0022:\u0022yandex\u0022,\u0022utm_medium\u0022:\u0022cpc\u0022,\u0022utm_campaign\u0022:\u0022pogreba_rozn_umnaya_ozk_07_01\u0022,\u0022utm_content\u0022:\u002216219659953\u0022,\u0022utm_term\u0022:\u0022---autotargeting\u0022},\u0022gclid\u0022:null},\u0022client\u0022:{\u0022yaId\u0022:\u00221698048257924350332\u0022},\u0022pages\u0022:{\u0022list\u0022:[[\u0022https:\/\/tingard.ru\/?utm_source=yandex\u0026utm_medium=cpc\u0026utm_campaign=pogreba_rozn_umnaya_ozk_07_01\u0026utm_content=16219659953\u0026utm_term=---autotargeting\u0026roistat=direct14_search_111793320_rsMasterGroup_rsMasterBanner_---autotargeting\u0026yclid=14315126690972172287\u0022,1725705953,\u0022TINGARD \u2014 \u0431\u0435\u0441\u0448\u043e\u0432\u043d\u044b\u0439 \u043f\u043b\u0430\u0441\u0442\u0438\u043a\u043e\u0432\u044b\u0439 \u043f\u043e\u0433\u0440\u0435\u0431 \u2116\u0022]]},\u0022gid\u0022:null,\u0022previous\u0022:{\u0022list\u0022:[{\u0022url\u0022:\u0022https:\/\/tingard.ru\/?utm_source=yandex\u0026utm_medium=cpc\u0026utm_campaign=pogreba_rozn_umnaya_ozk_07_01\u0026utm_content=16219659953\u0026utm_term=---autotargeting\u0026roistat=direct14_search_111793320_rsMasterGroup_rsMasterBanner_---autotargeting\u0026yclid=14315126690972172287\u0022,\u0022device\u0022:{\u0022isMobile\u0022:false},\u0022tags\u0022:{\u0022ts\u0022:1698048257,\u0022list\u0022:{\u0022utm_source\u0022:\u0022yandex_kirill\u0022,\u0022utm_medium\u0022:\u0022cpc\u0022,\u0022utm_campaign\u0022:\u0022pogreba_rozn_umnaya_copy_11_04\u0022,\u0022utm_content\u0022:\u002213300555439\u0022,\u0022utm_term\u0022:\u0022---autotargeting\u0022},\u0022gclid\u0022:null},\u0022client\u0022:{\u0022yaId\u0022:\u00221698048257924350332\u0022},\u0022pages\u0022:{\u0022list\u0022:[[\u0022https:\/\/tingard.ru\/?utm_source=yandex_kirill\u0026utm_medium=cpc\u0026utm_campaign=pogreba_rozn_umnaya_copy_11_04\u0026utm_content=13300555439\u0026utm_term=---autotargeting\u0026roistat=direct14_context_13300555439_---autotargeting\u0026roistat_referrer=www.gismeteo.ru\u0026roistat_pos=none_0\u0026yclid=6258853512741462280\u0022,1698048257,\u0022TINGARD \u2014 \u0431\u0435\u0441\u0448\u043e\u0432\u043d\u044b\u0439 \u043f\u043b\u0430\u0441\u0442\u0438\u043a\u043e\u0432\u044b\u0439 \u043f\u043e\u0433\u0440\u0435\u0431 \u2116\u0022]]},\u0022gid\u0022:null}]}}","UF_CRM_1517561552":"3439599","COMMENTS":null,"TITLE":"\u0423\u0437\u043d\u0430\u0442\u044c \u043f\u043e\u0434\u0440\u043e\u0431\u043d\u0435\u0435 \u043e \u043d\u043e\u0432\u043e\u043c \u043f\u043e\u0433\u0440\u0435\u0431\u0435 TINGARD 1900\u0411\u041a","UF_CRM_1449663065":68,"ASSIGNED_BY_ID":58,"SOURCE_ID":9}}},"result":{"result":546580,"time":{"start":1725706412.4144299,"finish":1725706413.3644321,"duration":0.95000219345092773,"processing":0.91985297203063965,"date_start":"2024-09-07T13:53:32+03:00","date_finish":"2024-09-07T13:53:33+03:00","operating_reset_at":1725707012,"operating":0.91983294486999512}}}