{"url":"https:\/\/tinger.bitrix24.ru\/rest\/190\/42tc2gxq8od2858i\/crm.lead.add.json","info":{"url":"https:\/\/tinger.bitrix24.ru\/rest\/190\/42tc2gxq8od2858i\/crm.lead.add.json","content_type":"application\/json; charset=utf-8","http_code":200,"header_size":1034,"request_size":207,"filetime":-1,"ssl_verify_result":0,"redirect_count":0,"total_time":1.9373260000000001,"namelookup_time":0.017551000000000001,"connect_time":0.029411,"pretransfer_time":0.051066,"size_upload":8497,"size_download":289,"speed_download":149,"speed_upload":4386,"download_content_length":-1,"upload_content_length":8497,"starttransfer_time":0.051068000000000002,"redirect_time":0,"redirect_url":"","primary_ip":"46.235.53.69","certinfo":[],"primary_port":443,"local_ip":"188.225.57.79","local_port":54622,"http_version":3,"protocol":2,"ssl_verifyresult":0,"scheme":"HTTPS","appconnect_time_us":50957,"connect_time_us":29411,"namelookup_time_us":17551,"pretransfer_time_us":51066,"redirect_time_us":0,"starttransfer_time_us":51068,"total_time_us":1937326},"params":{"method":"crm.lead.add","params":{"fields":{"NAME":"\u0415\u043b\u0435\u043d\u0430 ","PHONE":[{"VALUE":"8 (913) 424-30-43","VALUE_TYPE":"WORK"}],"EMAIL":[{"VALUE":null,"VALUE_TYPE":"WORK"}],"COMMENTS":"undefined\u003Cb\u003E\u0413\u0434\u0435 \u043f\u043b\u0430\u043d\u0438\u0440\u0443\u0435\u0442\u0435 \u0443\u0441\u0442\u0430\u043d\u0430\u0432\u043b\u0438\u0432\u0430\u0442\u044c \u043f\u043e\u0433\u0440\u0435\u0431?\u003C\/b\u003E \u043f\u043e\u0434 \u0434\u043e\u043c\u043e\u043c\u003Cbr\u003E\u003Cb\u003E\u041a\u0430\u043a\u043e\u0439 \u0443\u0440\u043e\u0432\u0435\u043d\u044c \u0433\u0440\u0443\u043d\u0442\u043e\u0432\u044b\u0445 \u0432\u043e\u0434 \u043d\u0430 \u0432\u0430\u0448\u0435\u043c \u0443\u0447\u0430\u0441\u0442\u043a\u0435?\u003C\/b\u003E \u0432\u044b\u0441\u043e\u043a\u0438\u0439\u003Cbr\u003E\u003Cb\u003E\u041f\u043e\u0434\u0431\u0435\u0440\u0438 \u043f\u043e\u0433\u0440\u0435\u0431 \u0437\u0430 30 \u0441\u0435\u043a\u0443\u043d\u0434\u003C\/b\u003E \u0434\u043e 300 \u0431\u0430\u043d\u043e\u043a \u0438 \u0434\u043e 30 \u044f\u0449\u0438\u043a\u043e\u0432\u003Cbr\u003E\u003Cb\u003E\u041a\u0442\u043e \u0431\u0443\u0434\u0435\u0442 \u0437\u0430\u043d\u0438\u043c\u0430\u0442\u044c\u0441\u044f \u0443\u0441\u0442\u0430\u043d\u043e\u0432\u043a\u043e\u0439 \u043f\u043e\u0433\u0440\u0435\u0431\u0430?\u003C\/b\u003E \u0441\u0442\u0440\u043e\u0438\u0442\u0435\u043b\u0438 \u043d\u0430 \u0443\u0447\u0430\u0441\u0442\u043a\u0435\u003Cbr\u003E\u003Cb\u003E\u041a\u043e\u0433\u0434\u0430 \u0432\u044b \u043f\u043b\u0430\u043d\u0438\u0440\u0443\u0435\u0442\u0435 \u043f\u0440\u0438\u043e\u0431\u0440\u0435\u0441\u0442\u0438 \u043f\u043e\u0433\u0440\u0435\u0431?\u003C\/b\u003E \u0432 \u0442\u0435\u0447\u0435\u043d\u0438\u0435 \u043c\u0435\u0441\u044f\u0446\u0430\u003Cbr\u003E","TRACE":"{\u0022url\u0022:\u0022https:\/\/tingard.ru\/?utm_source=yandex_kirill\u0026utm_medium=cpc\u0026utm_campaign=pogreba_rozn_umnaya_click_perezapusk_15_01\u0026utm_content=15676822925\u0026utm_term=---autotargeting\u0026roistat=direct14_context_15676822925_---autotargeting\u0026roistat_referrer=com.avito.android\u0026roistat_pos=none_0\u0026yclid=4321998746511998975\u0022,\u0022device\u0022:{\u0022isMobile\u0022:true},\u0022tags\u0022:{\u0022ts\u0022:1706200383,\u0022list\u0022:{\u0022utm_source\u0022:\u0022yandex_kirill\u0022,\u0022utm_medium\u0022:\u0022cpc\u0022,\u0022utm_campaign\u0022:\u0022pogreba_rozn_umnaya_click_perezapusk_15_01\u0022,\u0022utm_content\u0022:\u002215676822925\u0022,\u0022utm_term\u0022:\u0022---autotargeting\u0022},\u0022gclid\u0022:null},\u0022client\u0022:{\u0022yaId\u0022:\u00221679284124354856080\u0022},\u0022pages\u0022:{\u0022list\u0022:[[\u0022https:\/\/tingard.ru\/?utm_source=yandex_kirill\u0026utm_medium=cpc\u0026utm_campaign=pogreba_rozn_umnaya_click_perezapusk_15_01\u0026utm_content=15676822925\u0026utm_term=---autotargeting\u0026roistat=direct14_context_15676822925_---autotargeting\u0026roistat_referrer=com.avito.android\u0026roistat_pos=none_0\u0026yclid=4321998746511998975\u0022,1706200383,\u0022TINGARD \u2014 \u0431\u0435\u0441\u0448\u043e\u0432\u043d\u044b\u0439 \u043f\u043b\u0430\u0441\u0442\u0438\u043a\u043e\u0432\u044b\u0439 \u043f\u043e\u0433\u0440\u0435\u0431 \u2116\u0022]]},\u0022gid\u0022:null,\u0022previous\u0022:{\u0022list\u0022:[{\u0022url\u0022:\u0022https:\/\/tingard.ru\/?roistat=direct14_context_13705809174_\u0026roistat_referrer=m.pogoda.yandex.ru\u0026roistat_pos=none_0\u0026utm_source=yandex\u0026utm_medium=cpc\u0026utm_campaign=retarget\u0026utm_content=13705809174\u0026utm_term=\u0026yclid=1526921965988287749\u0022,\u0022ref\u0022:\u0022https:\/\/yandex.ru\/pogoda?lat=53.904983\u0026lon=87.1214741\u0026utm_source=android\u0026utm_campaign=widget\u0022,\u0022device\u0022:{\u0022isMobile\u0022:true},\u0022tags\u0022:{\u0022ts\u0022:1679284124,\u0022list\u0022:{\u0022utm_source\u0022:\u0022yandex_kirill\u0022,\u0022utm_medium\u0022:\u0022cpc\u0022,\u0022utm_campaign\u0022:\u0022pogreba_rozn_umnaya_copy_11_04\u0022,\u0022utm_content\u0022:\u002213300555435\u0022,\u0022utm_term\u0022:\u0022---autotargeting\u0022},\u0022gclid\u0022:null},\u0022client\u0022:{\u0022yaId\u0022:\u00221679284124354856080\u0022},\u0022pages\u0022:{\u0022list\u0022:[[\u0022https:\/\/tingard.ru\/?utm_source=yandex_kirill\u0026utm_medium=cpc\u0026utm_campaign=pogreba_rozn_umnaya_copy_11_04\u0026utm_content=13300555435\u0026utm_term=---autotargeting\u0026roistat=direct14_context_13300555435_---autotargeting\u0026roistat_referrer=m.pogoda.yandex.ru\u0026roistat_pos=none_0\u0026yclid=1339901790941937776\u0022,1679284125,\u0022TINGARD \u2014 \u0431\u0435\u0441\u0448\u043e\u0432\u043d\u044b\u0439 \u043f\u043b\u0430\u0441\u0442\u0438\u043a\u043e\u0432\u044b\u0439 \u043f\u043e\u0433\u0440\u0435\u0431 #\u0022]]},\u0022gid\u0022:null},{\u0022url\u0022:\u0022https:\/\/tingard.ru\/?roistat=direct14_context_13705809174_\u0026roistat_referrer=com.avito.android\u0026roistat_pos=none_0\u0026utm_source=yandex\u0026utm_medium=cpc\u0026utm_campaign=retarget\u0026utm_content=13705809174\u0026utm_term=\u0026yclid=5539626453279249507\u0022,\u0022device\u0022:{\u0022isMobile\u0022:true},\u0022tags\u0022:{\u0022ts\u0022:1679997548,\u0022list\u0022:{\u0022utm_source\u0022:\u0022yandex\u0022,\u0022utm_medium\u0022:\u0022cpc\u0022,\u0022utm_campaign\u0022:\u0022retarget\u0022,\u0022utm_content\u0022:\u002213705809174\u0022},\u0022gclid\u0022:null},\u0022client\u0022:{\u0022yaId\u0022:\u00221679284124354856080\u0022},\u0022pages\u0022:{\u0022list\u0022:[[\u0022https:\/\/tingard.ru\/?roistat=direct14_context_13705809174_\u0026roistat_referrer=m.pogoda.yandex.ru\u0026roistat_pos=none_0\u0026utm_source=yandex\u0026utm_medium=cpc\u0026utm_campaign=retarget\u0026utm_content=13705809174\u0026utm_term=\u0026yclid=1526921965988287749\u0022,1679997549,\u0022TINGARD \u2014 \u0431\u0435\u0441\u0448\u043e\u0432\u043d\u044b\u0439 \u043f\u043b\u0430\u0441\u0442\u0438\u043a\u043e\u0432\u044b\u0439 \u043f\u043e\u0433\u0440\u0435\u0431 #\u0022]]},\u0022gid\u0022:null},{\u0022url\u0022:\u0022https:\/\/tingard.ru\/?roistat=direct14_context_13705809174_\u0026roistat_referrer=com.avito.android\u0026roistat_pos=none_0\u0026utm_source=yandex\u0026utm_medium=cpc\u0026utm_campaign=retarget\u0026utm_content=13705809174\u0026utm_term=\u0026yclid=10952885723917713407\u0022,\u0022device\u0022:{\u0022isMobile\u0022:true},\u0022tags\u0022:{\u0022ts\u0022:1695304801,\u0022list\u0022:{\u0022utm_source\u0022:\u0022yandex\u0022,\u0022utm_medium\u0022:\u0022cpc\u0022,\u0022utm_campaign\u0022:\u0022retarget\u0022,\u0022utm_content\u0022:\u002213705809174\u0022},\u0022gclid\u0022:null},\u0022client\u0022:{\u0022yaId\u0022:\u00221679284124354856080\u0022},