{"url":"https:\/\/tinger.bitrix24.ru\/rest\/190\/42tc2gxq8od2858i\/crm.lead.add.json","info":{"url":"https:\/\/tinger.bitrix24.ru\/rest\/190\/42tc2gxq8od2858i\/crm.lead.add.json","content_type":"application\/json; charset=utf-8","http_code":200,"header_size":1031,"request_size":207,"filetime":-1,"ssl_verify_result":0,"redirect_count":0,"total_time":2.8404219999999998,"namelookup_time":0.0021819999999999999,"connect_time":0.011433,"pretransfer_time":0.028926,"size_upload":5666,"size_download":287,"speed_download":101,"speed_upload":1995,"download_content_length":-1,"upload_content_length":5666,"starttransfer_time":0.028927999999999999,"redirect_time":0,"redirect_url":"","primary_ip":"95.163.249.170","certinfo":[],"primary_port":443,"local_ip":"188.225.57.79","local_port":54376,"http_version":3,"protocol":2,"ssl_verifyresult":0,"scheme":"HTTPS","appconnect_time_us":28816,"connect_time_us":11433,"namelookup_time_us":2182,"pretransfer_time_us":28926,"redirect_time_us":0,"starttransfer_time_us":28928,"total_time_us":2840422},"params":{"method":"crm.lead.add","params":{"fields":{"UF_CRM_1449663065":14016,"SOURCE_ID":"CONFERENCE","ASSIGNED_BY_ID":58,"TITLE":"\u041f\u043e\u0437\u0432\u043e\u043d\u0438\u0442\u0435 \u043c\u043d\u0435","NAME":"\u0441\u0435\u0440\u0433\u0435\u0439","PHONE":[{"VALUE":"+7 (953) 655-25-58","VALUE_TYPE":"WORK"}],"EMAIL":[{"VALUE":null,"VALUE_TYPE":"WORK"}],"COMMENTS":"","TRACE":"{\u0022url\u0022:\u0022https:\/\/tingerplast.ru\/motobuksirovshchiki\/motobuksirovshchik-tinger-dog-s-reversom\/\u0022,\u0022device\u0022:{\u0022isMobile\u0022:false},\u0022tags\u0022:{\u0022ts\u0022:1690651103,\u0022list\u0022:{},\u0022gclid\u0022:null},\u0022client\u0022:{\u0022yaId\u0022:\u00221685125095643096977\u0022},\u0022pages\u0022:{\u0022list\u0022:[[\u0022https:\/\/tingerplast.ru\/delivery\/\u0022,1690651216,\u0022\u0414\u043e\u0441\u0442\u0430\u0432\u043a\u0430 \u0438 \u043e\u043f\u043b\u0430\u0442\u0430\u0022],[\u0022https:\/\/tingerplast.ru\/motobuksirovshchiki\/motobuksirovshchik-tinger-dog-s-reversom\/\u0022,1690971126,\u0022\u041c\u043e\u0442\u043e\u0431\u0443\u043a\u0441\u0438\u0440\u043e\u0432\u0449\u0438\u043a TINGER Dog \u0441 \u0440\u0435\u0432\u0435\u0440\u0441\u043e\u043c\u0022]]},\u0022gid\u0022:null,\u0022previous\u0022:{\u0022list\u0022:[{\u0022url\u0022:\u0022https:\/\/tingerplast.ru\/motobuksirovshchiki\/motobuksirovshchik-tinger-dog-s-reversom\/\u0022,\u0022device\u0022:{\u0022isMobile\u0022:false},\u0022tags\u0022:{\u0022ts\u0022:1687712343,\u0022list\u0022:{},\u0022gclid\u0022:null},\u0022client\u0022:{\u0022yaId\u0022:\u00221685125095643096977\u0022},\u0022pages\u0022:{\u0022list\u0022:[[\u0022https:\/\/tingerplast.ru\/delivery\/\u0022,1687712374,\u0022\u0414\u043e\u0441\u0442\u0430\u0432\u043a\u0430 \u0438 \u043e\u043f\u043b\u0430\u0442\u0430\u0022],[\u0022https:\/\/tingerplast.ru\/motobuksirovshchiki\/motobuksirovshchik-tinger-dog-s-reversom\/\u0022,1687795071,\u0022\u041c\u043e\u0442\u043e\u0431\u0443\u043a\u0441\u0438\u0440\u043e\u0432\u0449\u0438\u043a TINGER Dog \u0441 \u0440\u0435\u0432\u0435\u0440\u0441\u043e\u043c\u0022]]},\u0022gid\u0022:null},{\u0022url\u0022:\u0022https:\/\/tingerplast.ru\/motobuksirovshchiki\/motobuksirovshchik-tinger-dog-s-reversom\/\u0022,\u0022device\u0022:{\u0022isMobile\u0022:false},\u0022tags\u0022:{\u0022ts\u0022:1687886759,\u0022list\u0022:{},\u0022gclid\u0022:null},\u0022client\u0022:{\u0022yaId\u0022:\u00221685125095643096977\u0022},\u0022pages\u0022:{\u0022list\u0022:[[\u0022https:\/\/tingerplast.ru\/delivery\/\u0022,1687887961,\u0022\u0414\u043e\u0441\u0442\u0430\u0432\u043a\u0430 \u0438 \u043e\u043f\u043b\u0430\u0442\u0430\u0022],[\u0022https:\/\/tingerplast.ru\/\u0022,1687888039,\u0022\u041a\u0430\u0442\u0430\u043b\u043e\u0433 \u043f\u0440\u043e\u0434\u0443\u043a\u0446\u0438\u0438\u0022],[\u0022https:\/\/tingerplast.ru\/warranty\/\u0022,1687888045,\u0022\u0423\u0441\u043b\u043e\u0432\u0438\u044f \u0433\u0430\u0440\u0430\u043d\u0442\u0438\u0438 \u0438 \u0432\u043e\u0437\u0432\u0440\u0430\u0442\u0430 \u043f\u0440\u043e\u0434\u0443\u043a\u0446\u0438\u0438 TI\u0022],[\u0022https:\/\/tingerplast.ru\/motobuksirovshchiki\/motobuksirovshchik-tinger-dog-s-reversom\/\u0022,1687961943,\u0022\u041c\u043e\u0442\u043e\u0431\u0443\u043a\u0441\u0438\u0440\u043e\u0432\u0449\u0438\u043a TINGER Dog \u0441 \u0440\u0435\u0432\u0435\u0440\u0441\u043e\u043c\u0022]]},\u0022gid\u0022:null},{\u0022url\u0022:\u0022https:\/\/tingerplast.ru\/motobuksirovshchiki\/motobuksirovshchik-tinger-dog-s-reversom\/\u0022,\u0022device\u0022:{\u0022isMobile\u0022:false},\u0022tags\u0022:{\u0022ts\u0022:1688314546,\u0022list\u0022:{},\u0022gclid\u0022:null},\u0022client\u0022:{\u0022yaId\u0022:\u00221685125095643096977\u0022},\u0022pages\u0022:{\u0022list\u0022:[[\u0022https:\/\/tingerplast.ru\/motobuksirovshchiki\/motobuksirovshchik-tinger-dog-s-reversom\/\u0022,1688748642,\u0022\u041c\u043e\u0442\u043e\u0431\u0443\u043a\u0441\u0438\u0440\u043e\u0432\u0449\u0438\u043a TINGER Dog \u0441 \u0440\u0435\u0432\u0435\u0440\u0441\u043e\u043c\u0022],[\u0022https:\/\/tingerplast.ru\/reviews\/\u0022,1688748683,\u0022\u041e\u0442\u0437\u044b\u0432\u044b \u043e \u043f\u0440\u043e\u0434\u0443\u043a\u0446\u0438\u0438 \u043a\u043e\u043c\u043f\u0430\u043d\u0438\u0438 TINGERPLAST\u0022]]},\u0022gid\u0022:null},{\u0022url\u0022:\u0022https:\/\/tingerplast.ru\/motobuksirovshchiki\/motobuksirovshchik-tinger-dog-s-reversom\/\u0022,\u0022device\u0022:{\u0022isMobile\u0022:false},\u0022tags\u0022:{\u0022ts\u0022:1688748697,\u0022list\u0022:{},\u0022gclid\u0022:null},\u0022client\u0022:{\u0022yaId\u0022:\u00221685125095643096977\u0022},\u0022pages\u0022:{\u0022list\u0022:[[\u0022https:\/\/tingerplast.ru\/motobuksirovshchiki\/motobuksirovshchik-tinger-dog-s-reversom\/\u0022,1689264614,\u0022\u041c\u043e\u0442\u043e\u0431\u0443\u043a\u0441\u0438\u0440\u043e\u0432\u0449\u0438\u043a TINGER Dog \u0441 \u0440\u0435\u0432\u0435\u0440\u0441\u043e\u043c\u0022]]},\u0022gid\u0022:null},{\u0022url\u0022:\u0022https:\/\/tingerplast.ru\/motobuksirovshchiki\/motobuksirovshchik-tinger-dog-s-reversom\/\u0022,\u0022device\u0022:{\u0022isMobile\u0022:false},\u0022tags\u0022:{\u0022ts\u0022:1689790633,\u0022list\u0022:{},\u0022gclid\u0022:null},\u0022client\u0022:{\u0022yaId\u0022:\u00221685125095643096977\u0022},\u0022pages\u0022:{\u0022list\u0022:[[\u0022https:\/\/tingerplast.ru\/motobuksirovshchiki\/motobuksirovshchik-tinger-dog-s-reversom\/\u0022,1690048500,\u0022\u041c\u043e\u0442\u043e\u0431\u0443\u043a\u0441\u0438\u0440\u043e\u0432\u0449\u0438\u043a TINGER Dog \u0441 \u0440\u0435\u0432\u0435\u0440\u0441\u043e\u043c\u0022]]},\u0022gid\u0022:null}]}}"}}},"result":{"result":461358,"time":{"start":1690971847.1509759,"finish":1690971849.89815,"duration":2.7471740245819092,"processing":2.7161009311676025,"date_start":"2023-08-02T13:24:07+03:00","date_finish":"2023-08-02T13:24:09+03:00","operating_reset_at":1690972447,"operating":16.065328121185303}}}