{"url":"https:\/\/tinger.bitrix24.ru\/rest\/190\/42tc2gxq8od2858i\/crm.lead.add.json","info":{"url":"https:\/\/tinger.bitrix24.ru\/rest\/190\/42tc2gxq8od2858i\/crm.lead.add.json","content_type":"application\/json; charset=utf-8","http_code":200,"header_size":1034,"request_size":207,"filetime":-1,"ssl_verify_result":0,"redirect_count":0,"total_time":1.707884,"namelookup_time":0.017311,"connect_time":0.029315000000000001,"pretransfer_time":0.052907000000000003,"size_upload":1449,"size_download":288,"speed_download":168,"speed_upload":848,"download_content_length":-1,"upload_content_length":1449,"starttransfer_time":0.052908999999999998,"redirect_time":0,"redirect_url":"","primary_ip":"46.235.53.69","certinfo":[],"primary_port":443,"local_ip":"188.225.57.79","local_port":33622,"http_version":3,"protocol":2,"ssl_verifyresult":0,"scheme":"HTTPS","appconnect_time_us":52803,"connect_time_us":29315,"namelookup_time_us":17311,"pretransfer_time_us":52907,"redirect_time_us":0,"starttransfer_time_us":52909,"total_time_us":1707884},"params":{"method":"crm.lead.add","params":{"fields":{"UF_CRM_1449663065":14016,"SOURCE_ID":"CONFERENCE","ASSIGNED_BY_ID":58,"TITLE":"\u041f\u043e\u0437\u0432\u043e\u043d\u0438\u0442\u0435 \u043c\u043d\u0435","NAME":"\u041a\u043e\u043d\u0441\u0442\u0430\u043d\u0442\u0438\u043d ","PHONE":[{"VALUE":"+7 (921) 253-61-61","VALUE_TYPE":"WORK"}],"EMAIL":[{"VALUE":null,"VALUE_TYPE":"WORK"}],"COMMENTS":"","TRACE":"{\u0022url\u0022:\u0022https:\/\/tingerplast.ru\/contacts\/\u0022,\u0022ref\u0022:\u0022https:\/\/www.google.com\/\u0022,\u0022device\u0022:{\u0022isMobile\u0022:true},\u0022tags\u0022:{\u0022ts\u0022:1731475779,\u0022list\u0022:{},\u0022gclid\u0022:null},\u0022client\u0022:{\u0022yaId\u0022:\u0022173147577998731507\u0022},\u0022pages\u0022:{\u0022list\u0022:[[\u0022https:\/\/tingerplast.ru\/\u0022,1731475779,\u0022\u041a\u0430\u0442\u0430\u043b\u043e\u0433 \u043f\u0440\u043e\u0434\u0443\u043a\u0446\u0438\u0438\u0022],[\u0022https:\/\/tingerplast.ru\/listovoy-plastik-pp\/\u0022,1731475783,\u0022\u041b\u0438\u0441\u0442\u043e\u0432\u043e\u0439 \u043f\u043b\u0430\u0441\u0442\u0438\u043a \u041f\u041f\u0022],[\u0022https:\/\/tingerplast.ru\/contacts\/\u0022,1731496842,\u0022\u041a\u043e\u043d\u0442\u0430\u043a\u0442\u044b \u043a\u043e\u043c\u043f\u0430\u043d\u0438\u0438\u0022]]},\u0022gid\u0022:null,\u0022previous\u0022:{\u0022list\u0022:[]}}","UF_CRM_1517561552":"3557494"}}},"result":{"result":565128,"time":{"start":1731496977.6273999,"finish":1731496979.191273,"duration":1.5638730525970459,"processing":1.5207061767578125,"date_start":"2024-11-13T14:22:57+03:00","date_finish":"2024-11-13T14:22:59+03:00","operating_reset_at":1731497577,"operating":1.5206398963928223}}}