{"url":"https:\/\/tinger.bitrix24.ru\/rest\/190\/42tc2gxq8od2858i\/crm.lead.add.json","info":{"url":"https:\/\/tinger.bitrix24.ru\/rest\/190\/42tc2gxq8od2858i\/crm.lead.add.json","content_type":"application\/json; charset=utf-8","http_code":200,"header_size":1028,"request_size":207,"filetime":-1,"ssl_verify_result":0,"redirect_count":0,"total_time":1.4132750000000001,"namelookup_time":0.017831,"connect_time":0.019262999999999999,"pretransfer_time":0.027973999999999999,"size_upload":1690,"size_download":289,"speed_download":204,"speed_upload":1196,"download_content_length":-1,"upload_content_length":1690,"starttransfer_time":0.027977999999999999,"redirect_time":0,"redirect_url":"","primary_ip":"178.132.201.50","certinfo":[],"primary_port":443,"local_ip":"188.225.57.79","local_port":48596,"http_version":3,"protocol":2,"ssl_verifyresult":0,"scheme":"HTTPS","appconnect_time_us":27857,"connect_time_us":19263,"namelookup_time_us":17831,"pretransfer_time_us":27974,"redirect_time_us":0,"starttransfer_time_us":27978,"total_time_us":1413275},"params":{"method":"crm.lead.add","params":{"fields":{"NAME":"\u0415\u0433\u043e\u0440 ","PHONE":[{"VALUE":"+7 (976) 468-98-65","VALUE_TYPE":"WORK"}],"EMAIL":[{"VALUE":null,"VALUE_TYPE":"WORK"}],"TRACE":"{\u0022url\u0022:\u0022https:\/\/tinger.ru\/catalog\/perelomka\/?utm_source=yandex\u0026utm_medium=cpc\u0026utm_campaign=mk_click_tf4\u0026utm_content=16219861897\u0026utm_term=---autotargeting\u0026yclid=12529386028813516799\u0022,\u0022ref\u0022:\u0022https:\/\/yandex.ru\/games\/app\/210231\u0022,\u0022device\u0022:{\u0022isMobile\u0022:true},\u0022tags\u0022:{\u0022ts\u0022:1721707950,\u0022list\u0022:{\u0022utm_source\u0022:\u0022yandex\u0022,\u0022utm_medium\u0022:\u0022cpc\u0022,\u0022utm_campaign\u0022:\u0022mk_click_tf4\u0022,\u0022utm_content\u0022:\u002216219861897\u0022,\u0022utm_term\u0022:\u0022---autotargeting\u0022},\u0022gclid\u0022:null},\u0022client\u0022:{\u0022gaId\u0022:\u00221214427397.1721707950\u0022,\u0022yaId\u0022:\u00221721707950982974868\u0022},\u0022pages\u0022:{\u0022list\u0022:[[\u0022https:\/\/tinger.ru\/catalog\/perelomka\/?utm_source=yandex\u0026utm_medium=cpc\u0026utm_campaign=mk_click_tf4\u0026utm_content=16219861897\u0026utm_term=---autotargeting\u0026yclid=12529386028813516799\u0022,1721707950,\u0022\u041a\u0443\u043f\u0438\u0442\u044c \u0432\u0435\u0437\u0434\u0435\u0445\u043e\u0434 \u043f\u0435\u0440\u0435\u043b\u043e\u043c\u043a\u0443 TINGER TF4 \u0432 \u0420\u0022]]},\u0022gid\u0022:null,\u0022previous\u0022:{\u0022list\u0022:[]}}","UF_CRM_1517561552":"3697388","COMMENTS":null,"TITLE":"\u041a\u0443\u043f\u0438\u0442\u044c \u0432\u0435\u0437\u0434\u0435\u0445\u043e\u0434 TINGER TF4","UF_CRM_1449663065":64,"ASSIGNED_BY_ID":58,"SOURCE_ID":"WEB"}}},"result":{"result":531688,"time":{"start":1721707962.7499571,"finish":1721707964.0647199,"duration":1.3147628307342529,"processing":1.2846131324768066,"date_start":"2024-07-23T07:12:42+03:00","date_finish":"2024-07-23T07:12:44+03:00","operating_reset_at":1721708562,"operating":1.2845940589904785}}}