{"url":"https:\/\/tinger.bitrix24.ru\/rest\/190\/42tc2gxq8od2858i\/crm.lead.add.json","info":{"url":"https:\/\/tinger.bitrix24.ru\/rest\/190\/42tc2gxq8od2858i\/crm.lead.add.json","content_type":"application\/json; charset=utf-8","http_code":200,"header_size":1030,"request_size":207,"filetime":-1,"ssl_verify_result":0,"redirect_count":0,"total_time":1.003935,"namelookup_time":0.003627,"connect_time":0.012293999999999999,"pretransfer_time":0.027685999999999999,"size_upload":2491,"size_download":289,"speed_download":288,"speed_upload":2483,"download_content_length":-1,"upload_content_length":2491,"starttransfer_time":0.027688000000000001,"redirect_time":0,"redirect_url":"","primary_ip":"95.163.249.170","certinfo":[],"primary_port":443,"local_ip":"188.225.57.79","local_port":51304,"http_version":3,"protocol":2,"ssl_verifyresult":0,"scheme":"HTTPS","appconnect_time_us":27559,"connect_time_us":12294,"namelookup_time_us":3627,"pretransfer_time_us":27686,"redirect_time_us":0,"starttransfer_time_us":27688,"total_time_us":1003935},"params":{"method":"crm.lead.add","params":{"fields":{"NAME":"\u0421\u0432\u0435\u0442\u043b\u0430\u043d\u0430","PHONE":[{"VALUE":"+7 (921) 974-86-74","VALUE_TYPE":"WORK"}],"EMAIL":[{"VALUE":null,"VALUE_TYPE":"WORK"}],"TRACE":"{\u0022url\u0022:\u0022https:\/\/tingard.ru\/?roistat=direct14_context_16233427521_%D0%BF%D0%BE%D0%BB%D0%B8%D0%B2%20%D1%80%D0%B0%D1%81%D1%82%D0%B5%D0%BD%D0%B8%D0%B9\u0026roistat_referrer=yandex.ru\u0026roistat_pos=none_0\u0026y_ref=yandex.ru\u0026utm_source=yandex\u0026utm_medium=cpc\u0026utm_campaign=rsya-click\u0026utm_content=16233427521\u0026utm_term=yandex.ru\u0026yclid=18223801096814198783\u0022,\u0022ref\u0022:\u0022https:\/\/yandex.ru\/games\/app\/272267?utm_campaign=TK_Yandex_igry_X2_101_50AdsShown\u0026utm_medium=cpc\u0026utm_source=game_header_logo\u0026utm_term=---autotargeting\u0026utm_content=cid%7C109267793%7Cgid%7C5428494219%7Caid%7C16017393597%7Cadp%7Cno%7Cdvc%7Cdesktop%7Cpid%7C51075510258%7Crid%7C51075510258%7Cdid%7C51075510258%7Cpos%7Cpremium1%7Cadn%7Csearch%7Ccrid%7C0%7C\u0022,\u0022device\u0022:{\u0022isMobile\u0022:false},\u0022tags\u0022:{\u0022ts\u0022:1725468939,\u0022list\u0022:{\u0022utm_source\u0022:\u0022yandex\u0022,\u0022utm_medium\u0022:\u0022cpc\u0022,\u0022utm_campaign\u0022:\u0022rsya-click\u0022,\u0022utm_content\u0022:\u002216233427521\u0022,\u0022utm_term\u0022:\u0022yandex.ru\u0022},\u0022gclid\u0022:null},\u0022client\u0022:{\u0022yaId\u0022:\u00221725468939355864292\u0022},\u0022pages\u0022:{\u0022list\u0022:[[\u0022https:\/\/tingard.ru\/?roistat=direct14_context_16233427521_%D0%BF%D0%BE%D0%BB%D0%B8%D0%B2%20%D1%80%D0%B0%D1%81%D1%82%D0%B5%D0%BD%D0%B8%D0%B9\u0026roistat_referrer=yandex.ru\u0026roistat_pos=none_0\u0026y_ref=yandex.ru\u0026utm_source=yandex\u0026utm_medium=cpc\u0026utm_campaign=rsya-click\u0026utm_content=16233427521\u0026utm_term=yandex.ru\u0026yclid=18223801096814198783\u0022,1725468939,\u0022TINGARD \u2014 \u0431\u0435\u0441\u0448\u043e\u0432\u043d\u044b\u0439 \u043f\u043b\u0430\u0441\u0442\u0438\u043a\u043e\u0432\u044b\u0439 \u043f\u043e\u0433\u0440\u0435\u0431 \u2116\u0022]]},\u0022gid\u0022:null,\u0022previous\u0022:{\u0022list\u0022:[]}}","UF_CRM_1517561552":"3435851","COMMENTS":null,"TITLE":"\u0417\u0430\u043a\u0430\u0437\u0430\u0442\u044c \u043f\u043e\u0433\u0440\u0435\u0431","UF_CRM_1449663065":68,"ASSIGNED_BY_ID":58,"SOURCE_ID":9}}},"result":{"result":545932,"time":{"start":1725468949.1198399,"finish":1725468950.006376,"duration":0.8865361213684082,"processing":0.85213088989257812,"date_start":"2024-09-04T19:55:49+03:00","date_finish":"2024-09-04T19:55:50+03:00","operating_reset_at":1725469549,"operating":1.7717227935791016}}}