{"url":"https:\/\/tinger.bitrix24.ru\/rest\/190\/42tc2gxq8od2858i\/crm.lead.add.json","info":{"url":"https:\/\/tinger.bitrix24.ru\/rest\/190\/42tc2gxq8od2858i\/crm.lead.add.json","content_type":"application\/json; charset=utf-8","http_code":200,"header_size":1034,"request_size":207,"filetime":-1,"ssl_verify_result":0,"redirect_count":0,"total_time":2.030907,"namelookup_time":0.0016570000000000001,"connect_time":0.012819000000000001,"pretransfer_time":0.032419999999999997,"size_upload":1826,"size_download":287,"speed_download":141,"speed_upload":899,"download_content_length":-1,"upload_content_length":1826,"starttransfer_time":0.032421999999999999,"redirect_time":0,"redirect_url":"","primary_ip":"195.208.185.4","certinfo":[],"primary_port":443,"local_ip":"188.225.57.79","local_port":45974,"http_version":3,"protocol":2,"ssl_verifyresult":0,"scheme":"HTTPS","appconnect_time_us":32293,"connect_time_us":12819,"namelookup_time_us":1657,"pretransfer_time_us":32420,"redirect_time_us":0,"starttransfer_time_us":32422,"total_time_us":2030907},"params":{"method":"crm.lead.add","params":{"fields":{"NAME":"\u041e\u043a\u0441\u0430\u043d\u0430","PHONE":[{"VALUE":"+7 (978) 400-10-10","VALUE_TYPE":"WORK"}],"EMAIL":[{"VALUE":null,"VALUE_TYPE":"WORK"}],"COMMENTS":null,"TRACE":"{\u0022url\u0022:\u0022https:\/\/tingard.ru\/?utm_source=yandex_kirill\u0026utm_medium=cpc\u0026utm_campaign=pogreba_rozn_umnaya_copy_11_04\u0026utm_content=13300555425\u0026utm_term=---autotargeting\u0026roistat=direct14_context_13300555425_---autotargeting\u0026roistat_referrer=com.mybrowser.ok\u0026roistat_pos=none_0\u0026yclid=10660493930951868415\u0022,\u0022device\u0022:{\u0022isMobile\u0022:true},\u0022tags\u0022:{\u0022ts\u0022:1705209126,\u0022list\u0022:{\u0022utm_source\u0022:\u0022yandex_kirill\u0022,\u0022utm_medium\u0022:\u0022cpc\u0022,\u0022utm_campaign\u0022:\u0022pogreba_rozn_umnaya_copy_11_04\u0022,\u0022utm_content\u0022:\u002213300555425\u0022,\u0022utm_term\u0022:\u0022---autotargeting\u0022},\u0022gclid\u0022:null},\u0022client\u0022:{\u0022yaId\u0022:\u00221705209126918622954\u0022},\u0022pages\u0022:{\u0022list\u0022:[[\u0022https:\/\/tingard.ru\/?utm_source=yandex_kirill\u0026utm_medium=cpc\u0026utm_campaign=pogreba_rozn_umnaya_copy_11_04\u0026utm_content=13300555425\u0026utm_term=---autotargeting\u0026roistat=direct14_context_13300555425_---autotargeting\u0026roistat_referrer=com.mybrowser.ok\u0026roistat_pos=none_0\u0026yclid=10660493930951868415\u0022,1705209126,\u0022TINGARD \u2014 \u0431\u0435\u0441\u0448\u043e\u0432\u043d\u044b\u0439 \u043f\u043b\u0430\u0441\u0442\u0438\u043a\u043e\u0432\u044b\u0439 \u043f\u043e\u0433\u0440\u0435\u0431 \u2116\u0022]]},\u0022gid\u0022:null,\u0022previous\u0022:{\u0022list\u0022:[]}}","TITLE":"\u041a\u0443\u043f\u0438\u0442\u044c \u0432\u044b\u0433\u043e\u0434\u043d\u043e","UF_CRM_1449663065":68,"ASSIGNED_BY_ID":58,"SOURCE_ID":9}}},"result":{"result":491342,"time":{"start":1705209155.40571,"finish":1705209157.3355601,"duration":1.9298501014709473,"processing":1.8877019882202148,"date_start":"2024-01-14T08:12:35+03:00","date_finish":"2024-01-14T08:12:37+03:00","operating_reset_at":1705209755,"operating":3.8613219261169434}}}