{"url":"https:\/\/tinger.bitrix24.ru\/rest\/190\/42tc2gxq8od2858i\/crm.lead.add.json","info":{"url":"https:\/\/tinger.bitrix24.ru\/rest\/190\/42tc2gxq8od2858i\/crm.lead.add.json","content_type":"application\/json; charset=utf-8","http_code":200,"header_size":1028,"request_size":207,"filetime":-1,"ssl_verify_result":0,"redirect_count":0,"total_time":1.984861,"namelookup_time":0.001851,"connect_time":0.0031480000000000002,"pretransfer_time":0.015890000000000001,"size_upload":2304,"size_download":289,"speed_download":145,"speed_upload":1161,"download_content_length":-1,"upload_content_length":2304,"starttransfer_time":0.015894999999999999,"redirect_time":0,"redirect_url":"","primary_ip":"178.132.201.50","certinfo":[],"primary_port":443,"local_ip":"188.225.57.79","local_port":55314,"http_version":3,"protocol":2,"ssl_verifyresult":0,"scheme":"HTTPS","appconnect_time_us":15755,"connect_time_us":3148,"namelookup_time_us":1851,"pretransfer_time_us":15890,"redirect_time_us":0,"starttransfer_time_us":15895,"total_time_us":1984861},"params":{"method":"crm.lead.add","params":{"fields":{"NAME":"\u041e\u043b\u0435\u0433","PHONE":[{"VALUE":"8 (962) 363-63-85","VALUE_TYPE":"WORK"}],"EMAIL":[{"VALUE":null,"VALUE_TYPE":"WORK"}],"TRACE":"{\u0022url\u0022:\u0022https:\/\/tinger.ru\/\u0022,\u0022device\u0022:{\u0022isMobile\u0022:true},\u0022tags\u0022:{\u0022ts\u0022:1726820125,\u0022list\u0022:{},\u0022gclid\u0022:null},\u0022client\u0022:{\u0022gaId\u0022:\u00221150832175.1726820126\u0022,\u0022yaId\u0022:\u00221726820126190140434\u0022},\u0022pages\u0022:{\u0022list\u0022:[[\u0022https:\/\/tinger.ru\/configurator\/\u0022,1726820126,\u0022\u041a\u043e\u043d\u0444\u0438\u0433\u0443\u0440\u0430\u0442\u043e\u0440 \u0432\u0435\u0437\u0434\u0435\u0445\u043e\u0434\u043d\u043e\u0439 \u0442\u0435\u0445\u043d\u0438\u043a\u0438\u0022],[\u0022https:\/\/tinger.ru\/\u0022,1726820152,\u0022\u0412\u0435\u0437\u0434\u0435\u0445\u043e\u0434\u044b \u0438 \u0431\u043e\u043b\u043e\u0442\u043e\u0445\u043e\u0434\u044b \u043e\u0442 \u043f\u0440\u043e\u0438\u0437\u0432\u043e\u0434\u0438\u0442\u0435\u043b\u044f \u0022]]},\u0022gid\u0022:null,\u0022previous\u0022:{\u0022list\u0022:[]}}","UF_CRM_1517561552":"3729612","COMMENTS":"\u003Cb\u003E\u0412\u044b\u0431\u0440\u0430\u043d\u043d\u044b\u0439 \u0432\u0435\u0437\u0434\u0435\u0445\u043e\u0434:\u003C\/b\u003E TINGER Track 2\u003Cbr\u003E\u003Cb\u003E\u0426\u0435\u043b\u044c \u0438\u0441\u043f\u043e\u043b\u044c\u0437\u043e\u0432\u0430\u043d\u0438\u044f \u0432\u0435\u0437\u0434\u0435\u0445\u043e\u0434\u0430:\u003C\/b\u003E \u0434\u043b\u044f \u0440\u044b\u0431\u0430\u043b\u043a\u0438\u003Cbr\u003E\u003Cb\u003E\u0412\u044b\u0431\u0440\u0430\u043d\u043d\u044b\u0439 \u0446\u0432\u0435\u0442:\u003C\/b\u003E \u0442\u0430\u043d\u043a\u043e\u0432\u044b\u0439\u003Cbr\u003E\u003Cb\u003E\u041e\u0441\u043d\u043e\u0432\u043d\u0430\u044f \u043c\u0435\u0441\u0442\u043d\u043e\u0441\u0442\u044c \u0434\u043b\u044f \u043f\u0435\u0440\u0435\u0434\u0432\u0438\u0436\u0435\u043d\u0438\u044f:\u003C\/b\u003E \u0433\u043b\u0443\u0431\u043e\u043a\u0438\u0435 \u0432\u043e\u0434\u043e\u0451\u043c\u044b\u003Cbr\u003E","TITLE":"\u041f\u043e\u0434\u043e\u0431\u0440\u0430\u0442\u044c \u0432\u0435\u0437\u0434\u0435\u0445\u043e\u0434 (\u043a\u0432\u0438\u0437)","UF_CRM_1449663065":64,"ASSIGNED_BY_ID":58,"SOURCE_ID":"WEB"}}},"result":{"result":550428,"time":{"start":1726820165.0466859,"finish":1726820166.9211731,"duration":1.8744871616363525,"processing":1.8360650539398193,"date_start":"2024-09-20T11:16:05+03:00","date_finish":"2024-09-20T11:16:06+03:00","operating_reset_at":1726820765,"operating":1.8360378742218018}}}