{"url":"https:\/\/tinger.bitrix24.ru\/rest\/190\/42tc2gxq8od2858i\/crm.lead.add.json","info":{"url":"https:\/\/tinger.bitrix24.ru\/rest\/190\/42tc2gxq8od2858i\/crm.lead.add.json","content_type":"application\/json; charset=utf-8","http_code":200,"header_size":1030,"request_size":207,"filetime":-1,"ssl_verify_result":0,"redirect_count":0,"total_time":1.7940910000000001,"namelookup_time":0.0020860000000000002,"connect_time":0.012238000000000001,"pretransfer_time":0.024861000000000001,"size_upload":2160,"size_download":288,"speed_download":160,"speed_upload":1204,"download_content_length":-1,"upload_content_length":2160,"starttransfer_time":0.024864000000000001,"redirect_time":0,"redirect_url":"","primary_ip":"178.132.201.53","certinfo":[],"primary_port":443,"local_ip":"188.225.57.79","local_port":40162,"http_version":3,"protocol":2,"ssl_verifyresult":0,"scheme":"HTTPS","appconnect_time_us":24759,"connect_time_us":12238,"namelookup_time_us":2086,"pretransfer_time_us":24861,"redirect_time_us":0,"starttransfer_time_us":24864,"total_time_us":1794091},"params":{"method":"crm.lead.add","params":{"fields":{"NAME":"\u0410\u043b\u0435\u043a\u0441\u0435\u0439","PHONE":[{"VALUE":"+7 (916) 310-09-82","VALUE_TYPE":"WORK"}],"TRACE":"{\u0022url\u0022:\u0022https:\/\/tingard.ru\/?utm_source=yandex\u0026utm_medium=cpc\u0026utm_campaign=mk_rf\u0026utm_content=14460640474\u0026utm_term=%D0%BF%D0%BE%D0%B3%D1%80%D0%B5%D0%B1\u0026roistat=direct14_search_89463958_rsMasterGroup_rsMasterBanner_%D0%BF%D0%BE%D0%B3%D1%80%D0%B5%D0%B1\u0026yclid=11113653349479350271\u0022,\u0022ref\u0022:\u0022https:\/\/yandex.ru\/\u0022,\u0022device\u0022:{\u0022isMobile\u0022:true},\u0022tags\u0022:{\u0022ts\u0022:1740551216,\u0022list\u0022:{\u0022utm_source\u0022:\u0022yandex\u0022,\u0022utm_medium\u0022:\u0022cpc\u0022,\u0022utm_campaign\u0022:\u0022mk_rf\u0022,\u0022utm_content\u0022:\u002214460640474\u0022,\u0022utm_term\u0022:\u0022\u043f\u043e\u0433\u0440\u0435\u0431\u0022},\u0022gclid\u0022:null},\u0022client\u0022:{\u0022yaId\u0022:\u00221740551182740587095\u0022},\u0022pages\u0022:{\u0022list\u0022:[[\u0022https:\/\/tingard.ru\/?utm_source=yandex\u0026utm_medium=cpc\u0026utm_campaign=mk_rf\u0026utm_content=14460640474\u0026utm_term=%D0%BF%D0%BE%D0%B3%D1%80%D0%B5%D0%B1\u0026roistat=direct14_search_89463958_rsMasterGroup_rsMasterBanner_%D0%BF%D0%BE%D0%B3%D1%80%D0%B5%D0%B1\u0026yclid=11113653349479350271\u0022,1740551217,\u0022TINGARD \u2014 \u0431\u0435\u0441\u0448\u043e\u0432\u043d\u044b\u0439 \u043f\u043b\u0430\u0441\u0442\u0438\u043a\u043e\u0432\u044b\u0439 \u043f\u043e\u0433\u0440\u0435\u0431 \u2116\u0022]]},\u0022gid\u0022:null,\u0022previous\u0022:{\u0022list\u0022:[]}}","UF_CRM_1736853511":"1740551182740587095","UF_CRM_1736853555":"1740551182740587095","UF_CRM_1736853537":"1740551182740587095","UF_CRM_1517561552":"3614128","COMMENTS":null,"TITLE":"\u041f\u043e\u043b\u0443\u0447\u0438\u0442\u044c \u043f\u0440\u0435\u0434\u043b\u043e\u0436\u0435\u043d\u0438\u0435 \u043f\u043e \u043f\u043e\u0433\u0440\u0435\u0431\u0443 TINGARD 2500\u041a","UF_CRM_1449663065":68,"ASSIGNED_BY_ID":58,"SOURCE_ID":9}}},"result":{"result":580636,"time":{"start":1740551245.773344,"finish":1740551247.4505589,"duration":1.6772148609161377,"processing":1.6429409980773926,"date_start":"2025-02-26T09:27:25+03:00","date_finish":"2025-02-26T09:27:27+03:00","operating_reset_at":1740551845,"operating":1.6429040431976318}}}