{"url":"https:\/\/tinger.bitrix24.ru\/rest\/190\/42tc2gxq8od2858i\/crm.lead.add.json","info":{"url":"https:\/\/tinger.bitrix24.ru\/rest\/190\/42tc2gxq8od2858i\/crm.lead.add.json","content_type":"application\/json; charset=utf-8","http_code":200,"header_size":1034,"request_size":207,"filetime":-1,"ssl_verify_result":0,"redirect_count":0,"total_time":1.7163930000000001,"namelookup_time":0.0019980000000000002,"connect_time":0.012827,"pretransfer_time":0.035271999999999998,"size_upload":1324,"size_download":288,"speed_download":167,"speed_upload":771,"download_content_length":-1,"upload_content_length":1324,"starttransfer_time":0.035275000000000001,"redirect_time":0,"redirect_url":"","primary_ip":"46.235.53.67","certinfo":[],"primary_port":443,"local_ip":"188.225.57.79","local_port":53428,"http_version":3,"protocol":2,"ssl_verifyresult":0,"scheme":"HTTPS","appconnect_time_us":35156,"connect_time_us":12827,"namelookup_time_us":1998,"pretransfer_time_us":35272,"redirect_time_us":0,"starttransfer_time_us":35275,"total_time_us":1716393},"params":{"method":"crm.lead.add","params":{"fields":{"NAME":"\u0414\u0430\u043c\u0438\u0440","PHONE":[{"VALUE":"+7 (978) 591-02-15","VALUE_TYPE":"WORK"}],"EMAIL":[{"VALUE":null,"VALUE_TYPE":"WORK"}],"TRACE":"{\u0022url\u0022:\u0022https:\/\/tingard.ru\/?roistat=direct14_context_16233427522_\u0026roistat_referrer=ege.sdamgia.ru\u0026roistat_pos=none_0\u0026yclid=14037075986745393151\u0022,\u0022ref\u0022:\u0022https:\/\/ege.sdamgia.ru\/\u0022,\u0022device\u0022:{\u0022isMobile\u0022:false},\u0022tags\u0022:{\u0022ts\u0022:1720441351,\u0022list\u0022:{},\u0022gclid\u0022:null},\u0022client\u0022:{\u0022yaId\u0022:\u00221720441346603116597\u0022},\u0022pages\u0022:{\u0022list\u0022:[[\u0022https:\/\/tingard.ru\/?roistat=direct14_context_16233427522_\u0026roistat_referrer=ege.sdamgia.ru\u0026roistat_pos=none_0\u0026yclid=14037075986745393151\u0022,1720441352,\u0022TINGARD \u2014 \u0431\u0435\u0441\u0448\u043e\u0432\u043d\u044b\u0439 \u043f\u043b\u0430\u0441\u0442\u0438\u043a\u043e\u0432\u044b\u0439 \u043f\u043e\u0433\u0440\u0435\u0431 \u2116\u0022]]},\u0022gid\u0022:null,\u0022previous\u0022:{\u0022list\u0022:[]}}","COMMENTS":null,"TITLE":"\u0417\u0430\u043a\u0430\u0437\u0430\u0442\u044c \u043f\u043e\u0433\u0440\u0435\u0431","UF_CRM_1449663065":68,"ASSIGNED_BY_ID":58,"SOURCE_ID":9}}},"result":{"result":527142,"time":{"start":1720441456.3668039,"finish":1720441457.976023,"duration":1.6092190742492676,"processing":1.5760350227355957,"date_start":"2024-07-08T15:24:16+03:00","date_finish":"2024-07-08T15:24:17+03:00","operating_reset_at":1720442056,"operating":4.6021881103515625}}}