{"url":"https:\/\/tinger.bitrix24.ru\/rest\/190\/42tc2gxq8od2858i\/crm.lead.add.json","info":{"url":"https:\/\/tinger.bitrix24.ru\/rest\/190\/42tc2gxq8od2858i\/crm.lead.add.json","content_type":"application\/json; charset=utf-8","http_code":200,"header_size":1134,"request_size":207,"filetime":-1,"ssl_verify_result":0,"redirect_count":0,"total_time":3.1907000000000001,"namelookup_time":0.0021410000000000001,"connect_time":0.012805,"pretransfer_time":0.035401000000000002,"size_upload":2385,"size_download":284,"speed_download":89,"speed_upload":747,"download_content_length":-1,"upload_content_length":2385,"starttransfer_time":0.035403999999999998,"redirect_time":0,"redirect_url":"","primary_ip":"195.208.185.4","certinfo":[],"primary_port":443,"local_ip":"188.225.57.79","local_port":44260,"http_version":3,"protocol":2,"ssl_verifyresult":0,"scheme":"HTTPS","appconnect_time_us":35265,"connect_time_us":12805,"namelookup_time_us":2141,"pretransfer_time_us":35401,"redirect_time_us":0,"starttransfer_time_us":35404,"total_time_us":3190700},"params":{"method":"crm.lead.add","params":{"fields":{"UF_CRM_1449663065":14016,"SOURCE_ID":"CONFERENCE","ASSIGNED_BY_ID":58,"TITLE":"\u041f\u043e\u0437\u0432\u043e\u043d\u0438\u0442\u0435 \u043c\u043d\u0435","NAME":"\u0421\u0435\u043c\u0435\u043d \u0421\u0435\u0440\u044f\u043a\u043e\u0432","PHONE":[{"VALUE":"+7 (960) 299-19-99","VALUE_TYPE":"WORK"}],"EMAIL":[{"VALUE":null,"VALUE_TYPE":"WORK"}],"COMMENTS":"","TRACE":"{\u0022url\u0022:\u0022https:\/\/tingerplast.ru\/\u0022,\u0022ref\u0022:\u0022https:\/\/www.google.com\/\u0022,\u0022device\u0022:{\u0022isMobile\u0022:false},\u0022tags\u0022:{\u0022ts\u0022:1684738626,\u0022list\u0022:{},\u0022gclid\u0022:null},\u0022client\u0022:{\u0022yaId\u0022:\u00221680075897240679815\u0022},\u0022pages\u0022:{\u0022list\u0022:[[\u0022https:\/\/tingerplast.ru\/\u0022,1684738626,\u0022\u041a\u0430\u0442\u0430\u043b\u043e\u0433 \u043f\u0440\u043e\u0434\u0443\u043a\u0446\u0438\u0438\u0022]]},\u0022gid\u0022:null,\u0022previous\u0022:{\u0022list\u0022:[{\u0022url\u0022:\u0022https:\/\/tingerplast.ru\/\u0022,\u0022device\u0022:{\u0022isMobile\u0022:false},\u0022tags\u0022:{\u0022ts\u0022:1680075899,\u0022list\u0022:{},\u0022gclid\u0022:null},\u0022client\u0022:{\u0022yaId\u0022:\u00221680075897240679815\u0022},\u0022pages\u0022:{\u0022list\u0022:[[\u0022https:\/\/tingerplast.ru\/motobuksirovshchiki\/\u0022,1681920013,\u0022\u041c\u043e\u0442\u043e\u0431\u0443\u043a\u0441\u0438\u0440\u043e\u0432\u0449\u0438\u043a\u0438\u0022],[\u0022https:\/\/tingerplast.ru\/listovoy-plastik-pnd\/\u0022,1681920028,\u0022\u041b\u0438\u0441\u0442\u043e\u0432\u043e\u0439 \u043f\u043b\u0430\u0441\u0442\u0438\u043a \u041f\u041d\u0414\u0022],[\u0022https:\/\/tingerplast.ru\/listovoy-plastik-pnd\/list-pnd-3000x1500x10-mm-naturalnyy\/\u0022,1681920063,\u0022\u041b\u0438\u0441\u0442 \u041f\u041d\u0414 3000x1500x10 \u043c\u043c, \u043d\u0430\u0442\u0443\u0440\u0430\u043b\u044c\u043d\u044b\u0439\u0022],[\u0022https:\/\/tingerplast.ru\/svarochnyy-prutok\/\u0022,1681920097,\u0022\u0421\u0432\u0430\u0440\u043e\u0447\u043d\u044b\u0439 \u043f\u0440\u0443\u0442\u043e\u043a\u0022],[\u0022https:\/\/tingerplast.ru\/plastikovye-yemkosti\/\u0022,1681920101,\u0022\u041f\u043b\u0430\u0441\u0442\u0438\u043a\u043e\u0432\u044b\u0435 \u0451\u043c\u043a\u043e\u0441\u0442\u0438\u0022]]},\u0022gid\u0022:null}]}}"}}},"result":{"result":446850,"time":{"start":1684738644.19257,"finish":1684738647.22964,"duration":3.0370700359344482,"processing":3.0040419101715088,"date_start":"2023-05-22T09:57:24+03:00","date_finish":"2023-05-22T09:57:27+03:00","operating_reset_at":1684739244,"operating":3.004021167755127}}}