{"url":"https:\/\/tinger.bitrix24.ru\/rest\/190\/42tc2gxq8od2858i\/crm.lead.add.json","info":{"url":"https:\/\/tinger.bitrix24.ru\/rest\/190\/42tc2gxq8od2858i\/crm.lead.add.json","content_type":"application\/json; charset=utf-8","http_code":200,"header_size":1027,"request_size":207,"filetime":-1,"ssl_verify_result":0,"redirect_count":0,"total_time":1.7524999999999999,"namelookup_time":0.031446000000000002,"connect_time":0.032841000000000002,"pretransfer_time":0.043742000000000003,"size_upload":1986,"size_download":289,"speed_download":164,"speed_upload":1133,"download_content_length":-1,"upload_content_length":1986,"starttransfer_time":0.043744999999999999,"redirect_time":0,"redirect_url":"","primary_ip":"178.132.201.52","certinfo":[],"primary_port":443,"local_ip":"188.225.57.79","local_port":41488,"http_version":3,"protocol":2,"ssl_verifyresult":0,"scheme":"HTTPS","appconnect_time_us":43594,"connect_time_us":32841,"namelookup_time_us":31446,"pretransfer_time_us":43742,"redirect_time_us":0,"starttransfer_time_us":43745,"total_time_us":1752500},"params":{"method":"crm.lead.add","params":{"fields":{"NAME":"\u0418\u0432\u0430\u043d","PHONE":[{"VALUE":"+7 (999) 000-01-01","VALUE_TYPE":"WORK"}],"EMAIL":[{"VALUE":null,"VALUE_TYPE":"WORK"}],"TRACE":"{\u0022url\u0022:\u0022https:\/\/tinger.ru\/catalog\/perelomka\/?utm_source=yandex\u0026utm_medium=cpc\u0026utm_campaign=mk_ozk_tf4\u0026utm_content=16219855373\u0026utm_term=---autotargeting\u0026roistat=direct20_context_111795810_rsMasterGroup_rsMasterBanner_---autotargeting\u0026yclid=915719399604748287\u0022,\u0022ref\u0022:\u0022https:\/\/yandex.ru\/games\/app\/262910\u0022,\u0022device\u0022:{\u0022isMobile\u0022:false},\u0022tags\u0022:{\u0022ts\u0022:1726593746,\u0022list\u0022:{\u0022utm_source\u0022:\u0022yandex\u0022,\u0022utm_medium\u0022:\u0022cpc\u0022,\u0022utm_campaign\u0022:\u0022mk_ozk_tf4\u0022,\u0022utm_content\u0022:\u002216219855373\u0022,\u0022utm_term\u0022:\u0022---autotargeting\u0022},\u0022gclid\u0022:null},\u0022client\u0022:{\u0022gaId\u0022:\u002276203511.1726593747\u0022,\u0022yaId\u0022:\u00221726593747556331808\u0022},\u0022pages\u0022:{\u0022list\u0022:[[\u0022https:\/\/tinger.ru\/catalog\/perelomka\/?utm_source=yandex\u0026utm_medium=cpc\u0026utm_campaign=mk_ozk_tf4\u0026utm_content=16219855373\u0026utm_term=---autotargeting\u0026roistat=direct20_context_111795810_rsMasterGroup_rsMasterBanner_---autotargeting\u0026yclid=915719399604748287\u0022,1726593747,\u0022\u041a\u0443\u043f\u0438\u0442\u044c \u0432\u0435\u0437\u0434\u0435\u0445\u043e\u0434 \u043f\u0435\u0440\u0435\u043b\u043e\u043c\u043a\u0443 TINGER TF4 \u0432 \u0420\u0022]]},\u0022gid\u0022:null,\u0022previous\u0022:{\u0022list\u0022:[]}}","UF_CRM_1517561552":"3728652","COMMENTS":null,"TITLE":"\u0417\u0430\u043f\u0438\u0441\u0430\u0442\u044c\u0441\u044f \u043d\u0430 \u0447\u0430\u0441\u043e\u0432\u043e\u0439 \u0442\u0435\u0441\u0442-\u0434\u0440\u0430\u0439\u0432 \u043f\u0435\u0440\u0435\u043b\u043e\u043c\u043a\u0438 TINGER","UF_CRM_1449663065":64,"ASSIGNED_BY_ID":58,"SOURCE_ID":"WEB"}}},"result":{"result":549520,"time":{"start":1726593772.7644441,"finish":1726593774.3939071,"duration":1.6294629573822021,"processing":1.5892999172210693,"date_start":"2024-09-17T20:22:52+03:00","date_finish":"2024-09-17T20:22:54+03:00","operating_reset_at":1726594372,"operating":1.5892729759216309}}}