{"url":"https:\/\/tinger.bitrix24.ru\/rest\/190\/42tc2gxq8od2858i\/crm.lead.add.json","info":{"url":"https:\/\/tinger.bitrix24.ru\/rest\/190\/42tc2gxq8od2858i\/crm.lead.add.json","content_type":"application\/json; charset=utf-8","http_code":200,"header_size":1030,"request_size":207,"filetime":-1,"ssl_verify_result":0,"redirect_count":0,"total_time":1.798875,"namelookup_time":0.017607999999999999,"connect_time":0.026537999999999999,"pretransfer_time":0.049397999999999997,"size_upload":3314,"size_download":287,"speed_download":159,"speed_upload":1843,"download_content_length":-1,"upload_content_length":3314,"starttransfer_time":0.049399999999999999,"redirect_time":0,"redirect_url":"","primary_ip":"89.208.228.119","certinfo":[],"primary_port":443,"local_ip":"188.225.57.79","local_port":46760,"http_version":3,"protocol":2,"ssl_verifyresult":0,"scheme":"HTTPS","appconnect_time_us":49290,"connect_time_us":26538,"namelookup_time_us":17608,"pretransfer_time_us":49398,"redirect_time_us":0,"starttransfer_time_us":49400,"total_time_us":1798875},"params":{"method":"crm.lead.add","params":{"fields":{"NAME":"\u0410\u043b\u0435\u043a\u0441\u0430\u043d\u0434\u0440\u0430 ","PHONE":[{"VALUE":"+7 (914) 427-65-68","VALUE_TYPE":"WORK"}],"EMAIL":[{"VALUE":null,"VALUE_TYPE":"WORK"}],"TRACE":"{\u0022url\u0022:\u0022https:\/\/tingard.ru\/?utm_source=yandex_kirill\u0026utm_medium=cpc\u0026utm_campaign=pogreba_rozn_umnaya_click_perezapusk_15_01\u0026utm_content=15676822897\u0026utm_term=---autotargeting\u0026roistat=direct14_search_15676822897_---autotargeting\u0026roistat_referrer=none\u0026roistat_pos=premium_1\u0026yclid=3932725948905684991\u0022,\u0022ref\u0022:\u0022https:\/\/yandex.ru\/\u0022,\u0022device\u0022:{\u0022isMobile\u0022:true},\u0022tags\u0022:{\u0022ts\u0022:1720509201,\u0022list\u0022:{\u0022utm_source\u0022:\u0022yandex_kirill\u0022,\u0022utm_medium\u0022:\u0022cpc\u0022,\u0022utm_campaign\u0022:\u0022pogreba_rozn_umnaya_click_perezapusk_15_01\u0022,\u0022utm_content\u0022:\u002215676822897\u0022,\u0022utm_term\u0022:\u0022---autotargeting\u0022},\u0022gclid\u0022:null},\u0022client\u0022:{\u0022yaId\u0022:\u00221718351523265226784\u0022},\u0022pages\u0022:{\u0022list\u0022:[[\u0022https:\/\/tingard.ru\/?utm_source=yandex_kirill\u0026utm_medium=cpc\u0026utm_campaign=pogreba_rozn_umnaya_click_perezapusk_15_01\u0026utm_content=15676822897\u0026utm_term=---autotargeting\u0026roistat=direct14_search_15676822897_---autotargeting\u0026roistat_referrer=none\u0026roistat_pos=premium_1\u0026yclid=3932725948905684991\u0022,1720509202,\u0022TINGARD \u2014 \u0431\u0435\u0441\u0448\u043e\u0432\u043d\u044b\u0439 \u043f\u043b\u0430\u0441\u0442\u0438\u043a\u043e\u0432\u044b\u0439 \u043f\u043e\u0433\u0440\u0435\u0431 \u2116\u0022]]},\u0022gid\u0022:null,\u0022previous\u0022:{\u0022list\u0022:[{\u0022url\u0022:\u0022https:\/\/tingard.ru\/?utm_source=yandex_kirill\u0026utm_medium=cpc\u0026utm_campaign=pogreba_rozn_umnaya_click_perezapusk_15_01\u0026utm_content=15676822897\u0026utm_term=---autotargeting\u0026roistat=direct14_search_15676822897_---autotargeting\u0026roistat_referrer=none\u0026roistat_pos=premium_1\u0026yclid=3932725948905684991\u0022,\u0022device\u0022:{\u0022isMobile\u0022:true},\u0022tags\u0022:{\u0022ts\u0022:1718351524,\u0022list\u0022:{\u0022utm_source\u0022:\u0022yandex_kirill\u0022,\u0022utm_medium\u0022:\u0022cpc\u0022,\u0022utm_campaign\u0022:\u0022pogreba_rozn_umnaya_click_perezapusk_15_01\u0022,\u0022utm_content\u0022:\u002215676822901\u0022,\u0022utm_term\u0022:\u0022---autotargeting\u0022},\u0022gclid\u0022:null},\u0022client\u0022:{\u0022yaId\u0022:\u00221718351523265226784\u0022},\u0022pages\u0022:{\u0022list\u0022:[[\u0022https:\/\/tingard.ru\/?utm_source=yandex_kirill\u0026utm_medium=cpc\u0026utm_campaign=pogreba_rozn_umnaya_click_perezapusk_15_01\u0026utm_content=15676822901\u0026utm_term=---autotargeting\u0026roistat=direct14_context_15676822901_---autotargeting\u0026roistat_referrer=com.avito.android\u0026roistat_pos=none_0\u0026yclid=6355157413690081279\u0022,1718351525,\u0022TINGARD \u2014 \u0431\u0435\u0441\u0448\u043e\u0432\u043d\u044b\u0439 \u043f\u043b\u0430\u0441\u0442\u0438\u043a\u043e\u0432\u044b\u0439 \u043f\u043e\u0433\u0440\u0435\u0431 \u2116\u0022]]},\u0022gid\u0022:null}]}}","COMMENTS":null,"TITLE":"\u0417\u0430\u043a\u0430\u0437\u0430\u0442\u044c \u043f\u043e\u0433\u0440\u0435\u0431","UF_CRM_1449663065":68,"ASSIGNED_BY_ID":58,"SOURCE_ID":9}}},"result":{"result":527314,"time":{"start":1720509389.708143,"finish":1720509391.377274,"duration":1.6691310405731201,"processing":1.6330680847167969,"date_start":"2024-07-09T10:16:29+03:00","date_finish":"2024-07-09T10:16:31+03:00","operating_reset_at":1720509989,"operating":1.6330471038818359}}}