{"url":"https:\/\/tinger.bitrix24.ru\/rest\/190\/42tc2gxq8od2858i\/crm.lead.add.json","info":{"url":"https:\/\/tinger.bitrix24.ru\/rest\/190\/42tc2gxq8od2858i\/crm.lead.add.json","content_type":"application\/json; charset=utf-8","http_code":200,"header_size":1027,"request_size":207,"filetime":-1,"ssl_verify_result":0,"redirect_count":0,"total_time":9.4055999999999997,"namelookup_time":0.013674,"connect_time":0.015191,"pretransfer_time":0.032072000000000003,"size_upload":2216,"size_download":289,"speed_download":30,"speed_upload":235,"download_content_length":-1,"upload_content_length":2216,"starttransfer_time":0.032085000000000002,"redirect_time":0,"redirect_url":"","primary_ip":"178.132.201.51","certinfo":[],"primary_port":443,"local_ip":"188.225.57.79","local_port":52028,"http_version":3,"protocol":2,"ssl_verifyresult":0,"scheme":"HTTPS","appconnect_time_us":31743,"connect_time_us":15191,"namelookup_time_us":13674,"pretransfer_time_us":32072,"redirect_time_us":0,"starttransfer_time_us":32085,"total_time_us":9405600},"params":{"method":"crm.lead.add","params":{"fields":{"UF_CRM_1449663065":"16452","SOURCE_ID":98,"ASSIGNED_BY_ID":58,"TITLE":"\u0417\u0430\u043a\u0430\u0437\u0430\u0442\u044c \u0451\u043c\u043a\u043e\u0441\u0442\u044c \u043d\u0430 20 \u043a\u0443\u0431\u043e\u0432","NAME":"\u0422\u0438\u043c\u0443\u0440","PHONE":[{"VALUE":"+7 (924) 501-62-26","VALUE_TYPE":"WORK"}],"EMAIL":[{"VALUE":null,"VALUE_TYPE":"WORK"}],"COMMENTS":"20 \u0448\u0442. \u043d\u0430 \u0441\u0443\u043c\u043c\u0443 7\u00a0100\u00a0000 \u0440\u0443\u0431.","TRACE":"{\u0022url\u0022:\u0022https:\/\/pt.tingerplast.ru\/?utm_source=yandex\u0026utm_medium=cpc\u0026utm_campaign=emkosti_mk_rf\u0026utm_content=14787090173\u0026utm_term=%D0%BF%D0%BB%D0%B0%D1%81%D1%82%D0%B8%D0%BA%D0%BE%D0%B2%D1%8B%D0%B5%20%D0%B5%D0%BC%D0%BA%D0%BE%D1%81%D1%82%D0%B8\u0026yclid=11509890955373182975\u0022,\u0022ref\u0022:\u0022https:\/\/yandex.ru\/\u0022,\u0022device\u0022:{\u0022isMobile\u0022:false},\u0022tags\u0022:{\u0022ts\u0022:1693741311,\u0022list\u0022:{\u0022utm_source\u0022:\u0022yandex\u0022,\u0022utm_medium\u0022:\u0022cpc\u0022,\u0022utm_campaign\u0022:\u0022emkosti_mk_rf\u0022,\u0022utm_content\u0022:\u002214787090173\u0022,\u0022utm_term\u0022:\u0022\u043f\u043b\u0430\u0441\u0442\u0438\u043a\u043e\u0432\u044b\u0435 \u0435\u043c\u043a\u043e\u0441\u0442\u0438\u0022},\u0022gclid\u0022:null},\u0022client\u0022:{\u0022yaId\u0022:\u0022169374131023821730\u0022},\u0022pages\u0022:{\u0022list\u0022:[[\u0022https:\/\/pt.tingerplast.ru\/?utm_source=yandex\u0026utm_medium=cpc\u0026utm_campaign=emkosti_mk_rf\u0026utm_content=14787090173\u0026utm_term=%D0%BF%D0%BB%D0%B0%D1%81%D1%82%D0%B8%D0%BA%D0%BE%D0%B2%D1%8B%D0%B5%20%D0%B5%D0%BC%D0%BA%D0%BE%D1%81%D1%82%D0%B8\u0026yclid=11509890955373182975\u0022,1693741311,\u0022\u041f\u043b\u0430\u0441\u0442\u0438\u043a\u043e\u0432\u044b\u0435 \u0451\u043c\u043a\u043e\u0441\u0442\u0438 \u0431\u043e\u043b\u044c\u0448\u043e\u0433\u043e \u043e\u0431\u044a\u0451\u043c\u0430 \u043e\u0442 \u043f\u0022]]},\u0022gid\u0022:null,\u0022previous\u0022:{\u0022list\u0022:[]}}"}}},"result":{"result":466984,"time":{"start":1693741461.5595651,"finish":1693741470.8437929,"duration":9.2842278480529785,"processing":9.2369718551635742,"date_start":"2023-09-03T14:44:21+03:00","date_finish":"2023-09-03T14:44:30+03:00","operating_reset_at":1693742061,"operating":9.2369449138641357}}}