{"url":"https:\/\/tinger.bitrix24.ru\/rest\/190\/42tc2gxq8od2858i\/crm.lead.add.json","info":{"url":"https:\/\/tinger.bitrix24.ru\/rest\/190\/42tc2gxq8od2858i\/crm.lead.add.json","content_type":"application\/json; charset=utf-8","http_code":200,"header_size":1034,"request_size":207,"filetime":-1,"ssl_verify_result":0,"redirect_count":0,"total_time":1.6756409999999999,"namelookup_time":0.0042449999999999996,"connect_time":0.014319,"pretransfer_time":0.031799000000000001,"size_upload":2226,"size_download":288,"speed_download":171,"speed_upload":1328,"download_content_length":-1,"upload_content_length":2226,"starttransfer_time":0.031801999999999997,"redirect_time":0,"redirect_url":"","primary_ip":"195.208.185.4","certinfo":[],"primary_port":443,"local_ip":"188.225.57.79","local_port":59346,"http_version":3,"protocol":2,"ssl_verifyresult":0,"scheme":"HTTPS","appconnect_time_us":31702,"connect_time_us":14319,"namelookup_time_us":4245,"pretransfer_time_us":31799,"redirect_time_us":0,"starttransfer_time_us":31802,"total_time_us":1675641},"params":{"method":"crm.lead.add","params":{"fields":{"NAME":"\u0425\u0443\u0439\u0433\u044f ","PHONE":[{"VALUE":"8 (951) 224-96-73","VALUE_TYPE":"WORK"}],"EMAIL":[{"VALUE":null,"VALUE_TYPE":"WORK"}],"TRACE":"{\u0022url\u0022:\u0022https:\/\/tingard.ru\/\u0022,\u0022ref\u0022:\u0022https:\/\/m.dzen.ru\/news\/story\/bfc0052f-d02b-5e39-815f-edfa2827990f?lang=ru\u0026from=main_portal\u0026fan=1\u0026annot_type=trust\u0026t=1722828064\u0026persistent_id=2835770029\u0026cl4url=ffabdbda41da05f02dd7c77748c2ca4f\u0026tst=1722828541\u0026story=cc37a4b4-8809-5acc-8721-df04364dd656\u0026utm_referrer=m.dzen.ru\u0022,\u0022device\u0022:{\u0022isMobile\u0022:true},\u0022tags\u0022:{\u0022ts\u0022:1722828602,\u0022list\u0022:{\u0022utm_source\u0022:\u0022yandex\u0022,\u0022utm_medium\u0022:\u0022cpc\u0022,\u0022utm_campaign\u0022:\u0022rsya-click\u0022,\u0022utm_content\u0022:\u002216225328535\u0022,\u0022utm_term\u0022:\u0022m.dzen.ru\u0022},\u0022gclid\u0022:null},\u0022client\u0022:{\u0022yaId\u0022:\u00221719332998872041279\u0022},\u0022pages\u0022:{\u0022list\u0022:[[\u0022https:\/\/tingard.ru\/?roistat=direct14_context_16225328535_\u0026roistat_referrer=m.dzen.ru\u0026roistat_pos=none_0\u0026utm_source=yandex\u0026utm_medium=cpc\u0026utm_campaign=rsya-click\u0026utm_content=16225328535\u0026utm_term=m.dzen.ru\u0026yclid=2275308122410844159\u0022,1722828603,\u0022TINGARD \u2014 \u0431\u0435\u0441\u0448\u043e\u0432\u043d\u044b\u0439 \u043f\u043b\u0430\u0441\u0442\u0438\u043a\u043e\u0432\u044b\u0439 \u043f\u043e\u0433\u0440\u0435\u0431 \u2116\u0022],[\u0022https:\/\/tingard.ru\/thanks\/\u0022,1722828648,\u0022\u0421\u043f\u0430\u0441\u0438\u0431\u043e \u0437\u0430 \u0437\u0430\u044f\u0432\u043a\u0443\u0022],[\u0022https:\/\/tingard.ru\/\u0022,1722828651,\u0022TINGARD \u2014 \u0431\u0435\u0441\u0448\u043e\u0432\u043d\u044b\u0439 \u043f\u043b\u0430\u0441\u0442\u0438\u043a\u043e\u0432\u044b\u0439 \u043f\u043e\u0433\u0440\u0435\u0431 \u2116\u0022]]},\u0022gid\u0022:null,\u0022previous\u0022:{\u0022list\u0022:[]}}","UF_CRM_1517561552":"3382537","COMMENTS":null,"TITLE":"\u0417\u0430\u043a\u0430\u0437\u0430\u0442\u044c \u043f\u043e\u0433\u0440\u0435\u0431","UF_CRM_1449663065":68,"ASSIGNED_BY_ID":58,"SOURCE_ID":9}}},"result":{"result":535314,"time":{"start":1722828676.9086571,"finish":1722828678.4818571,"duration":1.573199987411499,"processing":1.5392119884490967,"date_start":"2024-08-05T06:31:16+03:00","date_finish":"2024-08-05T06:31:18+03:00","operating_reset_at":1722829276,"operating":4.5809788703918457}}}