{"url":"https:\/\/tinger.bitrix24.ru\/rest\/190\/42tc2gxq8od2858i\/crm.lead.add.json","info":{"url":"https:\/\/tinger.bitrix24.ru\/rest\/190\/42tc2gxq8od2858i\/crm.lead.add.json","content_type":"application\/json; charset=utf-8","http_code":200,"header_size":1030,"request_size":207,"filetime":-1,"ssl_verify_result":0,"redirect_count":0,"total_time":1.9613799999999999,"namelookup_time":0.0018879999999999999,"connect_time":0.010659999999999999,"pretransfer_time":0.029180000000000001,"size_upload":1480,"size_download":286,"speed_download":145,"speed_upload":754,"download_content_length":-1,"upload_content_length":1480,"starttransfer_time":0.029183000000000001,"redirect_time":0,"redirect_url":"","primary_ip":"95.163.249.170","certinfo":[],"primary_port":443,"local_ip":"188.225.57.79","local_port":35572,"http_version":3,"protocol":2,"ssl_verifyresult":0,"scheme":"HTTPS","appconnect_time_us":29054,"connect_time_us":10660,"namelookup_time_us":1888,"pretransfer_time_us":29180,"redirect_time_us":0,"starttransfer_time_us":29183,"total_time_us":1961380},"params":{"method":"crm.lead.add","params":{"fields":{"NAME":"\u0410\u0434\u0430\u043c \u0410\u043b\u0435\u043a\u0441\u0430\u043d\u0434\u0440\u043e\u0432\u0438\u0447 ","PHONE":[{"VALUE":"+7 (984) 282-19-70","VALUE_TYPE":"WORK"}],"EMAIL":[{"VALUE":null,"VALUE_TYPE":"WORK"}],"TRACE":"{\u0022url\u0022:\u0022https:\/\/tingard.ru\/?roistat=direct14_context_16233427521_\u0026roistat_referrer=ru.yandex.weatherplugin\u0026roistat_pos=none_0\u0026yclid=15672301428785807359\u0022,\u0022device\u0022:{\u0022isMobile\u0022:true},\u0022tags\u0022:{\u0022ts\u0022:1721123563,\u0022list\u0022:{},\u0022gclid\u0022:null},\u0022client\u0022:{\u0022yaId\u0022:\u00221721123562263128526\u0022},\u0022pages\u0022:{\u0022list\u0022:[[\u0022https:\/\/tingard.ru\/?roistat=direct14_context_16233427521_\u0026roistat_referrer=ru.yandex.weatherplugin\u0026roistat_pos=none_0\u0026yclid=15672301428785807359\u0022,1721123564,\u0022TINGARD \u2014 \u0431\u0435\u0441\u0448\u043e\u0432\u043d\u044b\u0439 \u043f\u043b\u0430\u0441\u0442\u0438\u043a\u043e\u0432\u044b\u0439 \u043f\u043e\u0433\u0440\u0435\u0431 \u2116\u0022]]},\u0022gid\u0022:null,\u0022previous\u0022:{\u0022list\u0022:[]}}","UF_CRM_1517561552":"3340390","COMMENTS":null,"TITLE":"\u0420\u0430\u0441\u0441\u0440\u043e\u0447\u043a\u0430 (\u0443\u0437\u043d\u0430\u0442\u044c \u043f\u043e\u0434\u0440\u043e\u0431\u043d\u043e\u0441\u0442\u0438)","UF_CRM_1449663065":68,"ASSIGNED_BY_ID":58,"SOURCE_ID":9}}},"result":{"result":528968,"time":{"start":1721123584.9676311,"finish":1721123586.81867,"duration":1.851038932800293,"processing":1.8191580772399902,"date_start":"2024-07-16T12:53:04+03:00","date_finish":"2024-07-16T12:53:06+03:00","operating_reset_at":1721124184,"operating":1.8191359043121338}}}