{"url":"https:\/\/tinger.bitrix24.ru\/rest\/190\/42tc2gxq8od2858i\/crm.lead.add.json","info":{"url":"https:\/\/tinger.bitrix24.ru\/rest\/190\/42tc2gxq8od2858i\/crm.lead.add.json","content_type":"application\/json; charset=utf-8","http_code":200,"header_size":1031,"request_size":207,"filetime":-1,"ssl_verify_result":0,"redirect_count":0,"total_time":1.856079,"namelookup_time":0.0020339999999999998,"connect_time":0.011502999999999999,"pretransfer_time":0.042044999999999999,"size_upload":3941,"size_download":288,"speed_download":155,"speed_upload":2123,"download_content_length":-1,"upload_content_length":3941,"starttransfer_time":0.042048000000000002,"redirect_time":0,"redirect_url":"","primary_ip":"89.208.228.119","certinfo":[],"primary_port":443,"local_ip":"188.225.57.79","local_port":54662,"http_version":3,"protocol":2,"ssl_verifyresult":0,"scheme":"HTTPS","appconnect_time_us":41942,"connect_time_us":11503,"namelookup_time_us":2034,"pretransfer_time_us":42045,"redirect_time_us":0,"starttransfer_time_us":42048,"total_time_us":1856079},"params":{"method":"crm.lead.add","params":{"fields":{"NAME":"\u0413\u0435\u043d\u043d\u0430\u0434\u0438\u0439 \u041b\u0430\u0442\u044b\u043d\u0446\u0435\u0432","PHONE":[{"VALUE":"+7 (983) 247-09-75","VALUE_TYPE":"WORK"}],"EMAIL":[{"VALUE":null,"VALUE_TYPE":"WORK"}],"COMMENTS":"\u003Cb\u003E\u0412\u044b\u0431\u0440\u0430\u043d\u043d\u0430\u044f \u043c\u043e\u0434\u0435\u043b\u044c: \u003C\/b\u003E TINGER T\u003Cbr\u003E\u003Cb\u003E\u0412\u044b\u0431\u0440\u0430\u043d\u043d\u044b\u0435 \u043c\u043e\u0434\u0438\u0444\u0438\u043a\u0430\u0446\u0438\u044f \u0438 \u0434\u0432\u0438\u0433\u0430\u0442\u0435\u043b\u044c:\u003C\/b\u003E TS\u003Cbr\u003E\u003Cb\u003E\u0412\u044b\u0431\u0440\u0430\u043d\u043d\u044b\u0439 \u043f\u0430\u043a\u0435\u0442:\u003C\/b\u003E \u003Cbr\u003E\u003Cb\u003E\u0412\u044b\u0433\u043e\u0434\u0430 \u043e\u0442 \u043f\u0430\u043a\u0435\u0442\u0430:\u003C\/b\u003E 0 \u0440\u0443\u0431.\u003Cbr\u003E\u003Cb\u003E\u0412\u044b\u0431\u0440\u0430\u043d\u043d\u044b\u0439 \u0446\u0432\u0435\u0442:\u003C\/b\u003E \u003Cbr\u003E\u003Cb\u003E\u0412\u044b\u0431\u0440\u0430\u043d\u043d\u044b\u0435 \u043e\u043f\u0446\u0438\u0438:\u003C\/b\u003E\u003Cbr\u003E\u2014 \u0412\u044b\u0441\u043e\u043a\u0438\u0439 \u043a\u0430\u0440\u043a\u0430\u0441 \u0441 \u0436\u0451\u0441\u0442\u043a\u043e\u0439 \u043a\u0440\u044b\u0448\u0435\u0439 \u003Cbr\u003E\u2014 \u0422\u0435\u043d\u0442 \u0445\u043e\u0434\u043e\u0432\u043e\u0439 \u0434\u043b\u044f \u0432\u044b\u0441\u043e\u043a\u043e\u0433\u043e \u043a\u0430\u0440\u043a\u0430\u0441\u0430 \u003Cbr\u003E\u003Cb\u003E\u0411\u0430\u0437\u043e\u0432\u0430\u044f \u0441\u0442\u043e\u0438\u043c\u043e\u0441\u0442\u044c \u043c\u043e\u0434\u0435\u043b\u0438:\u003C\/b\u003E 139\u00a0000 \u0440\u0443\u0431.\u003Cbr\u003E\u003Cb\u003E\u0421\u0442\u043e\u0438\u043c\u043e\u0441\u0442\u044c \u0434\u043e\u043f\u043e\u043b\u043d\u0438\u0442\u0435\u043b\u044c\u043d\u043e\u0433\u043e \u043e\u0431\u043e\u0440\u0443\u0434\u043e\u0432\u0430\u043d\u0438\u044f:\u003C\/b\u003E 29\u00a0900 \u0440\u0443\u0431.\u003Cbr\u003E\u003Cb\u003E\u0418\u0442\u043e\u0433\u043e:\u003C\/b\u003E 168\u00a0900 \u0440\u0443\u0431.","TRACE":"{\u0022url\u0022:\u0022https:\/\/tinger.ru\/configurator\/#\u0022,\u0022device\u0022:{\u0022isMobile\u0022:false},\u0022tags\u0022:{\u0022ts\u0022:1689316308,\u0022list\u0022:{},\u0022gclid\u0022:null},\u0022client\u0022:{\u0022gaId\u0022:\u00221647105682.1689316308\u0022,\u0022yaId\u0022:35231225},\u0022pages\u0022:{\u0022list\u0022:[[\u0022https:\/\/tinger.ru\/parts\/tinger-t\/\u0022,1689325132,\u0022\u0417\u0430\u043f\u0447\u0430\u0441\u0442\u0438 \u0434\u043b\u044f TINGER T\u0022],[\u0022https:\/\/tinger.ru\/parts\/\u0022,1689325150,\u0022\u041a\u0430\u0442\u0430\u043b\u043e\u0433 \u043e\u0440\u0438\u0433\u0438\u043d\u0430\u043b\u044c\u043d\u044b\u0445 \u0437\u0430\u043f\u0447\u0430\u0441\u0442\u0435\u0439\u0022],[\u0022https:\/\/tinger.ru\/?ysclid=lk6j2e8wyh463727197\u0022,1689577921,\u0022\u0412\u0435\u0437\u0434\u0435\u0445\u043e\u0434\u044b \u0438 \u0431\u043e\u043b\u043e\u0442\u043e\u0445\u043e\u0434\u044b \u043e\u0442 \u043f\u0440\u043e\u0438\u0437\u0432\u043e\u0434\u0438\u0442\u0435\u043b\u044f \u0022],[\u0022https:\/\/tinger.ru\/catalog\/tinger-dog\/\u0022,1689577941,\u0022\u041c\u043e\u0442\u043e\u0431\u0443\u043a\u0441\u0438\u0440\u043e\u0432\u0449\u0438\u043a TINGER Dog\u0022],[\u0022https:\/\/tinger.ru\/configurator\/\u0022,1689577960,\u0022\u041a\u043e\u043d\u0444\u0438\u0433\u0443\u0440\u0430\u0442\u043e\u0440 \u0432\u0435\u0437\u0434\u0435\u0445\u043e\u0434\u043d\u043e\u0439 \u0442\u0435\u0445\u043d\u0438\u043a\u0438\u0022]]},\u0022gid\u0022:null,\u0022previous\u0022:{\u0022list\u0022:[]}}","TITLE":"\u0421\u043a\u043e\u043d\u0444\u0438\u0433\u0443\u0440\u0438\u0440\u043e\u0432\u0430\u043d\u043d\u044b\u0439 \u0432\u0435\u0437\u0434\u0435\u0445\u043e\u0434 (\u043d\u0430\u0439\u0442\u0438 \u0434\u0438\u043b\u0435\u0440\u0430)","UF_CRM_1449663065":"","ASSIGNED_BY_ID":"","SOURCE_ID":"WEB"}}},"result":{"result":457398,"time":{"start":1689579022.9839039,"finish":1689579024.727632,"duration":1.7437281608581543,"processing":1.7048220634460449,"date_start":"2023-07-17T10:30:22+03:00","date_finish":"2023-07-17T10:30:24+03:00","operating_reset_at":1689579623,"operating":1.7047929763793945}}}