{"url":"https:\/\/tinger.bitrix24.ru\/rest\/190\/42tc2gxq8od2858i\/crm.lead.add.json","info":{"url":"https:\/\/tinger.bitrix24.ru\/rest\/190\/42tc2gxq8od2858i\/crm.lead.add.json","content_type":"application\/json; charset=utf-8","http_code":200,"header_size":1034,"request_size":207,"filetime":-1,"ssl_verify_result":0,"redirect_count":0,"total_time":1.2690159999999999,"namelookup_time":0.0065300000000000002,"connect_time":0.017160999999999999,"pretransfer_time":0.039628999999999998,"size_upload":1717,"size_download":288,"speed_download":226,"speed_upload":1353,"download_content_length":-1,"upload_content_length":1717,"starttransfer_time":0.039635999999999998,"redirect_time":0,"redirect_url":"","primary_ip":"46.235.53.69","certinfo":[],"primary_port":443,"local_ip":"188.225.57.79","local_port":36076,"http_version":3,"protocol":2,"ssl_verifyresult":0,"scheme":"HTTPS","appconnect_time_us":39463,"connect_time_us":17161,"namelookup_time_us":6530,"pretransfer_time_us":39629,"redirect_time_us":0,"starttransfer_time_us":39636,"total_time_us":1269016},"params":{"method":"crm.lead.add","params":{"fields":{"NAME":"\u0412\u0430\u0440\u0432\u0430\u0440\u0430 ","PHONE":[{"VALUE":"+7 (923) 712-70-15","VALUE_TYPE":"WORK"}],"EMAIL":[{"VALUE":null,"VALUE_TYPE":"WORK"}],"TRACE":"{\u0022url\u0022:\u0022https:\/\/tingard.ru\/?utm_source=yandex\u0026utm_medium=cpc\u0026utm_campaign=mk_rf\u0026utm_content=14460640505\u0026utm_term=\u0026roistat=direct14_context_89463958_rsMasterGroup_rsMasterBanner_\u0026yclid=13377224543455936511\u0022,\u0022device\u0022:{\u0022isMobile\u0022:true},\u0022tags\u0022:{\u0022ts\u0022:1726813253,\u0022list\u0022:{\u0022utm_source\u0022:\u0022yandex\u0022,\u0022utm_medium\u0022:\u0022cpc\u0022,\u0022utm_campaign\u0022:\u0022mk_rf\u0022,\u0022utm_content\u0022:\u002214460640505\u0022},\u0022gclid\u0022:null},\u0022client\u0022:{\u0022yaId\u0022:\u00221726813254827500124\u0022},\u0022pages\u0022:{\u0022list\u0022:[[\u0022https:\/\/tingard.ru\/?utm_source=yandex\u0026utm_medium=cpc\u0026utm_campaign=mk_rf\u0026utm_content=14460640505\u0026utm_term=\u0026roistat=direct14_context_89463958_rsMasterGroup_rsMasterBanner_\u0026yclid=13377224543455936511\u0022,1726813254,\u0022TINGARD \u2014 \u0431\u0435\u0441\u0448\u043e\u0432\u043d\u044b\u0439 \u043f\u043b\u0430\u0441\u0442\u0438\u043a\u043e\u0432\u044b\u0439 \u043f\u043e\u0433\u0440\u0435\u0431 \u2116\u0022]]},\u0022gid\u0022:null,\u0022previous\u0022:{\u0022list\u0022:[]}}","UF_CRM_1517561552":"3463698","COMMENTS":null,"TITLE":"\u0423\u0437\u043d\u0430\u0442\u044c \u043f\u043e\u0434\u0440\u043e\u0431\u043d\u0435\u0435 \u043e \u043d\u043e\u0432\u043e\u043c \u043f\u043e\u0433\u0440\u0435\u0431\u0435 TINGARD 1900\u0411\u041a","UF_CRM_1449663065":68,"ASSIGNED_BY_ID":58,"SOURCE_ID":9}}},"result":{"result":550404,"time":{"start":1726813380.649842,"finish":1726813381.7906921,"duration":1.1408500671386719,"processing":1.1047940254211426,"date_start":"2024-09-20T09:23:00+03:00","date_finish":"2024-09-20T09:23:01+03:00","operating_reset_at":1726813980,"operating":1.1047639846801758}}}