{"url":"https:\/\/tinger.bitrix24.ru\/rest\/190\/42tc2gxq8od2858i\/crm.lead.add.json","info":{"url":"https:\/\/tinger.bitrix24.ru\/rest\/190\/42tc2gxq8od2858i\/crm.lead.add.json","content_type":"application\/json; charset=utf-8","http_code":200,"header_size":1033,"request_size":207,"filetime":-1,"ssl_verify_result":0,"redirect_count":0,"total_time":0.99737900000000002,"namelookup_time":0.0021970000000000002,"connect_time":0.011708,"pretransfer_time":0.028736999999999999,"size_upload":2687,"size_download":290,"speed_download":290,"speed_upload":2695,"download_content_length":-1,"upload_content_length":2687,"starttransfer_time":0.028739000000000001,"redirect_time":0,"redirect_url":"","primary_ip":"46.235.53.69","certinfo":[],"primary_port":443,"local_ip":"188.225.57.79","local_port":34222,"http_version":3,"protocol":2,"ssl_verifyresult":0,"scheme":"HTTPS","appconnect_time_us":28627,"connect_time_us":11708,"namelookup_time_us":2197,"pretransfer_time_us":28737,"redirect_time_us":0,"starttransfer_time_us":28739,"total_time_us":997379},"params":{"method":"crm.lead.add","params":{"fields":{"NAME":"\u041c\u0430\u043d\u0434\u0430\u043d\u0430 ","PHONE":[{"VALUE":"8 (932) 302-50-54","VALUE_TYPE":"WORK"}],"EMAIL":[{"VALUE":null,"VALUE_TYPE":"WORK"}],"TRACE":"{\u0022url\u0022:\u0022https:\/\/tingard.ru\/?roistat=direct14_context_16225570742_%D0%BF%D0%BE%D0%B2%D0%B8%D0%B4%D0%BB%D0%BE%20%D0%B8%D0%B7%20%D1%8F%D0%B1%D0%BB%D0%BE%D0%BA\u0026roistat_referrer=m.dzen.ru\u0026roistat_pos=none_0\u0026y_ref=m.dzen.ru\u0026utm_source=yandex\u0026utm_medium=cpc\u0026utm_campaign=rsya-click\u0026utm_content=16225570742\u0026utm_term=m.dzen.ru\u0026yclid=12930502118569148415\u0022,\u0022ref\u0022:\u0022https:\/\/m.dzen.ru\/news\/story\/3171bca4-db45-5e6b-bdbe-6d3270f6e415?lang=ru\u0026from=main_portal\u0026fan=1\u0026annot_type=trust\u0026t=1724943525\u0026persistent_id=2875376277\u0026cl4url=1bd8953a7ad417283345c0b7b89c114e\u0026tst=1724944199\u0026story=a895a7ac-7bba-5c36-878d-dd1aede456d2\u0026utm_referrer=m.dzen.ru\u0022,\u0022device\u0022:{\u0022isMobile\u0022:true},\u0022tags\u0022:{\u0022ts\u0022:1724944561,\u0022list\u0022:{\u0022utm_source\u0022:\u0022yandex\u0022,\u0022utm_medium\u0022:\u0022cpc\u0022,\u0022utm_campaign\u0022:\u0022rsya-click\u0022,\u0022utm_content\u0022:\u002216225570742\u0022,\u0022utm_term\u0022:\u0022m.dzen.ru\u0022},\u0022gclid\u0022:null},\u0022client\u0022:{\u0022yaId\u0022:\u0022172494452546113054\u0022},\u0022pages\u0022:{\u0022list\u0022:[[\u0022https:\/\/tingard.ru\/thanks\/\u0022,1724944557,\u0022\u0421\u043f\u0430\u0441\u0438\u0431\u043e \u0437\u0430 \u0437\u0430\u044f\u0432\u043a\u0443\u0022],[\u0022https:\/\/tingard.ru\/?roistat=direct14_context_16225570742_%D0%BF%D0%BE%D0%B2%D0%B8%D0%B4%D0%BB%D0%BE%20%D0%B8%D0%B7%20%D1%8F%D0%B1%D0%BB%D0%BE%D0%BA\u0026roistat_referrer=m.dzen.ru\u0026roistat_pos=none_0\u0026y_ref=m.dzen.ru\u0026utm_source=yandex\u0026utm_medium=cpc\u0026utm_campaign=rsya-click\u0026utm_content=16225570742\u0026utm_term=m.dzen.ru\u0026yclid=12930502118569148415\u0022,1724944562,\u0022TINGARD \u2014 \u0431\u0435\u0441\u0448\u043e\u0432\u043d\u044b\u0439 \u043f\u043b\u0430\u0441\u0442\u0438\u043a\u043e\u0432\u044b\u0439 \u043f\u043e\u0433\u0440\u0435\u0431 \u2116\u0022]]},\u0022gid\u0022:null,\u0022previous\u0022:{\u0022list\u0022:[]}}","UF_CRM_1517561552":"3425673","COMMENTS":null,"TITLE":"\u0423\u0437\u043d\u0430\u0442\u044c \u043f\u043e\u0434\u0440\u043e\u0431\u043d\u0435\u0435 \u043e \u043d\u043e\u0432\u043e\u043c \u043f\u043e\u0433\u0440\u0435\u0431\u0435 TINGARD 1900\u0411\u041a","UF_CRM_1449663065":68,"ASSIGNED_BY_ID":58,"SOURCE_ID":9}}},"result":{"result":543876,"time":{"start":1724944594.849997,"finish":1724944595.7474301,"duration":0.89743304252624512,"processing":0.86698508262634277,"date_start":"2024-08-29T18:16:34+03:00","date_finish":"2024-08-29T18:16:35+03:00","operating_reset_at":1724945194,"operating":2.6166350841522217}}}