{"url":"https:\/\/tinger.bitrix24.ru\/rest\/190\/42tc2gxq8od2858i\/crm.lead.add.json","info":{"url":"https:\/\/tinger.bitrix24.ru\/rest\/190\/42tc2gxq8od2858i\/crm.lead.add.json","content_type":"application\/json; charset=utf-8","http_code":200,"header_size":923,"request_size":207,"filetime":-1,"ssl_verify_result":0,"redirect_count":0,"total_time":1.892665,"namelookup_time":0.022505000000000001,"connect_time":0.033000000000000002,"pretransfer_time":0.051934000000000001,"size_upload":2645,"size_download":263,"speed_download":139,"speed_upload":1397,"download_content_length":-1,"upload_content_length":2645,"starttransfer_time":0.051936999999999997,"redirect_time":0,"redirect_url":"","primary_ip":"89.208.228.119","certinfo":[],"primary_port":443,"local_ip":"188.225.57.79","local_port":50934,"http_version":3,"protocol":2,"ssl_verifyresult":0,"scheme":"HTTPS","appconnect_time_us":51714,"connect_time_us":33000,"namelookup_time_us":22505,"pretransfer_time_us":51934,"redirect_time_us":0,"starttransfer_time_us":51937,"total_time_us":1892665},"params":{"method":"crm.lead.add","params":{"fields":{"NAME":"\u0421\u0435\u0440\u0433\u0435\u0439","PHONE":[{"VALUE":"8 (985) 728-47-16","VALUE_TYPE":"WORK"}],"EMAIL":[{"VALUE":"ddd-max@bk.ru","VALUE_TYPE":"WORK"}],"TRACE":"{\u0022url\u0022:\u0022https:\/\/tingard.ru\/installation\/\u0022,\u0022ref\u0022:\u0022https:\/\/yandex.ru\/\u0022,\u0022device\u0022:{\u0022isMobile\u0022:false},\u0022tags\u0022:{\u0022ts\u0022:1766163150,\u0022list\u0022:{\u0022utm_source\u0022:\u0022ya\u0022,\u0022utm_medium\u0022:\u0022cpc\u0022,\u0022utm_campaign\u0022:\u0022mk_rf\u0022,\u0022utm_content\u0022:\u002217359042501\u0022,\u0022utm_term\u0022:\u0022\u0443\u0441\u0442\u0430\u043d\u043e\u0432\u043a\u0430 \u043f\u043e\u0433\u0440\u0435\u0431\u0430\u0022},\u0022gclid\u0022:null},\u0022client\u0022:{\u0022yaId\u0022:\u00221766163150378055286\u0022},\u0022pages\u0022:{\u0022list\u0022:[[\u0022https:\/\/tingard.ru\/?utm_source=ya\u0026utm_medium=cpc\u0026utm_campaign=mk_rf\u0026utm_content=17359042501\u0026utm_term=%D1%83%D1%81%D1%82%D0%B0%D0%BD%D0%BE%D0%B2%D0%BA%D0%B0%20%D0%BF%D0%BE%D0%B3%D1%80%D0%B5%D0%B1%D0%B0\u0026roistat=direct14_search_89463958_rsMasterGroup_rsMasterBanner_%D1%83%D1%81%D1%82%D0%B0%D0%BD%D0%BE%D0%B2%D0%BA%D0%B0%20%D0%BF%D0%BE%D0%B3%D1%80%D0%B5%D0%B1%D0%B0\u0026etext=2202.AexvL_BvD-pB4GXxXl3jhRDWQrg-LniXBKKqHlePqx3B9_ntgNqIeycQCMzS6x085mybPXcHAM490FwsGca4SZjX0GD0u51ifdTrPVtvvWBlZmlsamFrdWdham9ndml1.af3d166d874b1e237f8f7a0e3452b6a47978fb02\u0026yclid=6452949860883890175\u0026ybaip=1\u0022,1766163151,\u0022TINGARD \u2014 \u0431\u0435\u0441\u0448\u043e\u0432\u043d\u044b\u0439 \u043f\u043b\u0430\u0441\u0442\u0438\u043a\u043e\u0432\u044b\u0439 \u043f\u043e\u0433\u0440\u0435\u0431 \u0441\u0022],[\u0022https:\/\/tingard.ru\/installation\/\u0022,1766163158,\u0022\u041c\u043e\u043d\u0442\u0430\u0436 \u0431\u0435\u0441\u0448\u043e\u0432\u043d\u044b\u0445 \u043f\u043e\u0433\u0440\u0435\u0431\u043e\u0432 TINGARD \u0437\u0430 1 \u0434\u0022]]},\u0022gid\u0022:null,\u0022previous\u0022:{\u0022list\u0022:[]}}","UF_CRM_1736853511":"1766163150378055286","UF_CRM_1736853555":"1766163150378055286","UF_CRM_1736853537":"1766163150378055286","UF_CRM_1517561552":"3837523","COMMENTS":null,"TITLE":"\u0417\u0430\u043a\u0430\u0437\u0430\u0442\u044c \u0431\u0435\u0441\u043f\u043b\u0430\u0442\u043d\u044b\u0439 \u0432\u044b\u0437\u043e\u0432 \u0438\u043d\u0436\u0435\u043d\u0435\u0440\u0430","UF_CRM_1449663065":68,"ASSIGNED_BY_ID":58,"SOURCE_ID":9}}},"result":{"result":637330,"time":{"start":1766163212,"finish":1766163214.662477,"duration":2.6624770164489746,"processing":2,"date_start":"2025-12-19T19:53:32+03:00","date_finish":"2025-12-19T19:53:34+03:00","operating_reset_at":1766163812,"operating":1.7567081451416016}}}