{"url":"https:\/\/tinger.bitrix24.ru\/rest\/190\/42tc2gxq8od2858i\/crm.lead.add.json","info":{"url":"https:\/\/tinger.bitrix24.ru\/rest\/190\/42tc2gxq8od2858i\/crm.lead.add.json","content_type":"application\/json; charset=utf-8","http_code":200,"header_size":1028,"request_size":207,"filetime":-1,"ssl_verify_result":0,"redirect_count":0,"total_time":2.0251610000000002,"namelookup_time":0.0020019999999999999,"connect_time":0.0031580000000000002,"pretransfer_time":0.011667,"size_upload":3943,"size_download":289,"speed_download":142,"speed_upload":1947,"download_content_length":-1,"upload_content_length":3943,"starttransfer_time":0.011669000000000001,"redirect_time":0,"redirect_url":"","primary_ip":"178.132.201.51","certinfo":[],"primary_port":443,"local_ip":"188.225.57.79","local_port":41304,"http_version":3,"protocol":2,"ssl_verifyresult":0,"scheme":"HTTPS","appconnect_time_us":11568,"connect_time_us":3158,"namelookup_time_us":2002,"pretransfer_time_us":11667,"redirect_time_us":0,"starttransfer_time_us":11669,"total_time_us":2025161},"params":{"method":"crm.lead.add","params":{"fields":{"NAME":"\u0410\u041d\u042e\u0422\u041a\u0410 \u0424\u0418\u041e\u041b\u0415\u0422\u041e\u0412\u0410","PHONE":[{"VALUE":"8 (800) 250-27-28","VALUE_TYPE":"WORK"}],"EMAIL":[{"VALUE":null,"VALUE_TYPE":"WORK"}],"TRACE":"{\u0022url\u0022:\u0022https:\/\/tingard.ru\/?utm_source=yandex\u0026utm_medium=cpc\u0026utm_campaign=rsya-click\u0026utm_content=16225570742\u0026utm_term=yandex.ru\u0026roistat=direct14_context_16225570742_\u0026roistat_referrer=yandex.ru\u0026roistat_pos=none_0\u0026yclid=2062132163615653887\u0022,\u0022ref\u0022:\u0022https:\/\/yandex.ru\/images\/search?img_url=https%3A%2F%2Fih1.redbubble.net%2Fimage.180909728.5263%2Fbg%2Cf8f8f8-flat%2C750x%2C075%2Cf-pad%2C750x1000%2Cf8f8f8.jpg\u0026lr=50\u0026p=2\u0026pos=11\u0026rpt=simage\u0026source=serp\u0026text=%D0%A0%D0%90%D0%A1%D0%9A%D0%A0%D0%90%D0%A1%D0%9A%D0%90%20%D0%A1%D0%9E%D0%9B%D0%AC%20%D0%98%20%D0%A1%D0%90%D0%A5%D0%90%D0%A0%20%D0%A4%D0%9E%D0%A2%D0%9A%D0%98\u0022,\u0022device\u0022:{\u0022isMobile\u0022:false},\u0022tags\u0022:{\u0022ts\u0022:1721655011,\u0022list\u0022:{\u0022utm_source\u0022:\u0022yandex\u0022,\u0022utm_medium\u0022:\u0022cpc\u0022,\u0022utm_campaign\u0022:\u0022rsya-click\u0022,\u0022utm_content\u0022:\u002216225570742\u0022,\u0022utm_term\u0022:\u0022yandex.ru\u0022},\u0022gclid\u0022:null},\u0022client\u0022:{\u0022yaId\u0022:\u0022172165501156175176\u0022},\u0022pages\u0022:{\u0022list\u0022:[[\u0022https:\/\/tingard.ru\/?utm_source=yandex\u0026utm_medium=cpc\u0026utm_campaign=rsya-click\u0026utm_content=16225570742\u0026utm_term=yandex.ru\u0026roistat=direct14_context_16225570742_\u0026roistat_referrer=yandex.ru\u0026roistat_pos=none_0\u0026yclid=2062132163615653887\u0022,1721655011,\u0022TINGARD \u2014 \u0431\u0435\u0441\u0448\u043e\u0432\u043d\u044b\u0439 \u043f\u043b\u0430\u0441\u0442\u0438\u043a\u043e\u0432\u044b\u0439 \u043f\u043e\u0433\u0440\u0435\u0431 \u2116\u0022]]},\u0022gid\u0022:null,\u0022previous\u0022:{\u0022list\u0022:[]}}","UF_CRM_1517561552":"3350409","COMMENTS":"undefined\u003Cb\u003E\u0413\u0434\u0435 \u043f\u043b\u0430\u043d\u0438\u0440\u0443\u0435\u0442\u0435 \u0443\u0441\u0442\u0430\u043d\u0430\u0432\u043b\u0438\u0432\u0430\u0442\u044c \u043f\u043e\u0433\u0440\u0435\u0431?\u003C\/b\u003E \u0435\u0449\u0451 \u043d\u0435 \u043e\u043f\u0440\u0435\u0434\u0435\u043b\u0438\u043b\u0438\u0441\u044c\u003Cbr\u003E\u003Cb\u003E\u041a\u0430\u043a\u043e\u0439 \u0443\u0440\u043e\u0432\u0435\u043d\u044c \u0433\u0440\u0443\u043d\u0442\u043e\u0432\u044b\u0445 \u0432\u043e\u0434 \u043d\u0430 \u0432\u0430\u0448\u0435\u043c \u0443\u0447\u0430\u0441\u0442\u043a\u0435?\u003C\/b\u003E \u043d\u0443\u0436\u043d\u0430 \u043a\u043e\u043d\u0441\u0443\u043b\u044c\u0442\u0430\u0446\u0438\u044f\u003Cbr\u003E\u003Cb\u003E\u041f\u043e\u0434\u0431\u0435\u0440\u0438 \u043f\u043e\u0433\u0440\u0435\u0431 \u0437\u0430 30 \u0441\u0435\u043a\u0443\u043d\u0434\u003C\/b\u003E \u043f\u043e\u043a\u0430 \u043d\u0435 \u0437\u043d\u0430\u044e\u003Cbr\u003E\u003Cb\u003E\u041a\u0442\u043e \u0431\u0443\u0434\u0435\u0442 \u0437\u0430\u043d\u0438\u043c\u0430\u0442\u044c\u0441\u044f \u0443\u0441\u0442\u0430\u043d\u043e\u0432\u043a\u043e\u0439 \u043f\u043e\u0433\u0440\u0435\u0431\u0430?\u003C\/b\u003E \u0441\u0430\u043c\u043e\u0441\u0442\u043e\u044f\u0442\u0435\u043b\u044c\u043d\u043e\u003Cbr\u003E\u003Cb\u003E\u041a\u043e\u0433\u0434\u0430 \u0432\u044b \u043f\u043b\u0430\u043d\u0438\u0440\u0443\u0435\u0442\u0435 \u043f\u0440\u0438\u043e\u0431\u0440\u0435\u0441\u0442\u0438 \u043f\u043e\u0433\u0440\u0435\u0431?\u003C\/b\u003E \u0432 \u0441\u043b\u0435\u0434\u0443\u044e\u0449\u0435\u043c \u0433\u043e\u0434\u0443\u003Cbr\u003E","TITLE":"\u041f\u043e\u0434\u043e\u0431\u0440\u0430\u0442\u044c \u043f\u043e\u0433\u0440\u0435\u0431 (\u043a\u0432\u0438\u0437)","UF_CRM_1449663065":68,"ASSIGNED_BY_ID":58,"SOURCE_ID":9}}},"result":{"result":531630,"time":{"start":1721655057.7396801,"finish":1721655059.5835979,"duration":1.8439178466796875,"processing":1.8064289093017578,"date_start":"2024-07-22T16:30:57+03:00","date_finish":"2024-07-22T16:30:59+03:00","operating_reset_at":1721655657,"operating":1.8064098358154297}}}