{"url":"https:\/\/tinger.bitrix24.ru\/rest\/190\/42tc2gxq8od2858i\/crm.lead.add.json","info":{"url":"https:\/\/tinger.bitrix24.ru\/rest\/190\/42tc2gxq8od2858i\/crm.lead.add.json","content_type":"application\/json; charset=utf-8","http_code":200,"header_size":1028,"request_size":207,"filetime":-1,"ssl_verify_result":0,"redirect_count":0,"total_time":3.7662059999999999,"namelookup_time":0.0023930000000000002,"connect_time":0.005777,"pretransfer_time":0.019018,"size_upload":1935,"size_download":286,"speed_download":75,"speed_upload":513,"download_content_length":-1,"upload_content_length":1935,"starttransfer_time":0.019021,"redirect_time":0,"redirect_url":"","primary_ip":"178.132.201.53","certinfo":[],"primary_port":443,"local_ip":"188.225.57.79","local_port":51670,"http_version":3,"protocol":2,"ssl_verifyresult":0,"scheme":"HTTPS","appconnect_time_us":18872,"connect_time_us":5777,"namelookup_time_us":2393,"pretransfer_time_us":19018,"redirect_time_us":0,"starttransfer_time_us":19021,"total_time_us":3766206},"params":{"method":"crm.lead.add","params":{"fields":{"NAME":"\u0421\u0432\u0435\u0442\u043b\u0430\u043d\u0430 ","PHONE":[{"VALUE":"8 (910) 774-97-76","VALUE_TYPE":"WORK"}],"EMAIL":[{"VALUE":null,"VALUE_TYPE":"WORK"}],"COMMENTS":"undefined","TRACE":"{\u0022url\u0022:\u0022https:\/\/tingard.ru\/?utm_source=yandex_kirill\u0026utm_medium=cpc\u0026utm_campaign=pogreba_rozn_umnaya_copy_11_04\u0026utm_content=13300555433\u0026utm_term=---autotargeting\u0026roistat=direct14_search_13300555433_---autotargeting\u0026roistat_referrer=none\u0026roistat_pos=premium_3\u0026yclid=6822372801850114047\u0022,\u0022ref\u0022:\u0022https:\/\/yandex.ru\/\u0022,\u0022device\u0022:{\u0022isMobile\u0022:true},\u0022tags\u0022:{\u0022ts\u0022:1695363409,\u0022list\u0022:{\u0022utm_source\u0022:\u0022yandex_kirill\u0022,\u0022utm_medium\u0022:\u0022cpc\u0022,\u0022utm_campaign\u0022:\u0022pogreba_rozn_umnaya_copy_11_04\u0022,\u0022utm_content\u0022:\u002213300555433\u0022,\u0022utm_term\u0022:\u0022---autotargeting\u0022},\u0022gclid\u0022:null},\u0022client\u0022:{\u0022yaId\u0022:\u00221695363409986794899\u0022},\u0022pages\u0022:{\u0022list\u0022:[[\u0022https:\/\/tingard.ru\/?utm_source=yandex_kirill\u0026utm_medium=cpc\u0026utm_campaign=pogreba_rozn_umnaya_copy_11_04\u0026utm_content=13300555433\u0026utm_term=---autotargeting\u0026roistat=direct14_search_13300555433_---autotargeting\u0026roistat_referrer=none\u0026roistat_pos=premium_3\u0026yclid=6822372801850114047\u0022,1695363409,\u0022TINGARD \u2014 \u0431\u0435\u0441\u0448\u043e\u0432\u043d\u044b\u0439 \u043f\u043b\u0430\u0441\u0442\u0438\u043a\u043e\u0432\u044b\u0439 \u043f\u043e\u0433\u0440\u0435\u0431 \u2116\u0022]]},\u0022gid\u0022:null,\u0022previous\u0022:{\u0022list\u0022:[]}}","TITLE":"\u041f\u043e\u0434\u043e\u0431\u0440\u0430\u0442\u044c \u043f\u043e\u0433\u0440\u0435\u0431 (\u043a\u0432\u0438\u0437)","UF_CRM_1449663065":68,"ASSIGNED_BY_ID":58,"SOURCE_ID":9}}},"result":{"result":471992,"time":{"start":1695365820.98979,"finish":1695365824.646204,"duration":3.6564140319824219,"processing":3.6041920185089111,"date_start":"2023-09-22T09:57:00+03:00","date_finish":"2023-09-22T09:57:04+03:00","operating_reset_at":1695366421,"operating":3.6041591167449951}}}