{"url":"https:\/\/tinger.bitrix24.ru\/rest\/190\/42tc2gxq8od2858i\/crm.lead.add.json","info":{"url":"https:\/\/tinger.bitrix24.ru\/rest\/190\/42tc2gxq8od2858i\/crm.lead.add.json","content_type":"application\/json; charset=utf-8","http_code":200,"header_size":1028,"request_size":207,"filetime":-1,"ssl_verify_result":0,"redirect_count":0,"total_time":1.3104880000000001,"namelookup_time":0.0022230000000000001,"connect_time":0.0044299999999999999,"pretransfer_time":0.012844,"size_upload":1823,"size_download":288,"speed_download":219,"speed_upload":1391,"download_content_length":-1,"upload_content_length":1823,"starttransfer_time":0.012846,"redirect_time":0,"redirect_url":"","primary_ip":"178.132.201.52","certinfo":[],"primary_port":443,"local_ip":"188.225.57.79","local_port":52634,"http_version":3,"protocol":2,"ssl_verifyresult":0,"scheme":"HTTPS","appconnect_time_us":12735,"connect_time_us":4430,"namelookup_time_us":2223,"pretransfer_time_us":12844,"redirect_time_us":0,"starttransfer_time_us":12846,"total_time_us":1310488},"params":{"method":"crm.lead.add","params":{"fields":{"NAME":"\u0420\u043e\u043c\u0430\u043d","PHONE":[{"VALUE":"8 (962) 399-28-29","VALUE_TYPE":"WORK"}],"EMAIL":[{"VALUE":null,"VALUE_TYPE":"WORK"}],"TRACE":"{\u0022url\u0022:\u0022https:\/\/sale.tingard.ru\/?utm_source=yandex\u0026utm_medium=cpc\u0026utm_campaign=pogreba_rozn_new_lend_conv\u0026utm_content=16219644794\u0026utm_term=---autotargeting\u0026roistat=direct14_context_111793018_rsMasterGroup_rsMasterBanner_---autotargeting\u0026yclid=13635888777823780863\u0022,\u0022ref\u0022:\u0022https:\/\/koktejli.ru\/\u0022,\u0022device\u0022:{\u0022isMobile\u0022:true},\u0022tags\u0022:{\u0022ts\u0022:1728454891,\u0022list\u0022:{\u0022utm_source\u0022:\u0022yandex\u0022,\u0022utm_medium\u0022:\u0022cpc\u0022,\u0022utm_campaign\u0022:\u0022pogreba_rozn_new_lend_conv\u0022,\u0022utm_content\u0022:\u002216219644794\u0022,\u0022utm_term\u0022:\u0022---autotargeting\u0022},\u0022gclid\u0022:null},\u0022client\u0022:{\u0022yaId\u0022:\u00221728454891351978805\u0022},\u0022pages\u0022:{\u0022list\u0022:[[\u0022https:\/\/sale.tingard.ru\/?utm_source=yandex\u0026utm_medium=cpc\u0026utm_campaign=pogreba_rozn_new_lend_conv\u0026utm_content=16219644794\u0026utm_term=---autotargeting\u0026roistat=direct14_context_111793018_rsMasterGroup_rsMasterBanner_---autotargeting\u0026yclid=13635888777823780863\u0022,1728454891,\u0022\u0411\u0435\u0441\u0448\u043e\u0432\u043d\u044b\u0435 \u043f\u043b\u0430\u0441\u0442\u0438\u043a\u043e\u0432\u044b\u0435 \u043f\u043e\u0433\u0440\u0435\u0431\u0430 TINGARD \u2014 \u0022]]},\u0022gid\u0022:null,\u0022previous\u0022:{\u0022list\u0022:[]}}","UF_CRM_1517561552":"3504150","COMMENTS":null,"TITLE":"\u041f\u043e\u0434\u043e\u0431\u0440\u0430\u0442\u044c \u043f\u043e\u0433\u0440\u0435\u0431","UF_CRM_1449663065":68,"ASSIGNED_BY_ID":58,"SOURCE_ID":85}}},"result":{"result":555414,"time":{"start":1728454906.1705921,"finish":1728454907.3821781,"duration":1.2115859985351562,"processing":1.165302038192749,"date_start":"2024-10-09T09:21:46+03:00","date_finish":"2024-10-09T09:21:47+03:00","operating_reset_at":1728455506,"operating":1.1652688980102539}}}