{"url":"https:\/\/tinger.bitrix24.ru\/rest\/190\/42tc2gxq8od2858i\/crm.lead.add.json","info":{"url":"https:\/\/tinger.bitrix24.ru\/rest\/190\/42tc2gxq8od2858i\/crm.lead.add.json","content_type":"application\/json; charset=utf-8","http_code":200,"header_size":1027,"request_size":207,"filetime":-1,"ssl_verify_result":0,"redirect_count":0,"total_time":1.5691059999999999,"namelookup_time":0.0088140000000000007,"connect_time":0.010109,"pretransfer_time":0.019289000000000001,"size_upload":1353,"size_download":288,"speed_download":183,"speed_upload":862,"download_content_length":-1,"upload_content_length":1353,"starttransfer_time":0.019293999999999999,"redirect_time":0,"redirect_url":"","primary_ip":"178.132.201.51","certinfo":[],"primary_port":443,"local_ip":"188.225.57.79","local_port":56874,"http_version":3,"protocol":2,"ssl_verifyresult":0,"scheme":"HTTPS","appconnect_time_us":19173,"connect_time_us":10109,"namelookup_time_us":8814,"pretransfer_time_us":19289,"redirect_time_us":0,"starttransfer_time_us":19294,"total_time_us":1569106},"params":{"method":"crm.lead.add","params":{"fields":{"NAME":"\u0412\u043b\u0430\u0434\u0438\u043c\u0438\u0440","PHONE":[{"VALUE":"+7 (914) 763-08-71","VALUE_TYPE":"WORK"}],"EMAIL":[{"VALUE":null,"VALUE_TYPE":"WORK"}],"TRACE":"{\u0022url\u0022:\u0022https:\/\/tingard.ru\/?roistat=direct14_context_16225516161_\u0026roistat_referrer=mail.ru\u0026roistat_pos=none_0\u0026yclid=9498862762831642623\u0022,\u0022device\u0022:{\u0022isMobile\u0022:false},\u0022tags\u0022:{\u0022ts\u0022:1720139676,\u0022list\u0022:{},\u0022gclid\u0022:null},\u0022client\u0022:{\u0022yaId\u0022:\u00221720139672836220551\u0022},\u0022pages\u0022:{\u0022list\u0022:[[\u0022https:\/\/tingard.ru\/?roistat=direct14_context_16225516161_\u0026roistat_referrer=mail.ru\u0026roistat_pos=none_0\u0026yclid=9498862762831642623\u0022,1720139676,\u0022TINGARD \u2014 \u0431\u0435\u0441\u0448\u043e\u0432\u043d\u044b\u0439 \u043f\u043b\u0430\u0441\u0442\u0438\u043a\u043e\u0432\u044b\u0439 \u043f\u043e\u0433\u0440\u0435\u0431 \u2116\u0022]]},\u0022gid\u0022:null,\u0022previous\u0022:{\u0022list\u0022:[]}}","COMMENTS":null,"TITLE":"\u0420\u0430\u0441\u0441\u0440\u043e\u0447\u043a\u0430 (\u0443\u0437\u043d\u0430\u0442\u044c \u043f\u043e\u0434\u0440\u043e\u0431\u043d\u043e\u0441\u0442\u0438)","UF_CRM_1449663065":68,"ASSIGNED_BY_ID":58,"SOURCE_ID":9}}},"result":{"result":526338,"time":{"start":1720139801.3611979,"finish":1720139802.840173,"duration":1.4789750576019287,"processing":1.4430668354034424,"date_start":"2024-07-05T03:36:41+03:00","date_finish":"2024-07-05T03:36:42+03:00","operating_reset_at":1720140401,"operating":1.4430451393127441}}}