{"url":"https:\/\/tinger.bitrix24.ru\/rest\/190\/42tc2gxq8od2858i\/crm.lead.add.json","info":{"url":"https:\/\/tinger.bitrix24.ru\/rest\/190\/42tc2gxq8od2858i\/crm.lead.add.json","content_type":"application\/json; charset=utf-8","http_code":200,"header_size":1028,"request_size":207,"filetime":-1,"ssl_verify_result":0,"redirect_count":0,"total_time":2.2807979999999999,"namelookup_time":0.0046189999999999998,"connect_time":0.01017,"pretransfer_time":0.022221999999999999,"size_upload":2124,"size_download":287,"speed_download":125,"speed_upload":931,"download_content_length":-1,"upload_content_length":2124,"starttransfer_time":0.022224000000000001,"redirect_time":0,"redirect_url":"","primary_ip":"178.132.201.53","certinfo":[],"primary_port":443,"local_ip":"188.225.57.79","local_port":51296,"http_version":3,"protocol":2,"ssl_verifyresult":0,"scheme":"HTTPS","appconnect_time_us":22114,"connect_time_us":10170,"namelookup_time_us":4619,"pretransfer_time_us":22222,"redirect_time_us":0,"starttransfer_time_us":22224,"total_time_us":2280798},"params":{"method":"crm.lead.add","params":{"fields":{"NAME":"\u0418\u043b\u044c\u043c\u0438\u0440","PHONE":[{"VALUE":"+7 (929) 703-99-20","VALUE_TYPE":"WORK"}],"EMAIL":[{"VALUE":null,"VALUE_TYPE":"WORK"}],"TRACE":"{\u0022url\u0022:\u0022https:\/\/tingard.ru\/?roistat=direct14_context_16233427521_%D0%B2%D1%8B%D1%81%D0%B0%D0%B4%D0%BA%D0%B0%20%D1%80%D0%B0%D1%81%D1%81%D0%B0%D0%B4%D1%8B\u0026roistat_referrer=dzen.ru\u0026roistat_pos=none_0\u0026utm_source=yandex\u0026utm_medium=cpc\u0026utm_campaign=rsya-click\u0026utm_content=16233427521\u0026utm_term=dzen.ru\u0026yclid=3063728765075455999\u0022,\u0022ref\u0022:\u0022https:\/\/dzen.ru\/\u0022,\u0022device\u0022:{\u0022isMobile\u0022:true},\u0022tags\u0022:{\u0022ts\u0022:1723724675,\u0022list\u0022:{\u0022utm_source\u0022:\u0022yandex\u0022,\u0022utm_medium\u0022:\u0022cpc\u0022,\u0022utm_campaign\u0022:\u0022rsya-click\u0022,\u0022utm_content\u0022:\u002216233427521\u0022,\u0022utm_term\u0022:\u0022dzen.ru\u0022},\u0022gclid\u0022:null},\u0022client\u0022:{\u0022yaId\u0022:\u00221723724673913432794\u0022},\u0022pages\u0022:{\u0022list\u0022:[[\u0022https:\/\/tingard.ru\/?roistat=direct14_context_16233427521_%D0%B2%D1%8B%D1%81%D0%B0%D0%B4%D0%BA%D0%B0%20%D1%80%D0%B0%D1%81%D1%81%D0%B0%D0%B4%D1%8B\u0026roistat_referrer=dzen.ru\u0026roistat_pos=none_0\u0026utm_source=yandex\u0026utm_medium=cpc\u0026utm_campaign=rsya-click\u0026utm_content=16233427521\u0026utm_term=dzen.ru\u0026yclid=3063728765075455999\u0022,1723724675,\u0022TINGARD \u2014 \u0431\u0435\u0441\u0448\u043e\u0432\u043d\u044b\u0439 \u043f\u043b\u0430\u0441\u0442\u0438\u043a\u043e\u0432\u044b\u0439 \u043f\u043e\u0433\u0440\u0435\u0431 \u2116\u0022]]},\u0022gid\u0022:null,\u0022previous\u0022:{\u0022list\u0022:[]}}","UF_CRM_1517561552":"3403567","COMMENTS":null,"TITLE":"\u0420\u0430\u0441\u0441\u0440\u043e\u0447\u043a\u0430 (\u0443\u0437\u043d\u0430\u0442\u044c \u043f\u043e\u0434\u0440\u043e\u0431\u043d\u043e\u0441\u0442\u0438)","UF_CRM_1449663065":68,"ASSIGNED_BY_ID":58,"SOURCE_ID":9}}},"result":{"result":538626,"time":{"start":1723724697.126817,"finish":1723724699.2903819,"duration":2.163564920425415,"processing":2.1221590042114258,"date_start":"2024-08-15T15:24:57+03:00","date_finish":"2024-08-15T15:24:59+03:00","operating_reset_at":1723725297,"operating":2.1220991611480713}}}