{"url":"https:\/\/tinger.bitrix24.ru\/rest\/190\/42tc2gxq8od2858i\/crm.lead.add.json","info":{"url":"https:\/\/tinger.bitrix24.ru\/rest\/190\/42tc2gxq8od2858i\/crm.lead.add.json","content_type":"application\/json; charset=utf-8","http_code":200,"header_size":1027,"request_size":207,"filetime":-1,"ssl_verify_result":0,"redirect_count":0,"total_time":1.770737,"namelookup_time":0.0088509999999999995,"connect_time":0.010192,"pretransfer_time":0.021731,"size_upload":1550,"size_download":289,"speed_download":163,"speed_upload":875,"download_content_length":-1,"upload_content_length":1550,"starttransfer_time":0.021734,"redirect_time":0,"redirect_url":"","primary_ip":"178.132.201.51","certinfo":[],"primary_port":443,"local_ip":"188.225.57.79","local_port":60252,"http_version":3,"protocol":2,"ssl_verifyresult":0,"scheme":"HTTPS","appconnect_time_us":21612,"connect_time_us":10192,"namelookup_time_us":8851,"pretransfer_time_us":21731,"redirect_time_us":0,"starttransfer_time_us":21734,"total_time_us":1770737},"params":{"method":"crm.lead.add","params":{"fields":{"NAME":"\u0414\u0430\u0440\u044c\u0435\u043d\u043a\u043e","PHONE":[{"VALUE":"+7 (926) 845-52-26","VALUE_TYPE":"WORK"}],"EMAIL":[{"VALUE":null,"VALUE_TYPE":"WORK"}],"TRACE":"{\u0022url\u0022:\u0022https:\/\/tingard.ru\/?roistat=direct14_context_16233427522_\u0026roistat_referrer=yandex.ru\u0026roistat_pos=none_0\u0026yclid=15035383703844159487\u0022,\u0022ref\u0022:\u0022https:\/\/yandex.ru\/pogoda\/ru-RU\/rybaki\/details\/fishing?utm_source=serp\u0026utm_campaign=helper\u0026utm_term=daily_forecast\u0026utm_medium=desktop\u0026utm_content=helper_desktop_main\u0026lat=56.068618\u0026lon=37.339488\u0026via=prsw\u0022,\u0022device\u0022:{\u0022isMobile\u0022:false},\u0022tags\u0022:{\u0022ts\u0022:1720211860,\u0022list\u0022:{},\u0022gclid\u0022:null},\u0022client\u0022:{\u0022yaId\u0022:\u00221720211860158379288\u0022},\u0022pages\u0022:{\u0022list\u0022:[[\u0022https:\/\/tingard.ru\/?roistat=direct14_context_16233427522_\u0026roistat_referrer=yandex.ru\u0026roistat_pos=none_0\u0026yclid=15035383703844159487\u0022,1720211860,\u0022TINGARD \u2014 \u0431\u0435\u0441\u0448\u043e\u0432\u043d\u044b\u0439 \u043f\u043b\u0430\u0441\u0442\u0438\u043a\u043e\u0432\u044b\u0439 \u043f\u043e\u0433\u0440\u0435\u0431 \u2116\u0022]]},\u0022gid\u0022:null,\u0022previous\u0022:{\u0022list\u0022:[]}}","COMMENTS":null,"TITLE":"\u0417\u0430\u043a\u0430\u0437\u0430\u0442\u044c \u043f\u043e\u0433\u0440\u0435\u0431","UF_CRM_1449663065":68,"ASSIGNED_BY_ID":58,"SOURCE_ID":9}}},"result":{"result":526612,"time":{"start":1720211911.0174379,"finish":1720211912.6612329,"duration":1.6437950134277344,"processing":1.6062960624694824,"date_start":"2024-07-05T23:38:31+03:00","date_finish":"2024-07-05T23:38:32+03:00","operating_reset_at":1720212511,"operating":1.6062650680541992}}}