{"url":"https:\/\/tinger.bitrix24.ru\/rest\/190\/42tc2gxq8od2858i\/crm.lead.add.json","info":{"url":"https:\/\/tinger.bitrix24.ru\/rest\/190\/42tc2gxq8od2858i\/crm.lead.add.json","content_type":"application\/json; charset=utf-8","http_code":200,"header_size":1030,"request_size":207,"filetime":-1,"ssl_verify_result":0,"redirect_count":0,"total_time":1.6292869999999999,"namelookup_time":0.021418,"connect_time":0.030047000000000001,"pretransfer_time":0.047426999999999997,"size_upload":1928,"size_download":288,"speed_download":176,"speed_upload":1183,"download_content_length":-1,"upload_content_length":1928,"starttransfer_time":0.047435999999999999,"redirect_time":0,"redirect_url":"","primary_ip":"95.163.249.170","certinfo":[],"primary_port":443,"local_ip":"188.225.57.79","local_port":38276,"http_version":3,"protocol":2,"ssl_verifyresult":0,"scheme":"HTTPS","appconnect_time_us":47215,"connect_time_us":30047,"namelookup_time_us":21418,"pretransfer_time_us":47427,"redirect_time_us":0,"starttransfer_time_us":47436,"total_time_us":1629287},"params":{"method":"crm.lead.add","params":{"fields":{"NAME":"\u0417\u0430\u0440\u0438\u043c\u0430 \u0425\u0443\u0441\u043d\u0443\u0442\u0434\u0438\u043d\u043e\u0432\u0430","PHONE":[{"VALUE":"+7 (905) 352-42-74","VALUE_TYPE":"WORK"}],"EMAIL":[{"VALUE":null,"VALUE_TYPE":"WORK"}],"TRACE":"{\u0022url\u0022:\u0022https:\/\/tinger.ru\/catalog\/perelomka\/?utm_source=yandex\u0026utm_medium=cpc\u0026utm_campaign=mk_ozk_tf4\u0026utm_content=16219855373\u0026utm_term=---autotargeting\u0026roistat=direct20_context_111795810_rsMasterGroup_rsMasterBanner_---autotargeting\u0026yclid=13497975377791287295\u0022,\u0022ref\u0022:\u0022https:\/\/chem-ege.sdamgia.ru\/\u0022,\u0022device\u0022:{\u0022isMobile\u0022:true},\u0022tags\u0022:{\u0022ts\u0022:1727062688,\u0022list\u0022:{\u0022utm_source\u0022:\u0022yandex\u0022,\u0022utm_medium\u0022:\u0022cpc\u0022,\u0022utm_campaign\u0022:\u0022mk_ozk_tf4\u0022,\u0022utm_content\u0022:\u002216219855373\u0022,\u0022utm_term\u0022:\u0022---autotargeting\u0022},\u0022gclid\u0022:null},\u0022client\u0022:{\u0022gaId\u0022:\u00221541642857.1727062684\u0022,\u0022yaId\u0022:\u00221727062686687227603\u0022},\u0022pages\u0022:{\u0022list\u0022:[[\u0022https:\/\/tinger.ru\/catalog\/perelomka\/?utm_source=yandex\u0026utm_medium=cpc\u0026utm_campaign=mk_ozk_tf4\u0026utm_content=16219855373\u0026utm_term=---autotargeting\u0026roistat=direct20_context_111795810_rsMasterGroup_rsMasterBanner_---autotargeting\u0026yclid=13497975377791287295\u0022,1727062689,\u0022\u041a\u0443\u043f\u0438\u0442\u044c \u0432\u0435\u0437\u0434\u0435\u0445\u043e\u0434 \u043f\u0435\u0440\u0435\u043b\u043e\u043c\u043a\u0443 TINGER TF4 \u0432 \u0420\u0022]]},\u0022gid\u0022:null,\u0022previous\u0022:{\u0022list\u0022:[]}}","UF_CRM_1517561552":"3730403","COMMENTS":null,"TITLE":"\u041a\u0443\u043f\u0438\u0442\u044c \u0432\u0435\u0437\u0434\u0435\u0445\u043e\u0434 TINGER TF4","UF_CRM_1449663065":64,"ASSIGNED_BY_ID":58,"SOURCE_ID":"WEB"}}},"result":{"result":550762,"time":{"start":1727062759.2528551,"finish":1727062760.765516,"duration":1.5126609802246094,"processing":1.4791710376739502,"date_start":"2024-09-23T06:39:19+03:00","date_finish":"2024-09-23T06:39:20+03:00","operating_reset_at":1727063359,"operating":1.4791409969329834}}}