{"url":"https:\/\/tinger.bitrix24.ru\/rest\/190\/42tc2gxq8od2858i\/crm.lead.add.json","info":{"url":"https:\/\/tinger.bitrix24.ru\/rest\/190\/42tc2gxq8od2858i\/crm.lead.add.json","content_type":"application\/json; charset=utf-8","http_code":200,"header_size":1035,"request_size":207,"filetime":-1,"ssl_verify_result":0,"redirect_count":0,"total_time":2.8622049999999999,"namelookup_time":0.017877000000000001,"connect_time":0.025921,"pretransfer_time":0.043900000000000002,"size_upload":1825,"size_download":288,"speed_download":100,"speed_upload":637,"download_content_length":-1,"upload_content_length":1825,"starttransfer_time":0.043907000000000002,"redirect_time":0,"redirect_url":"","primary_ip":"178.248.236.39","certinfo":[],"primary_port":443,"local_ip":"188.225.57.79","local_port":44358,"http_version":3,"protocol":2,"ssl_verifyresult":0,"scheme":"HTTPS","appconnect_time_us":43702,"connect_time_us":25921,"namelookup_time_us":17877,"pretransfer_time_us":43900,"redirect_time_us":0,"starttransfer_time_us":43907,"total_time_us":2862205},"params":{"method":"crm.lead.add","params":{"fields":{"NAME":"\u0410\u043b\u044c\u0431\u0435\u0440\u0442","PHONE":[{"VALUE":"8 (987) 291-91-78","VALUE_TYPE":"WORK"}],"EMAIL":[{"VALUE":null,"VALUE_TYPE":"WORK"}],"TRACE":"{\u0022url\u0022:\u0022https:\/\/tingard.ru\/?utm_source=yandex_kirill\u0026utm_medium=cpc\u0026utm_campaign=pogreba_rozn_umnaya_click_perezapusk_15_01\u0026utm_content=\u0026utm_term=---autotargeting\u0026roistat=direct14_context_1839506082742553879_---autotargeting\u0026roistat_referrer=com.vkontakte.android\u0026roistat_pos=none_0\u0026yclid=398086688236371967\u0022,\u0022device\u0022:{\u0022isMobile\u0022:true},\u0022tags\u0022:{\u0022ts\u0022:1714803650,\u0022list\u0022:{\u0022utm_source\u0022:\u0022yandex_kirill\u0022,\u0022utm_medium\u0022:\u0022cpc\u0022,\u0022utm_campaign\u0022:\u0022pogreba_rozn_umnaya_click_perezapusk_15_01\u0022,\u0022utm_term\u0022:\u0022---autotargeting\u0022},\u0022gclid\u0022:null},\u0022client\u0022:{\u0022yaId\u0022:\u00221714803160101947201\u0022},\u0022pages\u0022:{\u0022list\u0022:[[\u0022https:\/\/tingard.ru\/?utm_source=yandex_kirill\u0026utm_medium=cpc\u0026utm_campaign=pogreba_rozn_umnaya_click_perezapusk_15_01\u0026utm_content=\u0026utm_term=---autotargeting\u0026roistat=direct14_context_1839506082742553879_---autotargeting\u0026roistat_referrer=com.vkontakte.android\u0026roistat_pos=none_0\u0026yclid=398086688236371967\u0022,1714803651,\u0022TINGARD \u2014 \u0431\u0435\u0441\u0448\u043e\u0432\u043d\u044b\u0439 \u043f\u043b\u0430\u0441\u0442\u0438\u043a\u043e\u0432\u044b\u0439 \u043f\u043e\u0433\u0440\u0435\u0431 \u2116\u0022]]},\u0022gid\u0022:null,\u0022previous\u0022:{\u0022list\u0022:[]}}","COMMENTS":null,"TITLE":"\u041a\u0443\u043f\u0438\u0442\u044c \u0432\u044b\u0433\u043e\u0434\u043d\u043e","UF_CRM_1449663065":68,"ASSIGNED_BY_ID":58,"SOURCE_ID":9}}},"result":{"result":510634,"time":{"start":1714803754.798337,"finish":1714803757.5049429,"duration":2.7066059112548828,"processing":2.6583759784698486,"date_start":"2024-05-04T09:22:34+03:00","date_finish":"2024-05-04T09:22:37+03:00","operating_reset_at":1714804354,"operating":2.6583461761474609}}}