{"url":"https:\/\/tinger.bitrix24.ru\/rest\/190\/42tc2gxq8od2858i\/crm.lead.add.json","info":{"url":"https:\/\/tinger.bitrix24.ru\/rest\/190\/42tc2gxq8od2858i\/crm.lead.add.json","content_type":"application\/json; charset=utf-8","http_code":200,"header_size":1030,"request_size":207,"filetime":-1,"ssl_verify_result":0,"redirect_count":0,"total_time":1.780694,"namelookup_time":0.0021649999999999998,"connect_time":0.010670000000000001,"pretransfer_time":0.027813000000000001,"size_upload":1708,"size_download":289,"speed_download":162,"speed_upload":959,"download_content_length":-1,"upload_content_length":1708,"starttransfer_time":0.027816,"redirect_time":0,"redirect_url":"","primary_ip":"89.208.228.119","certinfo":[],"primary_port":443,"local_ip":"188.225.57.79","local_port":41688,"http_version":3,"protocol":2,"ssl_verifyresult":0,"scheme":"HTTPS","appconnect_time_us":27675,"connect_time_us":10670,"namelookup_time_us":2165,"pretransfer_time_us":27813,"redirect_time_us":0,"starttransfer_time_us":27816,"total_time_us":1780694},"params":{"method":"crm.lead.add","params":{"fields":{"UF_CRM_1449663065":14016,"SOURCE_ID":"CONFERENCE","ASSIGNED_BY_ID":58,"TITLE":"\u041f\u043e\u0437\u0432\u043e\u043d\u0438\u0442\u0435 \u043c\u043d\u0435","NAME":"\u0421\u0435\u0440\u0433\u0435\u0439","PHONE":[{"VALUE":"+7 (919) 766-64-48","VALUE_TYPE":"WORK"}],"EMAIL":[{"VALUE":null,"VALUE_TYPE":"WORK"}],"COMMENTS":"","TRACE":"{\u0022url\u0022:\u0022https:\/\/tingerplast.ru\/plastikovye-pogreba\/tingard-2500k\/\u0022,\u0022ref\u0022:\u0022https:\/\/www.google.com\/\u0022,\u0022device\u0022:{\u0022isMobile\u0022:false},\u0022tags\u0022:{\u0022ts\u0022:1720692547,\u0022list\u0022:{},\u0022gclid\u0022:null},\u0022client\u0022:{\u0022yaId\u0022:\u00221720692547171521589\u0022},\u0022pages\u0022:{\u0022list\u0022:[[\u0022https:\/\/tingerplast.ru\/reviews\/otzyvy-o-pogrebakh-tingard\/\u0022,1720692547,\u0022\u041e\u0442\u0437\u044b\u0432\u044b \u043e \u043f\u043e\u0433\u0440\u0435\u0431\u0430\u0445 TINGARD\u0022],[\u0022https:\/\/tingerplast.ru\/reviews\/otzyvy-o-pogrebakh-tingard\/otzyv-klienta-aleksandra\/\u0022,1720692556,\u0022\u041e\u0442\u0437\u044b\u0432 \u043a\u043b\u0438\u0435\u043d\u0442\u0430 \u0410\u043b\u0435\u043a\u0441\u0430\u043d\u0434\u0440\u0430\u0022],[\u0022https:\/\/tingerplast.ru\/plastikovye-pogreba\/tingard-1900\/\u0022,1720692592,\u0022\u041f\u043e\u0433\u0440\u0435\u0431 TINGARD 1900\u0022],[\u0022https:\/\/tingerplast.ru\/plastikovye-pogreba\/tingard-2500k\/\u0022,1720692973,\u0022\u041f\u043e\u0433\u0440\u0435\u0431 TINGARD 2500\u041a\u0022]]},\u0022gid\u0022:null,\u0022previous\u0022:{\u0022list\u0022:[]}}","UF_CRM_1517561552":"3332257"}}},"result":{"result":527928,"time":{"start":1720693005.6425841,"finish":1720693007.3185129,"duration":1.6759288311004639,"processing":1.6371440887451172,"date_start":"2024-07-11T13:16:45+03:00","date_finish":"2024-07-11T13:16:47+03:00","operating_reset_at":1720693605,"operating":3.3346362113952637}}}