{"url":"https:\/\/tinger.bitrix24.ru\/rest\/190\/42tc2gxq8od2858i\/crm.lead.add.json","info":{"url":"https:\/\/tinger.bitrix24.ru\/rest\/190\/42tc2gxq8od2858i\/crm.lead.add.json","content_type":"application\/json; charset=utf-8","http_code":200,"header_size":1034,"request_size":207,"filetime":-1,"ssl_verify_result":0,"redirect_count":0,"total_time":2.5071469999999998,"namelookup_time":0.015792,"connect_time":0.027739,"pretransfer_time":0.049895000000000002,"size_upload":3579,"size_download":286,"speed_download":114,"speed_upload":1427,"download_content_length":-1,"upload_content_length":3579,"starttransfer_time":0.049896999999999997,"redirect_time":0,"redirect_url":"","primary_ip":"46.235.53.69","certinfo":[],"primary_port":443,"local_ip":"188.225.57.79","local_port":45744,"http_version":3,"protocol":2,"ssl_verifyresult":0,"scheme":"HTTPS","appconnect_time_us":49796,"connect_time_us":27739,"namelookup_time_us":15792,"pretransfer_time_us":49895,"redirect_time_us":0,"starttransfer_time_us":49897,"total_time_us":2507147},"params":{"method":"crm.lead.add","params":{"fields":{"NAME":"\u0415\u0433\u043e\u0440","PHONE":[{"VALUE":"8 (994) 004-63-81","VALUE_TYPE":"WORK"}],"EMAIL":[{"VALUE":"","VALUE_TYPE":"WORK"}],"TRACE":"{\u0022url\u0022:\u0022https:\/\/tingard.ru\/?utm_source=yandex\u0026utm_medium=cpc\u0026utm_campaign=mk_rf_kval\u0026utm_content=17189060398\u0026utm_term=---autotargeting\u0026roistat=direct14_search_702036728_rsMasterGroup_rsMasterBanner_---autotargeting\u0026yclid=16180907230261411839\u0022,\u0022ref\u0022:\u0022https:\/\/yandex.ru\/\u0022,\u0022device\u0022:{\u0022isMobile\u0022:true},\u0022tags\u0022:{\u0022ts\u0022:1754891360,\u0022list\u0022:{\u0022utm_source\u0022:\u0022yandex\u0022,\u0022utm_medium\u0022:\u0022cpc\u0022,\u0022utm_campaign\u0022:\u0022mk_rf_kval\u0022,\u0022utm_content\u0022:\u002217189060398\u0022,\u0022utm_term\u0022:\u0022---autotargeting\u0022},\u0022gclid\u0022:null},\u0022client\u0022:{\u0022yaId\u0022:\u00221754891358470088697\u0022},\u0022pages\u0022:{\u0022list\u0022:[[\u0022https:\/\/tingard.ru\/?utm_source=yandex\u0026utm_medium=cpc\u0026utm_campaign=mk_rf_kval\u0026utm_content=17189060398\u0026utm_term=---autotargeting\u0026roistat=direct14_search_702036728_rsMasterGroup_rsMasterBanner_---autotargeting\u0026yclid=16180907230261411839\u0022,1754891360,\u0022TINGARD \u2014 \u0431\u0435\u0441\u0448\u043e\u0432\u043d\u044b\u0439 \u043f\u043b\u0430\u0441\u0442\u0438\u043a\u043e\u0432\u044b\u0439 \u043f\u043e\u0433\u0440\u0435\u0431 \u0441\u0022]]},\u0022gid\u0022:null,\u0022previous\u0022:{\u0022list\u0022:[]}}","UF_CRM_1736853511":"1754891358470088697","UF_CRM_1736853555":"1754891358470088697","UF_CRM_1736853537":"1754891358470088697","UF_CRM_1517561552":"3727368","COMMENTS":"\u003Cb\u003E\u0413\u0434\u0435 \u043f\u043b\u0430\u043d\u0438\u0440\u0443\u0435\u0442\u0435 \u0443\u0441\u0442\u0430\u043d\u0430\u0432\u043b\u0438\u0432\u0430\u0442\u044c \u043f\u043e\u0433\u0440\u0435\u0431?\u003C\/b\u003E \u043d\u0430 \u043e\u0442\u043a\u0440\u044b\u0442\u043e\u043c \u0443\u0447\u0430\u0441\u0442\u043a\u0435\u003Cbr\u003E\u003Cb\u003E\u041a\u0430\u043a\u043e\u0439 \u0443\u0440\u043e\u0432\u0435\u043d\u044c \u0433\u0440\u0443\u043d\u0442\u043e\u0432\u044b\u0445 \u0432\u043e\u0434 \u043d\u0430 \u0432\u0430\u0448\u0435\u043c \u0443\u0447\u0430\u0441\u0442\u043a\u0435?\u003C\/b\u003E \u0432\u044b\u0441\u043e\u043a\u0438\u0439\u003Cbr\u003E\u003Cb\u003E\u041f\u043e\u0434\u0431\u0435\u0440\u0438 \u043f\u043e\u0433\u0440\u0435\u0431 \u0437\u0430 30 \u0441\u0435\u043a\u0443\u043d\u0434\u003C\/b\u003E \u0434\u043e 350 \u0431\u0430\u043d\u043e\u043a \u0438 \u0434\u043e 35 \u044f\u0449\u0438\u043a\u043e\u0432\u003Cbr\u003E\u003Cb\u003E\u041a\u0442\u043e \u0431\u0443\u0434\u0435\u0442 \u0437\u0430\u043d\u0438\u043c\u0430\u0442\u044c\u0441\u044f \u0443\u0441\u0442\u0430\u043d\u043e\u0432\u043a\u043e\u0439 \u043f\u043e\u0433\u0440\u0435\u0431\u0430?\u003C\/b\u003E \u043f\u0440\u043e\u0444\u0438\u043b\u044c\u043d\u0430\u044f \u043e\u0440\u0433\u0430\u043d\u0438\u0437\u0430\u0446\u0438\u044f\u003Cbr\u003E\u003Cb\u003E\u041a\u043e\u0433\u0434\u0430 \u0432\u044b \u043f\u043b\u0430\u043d\u0438\u0440\u0443\u0435\u0442\u0435 \u043f\u0440\u0438\u043e\u0431\u0440\u0435\u0441\u0442\u0438 \u043f\u043e\u0433\u0440\u0435\u0431?\u003C\/b\u003E \u0432 \u0441\u043b\u0435\u0434\u0443\u044e\u0449\u0435\u043c \u0433\u043e\u0434\u0443\u003Cbr\u003E","TITLE":"\u041f\u043e\u0434\u043e\u0431\u0440\u0430\u0442\u044c \u043f\u043e\u0433\u0440\u0435\u0431 (\u043a\u0432\u0438\u0437)","UF_CRM_1449663065":68,"ASSIGNED_BY_ID":58,"SOURCE_ID":9}}},"result":{"result":616146,"time":{"start":1754891478.1849639,"finish":1754891480.574249,"duration":2.3892850875854492,"processing":2.3539199829101562,"date_start":"2025-08-11T08:51:18+03:00","date_finish":"2025-08-11T08:51:20+03:00","operating_reset_at":1754892078,"operating":2.3538930416107178}}}