{"url":"https:\/\/tinger.bitrix24.ru\/rest\/190\/42tc2gxq8od2858i\/crm.deal.add.json","info":{"url":"https:\/\/tinger.bitrix24.ru\/rest\/190\/42tc2gxq8od2858i\/crm.deal.add.json","content_type":"application\/json; charset=utf-8","http_code":200,"header_size":1030,"request_size":207,"filetime":-1,"ssl_verify_result":0,"redirect_count":0,"total_time":1.9228890000000001,"namelookup_time":0.001745,"connect_time":0.010444,"pretransfer_time":0.026422000000000001,"size_upload":4567,"size_download":285,"speed_download":148,"speed_upload":2376,"download_content_length":-1,"upload_content_length":4567,"starttransfer_time":0.026425000000000001,"redirect_time":0,"redirect_url":"","primary_ip":"89.208.228.119","certinfo":[],"primary_port":443,"local_ip":"188.225.57.79","local_port":59492,"http_version":3,"protocol":2,"ssl_verifyresult":0,"scheme":"HTTPS","appconnect_time_us":26322,"connect_time_us":10444,"namelookup_time_us":1745,"pretransfer_time_us":26422,"redirect_time_us":0,"starttransfer_time_us":26425,"total_time_us":1922889},"params":{"method":"crm.deal.add","params":{"fields":{"NAME":"Vasilian Mindiyrov","PHONE":[{"VALUE":"8 (902) 409-14-45","VALUE_TYPE":"WORK"}],"EMAIL":[{"VALUE":"2901445@mail.ru","VALUE_TYPE":"WORK"}],"TRACE":"{\u0022url\u0022:\u0022https:\/\/tinger.ru\/customer-support\/\u0022,\u0022device\u0022:{\u0022isMobile\u0022:true},\u0022tags\u0022:{\u0022ts\u0022:1749582053,\u0022list\u0022:{},\u0022gclid\u0022:null},\u0022client\u0022:{\u0022gaId\u0022:\u0022544694160.1741354016\u0022,\u0022yaId\u0022:\u00221741354017639663695\u0022},\u0022pages\u0022:{\u0022list\u0022:[[\u0022https:\/\/tinger.ru\/parts\/spetsklyuch-dlya-ustanovki-zamka-tsepi\/\u0022,1749582197,\u0022\u0421\u043f\u0435\u0446\u043a\u043b\u044e\u0447 \u0434\u043b\u044f \u0443\u0441\u0442\u0430\u043d\u043e\u0432\u043a\u0438 \u0437\u0430\u043c\u043a\u0430 \u0446\u0435\u043f\u0438\u0022],[\u0022https:\/\/tinger.ru\/account\/create\/\u0022,1749994832,\u0022\u0420\u0435\u0433\u0438\u0441\u0442\u0440\u0430\u0446\u0438\u044f\u0022],[\u0022https:\/\/tinger.ru\/account\/create\/success\/\u0022,1749994926,\u0022\u0417\u0430\u0432\u0435\u0440\u0448\u0435\u043d\u0438\u0435 \u0440\u0435\u0433\u0438\u0441\u0442\u0440\u0430\u0446\u0438\u0438\u0022],[\u0022https:\/\/tinger.ru\/account\/\u0022,1749994990,\u0022\u041b\u0438\u0447\u043d\u044b\u0439 \u043a\u0430\u0431\u0438\u043d\u0435\u0442\u0022],[\u0022https:\/\/tinger.ru\/customer-support\/\u0022,1749995018,\u0022\u041a\u043b\u0438\u0435\u043d\u0442\u0441\u043a\u0430\u044f \u043f\u043e\u0434\u0434\u0435\u0440\u0436\u043a\u0430 \u0434\u043b\u044f \u0432\u043b\u0430\u0434\u0435\u043b\u044c\u0446\u0435\u0432 \u0442\u0435\u0445\u043d\u0022]]},\u0022gid\u0022:null,\u0022previous\u0022:{\u0022list\u0022:[{\u0022url\u0022:\u0022https:\/\/tinger.ru\/catalog\/perelomka\/?utm_source=yandex\u0026utm_medium=cpc\u0026utm_campaign=mk_click_ru4ka_tf4_kval\u0026utm_content=16801571905\u0026utm_term=---autotargeting\u0026roistat=direct20_context_117660709_rsMasterGroup_rsMasterBanner_---autotargeting\u0026yclid=5434485442459205631\u0022,\u0022device\u0022:{\u0022isMobile\u0022:true},\u0022tags\u0022:{\u0022ts\u0022:1741354016,\u0022list\u0022:{},\u0022gclid\u0022:null},\u0022client\u0022:{\u0022gaId\u0022:\u0022544694160.1741354016\u0022,\u0022yaId\u0022:\u00221741354017639663695\u0022},\u0022pages\u0022:{\u0022list\u0022:[[\u0022https:\/\/tinger.ru\/configurator\/\u0022,1741354017,\u0022\u041a\u043e\u043d\u0444\u0438\u0433\u0443\u0440\u0430\u0442\u043e\u0440 \u0432\u0435\u0437\u0434\u0435\u0445\u043e\u0434\u043d\u043e\u0439 \u0442\u0435\u0445\u043d\u0438\u043a\u0438\u0022]]},\u0022gid\u0022:null},{\u0022url\u0022:\u0022https:\/\/tinger.ru\/catalog\/perelomka\/?utm_source=yandex\u0026utm_medium=cpc\u0026utm_campaign=mk_click_ru4ka_tf4_kval\u0026utm_content=16801571905\u0026utm_term=---autotargeting\u0026roistat=direct20_context_117660709_rsMasterGroup_rsMasterBanner_---autotargeting\u0026yclid=5434485442459205631\u0022,\u0022device\u0022:{\u0022isMobile\u0022:true},\u0022tags\u0022:{\u0022ts\u0022:1741774824,\u0022list\u0022:{\u0022utm_source\u0022:\u0022yandex\u0022,\u0022utm_medium\u0022:\u0022cpc\u0022,\u0022utm_campaign\u0022:\u0022mk_click_ru4ka_tf4_kval\u0022,\u0022utm_content\u0022:\u002216801571905\u0022,\u0022utm_term\u0022:\u0022---autotargeting\u0022},\u0022gclid\u0022:null},\u0022client\u0022:{\u0022gaId\u0022:\u0022544694160.1741354016\u0022,\u0022yaId\u0022:\u00221741354017639663695\u0022},\u0022pages\u0022:{\u0022list\u0022:[[\u0022https:\/\/tinger.ru\/catalog\/perelomka\/?utm_source=yandex\u0026utm_medium=cpc\u0026utm_campaign=mk_click_ru4ka_tf4_kval\u0026utm_content=16801571905\u0026utm_term=---autotargeting\u0026roistat=direct20_context_117660709_rsMasterGroup_rsMasterBanner_---autotargeting\u0026yclid=5434485442459205631\u0022,1741774824,\u0022\u041a\u0443\u043f\u0438\u0442\u044c \u0432\u0435\u0437\u0434\u0435\u0445\u043e\u0434 \u043f\u0435\u0440\u0435\u043b\u043e\u043c\u043a\u0443 TINGER TF4 \u0432 \u0420\u0022]]},\u0022gid\u0022:null}]}}","UF_CRM_1736853511":"1741354017639663695","UF_CRM_1736853555":"1741354017639663695","UF_CRM_1736853537":"1741354017639663695","UF_CRM_1517561552":"3893701","COMMENTS":"\u041a\u0430\u043a \u043e\u0434\u0435\u0442\u044c \u0446\u0435\u043f\u044c \u043d\u0430 \u0437\u0430\u0434\u043d\u0438\u0439 \u043f\u0440\u0438\u0432\u043e\u0434","TITLE":"\u041a\u043b\u0438\u0435\u043d\u0442\u0441\u043a\u0430\u044f \u043f\u043e\u0434\u0434\u0435\u0440\u0436\u043a\u0430","CATEGORY_ID":"6","UF_CRM_5697ACD86C4A4":null,"UF_CRM_1580391801":null,"UF_CRM_1558422147767":null,"UF_CRM_1558422105224":null,"UF_CRM_1558421988817":null,"UF_CRM_1558443579026":null,"SOURCE_ID":"WEB","CONTACT_ID":87058}}},"result":{"result":122918,"time":{"start":1749995152.5507751,"finish":1749995154.3935249,"duration":1.8427498340606689,"processing":1.815716028213501,"date_start":"2025-06-15T16:45:52+03:00","date_finish":"2025-06-15T16:45:54+03:00","operating_reset_at":1749995752,"operating":1.8157010078430176}}}