{"url":"https:\/\/tinger.bitrix24.ru\/rest\/190\/42tc2gxq8od2858i\/crm.lead.add.json","info":{"url":"https:\/\/tinger.bitrix24.ru\/rest\/190\/42tc2gxq8od2858i\/crm.lead.add.json","content_type":"application\/json; charset=utf-8","http_code":200,"header_size":1028,"request_size":207,"filetime":-1,"ssl_verify_result":0,"redirect_count":0,"total_time":1.6429750000000001,"namelookup_time":0.0017030000000000001,"connect_time":0.0032049999999999999,"pretransfer_time":0.011542999999999999,"size_upload":1717,"size_download":288,"speed_download":175,"speed_upload":1045,"download_content_length":-1,"upload_content_length":1717,"starttransfer_time":0.011545,"redirect_time":0,"redirect_url":"","primary_ip":"178.132.201.50","certinfo":[],"primary_port":443,"local_ip":"188.225.57.79","local_port":36654,"http_version":3,"protocol":2,"ssl_verifyresult":0,"scheme":"HTTPS","appconnect_time_us":11437,"connect_time_us":3205,"namelookup_time_us":1703,"pretransfer_time_us":11543,"redirect_time_us":0,"starttransfer_time_us":11545,"total_time_us":1642975},"params":{"method":"crm.lead.add","params":{"fields":{"NAME":"\u0425\u043e\u043b\u043a\u0438\u043d \u041e\u043b\u0435\u0433 \u0411\u043e\u0440\u0438\u0441\u043e\u0432\u0438\u0447","PHONE":[{"VALUE":"+7 (919) 374-19-03","VALUE_TYPE":"WORK"}],"EMAIL":[{"VALUE":null,"VALUE_TYPE":"WORK"}],"TRACE":"{\u0022url\u0022:\u0022https:\/\/tinger.ru\/catalog\/perelomka\/?utm_source=yandex\u0026utm_medium=cpc\u0026utm_campaign=mk_click_tf4\u0026utm_content=16219861895\u0026utm_term=---autotargeting\u0026yclid=9242305587137478655\u0022,\u0022ref\u0022:\u0022https:\/\/dzen.ru\/\u0022,\u0022device\u0022:{\u0022isMobile\u0022:true},\u0022tags\u0022:{\u0022ts\u0022:1719992169,\u0022list\u0022:{\u0022utm_source\u0022:\u0022yandex\u0022,\u0022utm_medium\u0022:\u0022cpc\u0022,\u0022utm_campaign\u0022:\u0022mk_click_tf4\u0022,\u0022utm_content\u0022:\u002216219861895\u0022,\u0022utm_term\u0022:\u0022---autotargeting\u0022},\u0022gclid\u0022:null},\u0022client\u0022:{\u0022gaId\u0022:\u0022281368577.1719992169\u0022,\u0022yaId\u0022:\u0022171999216866520879\u0022},\u0022pages\u0022:{\u0022list\u0022:[[\u0022https:\/\/tinger.ru\/catalog\/perelomka\/?utm_source=yandex\u0026utm_medium=cpc\u0026utm_campaign=mk_click_tf4\u0026utm_content=16219861895\u0026utm_term=---autotargeting\u0026yclid=9242305587137478655\u0022,1719992169,\u0022\u041a\u0443\u043f\u0438\u0442\u044c \u0432\u0435\u0437\u0434\u0435\u0445\u043e\u0434 \u043f\u0435\u0440\u0435\u043b\u043e\u043c\u043a\u0443 TINGER TF4 \u0432 \u0420\u0022]]},\u0022gid\u0022:null,\u0022previous\u0022:{\u0022list\u0022:[]}}","COMMENTS":null,"TITLE":"\u041a\u0443\u043f\u0438\u0442\u044c \u0432\u0435\u0437\u0434\u0435\u0445\u043e\u0434 TINGER TF4","UF_CRM_1449663065":64,"ASSIGNED_BY_ID":58,"SOURCE_ID":"WEB"}}},"result":{"result":524960,"time":{"start":1719992184.7887161,"finish":1719992186.361356,"duration":1.5726399421691895,"processing":1.5459599494934082,"date_start":"2024-07-03T10:36:24+03:00","date_finish":"2024-07-03T10:36:26+03:00","operating_reset_at":1719992784,"operating":1.5459411144256592}}}