{"url":"https:\/\/tinger.bitrix24.ru\/rest\/190\/42tc2gxq8od2858i\/crm.lead.add.json","info":{"url":"https:\/\/tinger.bitrix24.ru\/rest\/190\/42tc2gxq8od2858i\/crm.lead.add.json","content_type":"application\/json; charset=utf-8","http_code":200,"header_size":1028,"request_size":207,"filetime":-1,"ssl_verify_result":0,"redirect_count":0,"total_time":0.84703499999999998,"namelookup_time":0.0020890000000000001,"connect_time":0.0040000000000000001,"pretransfer_time":0.014571000000000001,"size_upload":2409,"size_download":291,"speed_download":343,"speed_upload":2844,"download_content_length":-1,"upload_content_length":2409,"starttransfer_time":0.014572999999999999,"redirect_time":0,"redirect_url":"","primary_ip":"178.132.201.53","certinfo":[],"primary_port":443,"local_ip":"188.225.57.79","local_port":50538,"http_version":3,"protocol":2,"ssl_verifyresult":0,"scheme":"HTTPS","appconnect_time_us":14474,"connect_time_us":4000,"namelookup_time_us":2089,"pretransfer_time_us":14571,"redirect_time_us":0,"starttransfer_time_us":14573,"total_time_us":847035},"params":{"method":"crm.lead.add","params":{"fields":{"UF_CRM_1449663065":14016,"SOURCE_ID":"CONFERENCE","ASSIGNED_BY_ID":58,"TITLE":"\u0417\u0430\u043a\u0430\u0437 \u0441 \u0441\u0430\u0439\u0442\u0430 (\u0438\u0437 \u043a\u043e\u0440\u0437\u0438\u043d\u044b)","NAME":"zxczxc","PHONE":[{"VALUE":"+453453345445","VALUE_TYPE":"WORK"}],"EMAIL":[{"VALUE":null,"VALUE_TYPE":"WORK"}],"COMMENTS":"\u0421\u043e\u0441\u0442\u0430\u0432 \u0437\u0430\u043a\u0430\u0437\u0430: \u003Cbr\u003E\u003Cb\u003ETINGARD 1900\u0411\u003C\/b\u003E (1 \u0448\u0442.), \u043d\u0430 \u0441\u0443\u043c\u043c\u0443 \u003Cb\u003E240\u0026nbsp;000 \u0440\u0443\u0431.\u003C\/b\u003E\u003Cbr\u003E\u003Cb\u003ETINGARD 1900\u041a\u003C\/b\u003E (2 \u0448\u0442.), \u043d\u0430 \u0441\u0443\u043c\u043c\u0443 \u003Cb\u003E265\u0026nbsp;000 \u0440\u0443\u0431.\u003C\/b\u003E\u003Cbr\u003E\u003Cb\u003E\u041e\u0431\u0449\u0430\u044f \u0441\u0443\u043c\u043c\u0430 \u0437\u0430\u043a\u0430\u0437\u0430: \u003C\/b\u003E\u0022770\u0026nbsp;000 \u0440\u0443\u0431.\u0022","TRACE":"{\u0022url\u0022:\u0022https:\/\/tingerplast.ru\/cart\/\u0022,\u0022ref\u0022:\u0022https:\/\/tinger.bitrix24.ru\/\u0022,\u0022device\u0022:{\u0022isMobile\u0022:false},\u0022tags\u0022:{\u0022ts\u0022:1731306407,\u0022list\u0022:{},\u0022gclid\u0022:null},\u0022client\u0022:{\u0022yaId\u0022:\u00221712815456955180459\u0022},\u0022pages\u0022:{\u0022list\u0022:[[\u0022https:\/\/tingerplast.ru\/plastikovye-pogreba\/tingard-1900k\/\u0022,1731564072,\u0022\u041f\u043e\u0433\u0440\u0435\u0431 TINGARD 1900\u041a\u0022],[\u0022https:\/\/tingerplast.ru\/dopolnitelnaya-komplektatsiya\/vinnyy-stellazh-tingard\/\u0022,1731564076,\u0022\u0412\u0438\u043d\u043d\u044b\u0439 \u0441\u0442\u0435\u043b\u043b\u0430\u0436 TINGARD\u0022],[\u0022https:\/\/tingerplast.ru\/plastikovye-pogreba\/\u0022,1731564108,\u0022\u0411\u0435\u0441\u0448\u043e\u0432\u043d\u044b\u0435 \u043f\u043b\u0430\u0441\u0442\u0438\u043a\u043e\u0432\u044b\u0435 \u043f\u043e\u0433\u0440\u0435\u0431\u0430 TINGARD\u0022],[\u0022https:\/\/tingerplast.ru\/thanks\/\u0022,1731583670,\u0022\u0421\u043f\u0430\u0441\u0438\u0431\u043e \u0437\u0430 \u0437\u0430\u044f\u0432\u043a\u0443\u0022],[\u0022https:\/\/tingerplast.ru\/cart\/\u0022,1731584466,\u0022\u041a\u043e\u0440\u0437\u0438\u043d\u0430\u0022]]},\u0022gid\u0022:null,\u0022previous\u0022:{\u0022list\u0022:[]}}","UF_CRM_1517561552":"3556285"}}},"result":{"result":565322,"time":{"start":1731584473.3834231,"finish":1731584474.1334381,"duration":0.7500150203704834,"processing":0.71391892433166504,"date_start":"2024-11-14T14:41:13+03:00","date_finish":"2024-11-14T14:41:14+03:00","operating_reset_at":1731585073,"operating":0.71389603614807129}}}