{"url":"https:\/\/tinger.bitrix24.ru\/rest\/190\/42tc2gxq8od2858i\/crm.lead.add.json","info":{"url":"https:\/\/tinger.bitrix24.ru\/rest\/190\/42tc2gxq8od2858i\/crm.lead.add.json","content_type":"application\/json; charset=utf-8","http_code":200,"header_size":1030,"request_size":207,"filetime":-1,"ssl_verify_result":0,"redirect_count":0,"total_time":1.2675259999999999,"namelookup_time":0.012004000000000001,"connect_time":0.020500000000000001,"pretransfer_time":0.036339999999999997,"size_upload":4640,"size_download":287,"speed_download":226,"speed_upload":3662,"download_content_length":-1,"upload_content_length":4640,"starttransfer_time":0.036341999999999999,"redirect_time":0,"redirect_url":"","primary_ip":"89.208.228.119","certinfo":[],"primary_port":443,"local_ip":"188.225.57.79","local_port":56616,"http_version":3,"protocol":2,"ssl_verifyresult":0,"scheme":"HTTPS","appconnect_time_us":36248,"connect_time_us":20500,"namelookup_time_us":12004,"pretransfer_time_us":36340,"redirect_time_us":0,"starttransfer_time_us":36342,"total_time_us":1267526},"params":{"method":"crm.lead.add","params":{"fields":{"NAME":"\u0412\u0430\u043b\u0435\u043d\u0442\u0438\u043d\u0430 \u041b\u0418\u0425\u041e\u0420\u0410\u0414\u041a\u0418\u041d\u0410","PHONE":[{"VALUE":"+7 (913) 680-68-38","VALUE_TYPE":"WORK"}],"EMAIL":[{"VALUE":null,"VALUE_TYPE":"WORK"}],"TRACE":"{\u0022url\u0022:\u0022https:\/\/sale.tingard.ru\/?utm_source=yandex\u0026utm_medium=cpc\u0026utm_campaign=pogreba_rozn_new_lend_conv\u0026utm_content=16219644787\u0026utm_term=---autotargeting\u0026roistat=direct14_context_111793018_rsMasterGroup_rsMasterBanner_---autotargeting\u0026yclid=11032541331095551999\u0022,\u0022ref\u0022:\u0022https:\/\/ok.ru\/profile\/521269999838\/friends\u0022,\u0022device\u0022:{\u0022isMobile\u0022:false},\u0022tags\u0022:{\u0022ts\u0022:1725336273,\u0022list\u0022:{\u0022utm_source\u0022:\u0022yandex\u0022,\u0022utm_medium\u0022:\u0022cpc\u0022,\u0022utm_campaign\u0022:\u0022pogreba_rozn_new_lend_conv\u0022,\u0022utm_content\u0022:\u002216219644787\u0022,\u0022utm_term\u0022:\u0022---autotargeting\u0022},\u0022gclid\u0022:null},\u0022client\u0022:{\u0022yaId\u0022:\u00221716976372302618031\u0022},\u0022pages\u0022:{\u0022list\u0022:[[\u0022https:\/\/sale.tingard.ru\/?utm_source=yandex\u0026utm_medium=cpc\u0026utm_campaign=pogreba_rozn_new_lend_conv\u0026utm_content=16219644787\u0026utm_term=---autotargeting\u0026roistat=direct14_context_111793018_rsMasterGroup_rsMasterBanner_---autotargeting\u0026yclid=11032541331095551999\u0022,1725336274,\u0022\u0411\u0435\u0441\u0448\u043e\u0432\u043d\u044b\u0435 \u043f\u043b\u0430\u0441\u0442\u0438\u043a\u043e\u0432\u044b\u0435 \u043f\u043e\u0433\u0440\u0435\u0431\u0430 TINGARD \u2014 \u0022]]},\u0022gid\u0022:null,\u0022previous\u0022:{\u0022list\u0022:[{\u0022url\u0022:\u0022https:\/\/sale.tingard.ru\/?utm_source=yandex\u0026utm_medium=cpc\u0026utm_campaign=pogreba_rozn_new_lend_conv\u0026utm_content=16219644787\u0026utm_term=---autotargeting\u0026roistat=direct14_context_111793018_rsMasterGroup_rsMasterBanner_---autotargeting\u0026yclid=11576904413208379391\u0022,\u0022device\u0022:{\u0022isMobile\u0022:false},\u0022tags\u0022:{\u0022ts\u0022:1716976374,\u0022list\u0022:{\u0022utm_source\u0022:\u0022yandex\u0022,\u0022utm_medium\u0022:\u0022cpc\u0022,\u0022utm_campaign\u0022:\u0022pogreba_rozn_umnaya_click_new_lending\u0022,\u0022utm_content\u0022:\u002216136013826\u0022,\u0022utm_term\u0022:\u0022---autotargeting\u0022},\u0022gclid\u0022:null},\u0022client\u0022:{\u0022yaId\u0022:\u00221716976372302618031\u0022},\u0022pages\u0022:{\u0022list\u0022:[[\u0022https:\/\/sale.tingard.ru\/?utm_source=yandex\u0026utm_medium=cpc\u0026utm_campaign=pogreba_rozn_umnaya_click_new_lending\u0026utm_content=16136013826\u0026utm_term=---autotargeting\u0026roistat=direct14_context_16136013826_---autotargeting\u0026roistat_referrer=mail.yandex.ru\u0026roistat_pos=none_0\u0026yclid=1477707458742845439\u0022,1716976374,\u0022\u0411\u0435\u0441\u0448\u043e\u0432\u043d\u044b\u0435 \u043f\u043b\u0430\u0441\u0442\u0438\u043a\u043e\u0432\u044b\u0435 \u043f\u043e\u0433\u0440\u0435\u0431\u0430 TINGARD \u2014 \u0022]]},\u0022gid\u0022:null},{\u0022url\u0022:\u0022https:\/\/sale.tingard.ru\/?utm_source=yandex\u0026utm_medium=cpc\u0026utm_campaign=pogreba_rozn_new_lend_conv\u0026utm_content=16219644787\u0026utm_term=---autotargeting\u0026roistat=direct14_context_111793018_rsMasterGroup_rsMasterBanner_---autotargeting\u0026yclid=11032541331095551999\u0022,\u0022ref\u0022:\u0022https:\/\/mail.yandex.ru\/\u0022,\u0022device\u0022:{\u0022isMobile\u0022:false},\u0022tags\u0022:{\u0022ts\u0022:1724324156,\u0022list\u0022:{\u0022utm_source\u0022:\u0022yandex\u0022,\u0022utm_medium\u0022:\u0022cpc\u0022,\u0022utm_campaign\u0022:\u0022pogreba_rozn_new_lend_conv\u0022,\u0022utm_content\u0022:\u002216219644787\u0022,\u0022utm_term\u0022:\u0022---autotargeting\u0022},\u0022gclid\u0022:null},\u0022client\u0022:{\u0022yaId\u0022:\u00221716976372302618031\u0022},\u0022pages\u0022:{\u0022list\u0022:[[\u0022https:\/\/sale.tingard.ru\/?utm_source=yandex\u0026utm_medium=cpc\u0026utm_campaign=pogreba_rozn_new_lend_conv\u0026utm_content=16219644787\u0026utm_term=---autotargeting\u0026roistat=direct14_context_111793018_rsMasterGroup_rsMasterBanner_---autotargeting\u0026yclid=11576904413208379391\u0022,1724324156,\u0022\u0411\u0435\u0441\u0448\u043e\u0432\u043d\u044b\u0435 \u043f\u043b\u0430\u0441\u0442\u0438\u043a\u043e\u0432\u044b\u0435 \u043f\u043e\u0433\u0440\u0435\u0431\u0430 TINGARD \u2014 \u0022]]},\u0022gid\u0022:null}]}}","UF_CRM_1517561552":"3432780","COMMENTS":null,"TITLE":"\u0420\u0430\u0441\u0441\u0440\u043e\u0447\u043a\u0430 \u043d\u0430 \u043f\u043e\u0433\u0440\u0435\u0431 TINGARD 2500\u0411","UF_CRM_1449663065":68,"ASSIGNED_BY_ID":58,"SOURCE_ID":85}}},"result":{"result":545204,"time":{"start":1725336301.030678,"finish":1725336302.1816139,"duration":1.1509358882904053,"processing":1.1150128841400146,"date_start":"2024-09-03T07:05:01+03:00","date_finish":"2024-09-03T07:05:02+03:00","operating_reset_at":1725336901,"operating":1.114980936050415}}}