{"url":"https:\/\/tinger.bitrix24.ru\/rest\/190\/42tc2gxq8od2858i\/crm.lead.add.json","info":{"url":"https:\/\/tinger.bitrix24.ru\/rest\/190\/42tc2gxq8od2858i\/crm.lead.add.json","content_type":"application\/json; charset=utf-8","http_code":200,"header_size":1034,"request_size":207,"filetime":-1,"ssl_verify_result":0,"redirect_count":0,"total_time":1.8630519999999999,"namelookup_time":0.0018450000000000001,"connect_time":0.013573999999999999,"pretransfer_time":0.034147999999999998,"size_upload":1336,"size_download":288,"speed_download":154,"speed_upload":717,"download_content_length":-1,"upload_content_length":1336,"starttransfer_time":0.034152000000000002,"redirect_time":0,"redirect_url":"","primary_ip":"46.235.53.69","certinfo":[],"primary_port":443,"local_ip":"188.225.57.79","local_port":37848,"http_version":3,"protocol":2,"ssl_verifyresult":0,"scheme":"HTTPS","appconnect_time_us":34011,"connect_time_us":13574,"namelookup_time_us":1845,"pretransfer_time_us":34148,"redirect_time_us":0,"starttransfer_time_us":34152,"total_time_us":1863052},"params":{"method":"crm.lead.add","params":{"fields":{"NAME":"\u041b\u0430\u0440\u0438\u0441\u0430","PHONE":[{"VALUE":"+7 (964) 333-22-39","VALUE_TYPE":"WORK"}],"TRACE":"{\u0022url\u0022:\u0022https:\/\/tingard.ru\/\u0022,\u0022ref\u0022:\u0022https:\/\/tinger.ru\/\u0022,\u0022device\u0022:{\u0022isMobile\u0022:true},\u0022tags\u0022:{\u0022ts\u0022:1737927069,\u0022list\u0022:{},\u0022gclid\u0022:null},\u0022client\u0022:{\u0022yaId\u0022:\u00221737927069805382802\u0022},\u0022pages\u0022:{\u0022list\u0022:[[\u0022https:\/\/tingard.ru\/\u0022,1737927070,\u0022TINGARD \u2014 \u0431\u0435\u0441\u0448\u043e\u0432\u043d\u044b\u0439 \u043f\u043b\u0430\u0441\u0442\u0438\u043a\u043e\u0432\u044b\u0439 \u043f\u043e\u0433\u0440\u0435\u0431 \u2116\u0022]]},\u0022gid\u0022:null,\u0022previous\u0022:{\u0022list\u0022:[]}}","UF_CRM_1736853511":"1737927069805382802","UF_CRM_1736853555":"1737927069805382802","UF_CRM_1736853537":"1737927069805382802","UF_CRM_1517561552":"3597331","COMMENTS":null,"TITLE":"\u0417\u0430\u0431\u0440\u043e\u043d\u0438\u0440\u043e\u0432\u0430\u0442\u044c \u043f\u043e\u0433\u0440\u0435\u0431 (\u043d\u043e\u0432\u043e\u0433\u043e\u0434\u043d\u0438\u0439 \u0431\u0430\u043d\u043d\u0435\u0440)","UF_CRM_1449663065":68,"ASSIGNED_BY_ID":58,"SOURCE_ID":9}}},"result":{"result":575712,"time":{"start":1737927078.1378469,"finish":1737927079.8820181,"duration":1.744171142578125,"processing":1.7117629051208496,"date_start":"2025-01-27T00:31:18+03:00","date_finish":"2025-01-27T00:31:19+03:00","operating_reset_at":1737927678,"operating":3.6774797439575195}}}