{"url":"https:\/\/tinger.bitrix24.ru\/rest\/190\/42tc2gxq8od2858i\/crm.lead.add.json","info":{"url":"https:\/\/tinger.bitrix24.ru\/rest\/190\/42tc2gxq8od2858i\/crm.lead.add.json","content_type":"application\/json; charset=utf-8","http_code":200,"header_size":1034,"request_size":207,"filetime":-1,"ssl_verify_result":0,"redirect_count":0,"total_time":1.436064,"namelookup_time":0.0019289999999999999,"connect_time":0.013479,"pretransfer_time":0.036733000000000002,"size_upload":2339,"size_download":286,"speed_download":199,"speed_upload":1628,"download_content_length":-1,"upload_content_length":2339,"starttransfer_time":0.036736999999999999,"redirect_time":0,"redirect_url":"","primary_ip":"46.235.53.67","certinfo":[],"primary_port":443,"local_ip":"188.225.57.79","local_port":49984,"http_version":3,"protocol":2,"ssl_verifyresult":0,"scheme":"HTTPS","appconnect_time_us":36587,"connect_time_us":13479,"namelookup_time_us":1929,"pretransfer_time_us":36733,"redirect_time_us":0,"starttransfer_time_us":36737,"total_time_us":1436064},"params":{"method":"crm.lead.add","params":{"fields":{"NAME":"\u041e\u043b\u044c\u0433\u0430","PHONE":[{"VALUE":"8 (986) 365-17-53","VALUE_TYPE":"WORK"}],"TRACE":"{\u0022url\u0022:\u0022https:\/\/tingard.ru\/?utm_source=yandex\u0026utm_medium=cpc\u0026utm_campaign=mk_rf\u0026utm_content=14460640509\u0026utm_term=%D0%BF%D0%BE%D0%B3%D1%80%D0%B5%D0%B1%20%D1%82%D0%B8%D0%BD%D0%B3%D0%B0%D1%80%D0%B4\u0026roistat=direct14_context_89463958_rsMasterGroup_rsMasterBanner_%D0%BF%D0%BE%D0%B3%D1%80%D0%B5%D0%B1%20%D1%82%D0%B8%D0%BD%D0%B3%D0%B0%D1%80%D0%B4\u0026yclid=15293917201163878399\u0022,\u0022device\u0022:{\u0022isMobile\u0022:false},\u0022tags\u0022:{\u0022ts\u0022:1749037061,\u0022list\u0022:{\u0022utm_source\u0022:\u0022yandex\u0022,\u0022utm_medium\u0022:\u0022cpc\u0022,\u0022utm_campaign\u0022:\u0022mk_rf\u0022,\u0022utm_content\u0022:\u002214460640509\u0022,\u0022utm_term\u0022:\u0022\u043f\u043e\u0433\u0440\u0435\u0431 \u0442\u0438\u043d\u0433\u0430\u0440\u0434\u0022},\u0022gclid\u0022:null},\u0022client\u0022:{\u0022yaId\u0022:\u00221744110309820829153\u0022},\u0022pages\u0022:{\u0022list\u0022:[[\u0022https:\/\/tingard.ru\/?utm_source=yandex\u0026utm_medium=cpc\u0026utm_campaign=mk_rf\u0026utm_content=14460640509\u0026utm_term=%D0%BF%D0%BE%D0%B3%D1%80%D0%B5%D0%B1%20%D1%82%D0%B8%D0%BD%D0%B3%D0%B0%D1%80%D0%B4\u0026roistat=direct14_context_89463958_rsMasterGroup_rsMasterBanner_%D0%BF%D0%BE%D0%B3%D1%80%D0%B5%D0%B1%20%D1%82%D0%B8%D0%BD%D0%B3%D0%B0%D1%80%D0%B4\u0026yclid=15293917201163878399\u0022,1749037062,\u0022TINGARD \u2014 \u0431\u0435\u0441\u0448\u043e\u0432\u043d\u044b\u0439 \u043f\u043b\u0430\u0441\u0442\u0438\u043a\u043e\u0432\u044b\u0439 \u043f\u043e\u0433\u0440\u0435\u0431 \u2116\u0022]]},\u0022gid\u0022:null,\u0022previous\u0022:{\u0022list\u0022:[]}}","UF_CRM_1736853511":"1744110309820829153","UF_CRM_1736853555":"1744110309820829153","UF_CRM_1736853537":"1744110309820829153","UF_CRM_1517561552":"3661591","COMMENTS":null,"TITLE":"\u0417\u0430\u043a\u0430\u0437\u0430\u0442\u044c \u043f\u043e\u0433\u0440\u0435\u0431","UF_CRM_1449663065":68,"ASSIGNED_BY_ID":58,"SOURCE_ID":9}}},"result":{"result":600758,"time":{"start":1749037075.8604259,"finish":1749037077.1951759,"duration":1.3347499370574951,"processing":1.3006050586700439,"date_start":"2025-06-04T14:37:55+03:00","date_finish":"2025-06-04T14:37:57+03:00","operating_reset_at":1749037675,"operating":3.4605252742767334}}}