{"url":"https:\/\/tinger.bitrix24.ru\/rest\/190\/42tc2gxq8od2858i\/crm.lead.add.json","info":{"url":"https:\/\/tinger.bitrix24.ru\/rest\/190\/42tc2gxq8od2858i\/crm.lead.add.json","content_type":"application\/json; charset=utf-8","http_code":200,"header_size":1034,"request_size":207,"filetime":-1,"ssl_verify_result":0,"redirect_count":0,"total_time":2.3843429999999999,"namelookup_time":0.0021229999999999999,"connect_time":0.015240999999999999,"pretransfer_time":0.042646999999999997,"size_upload":1969,"size_download":262,"speed_download":109,"speed_upload":825,"download_content_length":-1,"upload_content_length":1969,"starttransfer_time":0.042652000000000002,"redirect_time":0,"redirect_url":"","primary_ip":"195.208.185.4","certinfo":[],"primary_port":443,"local_ip":"188.225.57.79","local_port":60494,"http_version":3,"protocol":2,"ssl_verifyresult":0,"scheme":"HTTPS","appconnect_time_us":42503,"connect_time_us":15241,"namelookup_time_us":2123,"pretransfer_time_us":42647,"redirect_time_us":0,"starttransfer_time_us":42652,"total_time_us":2384343},"params":{"method":"crm.lead.add","params":{"fields":{"NAME":"\u0414\u043c\u0438\u0442\u0440\u0438\u0439","PHONE":[{"VALUE":"+7 (969) 021-68-78","VALUE_TYPE":"WORK"}],"EMAIL":[{"VALUE":"","VALUE_TYPE":"WORK"}],"TRACE":"{\u0022url\u0022:\u0022https:\/\/tingard.ru\/?utm_source=yandex\u0026utm_medium=cpc\u0026utm_campaign=mk_rf\u0026utm_content=17341225285\u0026utm_term=---autotargeting\u0026roistat=direct14_context_89463958_rsMasterGroup_rsMasterBanner_---autotargeting\u0026yclid=4960728116799209471\u0026ybaip=1\u0022,\u0022ref\u0022:\u0022https:\/\/silvertests.ru\/\u0022,\u0022device\u0022:{\u0022isMobile\u0022:false},\u0022tags\u0022:{\u0022ts\u0022:1760603446,\u0022list\u0022:{\u0022utm_source\u0022:\u0022yandex\u0022,\u0022utm_medium\u0022:\u0022cpc\u0022,\u0022utm_campaign\u0022:\u0022mk_rf\u0022,\u0022utm_content\u0022:\u002217341225285\u0022,\u0022utm_term\u0022:\u0022---autotargeting\u0022},\u0022gclid\u0022:null},\u0022client\u0022:{\u0022yaId\u0022:\u00221760603446271787515\u0022},\u0022pages\u0022:{\u0022list\u0022:[[\u0022https:\/\/tingard.ru\/?utm_source=yandex\u0026utm_medium=cpc\u0026utm_campaign=mk_rf\u0026utm_content=17341225285\u0026utm_term=---autotargeting\u0026roistat=direct14_context_89463958_rsMasterGroup_rsMasterBanner_---autotargeting\u0026yclid=4960728116799209471\u0026ybaip=1\u0022,1760603446,\u0022TINGARD \u2014 \u0431\u0435\u0441\u0448\u043e\u0432\u043d\u044b\u0439 \u043f\u043b\u0430\u0441\u0442\u0438\u043a\u043e\u0432\u044b\u0439 \u043f\u043e\u0433\u0440\u0435\u0431 \u0441\u0022]]},\u0022gid\u0022:null,\u0022previous\u0022:{\u0022list\u0022:[]}}","UF_CRM_1736853511":"1760603446271787515","UF_CRM_1736853555":"1760603446271787515","UF_CRM_1736853537":"1760603446271787515","UF_CRM_1517561552":"3789610","COMMENTS":null,"TITLE":"\u0417\u0430\u043a\u0430\u0437\u0430\u0442\u044c \u043f\u043e\u0433\u0440\u0435\u0431","UF_CRM_1449663065":68,"ASSIGNED_BY_ID":58,"SOURCE_ID":9}}},"result":{"result":627692,"time":{"start":1760603450,"finish":1760603452.403512,"duration":2.4035120010375977,"processing":2,"date_start":"2025-10-16T11:30:50+03:00","date_finish":"2025-10-16T11:30:52+03:00","operating_reset_at":1760604050,"operating":2.2248351573944092}}}