{"url":"https:\/\/tinger.bitrix24.ru\/rest\/190\/42tc2gxq8od2858i\/crm.lead.add.json","info":{"url":"https:\/\/tinger.bitrix24.ru\/rest\/190\/42tc2gxq8od2858i\/crm.lead.add.json","content_type":"application\/json; charset=utf-8","http_code":200,"header_size":1034,"request_size":207,"filetime":-1,"ssl_verify_result":0,"redirect_count":0,"total_time":4.1960680000000004,"namelookup_time":0.012997,"connect_time":0.025432,"pretransfer_time":0.048654999999999997,"size_upload":2222,"size_download":262,"speed_download":62,"speed_upload":529,"download_content_length":-1,"upload_content_length":2222,"starttransfer_time":0.048656999999999999,"redirect_time":0,"redirect_url":"","primary_ip":"46.235.53.69","certinfo":[],"primary_port":443,"local_ip":"188.225.57.79","local_port":41928,"http_version":3,"protocol":2,"ssl_verifyresult":0,"scheme":"HTTPS","appconnect_time_us":48534,"connect_time_us":25432,"namelookup_time_us":12997,"pretransfer_time_us":48655,"redirect_time_us":0,"starttransfer_time_us":48657,"total_time_us":4196068},"params":{"method":"crm.lead.add","params":{"fields":{"NAME":"\u0421\u0435\u0440\u0433\u0435\u0439","PHONE":[{"VALUE":"9028143644","VALUE_TYPE":"WORK"}],"EMAIL":[{"VALUE":null,"VALUE_TYPE":"WORK"}],"TRACE":"{\u0022url\u0022:\u0022https:\/\/tinger.ru\/catalog\/perelomka\/\u0022,\u0022device\u0022:{\u0022isMobile\u0022:true},\u0022tags\u0022:{\u0022ts\u0022:1759467531,\u0022list\u0022:{},\u0022gclid\u0022:null},\u0022client\u0022:{\u0022gaId\u0022:\u00221020939231.1759467531\u0022,\u0022yaId\u0022:\u00221759467532120038164\u0022},\u0022pages\u0022:{\u0022list\u0022:[[\u0022https:\/\/tinger.ru\/configurator\/onlyconfigurator.php?selectModel=perelomka\u0026selectModify=TF4%20Pro,%20%D0%B4%D0%B2%D0%B8%D0%B3%D0%B0%D1%82%D0%B5%D0%BB%D1%8C%20%D0%92%D0%90%D0%97%2011182\u0022,1759467572,\u0022onlyconfigurator\u0022],[\u0022https:\/\/tinger.ru\/\u0022,1759483065,\u0022\u0420\u043e\u0441\u0441\u0438\u0439\u0441\u043a\u0438\u0435 \u0432\u0435\u0437\u0434\u0435\u0445\u043e\u0434\u044b \u043e\u0442 \u043f\u0440\u043e\u0438\u0437\u0432\u043e\u0434\u0438\u0442\u0435\u043b\u044f TI\u0022],[\u0022https:\/\/tinger.ru\/delivery\/\u0022,1759483082,\u0022\u0423\u0441\u043b\u043e\u0432\u0438\u044f \u0434\u043e\u0441\u0442\u0430\u0432\u043a\u0430 \u0432\u0435\u0437\u0434\u0435\u0445\u043e\u0434\u043e\u0432 TINGER\u0022],[\u0022https:\/\/tinger.ru\/catalog\/perelomka\/\u0022,1759483135,\u0022\u041a\u0443\u043f\u0438\u0442\u044c \u0432\u0435\u0437\u0434\u0435\u0445\u043e\u0434 \u043f\u0435\u0440\u0435\u043b\u043e\u043c\u043a\u0443 TINGER TF4 \u0432 \u0420\u0022],[\u0022https:\/\/tinger.ru\/configurator\/onlyconfigurator.php?selectModel=perelomka\u0022,1759483136,\u0022onlyconfigurator\u0022]]},\u0022gid\u0022:null,\u0022previous\u0022:{\u0022list\u0022:[]}}","UF_CRM_1736853511":"1759467532120038164","UF_CRM_1736853555":"1759467532120038164","UF_CRM_1736853537":"1759467532120038164","UF_CRM_1517561552":"3971313","COMMENTS":null,"TITLE":"\u041a\u0443\u043f\u0438\u0442\u044c \u0432\u0435\u0437\u0434\u0435\u0445\u043e\u0434 TINGER TF4","UF_CRM_1449663065":64,"ASSIGNED_BY_ID":58,"SOURCE_ID":"WEB"}}},"result":{"result":625284,"time":{"start":1759483155,"finish":1759483159.562876,"duration":4.5628759860992432,"processing":4,"date_start":"2025-10-03T12:19:15+03:00","date_finish":"2025-10-03T12:19:19+03:00","operating_reset_at":1759483755,"operating":3.9922189712524414}}}