{"url":"https:\/\/tinger.bitrix24.ru\/rest\/190\/42tc2gxq8od2858i\/crm.lead.add.json","info":{"url":"https:\/\/tinger.bitrix24.ru\/rest\/190\/42tc2gxq8od2858i\/crm.lead.add.json","content_type":"application\/json; charset=utf-8","http_code":200,"header_size":1032,"request_size":207,"filetime":-1,"ssl_verify_result":0,"redirect_count":0,"total_time":2.5430060000000001,"namelookup_time":0.013065999999999999,"connect_time":0.022415999999999998,"pretransfer_time":0.042686000000000002,"size_upload":3221,"size_download":287,"speed_download":112,"speed_upload":1266,"download_content_length":-1,"upload_content_length":3221,"starttransfer_time":0.042694000000000003,"redirect_time":0,"redirect_url":"","primary_ip":"46.235.53.67","certinfo":[],"primary_port":443,"local_ip":"188.225.57.79","local_port":42142,"http_version":3,"protocol":2,"ssl_verifyresult":0,"scheme":"HTTPS","appconnect_time_us":42532,"connect_time_us":22416,"namelookup_time_us":13066,"pretransfer_time_us":42686,"redirect_time_us":0,"starttransfer_time_us":42694,"total_time_us":2543006},"params":{"method":"crm.lead.add","params":{"fields":{"NAME":"M\u0438\u0445\u0430","PHONE":[{"VALUE":"+37068051251","VALUE_TYPE":"WORK"}],"EMAIL":[{"VALUE":null,"VALUE_TYPE":"WORK"}],"COMMENTS":"\u041f\u0430\u0440\u0430\u043c\u0435\u0442\u0440\u044b \u0434\u0438\u0441\u043a\u0430:\u003Cbr\u003E\u003Cb\u003E\u041d\u0430\u0437\u0432\u0430\u043d\u0438\u0435 \u0448\u0438\u043d\u044b:\u003C\/b\u003E \u003Cbr\u003E\u003Cb\u003E\u0414\u0438\u0430\u043c\u0435\u0442\u0440 \u0434\u0438\u0441\u043a\u0430, \u0434\u044e\u0439\u043c\u043e\u0432:\u003C\/b\u003E \u003Cbr\u003E\u003Cb\u003E\u0412\u044b\u043b\u0435\u0442 \u0434\u0438\u0441\u043a\u0430, \u043c\u043c:\u003C\/b\u003E \u003Cbr\u003E\u003Cb\u003E\u0428\u0438\u0440\u0438\u043d\u0430 \u0434\u0438\u0441\u043a\u0430, \u043c\u043c:\u003C\/b\u003E \u003Cbr\u003E\u003Cb\u003E\u041f\u043e\u0441\u0430\u0434\u043e\u0447\u043d\u044b\u0439 \u0434\u0438\u0430\u043c\u0435\u0442\u0440 \u043f\u043e\u0434 \u0441\u0442\u0443\u043f\u0438\u0446\u0443, \u043c\u043c:\u003C\/b\u003E \u003Cbr\u003E\u003Cb\u003E\u0428\u0438\u0440\u0438\u043d\u0430 \u043f\u043e\u0441\u0430\u0434\u043a\u0438 \u0431\u043e\u0440\u0442\u0430 \u0448\u0438\u043d\u044b, \u043c\u043c:\u003C\/b\u003E \u003Cbr\u003E\u003Cb\u003E\u0414\u0438\u0430\u043c\u0435\u0442\u0440 \u0441\u0442\u0443\u043f\u0438\u0447\u043d\u043e\u0433\u043e \u0444\u043b\u0430\u043d\u0446\u0430, \u043c\u043c:\u003C\/b\u003E \u003Cbr\u003E\u003Cb\u003E\u041a\u043e\u043b\u0438\u0447\u0435\u0441\u0442\u0432\u043e \u0434\u0438\u0441\u043a\u043e\u0432, \u0448\u0442.:\u003C\/b\u003E \u003Cbr\u003E\u003Cb\u003E\u0420\u0430\u0437\u0431\u043e\u043b\u0442\u043e\u0432\u043a\u0430 \u0434\u0438\u0441\u043a\u0430, \u043c\u043c:\u003C\/b\u003E \u2014\u003Cbr\u003E\u003Cb\u003E\u0414\u0438\u0430\u043c\u0435\u0442\u0440 \u043f\u043e\u0441\u0430\u0434\u043e\u0447\u043d\u044b\u0445 \u043e\u0442\u0432\u0435\u0440\u0441\u0442\u0438\u0439, \u043c\u043c:\u003C\/b\u003E \u2014\u003Cbr\u003E\u003Cb\u003E\u0426\u0432\u0435\u0442 \u043f\u043b\u0430\u0441\u0442\u0438\u043a\u043e\u0432\u043e\u0439 \u043a\u0440\u044b\u0448\u043a\u0438:\u003C\/b\u003E \u0447\u0451\u0440\u043d\u044b\u0439\u003Cbr\u003E\u003Cb\u003E\u0426\u0432\u0435\u0442 \u0434\u0438\u0441\u043a\u0430:\u003C\/b\u003E \u0447\u0451\u0440\u043d\u044b\u0439 (0 \u0440\u0443\u0431.)\u003Cbr\u003E","TRACE":"{\u0022url\u0022:\u0022https:\/\/tinger.ru\/pnevmodiski\/\u0022,\u0022ref\u0022:\u0022https:\/\/www.google.com\/\u0022,\u0022device\u0022:{\u0022isMobile\u0022:true},\u0022tags\u0022:{\u0022ts\u0022:1698014769,\u0022list\u0022:{},\u0022gclid\u0022:null},\u0022client\u0022:{\u0022gaId\u0022:\u0022470447942.1698014769\u0022,\u0022yaId\u0022:\u0022169801476967818973\u0022},\u0022pages\u0022:{\u0022list\u0022:[[\u0022https:\/\/tinger.ru\/pnevmodiski\/\u0022,1698014769,\u0022\u041f\u0440\u043e\u0438\u0437\u0432\u043e\u0434\u0441\u0442\u0432\u043e \u0434\u0438\u0441\u043a\u043e\u0432 \u0434\u043b\u044f \u0448\u0438\u043d \u043d\u0438\u0437\u043a\u043e\u0433\u043e \u0434\u0430\u0432\u043b\u0022]]},\u0022gid\u0022:null,\u0022previous\u0022:{\u0022list\u0022:[]}}","TITLE":"\u041f\u043e\u0434\u0431\u043e\u0440 \u043f\u043d\u0435\u0432\u043c\u043e\u0434\u0438\u0441\u043a\u0430 \u043f\u043e \u0440\u0430\u0437\u043c\u0435\u0440\u0430\u043c","UF_CRM_1449663065":"16522","ASSIGNED_BY_ID":58,"SOURCE_ID":"WEB"}}},"result":{"result":479682,"time":{"start":1698014830.763411,"finish":1698014833.188246,"duration":2.4248349666595459,"processing":2.3811020851135254,"date_start":"2023-10-23T01:47:10+03:00","date_finish":"2023-10-23T01:47:13+03:00","operating_reset_at":1698015430,"operating":2.3810799121856689}}}