{"url":"https:\/\/tinger.bitrix24.ru\/rest\/190\/42tc2gxq8od2858i\/crm.lead.add.json","info":{"url":"https:\/\/tinger.bitrix24.ru\/rest\/190\/42tc2gxq8od2858i\/crm.lead.add.json","content_type":"application\/json; charset=utf-8","http_code":200,"header_size":1034,"request_size":207,"filetime":-1,"ssl_verify_result":0,"redirect_count":0,"total_time":1.885629,"namelookup_time":0.013618,"connect_time":0.024049000000000001,"pretransfer_time":0.042890999999999999,"size_upload":1892,"size_download":287,"speed_download":152,"speed_upload":1003,"download_content_length":-1,"upload_content_length":1892,"starttransfer_time":0.042894000000000002,"redirect_time":0,"redirect_url":"","primary_ip":"46.235.53.69","certinfo":[],"primary_port":443,"local_ip":"188.225.57.79","local_port":50542,"http_version":3,"protocol":2,"ssl_verifyresult":0,"scheme":"HTTPS","appconnect_time_us":42734,"connect_time_us":24049,"namelookup_time_us":13618,"pretransfer_time_us":42891,"redirect_time_us":0,"starttransfer_time_us":42894,"total_time_us":1885629},"params":{"method":"crm.lead.add","params":{"fields":{"NAME":"\u0422\u0430\u0442\u044c\u044f\u043d\u0430","PHONE":[{"VALUE":"+7 (905) 346-51-41","VALUE_TYPE":"WORK"}],"EMAIL":[{"VALUE":null,"VALUE_TYPE":"WORK"}],"COMMENTS":null,"TRACE":"{\u0022url\u0022:\u0022https:\/\/tingard.ru\/?utm_source=yandex_kirill\u0026utm_medium=cpc\u0026utm_campaign=pogreba_rozn_umnaya_copy_11_04\u0026utm_content=13300555441\u0026utm_term=---autotargeting\u0026roistat=direct14_search_13300555441_---autotargeting\u0026roistat_referrer=none\u0026roistat_pos=premium_1\u0026yclid=9005055415462133759\u0022,\u0022ref\u0022:\u0022https:\/\/ya.ru\/\u0022,\u0022device\u0022:{\u0022isMobile\u0022:false},\u0022tags\u0022:{\u0022ts\u0022:1700245736,\u0022list\u0022:{\u0022utm_source\u0022:\u0022yandex_kirill\u0022,\u0022utm_medium\u0022:\u0022cpc\u0022,\u0022utm_campaign\u0022:\u0022pogreba_rozn_umnaya_copy_11_04\u0022,\u0022utm_content\u0022:\u002213300555441\u0022,\u0022utm_term\u0022:\u0022---autotargeting\u0022},\u0022gclid\u0022:null},\u0022client\u0022:{\u0022yaId\u0022:\u00221692904909246687979\u0022},\u0022pages\u0022:{\u0022list\u0022:[[\u0022https:\/\/tingard.ru\/?utm_source=yandex_kirill\u0026utm_medium=cpc\u0026utm_campaign=pogreba_rozn_umnaya_copy_11_04\u0026utm_content=13300555441\u0026utm_term=---autotargeting\u0026roistat=direct14_search_13300555441_---autotargeting\u0026roistat_referrer=none\u0026roistat_pos=premium_1\u0026yclid=9005055415462133759\u0022,1700245737,\u0022TINGARD \u2014 \u0431\u0435\u0441\u0448\u043e\u0432\u043d\u044b\u0439 \u043f\u043b\u0430\u0441\u0442\u0438\u043a\u043e\u0432\u044b\u0439 \u043f\u043e\u0433\u0440\u0435\u0431 \u2116\u0022]]},\u0022gid\u0022:null,\u0022previous\u0022:{\u0022list\u0022:[]}}","TITLE":"\u0420\u0430\u0441\u0441\u0440\u043e\u0447\u043a\u0430 \u043d\u0430 \u043f\u043e\u0433\u0440\u0435\u0431 TINGARD 1900","UF_CRM_1449663065":68,"ASSIGNED_BY_ID":58,"SOURCE_ID":9}}},"result":{"result":484370,"time":{"start":1700246743.0881219,"finish":1700246744.88006,"duration":1.7919380664825439,"processing":1.7638280391693115,"date_start":"2023-11-17T21:45:43+03:00","date_finish":"2023-11-17T21:45:44+03:00","operating_reset_at":1700247343,"operating":3.5835540294647217}}}