{"url":"https:\/\/tinger.bitrix24.ru\/rest\/190\/42tc2gxq8od2858i\/crm.lead.add.json","info":{"url":"https:\/\/tinger.bitrix24.ru\/rest\/190\/42tc2gxq8od2858i\/crm.lead.add.json","content_type":"application\/json; charset=utf-8","http_code":200,"header_size":1028,"request_size":207,"filetime":-1,"ssl_verify_result":0,"redirect_count":0,"total_time":1.8997470000000001,"namelookup_time":0.0034380000000000001,"connect_time":0.0047410000000000004,"pretransfer_time":0.016213000000000002,"size_upload":2849,"size_download":288,"speed_download":151,"speed_upload":1500,"download_content_length":-1,"upload_content_length":2849,"starttransfer_time":0.016215,"redirect_time":0,"redirect_url":"","primary_ip":"178.132.201.50","certinfo":[],"primary_port":443,"local_ip":"188.225.57.79","local_port":46452,"http_version":3,"protocol":2,"ssl_verifyresult":0,"scheme":"HTTPS","appconnect_time_us":16097,"connect_time_us":4741,"namelookup_time_us":3438,"pretransfer_time_us":16213,"redirect_time_us":0,"starttransfer_time_us":16215,"total_time_us":1899747},"params":{"method":"crm.lead.add","params":{"fields":{"NAME":"\u0410\u043d\u0434\u0440\u0435\u0439","PHONE":[{"VALUE":"+7 (925) 474-81-93","VALUE_TYPE":"WORK"}],"EMAIL":[{"VALUE":null,"VALUE_TYPE":"WORK"}],"TRACE":"{\u0022url\u0022:\u0022https:\/\/tinger.ru\/\u0022,\u0022device\u0022:{\u0022isMobile\u0022:true},\u0022tags\u0022:{\u0022ts\u0022:1733929116,\u0022list\u0022:{\u0022utm_source\u0022:\u0022yandex\u0022,\u0022utm_medium\u0022:\u0022cpc\u0022,\u0022utm_campaign\u0022:\u0022mk_click_tf4\u0022,\u0022utm_content\u0022:\u002216623890244\u0022,\u0022utm_term\u0022:\u0022---autotargeting\u0022},\u0022gclid\u0022:null},\u0022client\u0022:{\u0022gaId\u0022:\u00221012382330.1733929116\u0022,\u0022yaId\u0022:\u00221733929117298114224\u0022},\u0022pages\u0022:{\u0022list\u0022:[[\u0022https:\/\/tinger.ru\/catalog\/perelomka\/?utm_source=yandex\u0026utm_medium=cpc\u0026utm_campaign=mk_click_tf4\u0026utm_content=16623890244\u0026utm_term=---autotargeting\u0026roistat=direct20_context_111795943_rsMasterGroup_rsMasterBanner_---autotargeting\u0026yclid=2446927063630217215\u0022,1733929117,\u0022\u041a\u0443\u043f\u0438\u0442\u044c \u0432\u0435\u0437\u0434\u0435\u0445\u043e\u0434 \u043f\u0435\u0440\u0435\u043b\u043e\u043c\u043a\u0443 TINGER TF4 \u0432 \u0420\u0022],[\u0022https:\/\/tinger.ru\/thanks\/\u0022,1733929134,\u0022\u0421\u043f\u0430\u0441\u0438\u0431\u043e \u0437\u0430 \u0437\u0430\u044f\u0432\u043a\u0443\u0022],[\u0022https:\/\/tinger.ru\/\u0022,1733929137,\u0022\u0420\u043e\u0441\u0441\u0438\u0439\u0441\u043a\u0438\u0435 \u0432\u0435\u0437\u0434\u0435\u0445\u043e\u0434\u044b \u043e\u0442 \u043f\u0440\u043e\u0438\u0437\u0432\u043e\u0434\u0438\u0442\u0435\u043b\u044f TI\u0022]]},\u0022gid\u0022:null,\u0022previous\u0022:{\u0022list\u0022:[]}}","UF_CRM_1517561552":"3783523","COMMENTS":"\u003Cb\u003E\u0412\u044b\u0431\u0440\u0430\u043d\u043d\u044b\u0439 \u0432\u0435\u0437\u0434\u0435\u0445\u043e\u0434:\u003C\/b\u003E TINGER Track 2\u003Cbr\u003E\u003Cb\u003E\u0426\u0435\u043b\u044c \u0438\u0441\u043f\u043e\u043b\u044c\u0437\u043e\u0432\u0430\u043d\u0438\u044f \u0432\u0435\u0437\u0434\u0435\u0445\u043e\u0434\u0430:\u003C\/b\u003E \u0434\u043b\u044f \u0440\u044b\u0431\u0430\u043b\u043a\u0438\u003Cbr\u003E\u003Cb\u003E\u0412\u044b\u0431\u0440\u0430\u043d\u043d\u044b\u0439 \u0446\u0432\u0435\u0442:\u003C\/b\u003E \u0442\u0430\u043d\u043a\u043e\u0432\u044b\u0439\u003Cbr\u003E\u003Cb\u003E\u041e\u0441\u043d\u043e\u0432\u043d\u0430\u044f \u043c\u0435\u0441\u0442\u043d\u043e\u0441\u0442\u044c \u0434\u043b\u044f \u043f\u0435\u0440\u0435\u0434\u0432\u0438\u0436\u0435\u043d\u0438\u044f:\u003C\/b\u003E \u0431\u0443\u0440\u0435\u043b\u043e\u043c\u003Cbr\u003E","TITLE":"\u041f\u043e\u0434\u043e\u0431\u0440\u0430\u0442\u044c \u0432\u0435\u0437\u0434\u0435\u0445\u043e\u0434 (\u043a\u0432\u0438\u0437)","UF_CRM_1449663065":64,"ASSIGNED_BY_ID":58,"SOURCE_ID":"WEB"}}},"result":{"result":569694,"time":{"start":1733929159.1037779,"finish":1733929160.893096,"duration":1.7893180847167969,"processing":1.7370948791503906,"date_start":"2024-12-11T17:59:19+03:00","date_finish":"2024-12-11T17:59:20+03:00","operating_reset_at":1733929759,"operating":5.1195027828216553}}}