{"url":"https:\/\/tinger.bitrix24.ru\/rest\/190\/42tc2gxq8od2858i\/crm.lead.add.json","info":{"url":"https:\/\/tinger.bitrix24.ru\/rest\/190\/42tc2gxq8od2858i\/crm.lead.add.json","content_type":"application\/json; charset=utf-8","http_code":200,"header_size":1030,"request_size":207,"filetime":-1,"ssl_verify_result":0,"redirect_count":0,"total_time":3.3004690000000001,"namelookup_time":0.016791,"connect_time":0.025151,"pretransfer_time":0.044925,"size_upload":2072,"size_download":262,"speed_download":79,"speed_upload":627,"download_content_length":-1,"upload_content_length":2072,"starttransfer_time":0.044928000000000003,"redirect_time":0,"redirect_url":"","primary_ip":"217.16.18.181","certinfo":[],"primary_port":443,"local_ip":"188.225.57.79","local_port":55168,"http_version":3,"protocol":2,"ssl_verifyresult":0,"scheme":"HTTPS","appconnect_time_us":44783,"connect_time_us":25151,"namelookup_time_us":16791,"pretransfer_time_us":44925,"redirect_time_us":0,"starttransfer_time_us":44928,"total_time_us":3300469},"params":{"method":"crm.lead.add","params":{"fields":{"NAME":"\u0415\u043b\u0435\u043d\u0430","PHONE":[{"VALUE":"+7 (996) 952-52-03","VALUE_TYPE":"WORK"}],"EMAIL":[{"VALUE":"Elena.Saveleva1@tatar.ru","VALUE_TYPE":"WORK"}],"TRACE":"{\u0022url\u0022:\u0022https:\/\/tingard.ru\/?utm_source=yandex\u0026utm_medium=cpc\u0026utm_campaign=mk_rf_kval\u0026utm_content=17326165457\u0026utm_term=---autotargeting\u0026roistat=direct14_context_702036728_rsMasterGroup_rsMasterBanner_---autotargeting\u0026yclid=17432091124982874111\u0026ybaip=1\u0022,\u0022ref\u0022:\u0022https:\/\/kazan.mk.ru\/\u0022,\u0022device\u0022:{\u0022isMobile\u0022:false},\u0022tags\u0022:{\u0022ts\u0022:1759410721,\u0022list\u0022:{\u0022utm_source\u0022:\u0022yandex\u0022,\u0022utm_medium\u0022:\u0022cpc\u0022,\u0022utm_campaign\u0022:\u0022mk_rf_kval\u0022,\u0022utm_content\u0022:\u002217326165457\u0022,\u0022utm_term\u0022:\u0022---autotargeting\u0022},\u0022gclid\u0022:null},\u0022client\u0022:{\u0022yaId\u0022:\u00221759410721775300880\u0022},\u0022pages\u0022:{\u0022list\u0022:[[\u0022https:\/\/tingard.ru\/?utm_source=yandex\u0026utm_medium=cpc\u0026utm_campaign=mk_rf_kval\u0026utm_content=17326165457\u0026utm_term=---autotargeting\u0026roistat=direct14_context_702036728_rsMasterGroup_rsMasterBanner_---autotargeting\u0026yclid=17432091124982874111\u0026ybaip=1\u0022,1759410722,\u0022TINGARD \u2014 \u0431\u0435\u0441\u0448\u043e\u0432\u043d\u044b\u0439 \u043f\u043b\u0430\u0441\u0442\u0438\u043a\u043e\u0432\u044b\u0439 \u043f\u043e\u0433\u0440\u0435\u0431 \u0441\u0022]]},\u0022gid\u0022:null,\u0022previous\u0022:{\u0022list\u0022:[]}}","UF_CRM_1736853511":"1759410721775300880","UF_CRM_1736853555":"1759410721775300880","UF_CRM_1736853537":"1759410721775300880","UF_CRM_1517561552":"3769250","COMMENTS":null,"TITLE":"\u0420\u0430\u0441\u0441\u0447\u0438\u0442\u0430\u0442\u044c \u0441\u0442\u043e\u0438\u043c\u043e\u0441\u0442\u044c \u043f\u043e\u0433\u0440\u0435\u0431\u0430","UF_CRM_1449663065":68,"ASSIGNED_BY_ID":58,"SOURCE_ID":9}}},"result":{"result":625120,"time":{"start":1759411381,"finish":1759411384.5596089,"duration":3.5596089363098145,"processing":3,"date_start":"2025-10-02T16:23:01+03:00","date_finish":"2025-10-02T16:23:04+03:00","operating_reset_at":1759411981,"operating":3.1361219882965088}}}