{"url":"https:\/\/tinger.bitrix24.ru\/rest\/190\/42tc2gxq8od2858i\/crm.lead.add.json","info":{"url":"https:\/\/tinger.bitrix24.ru\/rest\/190\/42tc2gxq8od2858i\/crm.lead.add.json","content_type":"application\/json; charset=utf-8","http_code":200,"header_size":1027,"request_size":207,"filetime":-1,"ssl_verify_result":0,"redirect_count":0,"total_time":0.79931200000000002,"namelookup_time":0.020053000000000001,"connect_time":0.021399000000000001,"pretransfer_time":0.030603000000000002,"size_upload":1378,"size_download":290,"speed_download":362,"speed_upload":1724,"download_content_length":-1,"upload_content_length":1378,"starttransfer_time":0.030606000000000001,"redirect_time":0,"redirect_url":"","primary_ip":"178.132.201.50","certinfo":[],"primary_port":443,"local_ip":"188.225.57.79","local_port":46830,"http_version":3,"protocol":2,"ssl_verifyresult":0,"scheme":"HTTPS","appconnect_time_us":30503,"connect_time_us":21399,"namelookup_time_us":20053,"pretransfer_time_us":30603,"redirect_time_us":0,"starttransfer_time_us":30606,"total_time_us":799312},"params":{"method":"crm.lead.add","params":{"fields":{"NAME":"zxczxc","PHONE":[{"VALUE":"+44423423432","VALUE_TYPE":"WORK"}],"TRACE":"{\u0022url\u0022:\u0022https:\/\/tingard.ru\/\u0022,\u0022device\u0022:{\u0022isMobile\u0022:false},\u0022tags\u0022:{},\u0022client\u0022:{\u0022gaId\u0022:\u00221690822819.1714023164\u0022,\u0022yaId\u0022:\u00221712298355142490425\u0022},\u0022pages\u0022:{\u0022list\u0022:[[\u0022https:\/\/tingard.ru\/thanks\/\u0022,1730887969,\u0022\u0421\u043f\u0430\u0441\u0438\u0431\u043e \u0437\u0430 \u0437\u0430\u044f\u0432\u043a\u0443\u0022],[\u0022https:\/\/tingard.ru\/?clear_cache=Y\u0022,1732710803,\u0022TINGARD \u2014 \u0431\u0435\u0441\u0448\u043e\u0432\u043d\u044b\u0439 \u043f\u043b\u0430\u0441\u0442\u0438\u043a\u043e\u0432\u044b\u0439 \u043f\u043e\u0433\u0440\u0435\u0431 \u2116\u0022],[\u0022https:\/\/tingard.ru\/\u0022,1736790691,\u0022TINGARD \u2014 \u0431\u0435\u0441\u0448\u043e\u0432\u043d\u044b\u0439 \u043f\u043b\u0430\u0441\u0442\u0438\u043a\u043e\u0432\u044b\u0439 \u043f\u043e\u0433\u0440\u0435\u0431 \u2116\u0022]]},\u0022gid\u0022:null,\u0022previous\u0022:{\u0022list\u0022:[]}}","metrika_client_id":null,"UF_CRM_1517561552":"3589649","COMMENTS":null,"TITLE":"\u0417\u0430\u043a\u0430\u0437\u0430\u0442\u044c \u043f\u043e\u0433\u0440\u0435\u0431","UF_CRM_1449663065":68,"ASSIGNED_BY_ID":58,"SOURCE_ID":9}}},"result":{"result":573398,"time":{"start":1736790697.1242061,"finish":1736790697.822391,"duration":0.69818496704101562,"processing":0.6644890308380127,"date_start":"2025-01-13T20:51:37+03:00","date_finish":"2025-01-13T20:51:37+03:00","operating_reset_at":1736791297,"operating":0.66446208953857422}}}