{"url":"https:\/\/tinger.bitrix24.ru\/rest\/190\/42tc2gxq8od2858i\/crm.lead.add.json","info":{"url":"https:\/\/tinger.bitrix24.ru\/rest\/190\/42tc2gxq8od2858i\/crm.lead.add.json","content_type":"application\/json; charset=utf-8","http_code":200,"header_size":1027,"request_size":207,"filetime":-1,"ssl_verify_result":0,"redirect_count":0,"total_time":1.942015,"namelookup_time":0.0058019999999999999,"connect_time":0.0071120000000000003,"pretransfer_time":0.017367,"size_upload":2032,"size_download":285,"speed_download":146,"speed_upload":1046,"download_content_length":-1,"upload_content_length":2032,"starttransfer_time":0.017371000000000001,"redirect_time":0,"redirect_url":"","primary_ip":"178.132.201.51","certinfo":[],"primary_port":443,"local_ip":"188.225.57.79","local_port":46078,"http_version":3,"protocol":2,"ssl_verifyresult":0,"scheme":"HTTPS","appconnect_time_us":17032,"connect_time_us":7112,"namelookup_time_us":5802,"pretransfer_time_us":17367,"redirect_time_us":0,"starttransfer_time_us":17371,"total_time_us":1942015},"params":{"method":"crm.lead.add","params":{"fields":{"NAME":"\u0418\u0432\u0430\u043d","PHONE":[{"VALUE":"+7 (999) 000-01-01","VALUE_TYPE":"WORK"}],"EMAIL":[{"VALUE":"ivan@mail.com","VALUE_TYPE":"WORK"}],"TRACE":"{\u0022url\u0022:\u0022https:\/\/tinger.ru\/contacts\/\u0022,\u0022ref\u0022:\u0022https:\/\/yandex.ru\/games\/app\/262910\u0022,\u0022device\u0022:{\u0022isMobile\u0022:false},\u0022tags\u0022:{\u0022ts\u0022:1726226877,\u0022list\u0022:{\u0022utm_source\u0022:\u0022yandex\u0022,\u0022utm_medium\u0022:\u0022cpc\u0022,\u0022utm_campaign\u0022:\u0022mk_ozk_tf4\u0022,\u0022utm_content\u0022:\u002216219855373\u0022,\u0022utm_term\u0022:\u0022---autotargeting\u0022},\u0022gclid\u0022:null},\u0022client\u0022:{\u0022gaId\u0022:\u00221540955955.1726226877\u0022,\u0022yaId\u0022:\u00221726226877557977339\u0022},\u0022pages\u0022:{\u0022list\u0022:[[\u0022https:\/\/tinger.ru\/catalog\/perelomka\/?utm_source=yandex\u0026utm_medium=cpc\u0026utm_campaign=mk_ozk_tf4\u0026utm_content=16219855373\u0026utm_term=---autotargeting\u0026roistat=direct20_context_111795810_rsMasterGroup_rsMasterBanner_---autotargeting\u0026yclid=4046670188162056191\u0022,1726226878,\u0022\u041a\u0443\u043f\u0438\u0442\u044c \u0432\u0435\u0437\u0434\u0435\u0445\u043e\u0434 \u043f\u0435\u0440\u0435\u043b\u043e\u043c\u043a\u0443 TINGER TF4 \u0432 \u0420\u0022],[\u0022https:\/\/tinger.ru\/contacts\/\u0022,1726226886,\u0022\u041a\u043e\u043d\u0442\u0430\u043a\u0442\u044b \u0433\u0440\u0443\u043f\u043f\u044b \u043a\u043e\u043c\u043f\u0430\u043d\u0438\u0439 TINGER\u0022]]},\u0022gid\u0022:null,\u0022previous\u0022:{\u0022list\u0022:[]}}","UF_CRM_1517561552":"3726735","COMMENTS":"\u0421\u043e\u043e\u0431\u0449\u0435\u043d\u0438\u0435","TITLE":"\u0412\u043e\u043f\u0440\u043e\u0441\u044b, \u0437\u0430\u043c\u0435\u0447\u0430\u043d\u0438\u044f \u0438\u043b\u0438 \u043f\u0440\u0435\u0434\u043b\u043e\u0436\u0435\u043d\u0438\u044f","UF_CRM_1449663065":64,"ASSIGNED_BY_ID":58,"SOURCE_ID":"WEB"}}},"result":{"result":548786,"time":{"start":1726226905.355689,"finish":1726226907.2017,"duration":1.8460109233856201,"processing":1.8083169460296631,"date_start":"2024-09-13T14:28:25+03:00","date_finish":"2024-09-13T14:28:27+03:00","operating_reset_at":1726227505,"operating":1.8082828521728516}}}