{"url":"https:\/\/tinger.bitrix24.ru\/rest\/190\/42tc2gxq8od2858i\/crm.lead.add.json","info":{"url":"https:\/\/tinger.bitrix24.ru\/rest\/190\/42tc2gxq8od2858i\/crm.lead.add.json","content_type":"application\/json; charset=utf-8","http_code":200,"header_size":1034,"request_size":207,"filetime":-1,"ssl_verify_result":0,"redirect_count":0,"total_time":2.924045,"namelookup_time":0.018388000000000002,"connect_time":0.030072000000000002,"pretransfer_time":0.097600000000000006,"size_upload":8464,"size_download":288,"speed_download":98,"speed_upload":2894,"download_content_length":-1,"upload_content_length":8464,"starttransfer_time":0.097603999999999996,"redirect_time":0,"redirect_url":"","primary_ip":"46.235.53.69","certinfo":[],"primary_port":443,"local_ip":"188.225.57.79","local_port":40786,"http_version":3,"protocol":2,"ssl_verifyresult":0,"scheme":"HTTPS","appconnect_time_us":97472,"connect_time_us":30072,"namelookup_time_us":18388,"pretransfer_time_us":97600,"redirect_time_us":0,"starttransfer_time_us":97604,"total_time_us":2924045},"params":{"method":"crm.lead.add","params":{"fields":{"NAME":"\u0410\u043b\u0435\u043a\u0441\u0430\u043d\u0434\u0440 amosov366@gmail.com","PHONE":[{"VALUE":"+7 (921) 470-88-88","VALUE_TYPE":"WORK"}],"EMAIL":[{"VALUE":null,"VALUE_TYPE":"WORK"}],"TRACE":"{\u0022url\u0022:\u0022https:\/\/tinger.ru\/catalog\/perelomka\/\u0022,\u0022device\u0022:{\u0022isMobile\u0022:false},\u0022tags\u0022:{\u0022ts\u0022:1709043860,\u0022list\u0022:{},\u0022gclid\u0022:null},\u0022client\u0022:{\u0022gaId\u0022:\u00221336151180.1700542718\u0022,\u0022yaId\u0022:\u00221700542718180542340\u0022},\u0022pages\u0022:{\u0022list\u0022:[[\u0022https:\/\/tinger.ru\/configurator\/\u0022,1709208485,\u0022\u041a\u043e\u043d\u0444\u0438\u0433\u0443\u0440\u0430\u0442\u043e\u0440 \u0432\u0435\u0437\u0434\u0435\u0445\u043e\u0434\u043d\u043e\u0439 \u0442\u0435\u0445\u043d\u0438\u043a\u0438\u0022],[\u0022https:\/\/tinger.ru\/thanks\/\u0022,1709287955,\u0022\u0421\u043f\u0430\u0441\u0438\u0431\u043e \u0437\u0430 \u0437\u0430\u044f\u0432\u043a\u0443\u0022],[\u0022https:\/\/tinger.ru\/dealers\/\u0022,1709296591,\u0022\u0414\u0438\u043b\u0435\u0440\u0441\u043a\u0430\u044f \u0441\u0435\u0442\u044c \u0432\u0435\u0437\u0434\u0435\u0445\u043e\u0434\u043e\u0432 \u0438 \u0434\u0440\u0443\u0433\u043e\u0439 \u0442\u0435\u0445\u043d\u0438\u0022],[\u0022https:\/\/tinger.ru\/contacts\/\u0022,1710241820,\u0022\u041a\u043e\u043d\u0442\u0430\u043a\u0442\u044b \u0433\u0440\u0443\u043f\u043f\u044b \u043a\u043e\u043c\u043f\u0430\u043d\u0438\u0439 TINGER\u0022],[\u0022https:\/\/tinger.ru\/catalog\/perelomka\/\u0022,1710241951,\u0022\u041a\u0443\u043f\u0438\u0442\u044c \u0432\u0435\u0437\u0434\u0435\u0445\u043e\u0434 \u043f\u0435\u0440\u0435\u043b\u043e\u043c\u043a\u0443 TINGER TF4 \u0432 \u0420\u0022]]},\u0022gid\u0022:null,\u0022previous\u0022:{\u0022list\u0022:[]}}","COMMENTS":"\u003Cb\u003E\u0412\u044b\u0431\u0440\u0430\u043d\u043d\u0430\u044f \u043c\u043e\u0434\u0435\u043b\u044c:\u003C\/b\u003E TINGER TF4\u003Cbr\u003E\u003Cb\u003E\u0412\u044b\u0431\u0440\u0430\u043d\u043d\u0430\u044f \u043c\u043e\u0434\u0438\u0444\u0438\u043a\u0430\u0446\u0438\u044f:\u003C\/b\u003E TF4, \u0434\u0432\u0438\u0433\u0430\u0442\u0435\u043b\u044c Chery SQR372\u003Cbr\u003E\u003Cb\u003E\u0412\u044b\u0431\u0440\u0430\u043d\u043d\u044b\u0439 \u0446\u0432\u0435\u0442:\u003C\/b\u003E \u0447\u0451\u0440\u043d\u044b\u0439\u003Cbr\u003E\u003Cb\u003E\u0412\u044b\u0431\u0440\u0430\u043d\u043d\u044b\u0435 \u043e\u043f\u0446\u0438\u0438:\u003C\/b\u003E\u003Cbr\u003E\u2014 \u042d\u043b\u0435\u043a\u0442\u0440\u043e\u043d\u043d\u044b\u0439 \u043f\u0430\u0441\u043f\u043e\u0440\u0442 \u0441\u0430\u043c\u043e\u0445\u043e\u0434\u043d\u043e\u0439 \u043c\u0430\u0448\u0438\u043d\u044b (\u044d\u041f\u0421\u041c)\u003Cbr\u003E\u2014 \u0428\u0438\u043d\u044b \u0441\u0432\u0435\u0440\u0445\u0432\u044b\u0441\u043e\u043a\u043e\u0439 \u043f\u0440\u043e\u0445\u043e\u0434\u0438\u043c\u043e\u0441\u0442\u0438 (1400*650) (4 \u0448\u0442.)\u003Cbr\u003E\u2014 \u0414\u0438\u0441\u043a\u0438 \u0441\u0432\u0435\u0440\u0445\u043d\u0438\u0437\u043a\u043e\u0433\u043e \u0434\u0430\u0432\u043b\u0435\u043d\u0438\u044f R21 (\u0431\u0435\u0434\u043b\u043e\u043a) (4 \u0448\u0442.)\u003Cbr\u003E\u2014 \u0411\u043b\u043e\u043a\u0438\u0440\u0430\u0442\u043e\u0440 \u0448\u0430\u0440\u043d\u0438\u0440\u0430 \u0441\u043e\u0447\u043b\u0435\u043d\u0435\u043d\u0438\u044f \u0440\u0430\u043c\u044b \u043d\u0430 \u0441\u043a\u0440\u0443\u0447\u0438\u0432\u0430\u043d\u0438\u0435\u003Cbr\u003E\u2014 \u0417\u0435\u0440\u043a\u0430\u043b\u0430 \u0437\u0430\u0434\u043d\u0435\u0433\u043e \u0432\u0438\u0434\u0430 (2 \u0448\u0442.)\u003Cbr\u003E\u2014 \u0420\u0430\u0434\u0438\u0430\u0442\u043e\u0440 \u043e\u0442\u043e\u043f\u0438\u0442\u0435\u043b\u044f \u0441\u0430\u043b\u043e\u043d\u0430 (\u0436\u0438\u0434\u043a\u043e\u0441\u0442\u043d\u044b\u0439)\u003Cbr\u003E\u2014 \u041b\u043e\u0431\u043e\u0432\u043e\u0435 \u0441\u0442\u0435\u043a\u043b\u043e \u0441 \u043e\u0442\u043a\u0440\u044b\u0432\u0430\u043d\u0438\u0435\u043c \u0432\u043f\u0435\u0440\u0451\u0434\u003Cbr\u003E\u2014 \u0420\u0435\u043c\u043d\u0438 \u0431\u0435\u0437\u043e\u043f\u0430\u0441\u043d\u043e\u0441\u0442\u0438 \u043f\u0435\u0440\u0435\u0434\u043d\u0438\u0435 (2 \u0448\u0442.)\u003Cbr\u003E\u2014 \u041f\u0430\u043d\u0435\u043b\u044c \u0443\u043f\u0440\u0430\u0432\u043b\u0435\u043d\u0438\u044f \u0441 \u0433\u043d\u0451\u0437\u0434\u0430\u043c\u0438 12V \u0438 USB\u003Cbr\u003E\u2014 \u0421\u0438\u0434\u0435\u043d\u044c\u044f \u043f\u0435\u0440\u0435\u0434\u043d\u0438\u0435 \u044d\u0440\u0433\u043e\u043d\u043e\u043c\u0438\u0447\u043d\u044b\u0435 (2 \u0448\u0442.)\u003Cbr\u003E\u2014 \u0421\u0442\u0435\u043a\u043b\u043e\u043e\u0447\u0438\u0441\u0442\u0438\u0442\u0435\u043b\u044c \u043b\u043e\u0431\u043e\u0432\u043e\u0433\u043e \u0441\u0442\u0435\u043a\u043b\u0430\u003Cbr\u003E\u2014 \u042d\u043b\u0435\u043a\u0442\u0440\u043e\u043d\u043d\u0430\u044f \u043f\u0430\u043d\u0435\u043b\u044c \u043f\u0440\u0438\u0431\u043e\u0440\u043e\u0432 (\u0432\u0435\u0440\u0441\u0438\u044f 1.0)\u003Cbr\u003E\u2014 \u0411\u0443\u043a\u0441\u0438\u0440\u043e\u0432\u043e\u0447\u043d\u044b\u0435 \u0441\u043a\u043e\u0431\u044b (\u0448\u0430\u043a\u043b\u044b), 2 \u0448\u0442.)\u003Cbr\u003E\u2014 \u0414\u043e\u043f\u043e\u043b\u043d\u0438\u0442\u0435\u043b\u044c\u043d\u043e\u0435 \u043f\u0435\u0440\u0435\u0434\u043d\u0435\u0435 \u0441\u0432\u0435\u0442\u043e\u0434\u0438\u043e\u0434\u043d\u043e\u0435 \u043e\u0441\u0432\u0435\u0449\u0435\u043d\u0438\u0435\u003Cbr\u003E\u2014 \u041a\u043e\u043b\u043f\u0430\u043a\u0438 \u0437\u0430\u0449\u0438\u0442\u043d\u044b\u0435 \u043d\u0430 \u0434\u0438\u0441\u043a\u0438 \u0441\u0432\u0435\u0440\u0445\u043d\u0438\u0437\u043a\u043e\u0433\u043e \u0434\u0430\u0432\u043b\u0435\u043d\u0438\u044f (4 \u0448\u0442.)\u003Cbr\u003E\u2014 \u041b\u0435\u0431\u0451\u0434\u043a\u0430 \u044d\u043b\u0435\u043a\u0442\u0440\u0438\u0447\u0435\u0441\u043a\u0430\u044f T5500\u003Cbr\u003E\u2014 \u0417\u0430\u0434\u043d\u0438\u0435 \u0441\u0438\u0434\u0435\u043d\u044c\u044f \u0441 \u0440\u0443\u043d\u0434\u0443\u043a\u0430\u043c\u0438 (2 \u0448\u0442.)\u003Cbr\u003E\u2014 \u0421\u0442\u043e\u043b\u0438\u043a \u0441\u043a\u043b\u0430\u0434\u043d\u043e\u0439\/\u043e\u0442\u043a\u0438\u0434\u044b\u0432\u0430\u044e\u0449\u0438\u0439\u0441\u044f\u003Cbr\u003E\u2014 \u0412\u043e\u0434\u043e\u0438\u0437\u043c\u0435\u0449\u0430\u044e\u0449\u0438\u0435 \u0431\u0430\u043a\u0438 \u0432 \u0434\u0438\u0441\u043a\u0438 \u0441\u0432\u0435\u0440\u0445\u043d\u0438\u0437\u043a\u043e\u0433\u043e \u0434\u0430\u0432\u043b\u0435\u043d\u0438\u044f (\u043a\u043e\u043c\u043f\u043b\u0435\u043a\u0442, 4 \u0448\u0442.)\u003Cbr\u003E\u2014 \u0411\u043b\u043e\u043a\u0438\u0440\u043e\u0432\u043a\u0430 \u0434\u0438\u0444\u0444\u0435\u0440\u0435\u043d\u0446\u0438\u0430\u043b\u0430 \u043f\u0435\u0440\u0435\u0434\u043d\u044f\u044f (TINGER 