{"url":"https:\/\/tinger.bitrix24.ru\/rest\/190\/42tc2gxq8od2858i\/crm.lead.add.json","info":{"url":"https:\/\/tinger.bitrix24.ru\/rest\/190\/42tc2gxq8od2858i\/crm.lead.add.json","content_type":"application\/json; charset=utf-8","http_code":200,"header_size":926,"request_size":207,"filetime":-1,"ssl_verify_result":0,"redirect_count":0,"total_time":1.99468,"namelookup_time":0.016789999999999999,"connect_time":0.028898,"pretransfer_time":0.049977000000000001,"size_upload":3227,"size_download":263,"speed_download":131,"speed_upload":1618,"download_content_length":-1,"upload_content_length":3227,"starttransfer_time":0.049980999999999998,"redirect_time":0,"redirect_url":"","primary_ip":"46.235.53.58","certinfo":[],"primary_port":443,"local_ip":"188.225.57.79","local_port":38186,"http_version":3,"protocol":2,"ssl_verifyresult":0,"scheme":"HTTPS","appconnect_time_us":49765,"connect_time_us":28898,"namelookup_time_us":16790,"pretransfer_time_us":49977,"redirect_time_us":0,"starttransfer_time_us":49981,"total_time_us":1994680},"params":{"method":"crm.lead.add","params":{"fields":{"NAME":"\u0421\u0442\u0435\u043f\u0430\u043d","PHONE":[{"VALUE":"+7 (924) 841-72-33","VALUE_TYPE":"WORK"}],"EMAIL":[{"VALUE":"moloko2102@mail.ru","VALUE_TYPE":"WORK"}],"TRACE":"{\u0022url\u0022:\u0022https:\/\/tingard.ru\/?utm_content=gift\u0026yclid=16219356685737656319\u0026ybaip=1\u0022,\u0022ref\u0022:\u0022https:\/\/m.dzen.ru\/a\/acGj1LoQ-HkZvxxX?utm_source=yxnews\u0026utm_medium=mobile\u0022,\u0022device\u0022:{\u0022isMobile\u0022:true},\u0022tags\u0022:{\u0022ts\u0022:1774319755,\u0022list\u0022:{\u0022utm_content\u0022:\u0022gift\u0022},\u0022gclid\u0022:null},\u0022client\u0022:{\u0022yaId\u0022:\u00221774230300602993688\u0022},\u0022pages\u0022:{\u0022list\u0022:[[\u0022https:\/\/tingard.ru\/?utm_content=gift\u0026yclid=16219356685737656319\u0026ybaip=1\u0022,1774319756,\u0022TINGARD \u2014 \u0431\u0435\u0441\u0448\u043e\u0432\u043d\u044b\u0439 \u043f\u043b\u0430\u0441\u0442\u0438\u043a\u043e\u0432\u044b\u0439 \u043f\u043e\u0433\u0440\u0435\u0431 \u0441\u0022]]},\u0022gid\u0022:null,\u0022previous\u0022:{\u0022list\u0022:[{\u0022url\u0022:\u0022https:\/\/tingard.ru\/?utm_content=gift\u0026yclid=16219356685737656319\u0026ybaip=1\u0022,\u0022ref\u0022:\u0022https:\/\/yandex.ru\/\u0022,\u0022device\u0022:{\u0022isMobile\u0022:true},\u0022tags\u0022:{\u0022ts\u0022:1774230296,\u0022list\u0022:{\u0022utm_source\u0022:\u0022yandex\u0022,\u0022utm_medium\u0022:\u0022cpc\u0022,\u0022utm_campaign\u0022:\u0022mk_rf_kval\u0022,\u0022utm_content\u0022:\u00221900772303016972232\u0022,\u0022utm_term\u0022:\u0022---autotargeting\u0022},\u0022gclid\u0022:null},\u0022client\u0022:{\u0022yaId\u0022:\u00221774230300602993688\u0022},\u0022pages\u0022:{\u0022list\u0022:[[\u0022https:\/\/tingard.ru\/?utm_source=yandex\u0026utm_medium=cpc\u0026utm_campaign=mk_rf_kval\u0026utm_content=1900772303016972232\u0026utm_term=---autotargeting\u0026roistat=direct14_search_702036728_rsMasterGroup_rsMasterBanner_---autotargeting\u0026etext=2202.aWA_PpbaHnbt3HQIzCqGXAbkzHHqjjklTtnq09paWUuEE4voUkUqczmnrbAp0OsBbWppdmlnYW9ud25raGNkcQ.253fa8ae13ac1701bc113119893fa1cd3bfb6a0d\u0026yclid=14392805850762706943\u0026ybaip=1\u0022,1774230296,\u0022TINGARD \u2014 \u0431\u0435\u0441\u0448\u043e\u0432\u043d\u044b\u0439 \u043f\u043b\u0430\u0441\u0442\u0438\u043a\u043e\u0432\u044b\u0439 \u043f\u043e\u0433\u0440\u0435\u0431 \u0441\u0022],[\u0022https:\/\/tingard.ru\/contacts\/\u0022,1774230302,\u0022\u041a\u043e\u043d\u0442\u0430\u043a\u0442\u044b\u0022],[\u0022https:\/\/tingard.ru\/dealers\/\u0022,1774230353,\u0022\u041d\u0430\u0448\u0438 \u0434\u0438\u043b\u0435\u0440\u044b \u0435\u0441\u0442\u044c \u0432 68 \u0433\u043e\u0440\u043e\u0434\u0430\u0445 \u0420\u043e\u0441\u0441\u0438\u0438\u0022]]},\u0022gid\u0022:null}]}}","UF_CRM_1736853511":"1774230300602993688","UF_CRM_1736853555":"1774230300602993688","UF_CRM_1736853537":"1774230300602993688","UF_CRM_1517561552":"3897023","COMMENTS":null,"TITLE":"\u0420\u0430\u0441\u0441\u0447\u0438\u0442\u0430\u0442\u044c \u0441\u0442\u043e\u0438\u043c\u043e\u0441\u0442\u044c \u043f\u043e\u0433\u0440\u0435\u0431\u0430","UF_CRM_1449663065":68,"ASSIGNED_BY_ID":58,"SOURCE_ID":9}}},"result":{"result":653468,"time":{"start":1774319968,"finish":1774319970.3114431,"duration":2.3114430904388428,"processing":2,"date_start":"2026-03-24T05:39:28+03:00","date_finish":"2026-03-24T05:39:30+03:00","operating_reset_at":1774320568,"operating":1.8617439270019531}}}