{"url":"https:\/\/tinger.bitrix24.ru\/rest\/190\/42tc2gxq8od2858i\/crm.lead.add.json","info":{"url":"https:\/\/tinger.bitrix24.ru\/rest\/190\/42tc2gxq8od2858i\/crm.lead.add.json","content_type":"application\/json; charset=utf-8","http_code":200,"header_size":926,"request_size":207,"filetime":-1,"ssl_verify_result":0,"redirect_count":0,"total_time":1.8332189999999999,"namelookup_time":0.017482999999999999,"connect_time":0.032826000000000001,"pretransfer_time":0.057314999999999998,"size_upload":2470,"size_download":263,"speed_download":143,"speed_upload":1347,"download_content_length":-1,"upload_content_length":2470,"starttransfer_time":0.057317,"redirect_time":0,"redirect_url":"","primary_ip":"46.235.53.67","certinfo":[],"primary_port":443,"local_ip":"188.225.57.79","local_port":58812,"http_version":3,"protocol":2,"ssl_verifyresult":0,"scheme":"HTTPS","appconnect_time_us":57216,"connect_time_us":32826,"namelookup_time_us":17483,"pretransfer_time_us":57315,"redirect_time_us":0,"starttransfer_time_us":57317,"total_time_us":1833219},"params":{"method":"crm.lead.add","params":{"fields":{"NAME":"\u0412\u043b\u0430\u0434\u0438\u043c\u0438\u0440","PHONE":[{"VALUE":"+7 (902) 768-28-99","VALUE_TYPE":"WORK"}],"EMAIL":[{"VALUE":"vbyzpp@gmail.com","VALUE_TYPE":"WORK"}],"TRACE":"{\u0022url\u0022:\u0022https:\/\/tingard.ru\/?utm_source=yandex\u0026utm_medium=cpc\u0026utm_campaign=mk_rf_kval\u0026utm_content=1900772303016972232\u0026utm_term=---autotargeting\u0026roistat=direct14_search_702036728_rsMasterGroup_rsMasterBanner_---autotargeting\u0026etext=2202.fCNuC5FEaDfnwUmT0jcRIYfLLvMaLqh-M8fnVCFQN9cUgGZ1wjpKO553L5bJfc1ku5eka1Iiqbuc8wgTz5ltx0zvFk8riHcxw-yzW5RkkO1nbG92cXlqYnJqaHpzcnls.e8c0b7210ff6ee599b43a3cba1eadbd813952598\u0026yclid=2601897822086496255\u0026ybaip=1\u0022,\u0022ref\u0022:\u0022https:\/\/yandex.ru\/\u0022,\u0022device\u0022:{\u0022isMobile\u0022:false},\u0022tags\u0022:{\u0022ts\u0022:1772078928,\u0022list\u0022:{\u0022utm_source\u0022:\u0022yandex\u0022,\u0022utm_medium\u0022:\u0022cpc\u0022,\u0022utm_campaign\u0022:\u0022mk_rf_kval\u0022,\u0022utm_content\u0022:\u00221900772303016972232\u0022,\u0022utm_term\u0022:\u0022---autotargeting\u0022},\u0022gclid\u0022:null},\u0022client\u0022:{\u0022yaId\u0022:\u00221772078929617635756\u0022},\u0022pages\u0022:{\u0022list\u0022:[[\u0022https:\/\/tingard.ru\/?utm_source=yandex\u0026utm_medium=cpc\u0026utm_campaign=mk_rf_kval\u0026utm_content=1900772303016972232\u0026utm_term=---autotargeting\u0026roistat=direct14_search_702036728_rsMasterGroup_rsMasterBanner_---autotargeting\u0026etext=2202.fCNuC5FEaDfnwUmT0jcRIYfLLvMaLqh-M8fnVCFQN9cUgGZ1wjpKO553L5bJfc1ku5eka1Iiqbuc8wgTz5ltx0zvFk8riHcxw-yzW5RkkO1nbG92cXlqYnJqaHpzcnls.e8c0b7210ff6ee599b43a3cba1eadbd813952598\u0026yclid=2601897822086496255\u0026ybaip=1\u0022,1772078928,\u0022TINGARD \u2014 \u0431\u0435\u0441\u0448\u043e\u0432\u043d\u044b\u0439 \u043f\u043b\u0430\u0441\u0442\u0438\u043a\u043e\u0432\u044b\u0439 \u043f\u043e\u0433\u0440\u0435\u0431 \u0441\u0022]]},\u0022gid\u0022:null,\u0022previous\u0022:{\u0022list\u0022:[]}}","UF_CRM_1736853511":"1772078929617635756","UF_CRM_1736853555":"1772078929617635756","UF_CRM_1736853537":"1772078929617635756","UF_CRM_1517561552":"3871789","COMMENTS":null,"TITLE":"\u0420\u0430\u0441\u0441\u0447\u0438\u0442\u0430\u0442\u044c \u0441\u0442\u043e\u0438\u043c\u043e\u0441\u0442\u044c \u043f\u043e\u0433\u0440\u0435\u0431\u0430","UF_CRM_1449663065":68,"ASSIGNED_BY_ID":58,"SOURCE_ID":9}}},"result":{"result":645744,"time":{"start":1772081676,"finish":1772081678.4090331,"duration":2.4090330600738525,"processing":2,"date_start":"2026-02-26T07:54:36+03:00","date_finish":"2026-02-26T07:54:38+03:00","operating_reset_at":1772082276,"operating":1.6867880821228027}}}