{"url":"https:\/\/tinger.bitrix24.ru\/rest\/190\/42tc2gxq8od2858i\/crm.lead.add.json","info":{"url":"https:\/\/tinger.bitrix24.ru\/rest\/190\/42tc2gxq8od2858i\/crm.lead.add.json","content_type":"application\/json; charset=utf-8","http_code":200,"header_size":1029,"request_size":207,"filetime":-1,"ssl_verify_result":0,"redirect_count":0,"total_time":1.7257579999999999,"namelookup_time":0.010165,"connect_time":0.019380999999999999,"pretransfer_time":0.039226999999999998,"size_upload":1776,"size_download":289,"speed_download":167,"speed_upload":1029,"download_content_length":-1,"upload_content_length":1776,"starttransfer_time":0.039230000000000001,"redirect_time":0,"redirect_url":"","primary_ip":"89.208.228.119","certinfo":[],"primary_port":443,"local_ip":"188.225.57.79","local_port":34370,"http_version":3,"protocol":2,"ssl_verifyresult":0,"scheme":"HTTPS","appconnect_time_us":39107,"connect_time_us":19381,"namelookup_time_us":10165,"pretransfer_time_us":39227,"redirect_time_us":0,"starttransfer_time_us":39230,"total_time_us":1725758},"params":{"method":"crm.lead.add","params":{"fields":{"NAME":"\u0414\u043c\u0438\u0442\u0440\u0438\u0439","PHONE":[{"VALUE":"+7 (980) 425-60-61","VALUE_TYPE":"WORK"}],"EMAIL":[{"VALUE":null,"VALUE_TYPE":"WORK"}],"TRACE":"{\u0022url\u0022:\u0022https:\/\/tingard.ru\/?roistat=direct14_context_16225328535_\u0026roistat_referrer=family-foods.online\u0026roistat_pos=none_0\u0026utm_source=yandex\u0026utm_medium=cpc\u0026utm_campaign=rsya-click\u0026utm_content=16225328535\u0026utm_term=family-foods.online\u0026yclid=2613240360468217855\u0022,\u0022device\u0022:{\u0022isMobile\u0022:true},\u0022tags\u0022:{\u0022ts\u0022:1722834614,\u0022list\u0022:{\u0022utm_source\u0022:\u0022yandex\u0022,\u0022utm_medium\u0022:\u0022cpc\u0022,\u0022utm_campaign\u0022:\u0022rsya-click\u0022,\u0022utm_content\u0022:\u002216225328535\u0022,\u0022utm_term\u0022:\u0022family-foods.online\u0022},\u0022gclid\u0022:null},\u0022client\u0022:{\u0022yaId\u0022:\u00221722834613898889463\u0022},\u0022pages\u0022:{\u0022list\u0022:[[\u0022https:\/\/tingard.ru\/?roistat=direct14_context_16225328535_\u0026roistat_referrer=family-foods.online\u0026roistat_pos=none_0\u0026utm_source=yandex\u0026utm_medium=cpc\u0026utm_campaign=rsya-click\u0026utm_content=16225328535\u0026utm_term=family-foods.online\u0026yclid=2613240360468217855\u0022,1722834614,\u0022TINGARD \u2014 \u0431\u0435\u0441\u0448\u043e\u0432\u043d\u044b\u0439 \u043f\u043b\u0430\u0441\u0442\u0438\u043a\u043e\u0432\u044b\u0439 \u043f\u043e\u0433\u0440\u0435\u0431 \u2116\u0022]]},\u0022gid\u0022:null,\u0022previous\u0022:{\u0022list\u0022:[]}}","UF_CRM_1517561552":"3382755","COMMENTS":null,"TITLE":"\u0417\u0430\u043a\u0430\u0437\u0430\u0442\u044c \u043f\u043e\u0433\u0440\u0435\u0431","UF_CRM_1449663065":68,"ASSIGNED_BY_ID":58,"SOURCE_ID":9}}},"result":{"result":535332,"time":{"start":1722834636.5241399,"finish":1722834638.1306009,"duration":1.6064610481262207,"processing":1.5733850002288818,"date_start":"2024-08-05T08:10:36+03:00","date_finish":"2024-08-05T08:10:38+03:00","operating_reset_at":1722835236,"operating":1.5733649730682373}}}