{"url":"https:\/\/tinger.bitrix24.ru\/rest\/190\/42tc2gxq8od2858i\/crm.lead.add.json","info":{"url":"https:\/\/tinger.bitrix24.ru\/rest\/190\/42tc2gxq8od2858i\/crm.lead.add.json","content_type":"application\/json; charset=utf-8","http_code":200,"header_size":923,"request_size":207,"filetime":-1,"ssl_verify_result":0,"redirect_count":0,"total_time":2.7752150000000002,"namelookup_time":0.002751,"connect_time":0.013354,"pretransfer_time":0.145819,"size_upload":1295,"size_download":262,"speed_download":94,"speed_upload":466,"download_content_length":-1,"upload_content_length":1295,"starttransfer_time":0.14582200000000001,"redirect_time":0,"redirect_url":"","primary_ip":"95.163.249.170","certinfo":[],"primary_port":443,"local_ip":"188.225.57.79","local_port":54200,"http_version":3,"protocol":2,"ssl_verifyresult":0,"scheme":"HTTPS","appconnect_time_us":145674,"connect_time_us":13354,"namelookup_time_us":2751,"pretransfer_time_us":145819,"redirect_time_us":0,"starttransfer_time_us":145822,"total_time_us":2775215},"params":{"method":"crm.lead.add","params":{"fields":{"NAME":"test_1_zxc","EMAIL":[{"VALUE":"cocacola@pep.si","VALUE_TYPE":"WORK"}],"TRACE":"{\u0022url\u0022:\u0022https:\/\/dealer.tingard.ru\/\u0022,\u0022ref\u0022:\u0022https:\/\/tinger.bitrix24.ru\/\u0022,\u0022device\u0022:{\u0022isMobile\u0022:false},\u0022tags\u0022:{\u0022ts\u0022:1772524693,\u0022list\u0022:{},\u0022gclid\u0022:null},\u0022client\u0022:{\u0022yaId\u0022:\u00221768809897498672628\u0022},\u0022pages\u0022:{\u0022list\u0022:[[\u0022https:\/\/dealer.tingard.ru\/thanks\/\u0022,1772624976,\u0022\u0421\u043f\u0430\u0441\u0438\u0431\u043e \u0437\u0430 \u0437\u0430\u044f\u0432\u043a\u0443\u0022],[\u0022https:\/\/dealer.tingard.ru\/\u0022,1772624978,\u0022\u0421\u0442\u0430\u043d\u044c\u0442\u0435 \u0434\u0438\u043b\u0435\u0440\u043e\u043c TINGERPLAST\u0022]]},\u0022gid\u0022:null,\u0022previous\u0022:{\u0022list\u0022:[]}}","UF_CRM_1736853511":null,"UF_CRM_1736853555":null,"UF_CRM_1736853537":null,"UF_CRM_1517561552":"3877122","COMMENTS":"\u0422\u0435\u0441\u0442\u043e\u0432\u0430\u044f \u0437\u0430\u044f\u0432\u043a\u0430","TITLE":"\u0421\u0432\u044f\u0437\u0430\u0442\u044c\u0441\u044f \u0441 \u043f\u0440\u043e\u0438\u0437\u0432\u043e\u0434\u0438\u0442\u0435\u043b\u0435\u043c","UF_CRM_1449663065":66,"ASSIGNED_BY_ID":58,"SOURCE_ID":63}}},"result":{"result":646620,"time":{"start":1772625456,"finish":1772625459.379673,"duration":3.3796730041503906,"processing":3,"date_start":"2026-03-04T14:57:36+03:00","date_finish":"2026-03-04T14:57:39+03:00","operating_reset_at":1772626056,"operating":6.0928390026092529}}}