{"url":"https:\/\/tinger.bitrix24.ru\/rest\/190\/42tc2gxq8od2858i\/crm.lead.add.json","info":{"url":"https:\/\/tinger.bitrix24.ru\/rest\/190\/42tc2gxq8od2858i\/crm.lead.add.json","content_type":"application\/json; charset=utf-8","http_code":200,"header_size":1030,"request_size":207,"filetime":-1,"ssl_verify_result":0,"redirect_count":0,"total_time":1.8359490000000001,"namelookup_time":0.014285000000000001,"connect_time":0.022741000000000001,"pretransfer_time":0.038725999999999997,"size_upload":1962,"size_download":289,"speed_download":157,"speed_upload":1069,"download_content_length":-1,"upload_content_length":1962,"starttransfer_time":0.038729,"redirect_time":0,"redirect_url":"","primary_ip":"109.120.182.255","certinfo":[],"primary_port":443,"local_ip":"188.225.57.79","local_port":56812,"http_version":3,"protocol":2,"ssl_verifyresult":0,"scheme":"HTTPS","appconnect_time_us":38534,"connect_time_us":22741,"namelookup_time_us":14285,"pretransfer_time_us":38726,"redirect_time_us":0,"starttransfer_time_us":38729,"total_time_us":1835949},"params":{"method":"crm.lead.add","params":{"fields":{"NAME":"\u0410\u043d\u0430\u0441\u0442\u0430\u0441\u0438\u044f","PHONE":[{"VALUE":"+7 (495) 322-26-89","VALUE_TYPE":"WORK"}],"TRACE":"{\u0022url\u0022:\u0022https:\/\/tingard.ru\/?utm_source=yandex\u0026utm_medium=cpc\u0026utm_campaign=mk_rf\u0026utm_content=14460640497\u0026utm_term=---autotargeting\u0026roistat=direct14_context_89463958_rsMasterGroup_rsMasterBanner_---autotargeting\u0026yclid=2806175137536409599\u0022,\u0022ref\u0022:\u0022https:\/\/news.rambler.ru\/world\/54537932-podarok-putinu-v-ssha-zabili-trevogu-iz-za-slov-rubio-ob-ukraine\/\u0022,\u0022device\u0022:{\u0022isMobile\u0022:false},\u0022tags\u0022:{\u0022ts\u0022:1745053377,\u0022list\u0022:{\u0022utm_source\u0022:\u0022yandex\u0022,\u0022utm_medium\u0022:\u0022cpc\u0022,\u0022utm_campaign\u0022:\u0022mk_rf\u0022,\u0022utm_content\u0022:\u002214460640497\u0022,\u0022utm_term\u0022:\u0022---autotargeting\u0022},\u0022gclid\u0022:null},\u0022client\u0022:{\u0022yaId\u0022:\u00221745053378721685173\u0022},\u0022pages\u0022:{\u0022list\u0022:[[\u0022https:\/\/tingard.ru\/?utm_source=yandex\u0026utm_medium=cpc\u0026utm_campaign=mk_rf\u0026utm_content=14460640497\u0026utm_term=---autotargeting\u0026roistat=direct14_context_89463958_rsMasterGroup_rsMasterBanner_---autotargeting\u0026yclid=2806175137536409599\u0022,1745053377,\u0022TINGARD \u2014 \u0431\u0435\u0441\u0448\u043e\u0432\u043d\u044b\u0439 \u043f\u043b\u0430\u0441\u0442\u0438\u043a\u043e\u0432\u044b\u0439 \u043f\u043e\u0433\u0440\u0435\u0431 \u2116\u0022]]},\u0022gid\u0022:null,\u0022previous\u0022:{\u0022list\u0022:[]}}","UF_CRM_1736853511":"1745053378721685173","UF_CRM_1736853555":"1745053378721685173","UF_CRM_1736853537":"1745053378721685173","UF_CRM_1517561552":"3637367","COMMENTS":null,"TITLE":"\u0417\u0430\u043a\u0430\u0437\u0430\u0442\u044c \u043f\u043e\u0433\u0440\u0435\u0431","UF_CRM_1449663065":68,"ASSIGNED_BY_ID":58,"SOURCE_ID":9}}},"result":{"result":591074,"time":{"start":1745053463.0668509,"finish":1745053464.7792799,"duration":1.7124290466308594,"processing":1.6731069087982178,"date_start":"2025-04-19T12:04:23+03:00","date_finish":"2025-04-19T12:04:24+03:00","operating_reset_at":1745054063,"operating":1.6730821132659912}}}