{"url":"https:\/\/tinger.bitrix24.ru\/rest\/190\/42tc2gxq8od2858i\/crm.lead.add.json","info":{"url":"https:\/\/tinger.bitrix24.ru\/rest\/190\/42tc2gxq8od2858i\/crm.lead.add.json","content_type":"application\/json; charset=utf-8","http_code":200,"header_size":920,"request_size":207,"filetime":-1,"ssl_verify_result":0,"redirect_count":0,"total_time":2.6016699999999999,"namelookup_time":0.0026540000000000001,"connect_time":0.013986999999999999,"pretransfer_time":0.02647,"size_upload":2598,"size_download":261,"speed_download":100,"speed_upload":998,"download_content_length":-1,"upload_content_length":2598,"starttransfer_time":0.026473,"redirect_time":0,"redirect_url":"","primary_ip":"178.132.201.52","certinfo":[],"primary_port":443,"local_ip":"188.225.57.79","local_port":48994,"http_version":3,"protocol":2,"ssl_verifyresult":0,"scheme":"HTTPS","appconnect_time_us":26345,"connect_time_us":13987,"namelookup_time_us":2654,"pretransfer_time_us":26470,"redirect_time_us":0,"starttransfer_time_us":26473,"total_time_us":2601670},"params":{"method":"crm.lead.add","params":{"fields":{"NAME":"\u042e\u0440\u0438\u0439","PHONE":[{"VALUE":"+7 (903) 505-58-82","VALUE_TYPE":"WORK"}],"EMAIL":[{"VALUE":"","VALUE_TYPE":"WORK"}],"TRACE":"{\u0022url\u0022:\u0022https:\/\/tingard.ru\/installation\/\u0022,\u0022ref\u0022:\u0022https:\/\/yandex.ru\/\u0022,\u0022device\u0022:{\u0022isMobile\u0022:false},\u0022tags\u0022:{\u0022ts\u0022:1771247636,\u0022list\u0022:{\u0022utm_source\u0022:\u0022yandex\u0022,\u0022utm_medium\u0022:\u0022cpc\u0022,\u0022utm_campaign\u0022:\u0022mk_rf_kval_click\u0022,\u0022utm_content\u0022:\u00221900790426702357346\u0022,\u0022utm_term\u0022:\u0022---autotargeting\u0022},\u0022gclid\u0022:null},\u0022client\u0022:{\u0022yaId\u0022:\u00221771247637341219904\u0022},\u0022pages\u0022:{\u0022list\u0022:[[\u0022https:\/\/tingard.ru\/?utm_source=yandex\u0026utm_medium=cpc\u0026utm_campaign=mk_rf_kval_click\u0026utm_content=1900790426702357346\u0026utm_term=---autotargeting\u0026roistat=direct14_search_701489563_rsMasterGroup_rsMasterBanner_---autotargeting\u0026etext=2202.jJRvaDcJwRn9AM5XsLH4RxvdEc9tkIrzWrvwuHupP-31DcCYi1WVbaDHsdGpcYt_d2twcWZndnB2cm1naml6aA.e709b8ef904215d76ed5c04021317d172314d175\u0026yclid=13711097540380983295\u0026ybaip=1\u0022,1771247637,\u0022TINGARD \u2014 \u0431\u0435\u0441\u0448\u043e\u0432\u043d\u044b\u0439 \u043f\u043b\u0430\u0441\u0442\u0438\u043a\u043e\u0432\u044b\u0439 \u043f\u043e\u0433\u0440\u0435\u0431 \u0441\u0022],[\u0022https:\/\/tingard.ru\/catalog\/\u0022,1771247647,\u0022\u041a\u0430\u0442\u0430\u043b\u043e\u0433 \u043f\u043e\u0433\u0440\u0435\u0431\u043e\u0432\u0022],[\u0022https:\/\/tingard.ru\/payment\/\u0022,1771247667,\u0022\u0418\u043d\u0444\u043e\u0440\u043c\u0430\u0446\u0438\u044f \u043f\u043e \u0434\u043e\u0441\u0442\u0430\u0432\u043a\u0435 \u0438 \u043e\u043f\u043b\u0430\u0442\u0435 \u0431\u0435\u0441\u0448\u043e\u0432\u043d\u044b\u0022],[\u0022https:\/\/tingard.ru\/installation\/\u0022,1771247693,\u0022\u041c\u043e\u043d\u0442\u0430\u0436 \u0431\u0435\u0441\u0448\u043e\u0432\u043d\u044b\u0445 \u043f\u043e\u0433\u0440\u0435\u0431\u043e\u0432 TINGARD \u0437\u0430 1 \u0434\u0022]]},\u0022gid\u0022:null,\u0022previous\u0022:{\u0022list\u0022:[]}}","UF_CRM_1736853511":"1771247637341219904","UF_CRM_1736853555":"1771247637341219904","UF_CRM_1736853537":"1771247637341219904","UF_CRM_1517561552":"3866469","COMMENTS":null,"TITLE":"\u0417\u0430\u043a\u0430\u0437\u0430\u0442\u044c \u043f\u043e\u0433\u0440\u0435\u0431","UF_CRM_1449663065":68,"ASSIGNED_BY_ID":58,"SOURCE_ID":9}}},"result":{"result":644510,"time":{"start":1771247752,"finish":1771247755.3863571,"duration":3.3863570690155029,"processing":3,"date_start":"2026-02-16T16:15:52+03:00","date_finish":"2026-02-16T16:15:55+03:00","operating_reset_at":1771248352,"operating":2.4704279899597168}}}