{"url":"https:\/\/tinger.bitrix24.ru\/rest\/190\/42tc2gxq8od2858i\/crm.lead.add.json","info":{"url":"https:\/\/tinger.bitrix24.ru\/rest\/190\/42tc2gxq8od2858i\/crm.lead.add.json","content_type":"application\/json; charset=utf-8","http_code":200,"header_size":1028,"request_size":207,"filetime":-1,"ssl_verify_result":0,"redirect_count":0,"total_time":1.0592980000000001,"namelookup_time":0.0046870000000000002,"connect_time":0.0062620000000000002,"pretransfer_time":0.017467,"size_upload":2141,"size_download":291,"speed_download":274,"speed_upload":2021,"download_content_length":-1,"upload_content_length":2141,"starttransfer_time":0.017469999999999999,"redirect_time":0,"redirect_url":"","primary_ip":"178.132.201.50","certinfo":[],"primary_port":443,"local_ip":"188.225.57.79","local_port":53964,"http_version":3,"protocol":2,"ssl_verifyresult":0,"scheme":"HTTPS","appconnect_time_us":17361,"connect_time_us":6262,"namelookup_time_us":4687,"pretransfer_time_us":17467,"redirect_time_us":0,"starttransfer_time_us":17470,"total_time_us":1059298},"params":{"method":"crm.lead.add","params":{"fields":{"NAME":"\u041d\u0430\u0438\u043b\u044c","PHONE":[{"VALUE":"8 (987) 091-71-91","VALUE_TYPE":"WORK"}],"EMAIL":[{"VALUE":null,"VALUE_TYPE":"WORK"}],"TRACE":"{\u0022url\u0022:\u0022https:\/\/tingard.ru\/?roistat=direct14_context_16233427521_%D1%80%D0%B0%D1%81%D1%81%D0%B0%D0%B4%D0%B0%20%D0%B2%20%D0%BC%D0%B0%D0%B5\u0026roistat_referrer=www.woman.ru\u0026roistat_pos=none_0\u0026y_ref=www.woman.ru\u0026utm_source=yandex\u0026utm_medium=cpc\u0026utm_campaign=rsya-click\u0026utm_content=16233427521\u0026utm_term=www.woman.ru\u0026yclid=3202239115883184127\u0022,\u0022ref\u0022:\u0022https:\/\/www.woman.ru\/\u0022,\u0022device\u0022:{\u0022isMobile\u0022:true},\u0022tags\u0022:{\u0022ts\u0022:1724226288,\u0022list\u0022:{\u0022utm_source\u0022:\u0022yandex\u0022,\u0022utm_medium\u0022:\u0022cpc\u0022,\u0022utm_campaign\u0022:\u0022rsya-click\u0022,\u0022utm_content\u0022:\u002216233427521\u0022,\u0022utm_term\u0022:\u0022www.woman.ru\u0022},\u0022gclid\u0022:null},\u0022client\u0022:{\u0022yaId\u0022:\u00221724226282727390421\u0022},\u0022pages\u0022:{\u0022list\u0022:[[\u0022https:\/\/tingard.ru\/?roistat=direct14_context_16233427521_%D1%80%D0%B0%D1%81%D1%81%D0%B0%D0%B4%D0%B0%20%D0%B2%20%D0%BC%D0%B0%D0%B5\u0026roistat_referrer=www.woman.ru\u0026roistat_pos=none_0\u0026y_ref=www.woman.ru\u0026utm_source=yandex\u0026utm_medium=cpc\u0026utm_campaign=rsya-click\u0026utm_content=16233427521\u0026utm_term=www.woman.ru\u0026yclid=3202239115883184127\u0022,1724226288,\u0022TINGARD \u2014 \u0431\u0435\u0441\u0448\u043e\u0432\u043d\u044b\u0439 \u043f\u043b\u0430\u0441\u0442\u0438\u043a\u043e\u0432\u044b\u0439 \u043f\u043e\u0433\u0440\u0435\u0431 \u2116\u0022]]},\u0022gid\u0022:null,\u0022previous\u0022:{\u0022list\u0022:[]}}","UF_CRM_1517561552":"3412041","COMMENTS":null,"TITLE":"\u0420\u0430\u0441\u0441\u0440\u043e\u0447\u043a\u0430 (\u0443\u0437\u043d\u0430\u0442\u044c \u043f\u043e\u0434\u0440\u043e\u0431\u043d\u043e\u0441\u0442\u0438)","UF_CRM_1449663065":68,"ASSIGNED_BY_ID":58,"SOURCE_ID":9}}},"result":{"result":540158,"time":{"start":1724226347.4145679,"finish":1724226348.3837481,"duration":0.96918010711669922,"processing":0.93566298484802246,"date_start":"2024-08-21T10:45:47+03:00","date_finish":"2024-08-21T10:45:48+03:00","operating_reset_at":1724226947,"operating":2.7887909412384033}}}