{"url":"https:\/\/tinger.bitrix24.ru\/rest\/190\/42tc2gxq8od2858i\/crm.lead.add.json","info":{"url":"https:\/\/tinger.bitrix24.ru\/rest\/190\/42tc2gxq8od2858i\/crm.lead.add.json","content_type":"application\/json; charset=utf-8","http_code":200,"header_size":1034,"request_size":207,"filetime":-1,"ssl_verify_result":0,"redirect_count":0,"total_time":2.4802059999999999,"namelookup_time":0.0029640000000000001,"connect_time":0.013799000000000001,"pretransfer_time":0.038551000000000002,"size_upload":2271,"size_download":285,"speed_download":114,"speed_upload":915,"download_content_length":-1,"upload_content_length":2271,"starttransfer_time":0.038554999999999999,"redirect_time":0,"redirect_url":"","primary_ip":"46.235.53.67","certinfo":[],"primary_port":443,"local_ip":"188.225.57.79","local_port":33262,"http_version":3,"protocol":2,"ssl_verifyresult":0,"scheme":"HTTPS","appconnect_time_us":38412,"connect_time_us":13799,"namelookup_time_us":2964,"pretransfer_time_us":38551,"redirect_time_us":0,"starttransfer_time_us":38555,"total_time_us":2480206},"params":{"method":"crm.lead.add","params":{"fields":{"NAME":"\u0414\u0436\u0430\u043c\u0430\u043b\u0438","PHONE":[{"VALUE":"+7 (938) 861-45-14","VALUE_TYPE":"WORK"}],"EMAIL":[{"VALUE":null,"VALUE_TYPE":"WORK"}],"TRACE":"{\u0022url\u0022:\u0022https:\/\/tingard.ru\/?utm_source=yandex_kirill\u0026utm_medium=cpc\u0026utm_campaign=pogreba_rozn_umnaya_click_perezapusk_15_01\u0026utm_content=15676822922\u0026utm_term=---autotargeting\u0026roistat=direct14_search_15676822922_---autotargeting\u0026roistat_referrer=yandex.ru\u0026roistat_pos=premium_1\u0026etext=2202.Dx7pbitBs72BQtUyfbFp6FNFKH9llFtmGUp62E9QO4b5opsQbEcoTnrI6G34Y75g2Y0TVU5GfpIOPwlZPXrwpGl2Y2Z2cnlsbXByc3FjcmE.a49e1e672f0277843a24d239512d424a079b26e2\u0026yclid=11345174058753589247\u0022,\u0022device\u0022:{\u0022isMobile\u0022:true},\u0022tags\u0022:{\u0022ts\u0022:1717658590,\u0022list\u0022:{\u0022utm_source\u0022:\u0022yandex_kirill\u0022,\u0022utm_medium\u0022:\u0022cpc\u0022,\u0022utm_campaign\u0022:\u0022pogreba_rozn_umnaya_click_perezapusk_15_01\u0022,\u0022utm_content\u0022:\u002215676822922\u0022,\u0022utm_term\u0022:\u0022---autotargeting\u0022},\u0022gclid\u0022:null},\u0022client\u0022:{\u0022yaId\u0022:\u00221717658588941164616\u0022},\u0022pages\u0022:{\u0022list\u0022:[[\u0022https:\/\/tingard.ru\/?utm_source=yandex_kirill\u0026utm_medium=cpc\u0026utm_campaign=pogreba_rozn_umnaya_click_perezapusk_15_01\u0026utm_content=15676822922\u0026utm_term=---autotargeting\u0026roistat=direct14_search_15676822922_---autotargeting\u0026roistat_referrer=yandex.ru\u0026roistat_pos=premium_1\u0026etext=2202.Dx7pbitBs72BQtUyfbFp6FNFKH9llFtmGUp62E9QO4b5opsQbEcoTnrI6G34Y75g2Y0TVU5GfpIOPwlZPXrwpGl2Y2Z2cnlsbXByc3FjcmE.a49e1e672f0277843a24d239512d424a079b26e2\u0026yclid=11345174058753589247\u0022,1717658590,\u0022TINGARD \u2014 \u0431\u0435\u0441\u0448\u043e\u0432\u043d\u044b\u0439 \u043f\u043b\u0430\u0441\u0442\u0438\u043a\u043e\u0432\u044b\u0439 \u043f\u043e\u0433\u0440\u0435\u0431 \u2116\u0022]]},\u0022gid\u0022:null,\u0022previous\u0022:{\u0022list\u0022:[]}}","COMMENTS":null,"TITLE":"\u0420\u0430\u0441\u0441\u0440\u043e\u0447\u043a\u0430 (\u0443\u0437\u043d\u0430\u0442\u044c \u043f\u043e\u0434\u0440\u043e\u0431\u043d\u043e\u0441\u0442\u0438)","UF_CRM_1449663065":68,"ASSIGNED_BY_ID":58,"SOURCE_ID":9}}},"result":{"result":518716,"time":{"start":1717658649.6501,"finish":1717658652.017369,"duration":2.3672690391540527,"processing":2.3229820728302002,"date_start":"2024-06-06T10:24:09+03:00","date_finish":"2024-06-06T10:24:12+03:00","operating_reset_at":1717659249,"operating":2.3229310512542725}}}