{"url":"https:\/\/tinger.bitrix24.ru\/rest\/190\/42tc2gxq8od2858i\/crm.lead.add.json","info":{"url":"https:\/\/tinger.bitrix24.ru\/rest\/190\/42tc2gxq8od2858i\/crm.lead.add.json","content_type":"application\/json; charset=utf-8","http_code":200,"header_size":923,"request_size":207,"filetime":-1,"ssl_verify_result":0,"redirect_count":0,"total_time":2.0239440000000002,"namelookup_time":0.040703000000000003,"connect_time":0.050862999999999998,"pretransfer_time":0.072233000000000006,"size_upload":2422,"size_download":262,"speed_download":129,"speed_upload":1197,"download_content_length":-1,"upload_content_length":2422,"starttransfer_time":0.072235999999999995,"redirect_time":0,"redirect_url":"","primary_ip":"217.16.18.181","certinfo":[],"primary_port":443,"local_ip":"188.225.57.79","local_port":49914,"http_version":3,"protocol":2,"ssl_verifyresult":0,"scheme":"HTTPS","appconnect_time_us":72084,"connect_time_us":50863,"namelookup_time_us":40703,"pretransfer_time_us":72233,"redirect_time_us":0,"starttransfer_time_us":72236,"total_time_us":2023944},"params":{"method":"crm.lead.add","params":{"fields":{"NAME":"\u0420\u0438\u043d\u0430\u0442 ","PHONE":[{"VALUE":"+7 (911) 180-10-01","VALUE_TYPE":"WORK"}],"EMAIL":[{"VALUE":"Srh848@yandex.ru","VALUE_TYPE":"WORK"}],"TRACE":"{\u0022url\u0022:\u0022https:\/\/tingard.ru\/catalog\/\u0022,\u0022ref\u0022:\u0022https:\/\/yandex.ru\/\u0022,\u0022device\u0022:{\u0022isMobile\u0022:true},\u0022tags\u0022:{\u0022ts\u0022:1774294967,\u0022list\u0022:{\u0022utm_content\u0022:\u0022gift\u0022},\u0022gclid\u0022:null},\u0022client\u0022:{\u0022yaId\u0022:\u00221774168870877793058\u0022},\u0022pages\u0022:{\u0022list\u0022:[[\u0022https:\/\/tingard.ru\/?utm_content=gift\u0026yclid=8775990166918529023\u0026ybaip=1\u0022,1774294968,\u0022TINGARD \u2014 \u0431\u0435\u0441\u0448\u043e\u0432\u043d\u044b\u0439 \u043f\u043b\u0430\u0441\u0442\u0438\u043a\u043e\u0432\u044b\u0439 \u043f\u043e\u0433\u0440\u0435\u0431 \u0441\u0022],[\u0022https:\/\/tingard.ru\/payment\/\u0022,1774295310,\u0022\u0418\u043d\u0444\u043e\u0440\u043c\u0430\u0446\u0438\u044f \u043f\u043e \u0434\u043e\u0441\u0442\u0430\u0432\u043a\u0435 \u0438 \u043e\u043f\u043b\u0430\u0442\u0435 \u0431\u0435\u0441\u0448\u043e\u0432\u043d\u044b\u0022],[\u0022https:\/\/tingard.ru\/dealers\/\u0022,1774295338,\u0022\u041d\u0430\u0448\u0438 \u0434\u0438\u043b\u0435\u0440\u044b \u0435\u0441\u0442\u044c \u0432 68 \u0433\u043e\u0440\u043e\u0434\u0430\u0445 \u0420\u043e\u0441\u0441\u0438\u0438\u0022],[\u0022https:\/\/tingard.ru\/\u0022,1774295343,\u0022TINGARD \u2014 \u0431\u0435\u0441\u0448\u043e\u0432\u043d\u044b\u0439 \u043f\u043b\u0430\u0441\u0442\u0438\u043a\u043e\u0432\u044b\u0439 \u043f\u043e\u0433\u0440\u0435\u0431 \u0441\u0022],[\u0022https:\/\/tingard.ru\/catalog\/\u0022,1774295568,\u0022\u041a\u0430\u0442\u0430\u043b\u043e\u0433 \u043f\u043e\u0433\u0440\u0435\u0431\u043e\u0432\u0022]]},\u0022gid\u0022:null,\u0022previous\u0022:{\u0022list\u0022:[]}}","UF_CRM_1736853511":"1774168870877793058","UF_CRM_1736853555":"1774168870877793058","UF_CRM_1736853537":"1774168870877793058","UF_CRM_1517561552":"3895101","COMMENTS":null,"TITLE":"\u0420\u0430\u0441\u0441\u0447\u0438\u0442\u0430\u0442\u044c \u0441\u0442\u043e\u0438\u043c\u043e\u0441\u0442\u044c \u043f\u043e\u0433\u0440\u0435\u0431\u0430","UF_CRM_1449663065":68,"ASSIGNED_BY_ID":58,"SOURCE_ID":9}}},"result":{"result":653460,"time":{"start":1774295946,"finish":1774295948.8882279,"duration":2.8882279396057129,"processing":1,"date_start":"2026-03-23T22:59:06+03:00","date_finish":"2026-03-23T22:59:08+03:00","operating_reset_at":1774296547,"operating":1.8730239868164062}}}