{"url":"https:\/\/tinger.bitrix24.ru\/rest\/190\/42tc2gxq8od2858i\/crm.lead.add.json","info":{"url":"https:\/\/tinger.bitrix24.ru\/rest\/190\/42tc2gxq8od2858i\/crm.lead.add.json","content_type":"application\/json; charset=utf-8","http_code":200,"header_size":1034,"request_size":207,"filetime":-1,"ssl_verify_result":0,"redirect_count":0,"total_time":3.248364,"namelookup_time":0.0018489999999999999,"connect_time":0.0098379999999999995,"pretransfer_time":0.025190000000000001,"size_upload":8974,"size_download":286,"speed_download":88,"speed_upload":2762,"download_content_length":-1,"upload_content_length":8974,"starttransfer_time":0.025194000000000001,"redirect_time":0,"redirect_url":"","primary_ip":"178.248.236.39","certinfo":[],"primary_port":443,"local_ip":"188.225.57.79","local_port":33854,"http_version":3,"protocol":2,"ssl_verifyresult":0,"scheme":"HTTPS","appconnect_time_us":25075,"connect_time_us":9838,"namelookup_time_us":1849,"pretransfer_time_us":25190,"redirect_time_us":0,"starttransfer_time_us":25194,"total_time_us":3248364},"params":{"method":"crm.lead.add","params":{"fields":{"NAME":"\u0418\u0440\u0438\u043d\u0430","PHONE":[{"VALUE":"+7 (953) 301-55-53","VALUE_TYPE":"WORK"}],"EMAIL":[{"VALUE":null,"VALUE_TYPE":"WORK"}],"TRACE":"{\u0022url\u0022:\u0022https:\/\/tingard.ru\/?utm_source=yandex_kirill\u0026utm_medium=cpc\u0026utm_campaign=pogreba_rozn_umnaya_click_perezapusk_15_01\u0026utm_content=\u0026utm_term=---autotargeting\u0026roistat=direct14_context_1839506082742553879_---autotargeting\u0026roistat_referrer=dzen.ru\u0026roistat_pos=none_0\u0026yclid=11432012587970330623\u0022,\u0022ref\u0022:\u0022https:\/\/dzen.ru\/\u0022,\u0022device\u0022:{\u0022isMobile\u0022:true},\u0022tags\u0022:{\u0022ts\u0022:1715003349,\u0022list\u0022:{\u0022utm_source\u0022:\u0022yandex_kirill\u0022,\u0022utm_medium\u0022:\u0022cpc\u0022,\u0022utm_campaign\u0022:\u0022pogreba_rozn_umnaya_click_perezapusk_15_01\u0022,\u0022utm_term\u0022:\u0022---autotargeting\u0022},\u0022gclid\u0022:null},\u0022client\u0022:{\u0022yaId\u0022:\u00221688896175478362150\u0022},\u0022pages\u0022:{\u0022list\u0022:[[\u0022https:\/\/tingard.ru\/?utm_source=yandex_kirill\u0026utm_medium=cpc\u0026utm_campaign=pogreba_rozn_umnaya_click_perezapusk_15_01\u0026utm_content=\u0026utm_term=---autotargeting\u0026roistat=direct14_context_1839506082742553879_---autotargeting\u0026roistat_referrer=dzen.ru\u0026roistat_pos=none_0\u0026yclid=11432012587970330623\u0022,1715003350,\u0022TINGARD \u2014 \u0431\u0435\u0441\u0448\u043e\u0432\u043d\u044b\u0439 \u043f\u043b\u0430\u0441\u0442\u0438\u043a\u043e\u0432\u044b\u0439 \u043f\u043e\u0433\u0440\u0435\u0431 \u2116\u0022]]},\u0022gid\u0022:null,\u0022previous\u0022:{\u0022list\u0022:[{\u0022url\u0022:\u0022https:\/\/tingard.ru\/?utm_source=yandex_kirill\u0026utm_medium=cpc\u0026utm_campaign=pogreba_rozn_umnaya_copy_11_04\u0026utm_content=13300555439\u0026utm_term=---autotargeting\u0026roistat=direct14_context_13300555439_---autotargeting\u0026roistat_referrer=dzen.ru\u0026roistat_pos=none_0\u0026yclid=4237744437348078282\u0022,\u0022ref\u0022:\u0022https:\/\/dzen.ru\/\u0022,\u0022device\u0022:{\u0022isMobile\u0022:true},\u0022tags\u0022:{\u0022ts\u0022:1689703809,\u0022list\u0022:{\u0022utm_source\u0022:\u0022yandex_kirill\u0022,\u0022utm_medium\u0022:\u0022cpc\u0022,\u0022utm_campaign\u0022:\u0022pogreba_rozn_umnaya_copy_11_04\u0022,\u0022utm_content\u0022:\u002213300555439\u0022,\u0022utm_term\u0022:\u0022---autotargeting\u0022},\u0022gclid\u0022:null},\u0022client\u0022:{\u0022yaId\u0022:\u00221688896175478362150\u0022},\u0022pages\u0022:{\u0022list\u0022:[[\u0022https:\/\/tingard.ru\/?utm_source=yandex_kirill\u0026utm_medium=cpc\u0026utm_campaign=pogreba_rozn_umnaya_copy_11_04\u0026utm_content=13300555439\u0026utm_term=---autotargeting\u0026roistat=direct14_context_13300555439_---autotargeting\u0026roistat_referrer=dzen.ru\u0026roistat_pos=none_0\u0026yclid=4071376756651660091\u0022,1689703809,\u0022TINGARD \u2014 \u0431\u0435\u0441\u0448\u043e\u0432\u043d\u044b\u0439 \u043f\u043b\u0430\u0441\u0442\u0438\u043a\u043e\u0432\u044b\u0439 \u043f\u043e\u0433\u0440\u0435\u0431 #\u0022]]},\u0022gid\u0022:null},{\u0022url\u0022:\u0022https:\/\/tingard.ru\/?utm_source=yandex_kirill\u0026utm_medium=cpc\u0026utm_campaign=pogreba_rozn_umnaya_copy_11_04\u0026utm_content=13300555439\u0026utm_term=---autotargeting\u0026roistat=direct14_context_13300555439_---autotargeting\u0026roistat_referrer=dzen.ru\u0026roistat_pos=none_0\u0026yclid=5220322967322169900\u0022,\u0022device\u0022:{\u0022isMobile\u0022:true},\u0022tags\u0022:{\u0022ts\u0022:1690338455,\u0022list\u0022:{\u0022utm_source\u0022:\u0022yandex_kirill\u0022,\u0022utm_medium\u0022:\u0022cpc\u0022,\u0022utm_campaign\u0022:\u0022pogreba_rozn_umnaya_copy_11_04\u0022,\u0022utm_content\u0022:\u002213300555439\u0022,\u0022utm_term\u0022:\u0022---autotargeting\u0022},\u0022gclid\u0022:null},\u0022client\u0022:{\u0022yaId\u0022:\u00221688896175478362150\u0022},\u0022pages\u0022:{\u0022list\u0022:[[\u0022https:\/\/tingard.ru\/?utm_source=yandex_kirill\u0026utm_medium=cpc\u0026utm_campaign=pogreba_rozn_umnaya_copy_11_04\u0026utm_content=13300555439\u0026utm_term=---autotargeting\u0026roistat=direct14_context_13300555439_---autotargeting\u0026roistat_referrer=dzen.ru\u0026roistat_pos=none_0\u0026yclid=4237744437348078282\u0022,1690338455,\u0022TINGARD \u2014 \u0431\u0435\u0441\u0448\u043e\u0432\u043d\u044b\u0439 \u043f\u043b\u0430\u0441\u0442\u0438\u043a\u043e\u0432\u044b\u0439 \u043f\u043e\u0433\u0440\u0435\u0431 #\u0022]]},\u0022gid\u0022:null},{\u0022url\u0022:\u0022https:\/\/tingard.ru\/?utm_source=yandex_kirill\u0026utm_medium=cpc\u0026utm_campaign=pogreba_rozn_umnaya_copy_11_04\u0026utm_content=13300555439\u0026utm_term=---autotargeting\u0026roistat=direct14_context_13300555439_---autotargeting\u0026roistat_referrer=dzen.ru\u0026roistat_pos=none_0\u0026yclid=5326695985471099511\u0022,\u0022ref\u0022:\u0022https:\/\/dzen.ru\/media\/georgjarkoj\/zakisli-61f01ae1e92d9c6359aba56d?\u0026comments_data=n_like\u0022,\u0022device\u0022:{\u0022isMobile\u0022:true},\u0022tags\u0022:{\u0022ts\u0022:1694086705,\u0022list\u0022:{\u0022utm_source\u0022:\u0022yandex_kirill\u0022,\u0022utm_medium\u0022:\u0022cpc\u0022,\u0022utm_campaign\u0022:\u0022pogreba_rozn_umnaya_copy_11_04\u0022,\u0022utm_content\u0022:\u002213300555439\u0022,\u0022utm_term\u0022:\u0022---autotargeting\u0022},\u0022gclid\u0022:null},\u0022client\u0022:{\u0022yaId\u0022:\u00221688896175478362150\u0022},\u0022pages\u0022:{\u0022list\u0022:[[\u0022https:\/\/tingard.ru\/?utm_source=yandex_kirill\u0026utm_medium=cpc\u0026utm_campaign=pogreba_rozn_umnaya_copy_11_04\u0026utm_content=13300555439\u0026utm_term=---autotargeting\u0026roistat=direct14_context_13300555439_---autotargeting\u0026roistat_referrer=dzen.ru\u0026roistat_pos=none_0\u0026yclid=5220322967322169900\u0022,1694086705,\u0022TINGARD \u2014 \u0431\u0435\u0441\u0448\u043e\u0432\u043d\u044b\u0439 \u043f\u043b\u0430\u0441\u0442\u0438\u043a\u043e\u0432\u044b\u0439 \u043f\u043e\u0433\u0440\u0435\u0431 \u2116\u0022]]},\u0022gid\u0022:null},{\u0022url\u0022:\u0022https:\/\/tingard.ru\/?utm_source=yandex_kirill\u0026utm_medium=cpc\u0026utm_campaign=pogreba_rozn_umnaya_copy_11_04\u0026utm_content=13300555439\u0026utm_term=---autotargeting\u0026roistat=direct14_context_13300555439_---autotargeting\u0026roistat_referrer=dzen.ru\u0026roistat_pos=none_0\u0026yclid=5335365731186709433\u0022,\u0022ref\u0022:\u0022https:\/\/dzen.ru\/a\/ZPgTuYr-oW6DKKnx\u0022,\u0022device\u0022:{\u0022isMobile\u0022:true},\u0022tags\u0022:{\u0022ts\u0022:1694492479,\u0022list\u0022:{\u0022utm_source\u0022:\u0022yandex_kirill\u0022,\u0022utm_medium\u0022:\u0022cpc\u0022,\u0022utm_campaign\u0022:\u0022pogreba_rozn_umnaya_copy_11_04\u0022,\u0022utm_content\u0022:\u002213300555439\u0022,\u0022utm_term\u0022:\u0022---autotargeting\u0022},\u0022gclid\u0022:null},