{"url":"https:\/\/tinger.bitrix24.ru\/rest\/190\/42tc2gxq8od2858i\/crm.lead.add.json","info":{"url":"https:\/\/tinger.bitrix24.ru\/rest\/190\/42tc2gxq8od2858i\/crm.lead.add.json","content_type":"application\/json; charset=utf-8","http_code":200,"header_size":1031,"request_size":207,"filetime":-1,"ssl_verify_result":0,"redirect_count":0,"total_time":1.9186300000000001,"namelookup_time":0.017670000000000002,"connect_time":0.027792000000000001,"pretransfer_time":0.046487000000000001,"size_upload":2067,"size_download":287,"speed_download":149,"speed_upload":1077,"download_content_length":-1,"upload_content_length":2067,"starttransfer_time":0.046490999999999998,"redirect_time":0,"redirect_url":"","primary_ip":"109.120.182.255","certinfo":[],"primary_port":443,"local_ip":"188.225.57.79","local_port":35386,"http_version":3,"protocol":2,"ssl_verifyresult":0,"scheme":"HTTPS","appconnect_time_us":46346,"connect_time_us":27792,"namelookup_time_us":17670,"pretransfer_time_us":46487,"redirect_time_us":0,"starttransfer_time_us":46491,"total_time_us":1918630},"params":{"method":"crm.lead.add","params":{"fields":{"NAME":"\u041b\u044e\u0434\u043c\u0438\u043b\u0430","PHONE":[{"VALUE":"8 (996) 437-79-95","VALUE_TYPE":"WORK"}],"EMAIL":[{"VALUE":"lkireenok84@mail.ru","VALUE_TYPE":"WORK"}],"TRACE":"{\u0022url\u0022:\u0022https:\/\/tingard.ru\/?utm_source=yandex\u0026utm_medium=cpc\u0026utm_campaign=mk_rf_kval\u0026utm_content=17189060415\u0026utm_term=---autotargeting\u0026roistat=direct14_search_702036728_rsMasterGroup_rsMasterBanner_---autotargeting\u0026ybaip=1\u0026yclid=11142735196699492351\u0022,\u0022ref\u0022:\u0022https:\/\/yandex.ru\/\u0022,\u0022device\u0022:{\u0022isMobile\u0022:true},\u0022tags\u0022:{\u0022ts\u0022:1757039636,\u0022list\u0022:{\u0022utm_source\u0022:\u0022yandex\u0022,\u0022utm_medium\u0022:\u0022cpc\u0022,\u0022utm_campaign\u0022:\u0022mk_rf_kval\u0022,\u0022utm_content\u0022:\u002217189060415\u0022,\u0022utm_term\u0022:\u0022---autotargeting\u0022},\u0022gclid\u0022:null},\u0022client\u0022:{\u0022yaId\u0022:\u0022175703963668293487\u0022},\u0022pages\u0022:{\u0022list\u0022:[[\u0022https:\/\/tingard.ru\/?utm_source=yandex\u0026utm_medium=cpc\u0026utm_campaign=mk_rf_kval\u0026utm_content=17189060415\u0026utm_term=---autotargeting\u0026roistat=direct14_search_702036728_rsMasterGroup_rsMasterBanner_---autotargeting\u0026ybaip=1\u0026yclid=11142735196699492351\u0022,1757039636,\u0022TINGARD \u2014 \u0431\u0435\u0441\u0448\u043e\u0432\u043d\u044b\u0439 \u043f\u043b\u0430\u0441\u0442\u0438\u043a\u043e\u0432\u044b\u0439 \u043f\u043e\u0433\u0440\u0435\u0431 \u0441\u0022]]},\u0022gid\u0022:null,\u0022previous\u0022:{\u0022list\u0022:[]}}","UF_CRM_1736853511":"175703963668293487","UF_CRM_1736853555":"175703963668293487","UF_CRM_1736853537":"175703963668293487","UF_CRM_1517561552":"3746515","COMMENTS":null,"TITLE":"\u0420\u0430\u0441\u0441\u0447\u0438\u0442\u0430\u0442\u044c \u0441\u0442\u043e\u0438\u043c\u043e\u0441\u0442\u044c \u043f\u043e\u0433\u0440\u0435\u0431\u0430","UF_CRM_1449663065":68,"ASSIGNED_BY_ID":58,"SOURCE_ID":9}}},"result":{"result":620416,"time":{"start":1757039716.6215971,"finish":1757039718.431457,"duration":1.8098599910736084,"processing":1.7810850143432617,"date_start":"2025-09-05T05:35:16+03:00","date_finish":"2025-09-05T05:35:18+03:00","operating_reset_at":1757040316,"operating":1.7810659408569336}}}