{"url":"https:\/\/tinger.bitrix24.ru\/rest\/190\/42tc2gxq8od2858i\/crm.lead.add.json","info":{"url":"https:\/\/tinger.bitrix24.ru\/rest\/190\/42tc2gxq8od2858i\/crm.lead.add.json","content_type":"application\/json; charset=utf-8","http_code":200,"header_size":1027,"request_size":207,"filetime":-1,"ssl_verify_result":0,"redirect_count":0,"total_time":1.701662,"namelookup_time":0.017604999999999999,"connect_time":0.018832000000000002,"pretransfer_time":0.034204999999999999,"size_upload":1860,"size_download":289,"speed_download":169,"speed_upload":1093,"download_content_length":-1,"upload_content_length":1860,"starttransfer_time":0.034209000000000003,"redirect_time":0,"redirect_url":"","primary_ip":"178.132.201.51","certinfo":[],"primary_port":443,"local_ip":"188.225.57.79","local_port":38724,"http_version":3,"protocol":2,"ssl_verifyresult":0,"scheme":"HTTPS","appconnect_time_us":34072,"connect_time_us":18832,"namelookup_time_us":17605,"pretransfer_time_us":34205,"redirect_time_us":0,"starttransfer_time_us":34209,"total_time_us":1701662},"params":{"method":"crm.lead.add","params":{"fields":{"NAME":"\u0414\u0438\u043c\u0430","PHONE":[{"VALUE":"+7 (998) 456-23-18","VALUE_TYPE":"WORK"}],"EMAIL":[{"VALUE":null,"VALUE_TYPE":"WORK"}],"TRACE":"{\u0022url\u0022:\u0022https:\/\/tingard.ru\/?roistat=direct14_context_16233427521_\u0026roistat_referrer=99biznesideas.blogspot.com\u0026roistat_pos=none_0\u0026utm_source=yandex\u0026utm_medium=cpc\u0026utm_campaign=rsya-click\u0026utm_content=16233427521\u0026utm_term=99biznesideas.blogspot.com\u0026yclid=14968032006671433727\u0022,\u0022ref\u0022:\u0022https:\/\/99biznesideas.blogspot.com\/\u0022,\u0022device\u0022:{\u0022isMobile\u0022:false},\u0022tags\u0022:{\u0022ts\u0022:1722747693,\u0022list\u0022:{\u0022utm_source\u0022:\u0022yandex\u0022,\u0022utm_medium\u0022:\u0022cpc\u0022,\u0022utm_campaign\u0022:\u0022rsya-click\u0022,\u0022utm_content\u0022:\u002216233427521\u0022,\u0022utm_term\u0022:\u002299biznesideas.blogspot.com\u0022},\u0022gclid\u0022:null},\u0022client\u0022:{\u0022yaId\u0022:\u00221722747688935493606\u0022},\u0022pages\u0022:{\u0022list\u0022:[[\u0022https:\/\/tingard.ru\/?roistat=direct14_context_16233427521_\u0026roistat_referrer=99biznesideas.blogspot.com\u0026roistat_pos=none_0\u0026utm_source=yandex\u0026utm_medium=cpc\u0026utm_campaign=rsya-click\u0026utm_content=16233427521\u0026utm_term=99biznesideas.blogspot.com\u0026yclid=14968032006671433727\u0022,1722747693,\u0022TINGARD \u2014 \u0431\u0435\u0441\u0448\u043e\u0432\u043d\u044b\u0439 \u043f\u043b\u0430\u0441\u0442\u0438\u043a\u043e\u0432\u044b\u0439 \u043f\u043e\u0433\u0440\u0435\u0431 \u2116\u0022]]},\u0022gid\u0022:null,\u0022previous\u0022:{\u0022list\u0022:[]}}","UF_CRM_1517561552":"3380290","COMMENTS":null,"TITLE":"\u0417\u0430\u043a\u0430\u0437\u0430\u0442\u044c \u043f\u043e\u0433\u0440\u0435\u0431","UF_CRM_1449663065":68,"ASSIGNED_BY_ID":58,"SOURCE_ID":9}}},"result":{"result":535126,"time":{"start":1722747957.8695099,"finish":1722747959.4652359,"duration":1.5957260131835938,"processing":1.5642528533935547,"date_start":"2024-08-04T08:05:57+03:00","date_finish":"2024-08-04T08:05:59+03:00","operating_reset_at":1722748557,"operating":1.5642290115356445}}}