{"url":"https:\/\/tinger.bitrix24.ru\/rest\/190\/42tc2gxq8od2858i\/crm.lead.add.json","info":{"url":"https:\/\/tinger.bitrix24.ru\/rest\/190\/42tc2gxq8od2858i\/crm.lead.add.json","content_type":"application\/json; charset=utf-8","http_code":200,"header_size":1030,"request_size":207,"filetime":-1,"ssl_verify_result":0,"redirect_count":0,"total_time":3.4966390000000001,"namelookup_time":0.001853,"connect_time":0.010803999999999999,"pretransfer_time":0.027896000000000001,"size_upload":1545,"size_download":288,"speed_download":82,"speed_upload":441,"download_content_length":-1,"upload_content_length":1545,"starttransfer_time":0.027899,"redirect_time":0,"redirect_url":"","primary_ip":"95.163.249.170","certinfo":[],"primary_port":443,"local_ip":"188.225.57.79","local_port":43548,"http_version":3,"protocol":2,"ssl_verifyresult":0,"scheme":"HTTPS","appconnect_time_us":27777,"connect_time_us":10804,"namelookup_time_us":1853,"pretransfer_time_us":27896,"redirect_time_us":0,"starttransfer_time_us":27899,"total_time_us":3496639},"params":{"method":"crm.lead.add","params":{"fields":{"NAME":"\u0410\u043b\u0435\u043a\u0441\u0430\u043d\u0434\u0440","PHONE":[{"VALUE":"+7 (905) 924-75-50","VALUE_TYPE":"WORK"}],"EMAIL":[{"VALUE":null,"VALUE_TYPE":"WORK"}],"COMMENTS":"\u0410\u043b\u0435\u043a\u0441\u0430\u043d\u0434\u0440\r\n\u0418\u043d\u0442\u0435\u0440\u0435\u0441\u0443\u0435\u0442 \u0441\u0430\u043c\u044b\u0439 \u043c\u0430\u043b\u0435\u043d\u044c\u043a\u0438\u0439 \u043f\u043e\u0433\u0440\u0435\u0431(\u0441\u0442\u043e\u0438\u043c\u043e\u0441\u0442\u044c \u0441 \/\u0431\u0435\u0437 \u0443\u0441\u0442\u0430\u043d\u043e\u0432\u043a\u0438)\r\n\u041f\u0435\u0440\u0435\u0437\u0432\u043e\u043d\u0438\u0442\u044c \u0447\u0437 1,5-2 \u0447\u0430\u0441\u0430\r\nhttps:\/\/app.uiscom.ru\/system\/media\/talk\/3105932075\/eecd16ed73c1df11326586df858828f2\/","TRACE":"{\u0022url\u0022:\u0022https:\/\/tinger.ru\/form\/\u0022,\u0022device\u0022:{\u0022isMobile\u0022:false},\u0022tags\u0022:{\u0022ts\u0022:1689229916,\u0022list\u0022:{},\u0022gclid\u0022:null},\u0022client\u0022:{\u0022gaId\u0022:\u00221541338507.1689229918\u0022,\u0022yaId\u0022:\u00221689229918358927925\u0022},\u0022pages\u0022:{\u0022list\u0022:[[\u0022https:\/\/tinger.ru\/form\/\u0022,1689845826,\u0022\u0424\u043e\u0440\u043c\u0430\u0022]]},\u0022gid\u0022:null,\u0022previous\u0022:{\u0022list\u0022:[]}}","TITLE":"\u0417\u0430\u044f\u0432\u043a\u0430 \u043e\u0442 \u041a\u0426","UF_CRM_1449663065":68,"ASSIGNED_BY_ID":58,"SOURCE_ID":"102"}}},"result":{"result":458116,"time":{"start":1689845909.6600771,"finish":1689845913.046309,"duration":3.3862318992614746,"processing":3.3467259407043457,"date_start":"2023-07-20T12:38:29+03:00","date_finish":"2023-07-20T12:38:33+03:00","operating_reset_at":1689846509,"operating":3.3466999530792236}}}