{"url":"https:\/\/tinger.bitrix24.ru\/rest\/190\/42tc2gxq8od2858i\/crm.lead.add.json","info":{"url":"https:\/\/tinger.bitrix24.ru\/rest\/190\/42tc2gxq8od2858i\/crm.lead.add.json","content_type":"application\/json; charset=utf-8","http_code":200,"header_size":1030,"request_size":207,"filetime":-1,"ssl_verify_result":0,"redirect_count":0,"total_time":5.8077059999999996,"namelookup_time":0.001915,"connect_time":0.010933999999999999,"pretransfer_time":3.2565339999999998,"size_upload":4110,"size_download":286,"speed_download":49,"speed_upload":707,"download_content_length":-1,"upload_content_length":4110,"starttransfer_time":3.2565369999999998,"redirect_time":0,"redirect_url":"","primary_ip":"95.163.249.170","certinfo":[],"primary_port":443,"local_ip":"188.225.57.79","local_port":41714,"http_version":3,"protocol":2,"ssl_verifyresult":0,"scheme":"HTTPS","appconnect_time_us":3256403,"connect_time_us":10934,"namelookup_time_us":1915,"pretransfer_time_us":3256534,"redirect_time_us":0,"starttransfer_time_us":3256537,"total_time_us":5807706},"params":{"method":"crm.lead.add","params":{"fields":{"NAME":"\u0412\u0418\u0422\u0410\u041b\u0418\u0419","PHONE":[{"VALUE":"+7 (927) 181-11-10","VALUE_TYPE":"WORK"}],"EMAIL":[{"VALUE":null,"VALUE_TYPE":"WORK"}],"COMMENTS":"undefined\u003Cb\u003E\u0413\u0434\u0435 \u043f\u043b\u0430\u043d\u0438\u0440\u0443\u0435\u0442\u0435 \u0443\u0441\u0442\u0430\u043d\u0430\u0432\u043b\u0438\u0432\u0430\u0442\u044c \u043f\u043e\u0433\u0440\u0435\u0431?\u003C\/b\u003E \u043f\u043e\u0434 \u0431\u0435\u0441\u0435\u0434\u043a\u0443\/\u0433\u0430\u0440\u0430\u0436\u003Cbr\u003E\u003Cb\u003E\u041a\u0430\u043a\u043e\u0439 \u0443\u0440\u043e\u0432\u0435\u043d\u044c \u0433\u0440\u0443\u043d\u0442\u043e\u0432\u044b\u0445 \u0432\u043e\u0434 \u043d\u0430 \u0432\u0430\u0448\u0435\u043c \u0443\u0447\u0430\u0441\u0442\u043a\u0435?\u003C\/b\u003E \u0432\u044b\u0441\u043e\u043a\u0438\u0439\u003Cbr\u003E\u003Cb\u003E\u041f\u043e\u0434\u0431\u0435\u0440\u0438 \u043f\u043e\u0433\u0440\u0435\u0431 \u0437\u0430 30 \u0441\u0435\u043a\u0443\u043d\u0434\u003C\/b\u003E \u0434\u043e 200 \u0431\u0430\u043d\u043e\u043a \u0438 \u0434\u043e 20 \u044f\u0449\u0438\u043a\u043e\u0432\u003Cbr\u003E\u003Cb\u003E\u041a\u0442\u043e \u0431\u0443\u0434\u0435\u0442 \u0437\u0430\u043d\u0438\u043c\u0430\u0442\u044c\u0441\u044f \u0443\u0441\u0442\u0430\u043d\u043e\u0432\u043a\u043e\u0439 \u043f\u043e\u0433\u0440\u0435\u0431\u0430?\u003C\/b\u003E \u0441\u0442\u0440\u043e\u0438\u0442\u0435\u043b\u0438 \u043d\u0430 \u0443\u0447\u0430\u0441\u0442\u043a\u0435\u003Cbr\u003E\u003Cb\u003E\u041a\u043e\u0433\u0434\u0430 \u0432\u044b \u043f\u043b\u0430\u043d\u0438\u0440\u0443\u0435\u0442\u0435 \u043f\u0440\u0438\u043e\u0431\u0440\u0435\u0441\u0442\u0438 \u043f\u043e\u0433\u0440\u0435\u0431?\u003C\/b\u003E \u0432 \u0442\u0435\u0447\u0435\u043d\u0438\u0435 \u043c\u0435\u0441\u044f\u0446\u0430\u003Cbr\u003E","TRACE":"{\u0022url\u0022:\u0022https:\/\/tingard.ru\/?bx_sender_conversion_id=6929424\u0026utm_source=newsletter\u0026utm_medium=mail\u0026utm_campaign=s_nailuchshimi_pozhelaniyami_kompaniya_tingard\u0022,\u0022ref\u0022:\u0022https:\/\/e.mail.ru\/\u0022,\u0022device\u0022:{\u0022isMobile\u0022:false},\u0022tags\u0022:{\u0022ts\u0022:1703752084,\u0022list\u0022:{\u0022utm_source\u0022:\u0022newsletter\u0022,\u0022utm_medium\u0022:\u0022mail\u0022,\u0022utm_campaign\u0022:\u0022s_nailuchshimi_pozhelaniyami_kompaniya_tingard\u0022},\u0022gclid\u0022:null},\u0022client\u0022:{\u0022yaId\u0022:\u00221677146264675021031\u0022},\u0022pages\u0022:{\u0022list\u0022:[[\u0022https:\/\/tingard.ru\/?bx_sender_conversion_id=6929424\u0026utm_source=newsletter\u0026utm_medium=mail\u0026utm_campaign=s_nailuchshimi_pozhelaniyami_kompaniya_tingard\u0022,1703752085,\u0022TINGARD \u2014 \u0431\u0435\u0441\u0448\u043e\u0432\u043d\u044b\u0439 \u043f\u043b\u0430\u0441\u0442\u0438\u043a\u043e\u0432\u044b\u0439 \u043f\u043e\u0433\u0440\u0435\u0431 \u2116\u0022]]},\u0022gid\u0022:null,\u0022previous\u0022:{\u0022list\u0022:[{\u0022url\u0022:\u0022https:\/\/tingard.ru\/?bx_sender_conversion_id=6929424\u0026utm_source=newsletter\u0026utm_medium=mail\u0026utm_campaign=s_nailuchshimi_pozhelaniyami_kompaniya_tingard\u0022,\u0022device\u0022:{\u0022isMobile\u0022:false},\u0022tags\u0022:{\u0022ts\u0022:1677146264,\u0022list\u0022:{\u0022utm_source\u0022:\u0022newsletter\u0022,\u0022utm_medium\u0022:\u0022mail\u0022,\u0022utm_campaign\u0022:\u0022s_nailuchshimi_pozhelaniyami_kompaniya_tingard\u0022},\u0022gclid\u0022:null},\u0022client\u0022:{\u0022yaId\u0022:\u00221677146264675021031\u0022},\u0022pages\u0022:{\u0022list\u0022:[[\u0022https:\/\/tingard.ru\/?bx_sender_conversion_id=3647274\u0026utm_source=newsletter\u0026utm_medium=mail\u0026utm_campaign=s_nailuchshimi_pozhelaniyami_kompaniya_tingard\u0022,1677146265,\u0022TINGARD \u2014 \u0431\u0435\u0441\u0448\u043e\u0432\u043d\u044b\u0439 \u043f\u043b\u0430\u0441\u0442\u0438\u043a\u043e\u0432\u044b\u0439 \u043f\u043e\u0433\u0440\u0435\u0431 #\u0022]]},\u0022gid\u0022:null}]}}","TITLE":"\u041f\u043e\u0434\u043e\u0431\u0440\u0430\u0442\u044c \u043f\u043e\u0433\u0440\u0435\u0431 (\u043a\u0432\u0438\u0437)","UF_CRM_1449663065":68,"ASSIGNED_BY_ID":58,"SOURCE_ID":9}}},"result":{"result":490316,"time":{"start":1703752238.2278349,"finish":1703752240.68735,"duration":2.4595150947570801,"processing":2.421943187713623,"date_start":"2023-12-28T11:30:38+03:00","date_finish":"2023-12-28T11:30:40+03:00","operating_reset_at":1703752838,"operating":2.4219210147857666}}}