{"url":"https:\/\/tinger.bitrix24.ru\/rest\/190\/42tc2gxq8od2858i\/crm.lead.add.json","info":{"url":"https:\/\/tinger.bitrix24.ru\/rest\/190\/42tc2gxq8od2858i\/crm.lead.add.json","content_type":"application\/json; charset=utf-8","http_code":200,"header_size":1028,"request_size":207,"filetime":-1,"ssl_verify_result":0,"redirect_count":0,"total_time":2.74444,"namelookup_time":0.02367,"connect_time":0.025377,"pretransfer_time":0.034264999999999997,"size_upload":1792,"size_download":287,"speed_download":104,"speed_upload":653,"download_content_length":-1,"upload_content_length":1792,"starttransfer_time":0.034268,"redirect_time":0,"redirect_url":"","primary_ip":"178.132.201.53","certinfo":[],"primary_port":443,"local_ip":"188.225.57.79","local_port":58478,"http_version":3,"protocol":2,"ssl_verifyresult":0,"scheme":"HTTPS","appconnect_time_us":34168,"connect_time_us":25377,"namelookup_time_us":23670,"pretransfer_time_us":34265,"redirect_time_us":0,"starttransfer_time_us":34268,"total_time_us":2744440},"params":{"method":"crm.lead.add","params":{"fields":{"NAME":"\u0434\u043c\u0438\u0442\u0440\u0438\u0439","PHONE":[{"VALUE":"8 (931) 413-70-69","VALUE_TYPE":"WORK"}],"EMAIL":[{"VALUE":null,"VALUE_TYPE":"WORK"}],"TRACE":"{\u0022url\u0022:\u0022https:\/\/tinger.ru\/catalog\/tinger-t\/\u0022,\u0022ref\u0022:\u0022https:\/\/yandex.ru\/\u0022,\u0022device\u0022:{\u0022isMobile\u0022:false},\u0022tags\u0022:{\u0022ts\u0022:1757582642,\u0022list\u0022:{},\u0022gclid\u0022:null},\u0022client\u0022:{\u0022gaId\u0022:\u00221324294607.1757582642\u0022,\u0022yaId\u0022:\u00221757582642432964821\u0022},\u0022pages\u0022:{\u0022list\u0022:[[\u0022https:\/\/tinger.ru\/\u0022,1757582642,\u0022\u0420\u043e\u0441\u0441\u0438\u0439\u0441\u043a\u0438\u0435 \u0432\u0435\u0437\u0434\u0435\u0445\u043e\u0434\u044b \u043e\u0442 \u043f\u0440\u043e\u0438\u0437\u0432\u043e\u0434\u0438\u0442\u0435\u043b\u044f TI\u0022],[\u0022https:\/\/tinger.ru\/thanks\/\u0022,1757582720,\u0022\u0421\u043f\u0430\u0441\u0438\u0431\u043e \u0437\u0430 \u0437\u0430\u044f\u0432\u043a\u0443\u0022],[\u0022https:\/\/tinger.ru\/catalog\/tinger-t\/\u0022,1757582733,\u0022\u041f\u043b\u0430\u0441\u0442\u0438\u043a\u043e\u0432\u044b\u0435 \u043f\u0440\u0438\u0446\u0435\u043f\u044b \u0434\u043b\u044f \u0432\u0435\u0437\u0434\u0435\u0445\u043e\u0434\u043e\u0432 TINGE\u0022]]},\u0022gid\u0022:null,\u0022previous\u0022:{\u0022list\u0022:[]}}","UF_CRM_1736853511":"1757582642432964821","UF_CRM_1736853555":"1757582642432964821","UF_CRM_1736853537":"1757582642432964821","UF_CRM_1517561552":"3955200","COMMENTS":null,"TITLE":"\u041a\u0443\u043f\u0438\u0442\u044c \u0432\u0435\u0437\u0434\u0435\u0445\u043e\u0434 TINGER T","UF_CRM_1449663065":64,"ASSIGNED_BY_ID":58,"SOURCE_ID":"WEB"}}},"result":{"result":621400,"time":{"start":1757582765.334583,"finish":1757582767.950788,"duration":2.6162049770355225,"processing":2.5822269916534424,"date_start":"2025-09-11T12:26:05+03:00","date_finish":"2025-09-11T12:26:07+03:00","operating_reset_at":1757583365,"operating":5.1412951946258545}}}