{"url":"https:\/\/tinger.bitrix24.ru\/rest\/190\/42tc2gxq8od2858i\/crm.lead.add.json","info":{"url":"https:\/\/tinger.bitrix24.ru\/rest\/190\/42tc2gxq8od2858i\/crm.lead.add.json","content_type":"application\/json; charset=utf-8","http_code":200,"header_size":1030,"request_size":207,"filetime":-1,"ssl_verify_result":0,"redirect_count":0,"total_time":2.1815570000000002,"namelookup_time":0.039829000000000003,"connect_time":0.049329999999999999,"pretransfer_time":0.068024000000000001,"size_upload":2322,"size_download":287,"speed_download":131,"speed_upload":1064,"download_content_length":-1,"upload_content_length":2322,"starttransfer_time":0.068027000000000004,"redirect_time":0,"redirect_url":"","primary_ip":"95.163.249.170","certinfo":[],"primary_port":443,"local_ip":"188.225.57.79","local_port":37780,"http_version":3,"protocol":2,"ssl_verifyresult":0,"scheme":"HTTPS","appconnect_time_us":67876,"connect_time_us":49330,"namelookup_time_us":39829,"pretransfer_time_us":68024,"redirect_time_us":0,"starttransfer_time_us":68027,"total_time_us":2181557},"params":{"method":"crm.lead.add","params":{"fields":{"NAME":"\u0418\u0433\u043e\u0440\u044c","PHONE":[{"VALUE":"+7 (950) 466-02-18","VALUE_TYPE":"WORK"}],"EMAIL":[{"VALUE":null,"VALUE_TYPE":"WORK"}],"COMMENTS":null,"TRACE":"{\u0022url\u0022:\u0022https:\/\/tingard.ru\/?utm_source=yandex_kirill\u0026utm_medium=cpc\u0026utm_campaign=pogreba_rozn_umnaya_copy_11_04\u0026utm_content=13300555439\u0026utm_term=---autotargeting\u0026roistat=direct14_context_13300555439_---autotargeting\u0026roistat_referrer=yandex.ru\u0026roistat_pos=none_0\u0026yclid=370935098490224639\u0022,\u0022ref\u0022:\u0022https:\/\/yandex.ru\/games\/app\/271828?utm_campaign=rus_games_brand_yandex_search_460.new%7C59207972\u0026utm_medium=search\u0026utm_source=yandex\u0026utm_term=%D1%8F%D0%BD%D0%B4%D0%B5%D0%BA%D1%81%20%D0%B8%D0%B3%D1%80%D1%8B\u0026utm_content=k50id%7C0100000026527301708_26527301708%7Ccid%7C59207972%7Cgid%7C4460521677%7Caid%7C12964419149%7Cadp%7Cno%7Cpos%7Cpremium1%7Csrc%7Csearch_none%7Cdvc%7Cdesktop%7Cmain\u0022,\u0022device\u0022:{\u0022isMobile\u0022:false},\u0022tags\u0022:{\u0022ts\u0022:1704921925,\u0022list\u0022:{\u0022utm_source\u0022:\u0022yandex_kirill\u0022,\u0022utm_medium\u0022:\u0022cpc\u0022,\u0022utm_campaign\u0022:\u0022pogreba_rozn_umnaya_copy_11_04\u0022,\u0022utm_content\u0022:\u002213300555439\u0022,\u0022utm_term\u0022:\u0022---autotargeting\u0022},\u0022gclid\u0022:null},\u0022client\u0022:{\u0022yaId\u0022:\u00221704921926327816729\u0022},\u0022pages\u0022:{\u0022list\u0022:[[\u0022https:\/\/tingard.ru\/?utm_source=yandex_kirill\u0026utm_medium=cpc\u0026utm_campaign=pogreba_rozn_umnaya_copy_11_04\u0026utm_content=13300555439\u0026utm_term=---autotargeting\u0026roistat=direct14_context_13300555439_---autotargeting\u0026roistat_referrer=yandex.ru\u0026roistat_pos=none_0\u0026yclid=370935098490224639\u0022,1704921925,\u0022TINGARD \u2014 \u0431\u0435\u0441\u0448\u043e\u0432\u043d\u044b\u0439 \u043f\u043b\u0430\u0441\u0442\u0438\u043a\u043e\u0432\u044b\u0439 \u043f\u043e\u0433\u0440\u0435\u0431 \u2116\u0022]]},\u0022gid\u0022:null,\u0022previous\u0022:{\u0022list\u0022:[]}}","TITLE":"\u0417\u0430\u043a\u0430\u0437\u0430\u0442\u044c \u043f\u043e\u0433\u0440\u0435\u0431","UF_CRM_1449663065":68,"ASSIGNED_BY_ID":58,"SOURCE_ID":9}}},"result":{"result":490932,"time":{"start":1704921936.749368,"finish":1704921938.784025,"duration":2.0346570014953613,"processing":1.9931278228759766,"date_start":"2024-01-11T00:25:36+03:00","date_finish":"2024-01-11T00:25:38+03:00","operating_reset_at":1704922536,"operating":1.9931020736694336}}}