{"url":"https:\/\/tinger.bitrix24.ru\/rest\/190\/42tc2gxq8od2858i\/crm.lead.add.json","info":{"url":"https:\/\/tinger.bitrix24.ru\/rest\/190\/42tc2gxq8od2858i\/crm.lead.add.json","content_type":"application\/json; charset=utf-8","http_code":200,"header_size":922,"request_size":207,"filetime":-1,"ssl_verify_result":0,"redirect_count":0,"total_time":2.0199020000000001,"namelookup_time":0.014378,"connect_time":0.023836,"pretransfer_time":0.042581000000000001,"size_upload":3925,"size_download":263,"speed_download":130,"speed_upload":1944,"download_content_length":-1,"upload_content_length":3925,"starttransfer_time":0.042583999999999997,"redirect_time":0,"redirect_url":"","primary_ip":"95.163.249.170","certinfo":[],"primary_port":443,"local_ip":"188.225.57.79","local_port":49214,"http_version":3,"protocol":2,"ssl_verifyresult":0,"scheme":"HTTPS","appconnect_time_us":42448,"connect_time_us":23836,"namelookup_time_us":14378,"pretransfer_time_us":42581,"redirect_time_us":0,"starttransfer_time_us":42584,"total_time_us":2019902},"params":{"method":"crm.lead.add","params":{"fields":{"NAME":"\u041e\u043b\u044c\u0433\u0430","PHONE":[{"VALUE":"+7 (981) 894-13-81","VALUE_TYPE":"WORK"}],"EMAIL":[{"VALUE":"shmolkina@gmail.com","VALUE_TYPE":"WORK"}],"TRACE":"{\u0022url\u0022:\u0022https:\/\/tingard.ru\/catalog\/\u0022,\u0022device\u0022:{\u0022isMobile\u0022:true},\u0022tags\u0022:{\u0022ts\u0022:1763886383,\u0022list\u0022:{\u0022utm_source\u0022:\u0022yandex\u0022,\u0022utm_medium\u0022:\u0022cpc\u0022,\u0022utm_campaign\u0022:\u0022mk_rf_kval_click\u0022,\u0022utm_content\u0022:\u002217359046829\u0022,\u0022utm_term\u0022:\u0022---autotargeting\u0022},\u0022gclid\u0022:null},\u0022client\u0022:{\u0022yaId\u0022:\u00221763387078947737036\u0022},\u0022pages\u0022:{\u0022list\u0022:[[\u0022https:\/\/tingard.ru\/?utm_source=yandex\u0026utm_medium=cpc\u0026utm_campaign=mk_rf_kval_click\u0026utm_content=17359046829\u0026utm_term=---autotargeting\u0026roistat=direct14_search_701489563_rsMasterGroup_rsMasterBanner_---autotargeting\u0026ybaip=1\u0026yclid=2993855260565438463\u0022,1763886383,\u0022TINGARD \u2014 \u0431\u0435\u0441\u0448\u043e\u0432\u043d\u044b\u0439 \u043f\u043b\u0430\u0441\u0442\u0438\u043a\u043e\u0432\u044b\u0439 \u043f\u043e\u0433\u0440\u0435\u0431 \u0441\u0022],[\u0022https:\/\/tingard.ru\/catalog\/\u0022,1763886389,\u0022\u041a\u0430\u0442\u0430\u043b\u043e\u0433 \u043f\u043e\u0433\u0440\u0435\u0431\u043e\u0432\u0022]]},\u0022gid\u0022:null,\u0022previous\u0022:{\u0022list\u0022:[{\u0022url\u0022:\u0022https:\/\/tingard.ru\/?utm_source=yandex\u0026utm_medium=cpc\u0026utm_campaign=mk_rf_kval_click\u0026utm_content=17359046829\u0026utm_term=---autotargeting\u0026roistat=direct14_search_701489563_rsMasterGroup_rsMasterBanner_---autotargeting\u0026ybaip=1\u0026yclid=2993855260565438463\u0022,\u0022ref\u0022:\u0022https:\/\/yandex.ru\/\u0022,\u0022device\u0022:{\u0022isMobile\u0022:true},\u0022tags\u0022:{\u0022ts\u0022:1763387262,\u0022list\u0022:{\u0022utm_source\u0022:\u0022yandex\u0022,\u0022utm_medium\u0022:\u0022cpc\u0022,\u0022utm_campaign\u0022:\u0022mk_rf_kval\u0022,\u0022utm_content\u0022:\u002217359044792\u0022,\u0022utm_term\u0022:\u0022---autotargeting\u0022},\u0022gclid\u0022:null},\u0022client\u0022:{\u0022yaId\u0022:\u00221763387078947737036\u0022},\u0022pages\u0022:{\u0022list\u0022:[[\u0022https:\/\/tingard.ru\/?utm_source=yandex\u0026utm_medium=cpc\u0026utm_campaign=mk_rf_kval\u0026utm_content=17359044792\u0026utm_term=---autotargeting\u0026roistat=direct14_search_702036728_rsMasterGroup_rsMasterBanner_---autotargeting\u0026ybaip=1\u0026yclid=37624031856820223\u0022,1763387263,\u0022TINGARD \u2014 \u0431\u0435\u0441\u0448\u043e\u0432\u043d\u044b\u0439 \u043f\u043b\u0430\u0441\u0442\u0438\u043a\u043e\u0432\u044b\u0439 \u043f\u043e\u0433\u0440\u0435\u0431 \u0441\u0022],[\u0022https:\/\/tingard.ru\/dealers\/\u0022,1763387267,\u0022\u041d\u0430\u0448\u0438 \u0434\u0438\u043b\u0435\u0440\u044b \u0435\u0441\u0442\u044c \u0432 52 \u0433\u043e\u0440\u043e\u0434\u0430\u0445 \u0420\u043e\u0441\u0441\u0438\u0438\u0022],[\u0022https:\/\/tingard.ru\/payment\/\u0022,1763387358,\u0022\u0418\u043d\u0444\u043e\u0440\u043c\u0430\u0446\u0438\u044f \u043f\u043e \u0434\u043e\u0441\u0442\u0430\u0432\u043a\u0435 \u0438 \u043e\u043f\u043b\u0430\u0442\u0435 \u0431\u0435\u0441\u0448\u043e\u0432\u043d\u044b\u0022],[\u0022https:\/\/tingard.ru\/catalog\/\u0022,1763387374,\u0022\u041a\u0430\u0442\u0430\u043b\u043e\u0433 \u043f\u043e\u0433\u0440\u0435\u0431\u043e\u0432\u0022]]},\u0022gid\u0022:null}]}}","UF_CRM_1736853511":"1763387078947737036","UF_CRM_1736853555":"1763387078947737036","UF_CRM_1736853537":"1763387078947737036","UF_CRM_1517561552":"3822390","COMMENTS":null,"TITLE":"\u0417\u0430\u043a\u0430\u0437\u0430\u0442\u044c \u00ab\u041d\u0430\u043f\u043e\u043b\u044c\u043d\u044b\u0439 \u043b\u044e\u043a TINGARD\u00bb","UF_CRM_1449663065":68,"ASSIGNED_BY_ID":58,"SOURCE_ID":9}}},"result":{"result":633134,"time":{"start":1763887923,"finish":1763887924.9700229,"duration":1.9700229167938232,"processing":1,"date_start":"2025-11-23T11:52:03+03:00","date_finish":"2025-11-23T11:52:04+03:00","operating_reset_at":1763888523,"operating":3.5619471073150635}}}