{"url":"https:\/\/tinger.bitrix24.ru\/rest\/190\/42tc2gxq8od2858i\/crm.lead.add.json","info":{"url":"https:\/\/tinger.bitrix24.ru\/rest\/190\/42tc2gxq8od2858i\/crm.lead.add.json","content_type":"application\/json; charset=utf-8","http_code":200,"header_size":1034,"request_size":207,"filetime":-1,"ssl_verify_result":0,"redirect_count":0,"total_time":1.958466,"namelookup_time":0.015613,"connect_time":0.026942000000000001,"pretransfer_time":0.048661000000000003,"size_upload":1378,"size_download":288,"speed_download":147,"speed_upload":703,"download_content_length":-1,"upload_content_length":1378,"starttransfer_time":0.048663999999999999,"redirect_time":0,"redirect_url":"","primary_ip":"46.235.53.69","certinfo":[],"primary_port":443,"local_ip":"188.225.57.79","local_port":49742,"http_version":3,"protocol":2,"ssl_verifyresult":0,"scheme":"HTTPS","appconnect_time_us":48550,"connect_time_us":26942,"namelookup_time_us":15613,"pretransfer_time_us":48661,"redirect_time_us":0,"starttransfer_time_us":48664,"total_time_us":1958466},"params":{"method":"crm.lead.add","params":{"fields":{"UF_CRM_1449663065":"9600","SOURCE_ID":"CONFERENCE","ASSIGNED_BY_ID":58,"TITLE":"\u041a\u0443\u043f\u0438\u0442\u044c \u0432 1 \u043a\u043b\u0438\u043a \u041b\u0438\u0441\u0442 \u041f\u041f 3000x1500x5 \u043c\u043c, \u043d\u0430\u0442\u0443\u0440\u0430\u043b\u044c\u043d\u044b\u0439","NAME":"\u041c\u0438\u0445\u0430\u0438\u043b","PHONE":[{"VALUE":"8 (909) 706-71-03","VALUE_TYPE":"WORK"}],"EMAIL":[{"VALUE":null,"VALUE_TYPE":"WORK"}],"COMMENTS":"","TRACE":"{\u0022url\u0022:\u0022https:\/\/tingerplast.ru\/listovoy-plastik-pp\/list-pp-3000x1500x5-mm-naturalnyy\/?ysclid=mahycq00ke180575488\u0022,\u0022ref\u0022:\u0022https:\/\/yandex.ru\/\u0022,\u0022device\u0022:{\u0022isMobile\u0022:true},\u0022tags\u0022:{\u0022ts\u0022:1746865064,\u0022list\u0022:{},\u0022gclid\u0022:null},\u0022client\u0022:{\u0022yaId\u0022:\u00221746865064678361009\u0022},\u0022pages\u0022:{\u0022list\u0022:[[\u0022https:\/\/tingerplast.ru\/listovoy-plastik-pp\/list-pp-3000x1500x5-mm-naturalnyy\/?ysclid=mahycq00ke180575488\u0022,1746865064,\u0022\u041b\u0438\u0441\u0442 \u041f\u041f 3000x1500x5 \u043c\u043c, \u043d\u0430\u0442\u0443\u0440\u0430\u043b\u044c\u043d\u044b\u0439\u0022]]},\u0022gid\u0022:null,\u0022previous\u0022:{\u0022list\u0022:[]}}","UF_CRM_1517561552":"3648841"}}},"result":{"result":595326,"time":{"start":1746865168.412631,"finish":1746865170.2355599,"duration":1.8229289054870605,"processing":1.7883200645446777,"date_start":"2025-05-10T11:19:28+03:00","date_finish":"2025-05-10T11:19:30+03:00","operating_reset_at":1746865768,"operating":1.7882938385009766}}}