{"url":"https:\/\/tinger.bitrix24.ru\/rest\/190\/42tc2gxq8od2858i\/crm.lead.add.json","info":{"url":"https:\/\/tinger.bitrix24.ru\/rest\/190\/42tc2gxq8od2858i\/crm.lead.add.json","content_type":"application\/json; charset=utf-8","http_code":200,"header_size":920,"request_size":207,"filetime":-1,"ssl_verify_result":0,"redirect_count":0,"total_time":1.9006860000000001,"namelookup_time":0.020251000000000002,"connect_time":0.021576999999999999,"pretransfer_time":0.041715000000000002,"size_upload":3715,"size_download":262,"speed_download":137,"speed_upload":1955,"download_content_length":-1,"upload_content_length":3715,"starttransfer_time":0.04172,"redirect_time":0,"redirect_url":"","primary_ip":"178.132.201.51","certinfo":[],"primary_port":443,"local_ip":"188.225.57.79","local_port":36890,"http_version":3,"protocol":2,"ssl_verifyresult":0,"scheme":"HTTPS","appconnect_time_us":41503,"connect_time_us":21577,"namelookup_time_us":20251,"pretransfer_time_us":41715,"redirect_time_us":0,"starttransfer_time_us":41720,"total_time_us":1900686},"params":{"method":"crm.lead.add","params":{"fields":{"NAME":"\u0418\u0433\u043e\u0440\u044c","PHONE":[{"VALUE":"+7 (923) 280-03-22","VALUE_TYPE":"WORK"}],"EMAIL":[{"VALUE":"zaverukha-1981@mail.ru","VALUE_TYPE":"WORK"}],"TRACE":"{\u0022url\u0022:\u0022https:\/\/tingard.ru\/?utm_content=gift\u0026yclid=4036019153629609983\u0026ybaip=1\u0022,\u0022device\u0022:{\u0022isMobile\u0022:true},\u0022tags\u0022:{\u0022ts\u0022:1772954499,\u0022list\u0022:{\u0022utm_content\u0022:\u0022gift\u0022},\u0022gclid\u0022:null},\u0022client\u0022:{\u0022yaId\u0022:\u00221772905715180049625\u0022},\u0022pages\u0022:{\u0022list\u0022:[[\u0022https:\/\/tingard.ru\/?utm_source=yandex\u0026utm_medium=cpc\u0026utm_campaign=mk_rf_kval\u0026utm_content=1900772303016972232\u0026utm_term=---autotargeting\u0026roistat=direct14_context_702036728_rsMasterGroup_rsMasterBanner_---autotargeting\u0026yclid=9737770824860434431\u0026ybaip=1\u0022,1772948053,\u0022TINGARD \u2014 \u0431\u0435\u0441\u0448\u043e\u0432\u043d\u044b\u0439 \u043f\u043b\u0430\u0441\u0442\u0438\u043a\u043e\u0432\u044b\u0439 \u043f\u043e\u0433\u0440\u0435\u0431 \u0441\u0022],[\u0022https:\/\/tingard.ru\/catalog\/\u0022,1772954152,\u0022\u041a\u0430\u0442\u0430\u043b\u043e\u0433 \u043f\u043e\u0433\u0440\u0435\u0431\u043e\u0432\u0022],[\u0022https:\/\/tingard.ru\/?utm_content=gift\u0026yclid=6590050480912334847\u0026ybaip=1\u0022,1772954185,\u0022TINGARD \u2014 \u0431\u0435\u0441\u0448\u043e\u0432\u043d\u044b\u0439 \u043f\u043b\u0430\u0441\u0442\u0438\u043a\u043e\u0432\u044b\u0439 \u043f\u043e\u0433\u0440\u0435\u0431 \u0441\u0022],[\u0022https:\/\/tingard.ru\/?utm_content=gift\u0026yclid=4036019153629609983\u0026ybaip=1\u0022,1772954500,\u0022TINGARD \u2014 \u0431\u0435\u0441\u0448\u043e\u0432\u043d\u044b\u0439 \u043f\u043b\u0430\u0441\u0442\u0438\u043a\u043e\u0432\u044b\u0439 \u043f\u043e\u0433\u0440\u0435\u0431 \u0441\u0022]]},\u0022gid\u0022:null,\u0022previous\u0022:{\u0022list\u0022:[{\u0022url\u0022:\u0022https:\/\/tingard.ru\/?utm_source=yandex\u0026utm_medium=cpc\u0026utm_campaign=mk_rf_kval\u0026utm_content=1900772303016972232\u0026utm_term=---autotargeting\u0026roistat=direct14_context_702036728_rsMasterGroup_rsMasterBanner_---autotargeting\u0026yclid=9737770824860434431\u0026ybaip=1\u0022,\u0022device\u0022:{\u0022isMobile\u0022:true},\u0022tags\u0022:{\u0022ts\u0022:1772905714,\u0022list\u0022:{\u0022utm_source\u0022:\u0022yandex\u0022,\u0022utm_medium\u0022:\u0022cpc\u0022,\u0022utm_campaign\u0022:\u0022mk_rf_kval\u0022,\u0022utm_content\u0022:\u00221900772303016972232\u0022,\u0022utm_term\u0022:\u0022---autotargeting\u0022},\u0022gclid\u0022:null},\u0022client\u0022:{\u0022yaId\u0022:32216254},\u0022pages\u0022:{\u0022list\u0022:[[\u0022https:\/\/tingard.ru\/?utm_source=yandex\u0026utm_medium=cpc\u0026utm_campaign=mk_rf_kval\u0026utm_content=1900772303016972232\u0026utm_term=---autotargeting\u0026roistat=direct14_context_702036728_rsMasterGroup_rsMasterBanner_---autotargeting\u0026yclid=18216941933124648959\u0026ybaip=1\u0022,1772905715,\u0022TINGARD \u2014 \u0431\u0435\u0441\u0448\u043e\u0432\u043d\u044b\u0439 \u043f\u043b\u0430\u0441\u0442\u0438\u043a\u043e\u0432\u044b\u0439 \u043f\u043e\u0433\u0440\u0435\u0431 \u0441\u0022]]},\u0022gid\u0022:null}]}}","UF_CRM_1736853511":"1772905715180049625","UF_CRM_1736853555":"1772905715180049625","UF_CRM_1736853537":"1772905715180049625","UF_CRM_1517561552":"3879632","COMMENTS":null,"TITLE":"\u0420\u0430\u0441\u0441\u0447\u0438\u0442\u0430\u0442\u044c \u0441\u0442\u043e\u0438\u043c\u043e\u0441\u0442\u044c \u043f\u043e\u0433\u0440\u0435\u0431\u0430","UF_CRM_1449663065":68,"ASSIGNED_BY_ID":58,"SOURCE_ID":9}}},"result":{"result":647102,"time":{"start":1772954592,"finish":1772954593.9671619,"duration":1.9671618938446045,"processing":1,"date_start":"2026-03-08T10:23:12+03:00","date_finish":"2026-03-08T10:23:13+03:00","operating_reset_at":1772955192,"operating":1.7780361175537109}}}