{"url":"https:\/\/tinger.bitrix24.ru\/rest\/190\/42tc2gxq8od2858i\/crm.lead.add.json","info":{"url":"https:\/\/tinger.bitrix24.ru\/rest\/190\/42tc2gxq8od2858i\/crm.lead.add.json","content_type":"application\/json; charset=utf-8","http_code":200,"header_size":1034,"request_size":207,"filetime":-1,"ssl_verify_result":0,"redirect_count":0,"total_time":2.0411000000000001,"namelookup_time":0.001322,"connect_time":0.012461,"pretransfer_time":0.03073,"size_upload":2650,"size_download":288,"speed_download":141,"speed_upload":1298,"download_content_length":-1,"upload_content_length":2650,"starttransfer_time":0.030733,"redirect_time":0,"redirect_url":"","primary_ip":"46.235.53.69","certinfo":[],"primary_port":443,"local_ip":"188.225.57.79","local_port":34578,"http_version":3,"protocol":2,"ssl_verifyresult":0,"scheme":"HTTPS","appconnect_time_us":30609,"connect_time_us":12461,"namelookup_time_us":1322,"pretransfer_time_us":30730,"redirect_time_us":0,"starttransfer_time_us":30733,"total_time_us":2041100},"params":{"method":"crm.lead.add","params":{"fields":{"NAME":"\u0410\u0439\u0440\u0430\u0442.","PHONE":[{"VALUE":"+7 (950) 309-35-87","VALUE_TYPE":"WORK"}],"EMAIL":[{"VALUE":null,"VALUE_TYPE":"WORK"}],"TRACE":"{\u0022url\u0022:\u0022https:\/\/tinger.ru\/catalog\/perelomka\/\u0022,\u0022device\u0022:{\u0022isMobile\u0022:true},\u0022tags\u0022:{\u0022ts\u0022:1737439471,\u0022list\u0022:{\u0022utm_source\u0022:\u0022yandex\u0022,\u0022utm_medium\u0022:\u0022cpc\u0022,\u0022utm_campaign\u0022:\u0022mk_click_tf4\u0022,\u0022utm_content\u0022:\u002216623890241\u0022,\u0022utm_term\u0022:\u0022---autotargeting\u0022},\u0022gclid\u0022:null},\u0022client\u0022:{\u0022gaId\u0022:\u0022247469896.1737050374\u0022,\u0022yaId\u0022:\u00221737050377858510430\u0022},\u0022pages\u0022:{\u0022list\u0022:[[\u0022https:\/\/tinger.ru\/catalog\/perelomka\/?utm_source=yandex\u0026utm_medium=cpc\u0026utm_campaign=mk_click_tf4\u0026utm_content=16623890241\u0026utm_term=---autotargeting\u0026roistat=direct20_context_111795943_rsMasterGroup_rsMasterBanner_---autotargeting\u0026yclid=17072485817206177791\u0022,1737439471,\u0022\u041a\u0443\u043f\u0438\u0442\u044c \u0432\u0435\u0437\u0434\u0435\u0445\u043e\u0434 \u043f\u0435\u0440\u0435\u043b\u043e\u043c\u043a\u0443 TINGER TF4 \u0432 \u0420\u0022],[\u0022https:\/\/tinger.ru\/thanks\/\u0022,1737439591,\u0022\u0421\u043f\u0430\u0441\u0438\u0431\u043e \u0437\u0430 \u0437\u0430\u044f\u0432\u043a\u0443\u0022],[\u0022https:\/\/tinger.ru\/\u0022,1737439596,\u0022\u0420\u043e\u0441\u0441\u0438\u0439\u0441\u043a\u0438\u0435 \u0432\u0435\u0437\u0434\u0435\u0445\u043e\u0434\u044b \u043e\u0442 \u043f\u0440\u043e\u0438\u0437\u0432\u043e\u0434\u0438\u0442\u0435\u043b\u044f TI\u0022],[\u0022https:\/\/tinger.ru\/configurator\/\u0022,1737439616,\u0022\u041a\u043e\u043d\u0444\u0438\u0433\u0443\u0440\u0430\u0442\u043e\u0440 \u0432\u0435\u0437\u0434\u0435\u0445\u043e\u0434\u043d\u043e\u0439 \u0442\u0435\u0445\u043d\u0438\u043a\u0438\u0022],[\u0022https:\/\/tinger.ru\/catalog\/perelomka\/\u0022,1737439674,\u0022\u041a\u0443\u043f\u0438\u0442\u044c \u0432\u0435\u0437\u0434\u0435\u0445\u043e\u0434 \u043f\u0435\u0440\u0435\u043b\u043e\u043c\u043a\u0443 TINGER TF4 \u0432 \u0420\u0022]]},\u0022gid\u0022:null,\u0022previous\u0022:{\u0022list\u0022:[]}}","UF_CRM_1736853511":"1737050377858510430","UF_CRM_1736853555":"1737050377858510430","UF_CRM_1736853537":"1737050377858510430","UF_CRM_1517561552":"3799686","COMMENTS":null,"TITLE":"\u041a\u0443\u043f\u0438\u0442\u044c \u0432\u0435\u0437\u0434\u0435\u0445\u043e\u0434 TINGER TF4","UF_CRM_1449663065":64,"ASSIGNED_BY_ID":58,"SOURCE_ID":"WEB"}}},"result":{"result":574734,"time":{"start":1737439694.5805161,"finish":1737439696.466841,"duration":1.8863248825073242,"processing":1.8450801372528076,"date_start":"2025-01-21T09:08:14+03:00","date_finish":"2025-01-21T09:08:16+03:00","operating_reset_at":1737440294,"operating":5.5246248245239258}}}