{"url":"https:\/\/tinger.bitrix24.ru\/rest\/190\/42tc2gxq8od2858i\/crm.lead.add.json","info":{"url":"https:\/\/tinger.bitrix24.ru\/rest\/190\/42tc2gxq8od2858i\/crm.lead.add.json","content_type":"application\/json; charset=utf-8","http_code":200,"header_size":1030,"request_size":207,"filetime":-1,"ssl_verify_result":0,"redirect_count":0,"total_time":2.3477939999999999,"namelookup_time":0.018591,"connect_time":0.027973000000000001,"pretransfer_time":0.04616,"size_upload":3488,"size_download":288,"speed_download":122,"speed_upload":1486,"download_content_length":-1,"upload_content_length":3488,"starttransfer_time":0.046162000000000002,"redirect_time":0,"redirect_url":"","primary_ip":"89.208.228.119","certinfo":[],"primary_port":443,"local_ip":"188.225.57.79","local_port":36168,"http_version":3,"protocol":2,"ssl_verifyresult":0,"scheme":"HTTPS","appconnect_time_us":46026,"connect_time_us":27973,"namelookup_time_us":18591,"pretransfer_time_us":46160,"redirect_time_us":0,"starttransfer_time_us":46162,"total_time_us":2347794},"params":{"method":"crm.lead.add","params":{"fields":{"NAME":"\u0412\u0430\u043b\u0435\u0440\u0438\u0439","PHONE":[{"VALUE":"8 (950) 018-25-55","VALUE_TYPE":"WORK"}],"EMAIL":[{"VALUE":null,"VALUE_TYPE":"WORK"}],"COMMENTS":"undefined\u003Cb\u003E\u0413\u0434\u0435 \u043f\u043b\u0430\u043d\u0438\u0440\u0443\u0435\u0442\u0435 \u0443\u0441\u0442\u0430\u043d\u0430\u0432\u043b\u0438\u0432\u0430\u0442\u044c \u043f\u043e\u0433\u0440\u0435\u0431?\u003C\/b\u003E \u043f\u043e\u0434 \u0431\u0435\u0441\u0435\u0434\u043a\u0443\/\u0433\u0430\u0440\u0430\u0436\u003Cbr\u003E\u003Cb\u003E\u041a\u0430\u043a\u043e\u0439 \u0443\u0440\u043e\u0432\u0435\u043d\u044c \u0433\u0440\u0443\u043d\u0442\u043e\u0432\u044b\u0445 \u0432\u043e\u0434 \u043d\u0430 \u0432\u0430\u0448\u0435\u043c \u0443\u0447\u0430\u0441\u0442\u043a\u0435?\u003C\/b\u003E \u0432\u044b\u0441\u043e\u043a\u0438\u0439\u003Cbr\u003E\u003Cb\u003E\u041f\u043e\u0434\u0431\u0435\u0440\u0438 \u043f\u043e\u0433\u0440\u0435\u0431 \u0437\u0430 30 \u0441\u0435\u043a\u0443\u043d\u0434\u003C\/b\u003E \u0434\u043e 200 \u0431\u0430\u043d\u043e\u043a \u0438 \u0434\u043e 20 \u044f\u0449\u0438\u043a\u043e\u0432\u003Cbr\u003E\u003Cb\u003E\u041a\u0442\u043e \u0431\u0443\u0434\u0435\u0442 \u0437\u0430\u043d\u0438\u043c\u0430\u0442\u044c\u0441\u044f \u0443\u0441\u0442\u0430\u043d\u043e\u0432\u043a\u043e\u0439 \u043f\u043e\u0433\u0440\u0435\u0431\u0430?\u003C\/b\u003E \u043f\u0440\u043e\u0444\u0438\u043b\u044c\u043d\u0430\u044f \u043e\u0440\u0433\u0430\u043d\u0438\u0437\u0430\u0446\u0438\u044f\u003Cbr\u003E\u003Cb\u003E\u041a\u043e\u0433\u0434\u0430 \u0432\u044b \u043f\u043b\u0430\u043d\u0438\u0440\u0443\u0435\u0442\u0435 \u043f\u0440\u0438\u043e\u0431\u0440\u0435\u0441\u0442\u0438 \u043f\u043e\u0433\u0440\u0435\u0431?\u003C\/b\u003E \u0432 \u0442\u0435\u0447\u0435\u043d\u0438\u0435 \u043c\u0435\u0441\u044f\u0446\u0430\u003Cbr\u003E","TRACE":"{\u0022url\u0022:\u0022https:\/\/tingard.ru\/?utm_source=yandex_kirill\u0026utm_medium=cpc\u0026utm_campaign=pogreba_rozn_umnaya_copy_11_04\u0026utm_content=13300555435\u0026utm_term=---autotargeting\u0026roistat=direct14_search_13300555435_---autotargeting\u0026roistat_referrer=none\u0026roistat_pos=premium_1\u0026yclid=16575672868981964799\u0022,\u0022ref\u0022:\u0022https:\/\/yandex.ru\/\u0022,\u0022device\u0022:{\u0022isMobile\u0022:true},\u0022tags\u0022:{\u0022ts\u0022:1703272104,\u0022list\u0022:{\u0022utm_source\u0022:\u0022yandex_kirill\u0022,\u0022utm_medium\u0022:\u0022cpc\u0022,\u0022utm_campaign\u0022:\u0022pogreba_rozn_umnaya_copy_11_04\u0022,\u0022utm_content\u0022:\u002213300555435\u0022,\u0022utm_term\u0022:\u0022---autotargeting\u0022},\u0022gclid\u0022:null},\u0022client\u0022:{\u0022yaId\u0022:32216254},\u0022pages\u0022:{\u0022list\u0022:[[\u0022https:\/\/tingard.ru\/?utm_source=yandex_kirill\u0026utm_medium=cpc\u0026utm_campaign=pogreba_rozn_umnaya_copy_11_04\u0026utm_content=13300555435\u0026utm_term=---autotargeting\u0026roistat=direct14_search_13300555435_---autotargeting\u0026roistat_referrer=none\u0026roistat_pos=premium_1\u0026yclid=16575672868981964799\u0022,1703272104,\u0022TINGARD \u2014 \u0431\u0435\u0441\u0448\u043e\u0432\u043d\u044b\u0439 \u043f\u043b\u0430\u0441\u0442\u0438\u043a\u043e\u0432\u044b\u0439 \u043f\u043e\u0433\u0440\u0435\u0431 \u2116\u0022]]},\u0022gid\u0022:null,\u0022previous\u0022:{\u0022list\u0022:[]}}","TITLE":"\u041f\u043e\u0434\u043e\u0431\u0440\u0430\u0442\u044c \u043f\u043e\u0433\u0440\u0435\u0431 (\u043a\u0432\u0438\u0437)","UF_CRM_1449663065":68,"ASSIGNED_BY_ID":58,"SOURCE_ID":9}}},"result":{"result":489160,"time":{"start":1703272347.353642,"finish":1703272349.5755229,"duration":2.2218809127807617,"processing":2.1790938377380371,"date_start":"2023-12-22T22:12:27+03:00","date_finish":"2023-12-22T22:12:29+03:00","operating_reset_at":1703272947,"operating":6.4249410629272461}}}