{"url":"https:\/\/tinger.bitrix24.ru\/rest\/190\/42tc2gxq8od2858i\/crm.lead.add.json","info":{"url":"https:\/\/tinger.bitrix24.ru\/rest\/190\/42tc2gxq8od2858i\/crm.lead.add.json","content_type":"application\/json; charset=utf-8","http_code":200,"header_size":1030,"request_size":207,"filetime":-1,"ssl_verify_result":0,"redirect_count":0,"total_time":1.4256390000000001,"namelookup_time":0.0014840000000000001,"connect_time":0.0098580000000000004,"pretransfer_time":0.029162,"size_upload":2347,"size_download":286,"speed_download":200,"speed_upload":1647,"download_content_length":-1,"upload_content_length":2347,"starttransfer_time":0.029165,"redirect_time":0,"redirect_url":"","primary_ip":"109.120.182.255","certinfo":[],"primary_port":443,"local_ip":"188.225.57.79","local_port":59310,"http_version":3,"protocol":2,"ssl_verifyresult":0,"scheme":"HTTPS","appconnect_time_us":29039,"connect_time_us":9858,"namelookup_time_us":1484,"pretransfer_time_us":29162,"redirect_time_us":0,"starttransfer_time_us":29165,"total_time_us":1425639},"params":{"method":"crm.lead.add","params":{"fields":{"NAME":"\u0410\u043b\u0435\u043a\u0441\u0430\u043d\u0434\u0440","PHONE":[{"VALUE":"+7 (921) 337-66-72","VALUE_TYPE":"WORK"}],"TRACE":"{\u0022url\u0022:\u0022https:\/\/tingard.ru\/?utm_source=yandex\u0026utm_medium=cpc\u0026utm_campaign=mk_rf_kval\u0026utm_content=17129785093\u0026utm_term=---autotargeting\u0026roistat=direct14_context_701249189_rsMasterGroup_rsMasterBanner_---autotargeting\u0026yclid=4308629176913231871\u0022,\u0022ref\u0022:\u0022https:\/\/yandex.ru\/video\/search?text=%D0%9F%D0%BE%D0%B3%D1%80%D0%B5%D0%B1+%D0%BD%D0%B0+%D0%B4%D0%B0%D1%87%D0%B5+%D1%81%D0%B2%D0%BE%D0%B8%D0%BC%D0%B8+%D1%80%D1%83%D0%BA%D0%B0%D0%BC%D0%B8+%D0%BF%D0%BE%D1%88%D0%B0%D0%B3%D0%BE%D0%B2%D0%BE\u0022,\u0022device\u0022:{\u0022isMobile\u0022:false},\u0022tags\u0022:{\u0022ts\u0022:1751347155,\u0022list\u0022:{\u0022utm_source\u0022:\u0022yandex\u0022,\u0022utm_medium\u0022:\u0022cpc\u0022,\u0022utm_campaign\u0022:\u0022mk_rf_kval\u0022,\u0022utm_content\u0022:\u002217129785093\u0022,\u0022utm_term\u0022:\u0022---autotargeting\u0022},\u0022gclid\u0022:null},\u0022client\u0022:{\u0022yaId\u0022:\u00221751347156863286712\u0022},\u0022pages\u0022:{\u0022list\u0022:[[\u0022https:\/\/tingard.ru\/?utm_source=yandex\u0026utm_medium=cpc\u0026utm_campaign=mk_rf_kval\u0026utm_content=17129785093\u0026utm_term=---autotargeting\u0026roistat=direct14_context_701249189_rsMasterGroup_rsMasterBanner_---autotargeting\u0026yclid=4308629176913231871\u0022,1751347156,\u0022TINGARD \u2014 \u0431\u0435\u0441\u0448\u043e\u0432\u043d\u044b\u0439 \u043f\u043b\u0430\u0441\u0442\u0438\u043a\u043e\u0432\u044b\u0439 \u043f\u043e\u0433\u0440\u0435\u0431 \u2116\u0022]]},\u0022gid\u0022:null,\u0022previous\u0022:{\u0022list\u0022:[]}}","UF_CRM_1736853511":"1751347156863286712","UF_CRM_1736853555":"1751347156863286712","UF_CRM_1736853537":"1751347156863286712","UF_CRM_1517561552":"3682106","COMMENTS":null,"TITLE":"\u041f\u043e\u043b\u0443\u0447\u0438\u0442\u044c \u043f\u0440\u0435\u0434\u043b\u043e\u0436\u0435\u043d\u0438\u0435 \u043f\u043e \u043f\u043e\u0433\u0440\u0435\u0431\u0443 TINGARD 1900","UF_CRM_1449663065":68,"ASSIGNED_BY_ID":58,"SOURCE_ID":9}}},"result":{"result":609448,"time":{"start":1751347867.9110439,"finish":1751347869.241513,"duration":1.3304691314697266,"processing":1.294687032699585,"date_start":"2025-07-01T08:31:07+03:00","date_finish":"2025-07-01T08:31:09+03:00","operating_reset_at":1751348467,"operating":1.2946608066558838}}}