{"url":"https:\/\/tinger.bitrix24.ru\/rest\/190\/42tc2gxq8od2858i\/crm.lead.add.json","info":{"url":"https:\/\/tinger.bitrix24.ru\/rest\/190\/42tc2gxq8od2858i\/crm.lead.add.json","content_type":"application\/json; charset=utf-8","http_code":200,"header_size":1034,"request_size":207,"filetime":-1,"ssl_verify_result":0,"redirect_count":0,"total_time":2.5584359999999999,"namelookup_time":0.0018799999999999999,"connect_time":0.013161000000000001,"pretransfer_time":0.032558999999999998,"size_upload":1957,"size_download":288,"speed_download":112,"speed_upload":765,"download_content_length":-1,"upload_content_length":1957,"starttransfer_time":0.032562000000000001,"redirect_time":0,"redirect_url":"","primary_ip":"46.235.53.69","certinfo":[],"primary_port":443,"local_ip":"188.225.57.79","local_port":47648,"http_version":3,"protocol":2,"ssl_verifyresult":0,"scheme":"HTTPS","appconnect_time_us":32437,"connect_time_us":13161,"namelookup_time_us":1880,"pretransfer_time_us":32559,"redirect_time_us":0,"starttransfer_time_us":32562,"total_time_us":2558436},"params":{"method":"crm.lead.add","params":{"fields":{"UF_CRM_1449663065":14016,"SOURCE_ID":"CONFERENCE","ASSIGNED_BY_ID":58,"TITLE":"\u041f\u043e\u0437\u0432\u043e\u043d\u0438\u0442\u0435 \u043c\u043d\u0435","NAME":"\u0415\u043b\u0435\u043d\u0430","PHONE":[{"VALUE":"+7 (904) 383-46-62","VALUE_TYPE":"WORK"}],"EMAIL":[{"VALUE":null,"VALUE_TYPE":"WORK"}],"COMMENTS":"","TRACE":"{\u0022url\u0022:\u0022https:\/\/tingerplast.ru\/plastik-dlya-3d-printera\/\u0022,\u0022ref\u0022:\u0022https:\/\/yandex.ru\/\u0022,\u0022device\u0022:{\u0022isMobile\u0022:false},\u0022tags\u0022:{\u0022ts\u0022:1712297082,\u0022list\u0022:{},\u0022gclid\u0022:null},\u0022client\u0022:{\u0022yaId\u0022:\u00221712297082345968694\u0022},\u0022pages\u0022:{\u0022list\u0022:[[\u0022https:\/\/tingerplast.ru\/?q=%D0%BA%D0%BB%D0%B5%D0%B9\u0022,1712297253,\u0022\u0420\u0435\u0437\u0443\u043b\u044c\u0442\u0430\u0442\u044b \u043f\u043e\u0438\u0441\u043a\u0430\u0022],[\u0022https:\/\/tingerplast.ru\/?q=%D0%B4%D0%B8%D1%85%D0%BB%D0%BE%D1%80%D0%BC%D0%B5%D1%82%D0%B0%D0%BD\u0022,1712297269,\u0022\u0420\u0435\u0437\u0443\u043b\u044c\u0442\u0430\u0442\u044b \u043f\u043e\u0438\u0441\u043a\u0430\u0022],[\u0022https:\/\/tingerplast.ru\/?q=%D1%82%D1%80%D1%83%D0%B1%D0%BA%D0%B0\u0022,1712297280,\u0022\u0420\u0435\u0437\u0443\u043b\u044c\u0442\u0430\u0442\u044b \u043f\u043e\u0438\u0441\u043a\u0430\u0022],[\u0022https:\/\/tingerplast.ru\/\u0022,1712297287,\u0022\u041a\u0430\u0442\u0430\u043b\u043e\u0433 \u043f\u0440\u043e\u0434\u0443\u043a\u0446\u0438\u0438\u0022],[\u0022https:\/\/tingerplast.ru\/plastik-dlya-3d-printera\/\u0022,1712297293,\u0022\u041f\u043b\u0430\u0441\u0442\u0438\u043a \u0434\u043b\u044f 3D \u043f\u0440\u0438\u043d\u0442\u0435\u0440\u0430\u0022]]},\u0022gid\u0022:null,\u0022previous\u0022:{\u0022list\u0022:[]}}"}}},"result":{"result":505874,"time":{"start":1712297311.7607839,"finish":1712297314.1922569,"duration":2.4314730167388916,"processing":2.386077880859375,"date_start":"2024-04-05T09:08:31+03:00","date_finish":"2024-04-05T09:08:34+03:00","operating_reset_at":1712297911,"operating":2.3860418796539307}}}