{"url":"https:\/\/tinger.bitrix24.ru\/rest\/190\/42tc2gxq8od2858i\/crm.lead.add.json","info":{"url":"https:\/\/tinger.bitrix24.ru\/rest\/190\/42tc2gxq8od2858i\/crm.lead.add.json","content_type":"application\/json; charset=utf-8","http_code":200,"header_size":1030,"request_size":207,"filetime":-1,"ssl_verify_result":0,"redirect_count":0,"total_time":1.4892339999999999,"namelookup_time":0.0030049999999999999,"connect_time":0.011405999999999999,"pretransfer_time":0.026575000000000001,"size_upload":5834,"size_download":289,"speed_download":194,"speed_upload":3918,"download_content_length":-1,"upload_content_length":5834,"starttransfer_time":0.026577,"redirect_time":0,"redirect_url":"","primary_ip":"109.120.182.255","certinfo":[],"primary_port":443,"local_ip":"188.225.57.79","local_port":38784,"http_version":3,"protocol":2,"ssl_verifyresult":0,"scheme":"HTTPS","appconnect_time_us":26490,"connect_time_us":11406,"namelookup_time_us":3005,"pretransfer_time_us":26575,"redirect_time_us":0,"starttransfer_time_us":26577,"total_time_us":1489234},"params":{"method":"crm.lead.add","params":{"fields":{"NAME":"\u0421\u0435\u0440\u0433\u0435\u0439 \u041a\u0443\u043b\u0435\u0448\u043e\u0432","PHONE":[{"VALUE":"+7 (980) 057-01-76","VALUE_TYPE":"WORK"}],"EMAIL":[{"VALUE":null,"VALUE_TYPE":"WORK"}],"TRACE":"{\u0022url\u0022:\u0022https:\/\/tinger.ru\/configurator\/\u0022,\u0022device\u0022:{\u0022isMobile\u0022:false},\u0022tags\u0022:{\u0022ts\u0022:1725834206,\u0022list\u0022:{\u0022utm_source\u0022:\u0022yandex\u0022,\u0022utm_medium\u0022:\u0022cpc\u0022,\u0022utm_campaign\u0022:\u0022mk_ozk_tf4\u0022,\u0022utm_content\u0022:\u002216219855373\u0022,\u0022utm_term\u0022:\u0022---autotargeting\u0022},\u0022gclid\u0022:null},\u0022client\u0022:{\u0022gaId\u0022:\u00221160553064.1724868846\u0022,\u0022yaId\u0022:\u00221724868846468597671\u0022},\u0022pages\u0022:{\u0022list\u0022:[[\u0022https:\/\/tinger.ru\/catalog\/perelomka\/?utm_source=yandex\u0026utm_medium=cpc\u0026utm_campaign=mk_ozk_tf4\u0026utm_content=16219855373\u0026utm_term=---autotargeting\u0026roistat=direct20_context_111795810_rsMasterGroup_rsMasterBanner_---autotargeting\u0026yclid=9817376482528067583\u0022,1725834207,\u0022\u041a\u0443\u043f\u0438\u0442\u044c \u0432\u0435\u0437\u0434\u0435\u0445\u043e\u0434 \u043f\u0435\u0440\u0435\u043b\u043e\u043c\u043a\u0443 TINGER TF4 \u0432 \u0420\u0022],[\u0022https:\/\/tinger.ru\/configurator\/\u0022,1725835026,\u0022\u041a\u043e\u043d\u0444\u0438\u0433\u0443\u0440\u0430\u0442\u043e\u0440 \u0432\u0435\u0437\u0434\u0435\u0445\u043e\u0434\u043d\u043e\u0439 \u0442\u0435\u0445\u043d\u0438\u043a\u0438\u0022]]},\u0022gid\u0022:null,\u0022previous\u0022:{\u0022list\u0022:[{\u0022url\u0022:\u0022https:\/\/tinger.ru\/catalog\/perelomka\/?utm_source=yandex\u0026utm_medium=cpc\u0026utm_campaign=mk_ozk_tf4\u0026utm_content=16219855373\u0026utm_term=---autotargeting\u0026roistat=direct20_context_111795810_rsMasterGroup_rsMasterBanner_---autotargeting\u0026yclid=9817376482528067583\u0022,\u0022ref\u0022:\u0022https:\/\/nekto.me\/\u0022,\u0022device\u0022:{\u0022isMobile\u0022:false},\u0022tags\u0022:{\u0022ts\u0022:1724868846,\u0022list\u0022:{\u0022utm_source\u0022:\u0022yandex\u0022,\u0022utm_medium\u0022:\u0022cpc\u0022,\u0022utm_campaign\u0022:\u0022mk_ozk_tf4\u0022,\u0022utm_content\u0022:\u002216219855373\u0022,\u0022utm_term\u0022:\u0022---autotargeting\u0022},\u0022gclid\u0022:null},\u0022client\u0022:{\u0022gaId\u0022:\u00221160553064.1724868846\u0022,\u0022yaId\u0022:\u00221724868846468597671\u0022},\u0022pages\u0022:{\u0022list\u0022:[[\u0022https:\/\/tinger.ru\/catalog\/perelomka\/?utm_source=yandex\u0026utm_medium=cpc\u0026utm_campaign=mk_ozk_tf4\u0026utm_content=16219855373\u0026utm_term=---autotargeting\u0026roistat=direct20_context_111795810_rsMasterGroup_rsMasterBanner_---autotargeting\u0026yclid=14542639527317995519\u0022,1724868846,\u0022\u041a\u0443\u043f\u0438\u0442\u044c \u0432\u0435\u0437\u0434\u0435\u0445\u043e\u0434 \u043f\u0435\u0440\u0435\u043b\u043e\u043c\u043a\u0443 TINGER TF4 \u0432 \u0420\u0022]]},\u0022gid\u0022:null}]}}","UF_CRM_1517561552":"3718351","COMMENTS":"\u003Cb\u003E\u0412\u044b\u0431\u0440\u0430\u043d\u043d\u0430\u044f \u043c\u043e\u0434\u0435\u043b\u044c: \u003C\/b\u003E TINGER Track 2\u003Cbr\u003E\u003Cb\u003E\u0412\u044b\u0431\u0440\u0430\u043d\u043d\u044b\u0435 \u043c\u043e\u0434\u0438\u0444\u0438\u043a\u0430\u0446\u0438\u044f \u0438 \u0434\u0432\u0438\u0433\u0430\u0442\u0435\u043b\u044c:\u003C\/b\u003E TR5, \u0434\u0432\u0438\u0433\u0430\u0442\u0435\u043b\u044c Chery SQR372\u003Cbr\u003E\u003Cb\u003E\u0412\u044b\u0431\u0440\u0430\u043d\u043d\u044b\u0439 \u043f\u0430\u043a\u0435\u0442:\u003C\/b\u003E \u003Cbr\u003E\u003Cb\u003E\u0412\u044b\u0433\u043e\u0434\u0430 \u043e\u0442 \u043f\u0430\u043a\u0435\u0442\u0430:\u003C\/b\u003E 0 \u0440\u0443\u0431.\u003Cbr\u003E\u003Cb\u003E\u0412\u044b\u0431\u0440\u0430\u043d\u043d\u044b\u0439 \u0446\u0432\u0435\u0442:\u003C\/b\u003E \u0442\u0451\u043c\u043d\u043e-\u0437\u0435\u043b\u0451\u043d\u044b\u0439\u003Cbr\u003E\u003Cb\u003E\u0412\u044b\u0431\u0440\u0430\u043d\u043d\u044b\u0435 \u043e\u043f\u0446\u0438\u0438:\u003C\/b\u003E\u003Cbr\u003E\u2014 \u041f\u0435\u0440\u0435\u0434\u043d\u0435\u0435 \u0441\u0438\u0434\u0435\u043d\u044c\u0435 \u0441\u043e \u0441\u043f\u0438\u043d\u043a\u043e\u0439 \u003Cbr\u003E\u2014 \u0422\u0440\u044e\u043c\u043d\u0430\u044f \u043f\u043e\u043c\u043f\u0430 \u003Cbr\u003E\u2014 \u0424\u0430\u0440\u043a\u043e\u043f (\u0441 \u0437\u0430\u0434\u043d\u0438\u043c \u043a\u0440\u043e\u043d\u0448\u0442\u0435\u0439\u043d\u043e\u043c) \u003Cbr\u003E\u2014 \u042d\u043b\u0435\u043a\u0442\u0440\u043e\u043d\u043d\u0430\u044f \u043f\u0430\u043d\u0435\u043b\u044c \u043f\u0440\u0438\u0431\u043e\u0440\u043e\u0432 \u003Cbr\u003E\u2014 \u0421\u0438\u0441\u0442\u0435\u043c\u0430 \u0441\u043c\u0430\u0437\u043a\u0438 \u0441 \u043e\u0431\u043b\u0435\u0433\u0447\u0451\u043d\u043d\u044b\u043c \u0434\u043e\u0441\u0442\u0443\u043f\u043e\u043c \u003Cbr\u003E\u2014 \u0417\u0430\u0434\u043d\u0435\u0435 \u0441\u043a\u043b\u0430\u0434\u043d\u043e\u0435 \u0441\u0438\u0434\u0435\u043d\u044c\u0435 \u003Cbr\u003E\u003Cb\u003E\u0411\u0430\u0437\u043e\u0432\u0430\u044f \u0441\u0442\u043e\u0438\u043c\u043e\u0441\u0442\u044c \u043c\u043e\u0434\u0435\u043b\u0438:\u003C\/b\u003E 2\u00a0500\u00a0000 \u0440\u0443\u0431.\u003Cbr\u003E\u003Cb\u003E\u0421\u0442\u043e\u0438\u043c\u043e\u0441\u0442\u044c \u0434\u043e\u043f\u043e\u043b\u043d\u0438\u0442\u0435\u043b\u044c\u043d\u043e\u0433\u043e \u043e\u0431\u043e\u0440\u0443\u0434\u043e\u0432\u0430\u043d\u0438\u044f:\u003C\/b\u003E 0 \u0440\u0443\u0431.\u003Cbr\u003E\u003Cb\u003E\u0418\u0442\u043e\u0433\u043e:\u003C\/b\u003E 2\u00a0500\u00a0000 \u0440\u0443\u0431.","TITLE":"\u0421\u043a\u043e\u043d\u0444\u0438\u0433\u0443\u0440\u0438\u0440\u043e\u0432\u0430\u043d\u043d\u044b\u0439 \u0432\u0435\u0437\u0434\u0435\u0445\u043e\u0434 (\u043d\u0430\u0439\u0442\u0438 \u0434\u0438\u043b\u0435\u0440\u0430)","UF_CRM_1449663065":64,"ASSIGNED_BY_ID":58,"SOURCE_ID":"WEB"}}},"result":{"result":546772,"time":{"start":1725835038.1625509,"finish":1725835039.5589449,"duration":1.3963940143585205,"processing":1.3602380752563477,"date_start":"2024-09-09T01:37:18+03:00","date_finish":"2024-09-09T01:37:19+03:00","operating_reset_at":1725835638,"operating":1.3602180480957031}}}