{"url":"https:\/\/tinger.bitrix24.ru\/rest\/190\/42tc2gxq8od2858i\/crm.lead.add.json","info":{"url":"https:\/\/tinger.bitrix24.ru\/rest\/190\/42tc2gxq8od2858i\/crm.lead.add.json","content_type":"application\/json; charset=utf-8","http_code":200,"header_size":1033,"request_size":207,"filetime":-1,"ssl_verify_result":0,"redirect_count":0,"total_time":1.501646,"namelookup_time":0.0063439999999999998,"connect_time":0.016145,"pretransfer_time":0.033176999999999998,"size_upload":3048,"size_download":288,"speed_download":191,"speed_upload":2030,"download_content_length":-1,"upload_content_length":3048,"starttransfer_time":0.033186,"redirect_time":0,"redirect_url":"","primary_ip":"195.208.185.4","certinfo":[],"primary_port":443,"local_ip":"188.225.57.79","local_port":60794,"http_version":3,"protocol":2,"ssl_verifyresult":0,"scheme":"HTTPS","appconnect_time_us":32940,"connect_time_us":16145,"namelookup_time_us":6344,"pretransfer_time_us":33177,"redirect_time_us":0,"starttransfer_time_us":33186,"total_time_us":1501646},"params":{"method":"crm.lead.add","params":{"fields":{"NAME":"\u041b\u0435\u0445\u0430","PHONE":[{"VALUE":"+7 (953) 318-92-75","VALUE_TYPE":"WORK"}],"EMAIL":[{"VALUE":null,"VALUE_TYPE":"WORK"}],"TRACE":"{\u0022url\u0022:\u0022https:\/\/tinger.ru\/catalog\/perelomka\/?utm_source=yandex\u0026utm_medium=cpc\u0026utm_campaign=mk_ozk_tf4\u0026utm_content=16219855378\u0026utm_term=---autotargeting\u0026roistat=direct20_context_111795810_rsMasterGroup_rsMasterBanner_---autotargeting\u0026yclid=868573973781413887\u0022,\u0022device\u0022:{\u0022isMobile\u0022:true},\u0022tags\u0022:{\u0022ts\u0022:1726631676,\u0022list\u0022:{\u0022utm_source\u0022:\u0022yandex\u0022,\u0022utm_medium\u0022:\u0022cpc\u0022,\u0022utm_campaign\u0022:\u0022mk_ozk_tf4\u0022,\u0022utm_content\u0022:\u002216219855378\u0022,\u0022utm_term\u0022:\u0022---autotargeting\u0022},\u0022gclid\u0022:null},\u0022client\u0022:{\u0022gaId\u0022:\u00221718107300.1724302485\u0022,\u0022yaId\u0022:\u00221724302485855105477\u0022},\u0022pages\u0022:{\u0022list\u0022:[[\u0022https:\/\/tinger.ru\/catalog\/perelomka\/?utm_source=yandex\u0026utm_medium=cpc\u0026utm_campaign=mk_ozk_tf4\u0026utm_content=16219855378\u0026utm_term=---autotargeting\u0026roistat=direct20_context_111795810_rsMasterGroup_rsMasterBanner_---autotargeting\u0026yclid=868573973781413887\u0022,1726631677,\u0022\u041a\u0443\u043f\u0438\u0442\u044c \u0432\u0435\u0437\u0434\u0435\u0445\u043e\u0434 \u043f\u0435\u0440\u0435\u043b\u043e\u043c\u043a\u0443 TINGER TF4 \u0432 \u0420\u0022]]},\u0022gid\u0022:null,\u0022previous\u0022:{\u0022list\u0022:[{\u0022url\u0022:\u0022https:\/\/tinger.ru\/catalog\/perelomka\/?utm_source=yandex\u0026utm_medium=cpc\u0026utm_campaign=mk_ozk_tf4\u0026utm_content=16219855378\u0026utm_term=---autotargeting\u0026roistat=direct20_context_111795810_rsMasterGroup_rsMasterBanner_---autotargeting\u0026yclid=868573973781413887\u0022,\u0022device\u0022:{\u0022isMobile\u0022:true},\u0022tags\u0022:{\u0022ts\u0022:1726594565,\u0022list\u0022:{\u0022utm_source\u0022:\u0022yandex\u0022,\u0022utm_medium\u0022:\u0022cpc\u0022,\u0022utm_campaign\u0022:\u0022mk_ozk_tf4\u0022,\u0022utm_content\u0022:\u002216219855362\u0022,\u0022utm_term\u0022:\u0022---autotargeting\u0022},\u0022gclid\u0022:null},\u0022client\u0022:{\u0022gaId\u0022:\u00221718107300.1724302485\u0022,\u0022yaId\u0022:35231225},\u0022pages\u0022:{\u0022list\u0022:[[\u0022https:\/\/tinger.ru\/catalog\/perelomka\/?utm_source=yandex\u0026utm_medium=cpc\u0026utm_campaign=mk_ozk_tf4\u0026utm_content=16219855362\u0026utm_term=---autotargeting\u0026roistat=direct20_context_111795810_rsMasterGroup_rsMasterBanner_---autotargeting\u0026yclid=8674293471777128447\u0022,1726594565,\u0022\u041a\u0443\u043f\u0438\u0442\u044c \u0432\u0435\u0437\u0434\u0435\u0445\u043e\u0434 \u043f\u0435\u0440\u0435\u043b\u043e\u043c\u043a\u0443 TINGER TF4 \u0432 \u0420\u0022]]},\u0022gid\u0022:null}]}}","UF_CRM_1517561552":"3722642","COMMENTS":null,"TITLE":"\u041a\u0443\u043f\u0438\u0442\u044c \u0432\u0435\u0437\u0434\u0435\u0445\u043e\u0434 TINGER TF4","UF_CRM_1449663065":64,"ASSIGNED_BY_ID":58,"SOURCE_ID":"WEB"}}},"result":{"result":549558,"time":{"start":1726631689.2066231,"finish":1726631690.608592,"duration":1.4019689559936523,"processing":1.3734560012817383,"date_start":"2024-09-18T06:54:49+03:00","date_finish":"2024-09-18T06:54:50+03:00","operating_reset_at":1726632289,"operating":1.3734350204467773}}}