{"url":"https:\/\/tinger.bitrix24.ru\/rest\/190\/42tc2gxq8od2858i\/crm.lead.add.json","info":{"url":"https:\/\/tinger.bitrix24.ru\/rest\/190\/42tc2gxq8od2858i\/crm.lead.add.json","content_type":"application\/json; charset=utf-8","http_code":200,"header_size":1034,"request_size":207,"filetime":-1,"ssl_verify_result":0,"redirect_count":0,"total_time":2.1825459999999999,"namelookup_time":0.018631000000000002,"connect_time":0.028291,"pretransfer_time":0.048482999999999998,"size_upload":2050,"size_download":288,"speed_download":131,"speed_upload":939,"download_content_length":-1,"upload_content_length":2050,"starttransfer_time":0.048486000000000001,"redirect_time":0,"redirect_url":"","primary_ip":"46.235.53.67","certinfo":[],"primary_port":443,"local_ip":"188.225.57.79","local_port":51900,"http_version":3,"protocol":2,"ssl_verifyresult":0,"scheme":"HTTPS","appconnect_time_us":48342,"connect_time_us":28291,"namelookup_time_us":18631,"pretransfer_time_us":48483,"redirect_time_us":0,"starttransfer_time_us":48486,"total_time_us":2182546},"params":{"method":"crm.lead.add","params":{"fields":{"NAME":"\u041c\u0430\u043a\u0441\u0438\u043c","PHONE":[{"VALUE":"+7 (909) 410-20-30","VALUE_TYPE":"WORK"}],"EMAIL":[{"VALUE":null,"VALUE_TYPE":"WORK"}],"TRACE":"{\u0022url\u0022:\u0022https:\/\/tinger.ru\/catalog\/perelomka\/?utm_source=yandex\u0026utm_medium=cpc\u0026utm_campaign=mk_click_tf4\u0026utm_content=16623890241\u0026utm_term=---autotargeting\u0026roistat=direct20_context_111795943_rsMasterGroup_rsMasterBanner_---autotargeting\u0026yclid=5305422677762637823\u0022,\u0022ref\u0022:\u0022https:\/\/yandex.ru\/pogoda?lat=48.536067\u0026lon=42.501511\u0026lang=ru\u0022,\u0022device\u0022:{\u0022isMobile\u0022:false},\u0022tags\u0022:{\u0022ts\u0022:1738750402,\u0022list\u0022:{\u0022utm_source\u0022:\u0022yandex\u0022,\u0022utm_medium\u0022:\u0022cpc\u0022,\u0022utm_campaign\u0022:\u0022mk_click_tf4\u0022,\u0022utm_content\u0022:\u002216623890241\u0022,\u0022utm_term\u0022:\u0022---autotargeting\u0022},\u0022gclid\u0022:null},\u0022client\u0022:{\u0022gaId\u0022:\u00221554645914.1738750403\u0022,\u0022yaId\u0022:\u0022173875040331255835\u0022},\u0022pages\u0022:{\u0022list\u0022:[[\u0022https:\/\/tinger.ru\/catalog\/perelomka\/?utm_source=yandex\u0026utm_medium=cpc\u0026utm_campaign=mk_click_tf4\u0026utm_content=16623890241\u0026utm_term=---autotargeting\u0026roistat=direct20_context_111795943_rsMasterGroup_rsMasterBanner_---autotargeting\u0026yclid=5305422677762637823\u0022,1738750403,\u0022\u041a\u0443\u043f\u0438\u0442\u044c \u0432\u0435\u0437\u0434\u0435\u0445\u043e\u0434 \u043f\u0435\u0440\u0435\u043b\u043e\u043c\u043a\u0443 TINGER TF4 \u0432 \u0420\u0022]]},\u0022gid\u0022:null,\u0022previous\u0022:{\u0022list\u0022:[]}}","UF_CRM_1736853511":"173875040331255835","UF_CRM_1736853555":"173875040331255835","UF_CRM_1736853537":"173875040331255835","UF_CRM_1517561552":"3809607","COMMENTS":null,"TITLE":"\u041a\u0443\u043f\u0438\u0442\u044c \u0432\u0435\u0437\u0434\u0435\u0445\u043e\u0434 TINGER TF4","UF_CRM_1449663065":64,"ASSIGNED_BY_ID":58,"SOURCE_ID":"WEB"}}},"result":{"result":577388,"time":{"start":1738750408.063544,"finish":1738750410.1108849,"duration":2.0473408699035645,"processing":2.0077559947967529,"date_start":"2025-02-05T13:13:28+03:00","date_finish":"2025-02-05T13:13:30+03:00","operating_reset_at":1738751008,"operating":2.0077271461486816}}}