{"url":"https:\/\/tinger.bitrix24.ru\/rest\/190\/42tc2gxq8od2858i\/crm.lead.add.json","info":{"url":"https:\/\/tinger.bitrix24.ru\/rest\/190\/42tc2gxq8od2858i\/crm.lead.add.json","content_type":"application\/json; charset=utf-8","http_code":200,"header_size":1030,"request_size":207,"filetime":-1,"ssl_verify_result":0,"redirect_count":0,"total_time":1.540977,"namelookup_time":0.00181,"connect_time":0.010245000000000001,"pretransfer_time":0.028729000000000001,"size_upload":1850,"size_download":287,"speed_download":186,"speed_upload":1201,"download_content_length":-1,"upload_content_length":1850,"starttransfer_time":0.028732000000000001,"redirect_time":0,"redirect_url":"","primary_ip":"217.16.18.181","certinfo":[],"primary_port":443,"local_ip":"188.225.57.79","local_port":45510,"http_version":3,"protocol":2,"ssl_verifyresult":0,"scheme":"HTTPS","appconnect_time_us":28616,"connect_time_us":10245,"namelookup_time_us":1810,"pretransfer_time_us":28729,"redirect_time_us":0,"starttransfer_time_us":28732,"total_time_us":1540977},"params":{"method":"crm.lead.add","params":{"fields":{"NAME":"\u041b\u044e\u0434\u043c\u0438\u043b\u0430","EMAIL":[{"VALUE":"grivna2008@mail.ru","VALUE_TYPE":"WORK"}],"TRACE":"{\u0022url\u0022:\u0022https:\/\/tingard.ru\/thanks\/\u0022,\u0022device\u0022:{\u0022isMobile\u0022:true},\u0022tags\u0022:{\u0022ts\u0022:1748415467,\u0022list\u0022:{},\u0022gclid\u0022:null},\u0022client\u0022:{\u0022yaId\u0022:\u00221745350409658246772\u0022},\u0022pages\u0022:{\u0022list\u0022:[[\u0022https:\/\/tingard.ru\/?roistat=direct14_search_16948591485_---autotargeting\u0026roistat_referrer=none\u0026roistat_pos=premium_2\u0026yclid=4124662415033630719\u0022,1748415468,\u0022TINGARD \u2014 \u0431\u0435\u0441\u0448\u043e\u0432\u043d\u044b\u0439 \u043f\u043b\u0430\u0441\u0442\u0438\u043a\u043e\u0432\u044b\u0439 \u043f\u043e\u0433\u0440\u0435\u0431 \u2116\u0022],[\u0022https:\/\/tingard.ru\/\u0022,1748852477,\u0022TINGARD \u2014 \u0431\u0435\u0441\u0448\u043e\u0432\u043d\u044b\u0439 \u043f\u043b\u0430\u0441\u0442\u0438\u043a\u043e\u0432\u044b\u0439 \u043f\u043e\u0433\u0440\u0435\u0431 \u2116\u0022],[\u0022https:\/\/tingard.ru\/thanks\/\u0022,1748869268,\u0022\u0421\u043f\u0430\u0441\u0438\u0431\u043e \u0437\u0430 \u0437\u0430\u044f\u0432\u043a\u0443\u0022]]},\u0022gid\u0022:null,\u0022previous\u0022:{\u0022list\u0022:[]}}","UF_CRM_1736853511":"1745350409658246772","UF_CRM_1736853555":"1745350409658246772","UF_CRM_1736853537":"1745350409658246772","UF_CRM_1517561552":"3658198","COMMENTS":"\u041c\u043e\u0434\u0435\u043b\u044c 2500\u043a","TITLE":"\u0421\u0432\u044f\u0437\u0430\u0442\u044c\u0441\u044f \u0441 \u043f\u0440\u043e\u0438\u0437\u0432\u043e\u0434\u0438\u0442\u0435\u043b\u0435\u043c","UF_CRM_1449663065":68,"ASSIGNED_BY_ID":58,"SOURCE_ID":9}}},"result":{"result":600238,"time":{"start":1748869339.797071,"finish":1748869341.2246561,"duration":1.4275851249694824,"processing":1.3792989253997803,"date_start":"2025-06-02T16:02:19+03:00","date_finish":"2025-06-02T16:02:21+03:00","operating_reset_at":1748869939,"operating":2.7864599227905273}}}