{"url":"https:\/\/tinger.bitrix24.ru\/rest\/190\/42tc2gxq8od2858i\/crm.lead.add.json","info":{"url":"https:\/\/tinger.bitrix24.ru\/rest\/190\/42tc2gxq8od2858i\/crm.lead.add.json","content_type":"application\/json; charset=utf-8","http_code":200,"header_size":1027,"request_size":207,"filetime":-1,"ssl_verify_result":0,"redirect_count":0,"total_time":1.8930469999999999,"namelookup_time":0.015907999999999999,"connect_time":0.017735999999999998,"pretransfer_time":0.032649999999999998,"size_upload":2129,"size_download":287,"speed_download":151,"speed_upload":1124,"download_content_length":-1,"upload_content_length":2129,"starttransfer_time":0.032653000000000001,"redirect_time":0,"redirect_url":"","primary_ip":"178.132.201.52","certinfo":[],"primary_port":443,"local_ip":"188.225.57.79","local_port":51130,"http_version":3,"protocol":2,"ssl_verifyresult":0,"scheme":"HTTPS","appconnect_time_us":32516,"connect_time_us":17736,"namelookup_time_us":15908,"pretransfer_time_us":32650,"redirect_time_us":0,"starttransfer_time_us":32653,"total_time_us":1893047},"params":{"method":"crm.lead.add","params":{"fields":{"NAME":"\u0413\u043e\u043b\u0434\u0438\u043d\u0430 \u0421\u0432\u0435\u0442\u043b\u0430\u043d\u0430 \u0410\u043b\u0435\u043a\u0441\u0430\u043d\u0434\u0440\u043e\u0432\u043d\u0430","PHONE":[{"VALUE":"+7 (908) 574-21-09","VALUE_TYPE":"WORK"}],"TRACE":"{\u0022url\u0022:\u0022https:\/\/tingard.ru\/?utm_source=yandex\u0026utm_medium=cpc\u0026utm_campaign=mk_rf\u0026utm_content=14460640535\u0026utm_term=---autotargeting\u0026roistat=direct14_context_89463958_rsMasterGroup_rsMasterBanner_---autotargeting\u0026yclid=5884414818974433279\u0022,\u0022device\u0022:{\u0022isMobile\u0022:true},\u0022tags\u0022:{\u0022ts\u0022:1745947100,\u0022list\u0022:{\u0022utm_source\u0022:\u0022yandex\u0022,\u0022utm_medium\u0022:\u0022cpc\u0022,\u0022utm_campaign\u0022:\u0022mk_rf\u0022,\u0022utm_content\u0022:\u002214460640535\u0022,\u0022utm_term\u0022:\u0022---autotargeting\u0022},\u0022gclid\u0022:null},\u0022client\u0022:{\u0022yaId\u0022:\u00221745734761439049892\u0022},\u0022pages\u0022:{\u0022list\u0022:[[\u0022https:\/\/tingard.ru\/thanks\/\u0022,1745947094,\u0022\u0421\u043f\u0430\u0441\u0438\u0431\u043e \u0437\u0430 \u0437\u0430\u044f\u0432\u043a\u0443\u0022],[\u0022https:\/\/tingard.ru\/?utm_source=yandex\u0026utm_medium=cpc\u0026utm_campaign=mk_rf\u0026utm_content=14460640535\u0026utm_term=---autotargeting\u0026roistat=direct14_context_89463958_rsMasterGroup_rsMasterBanner_---autotargeting\u0026yclid=5884414818974433279\u0022,1745947100,\u0022TINGARD \u2014 \u0431\u0435\u0441\u0448\u043e\u0432\u043d\u044b\u0439 \u043f\u043b\u0430\u0441\u0442\u0438\u043a\u043e\u0432\u044b\u0439 \u043f\u043e\u0433\u0440\u0435\u0431 \u2116\u0022]]},\u0022gid\u0022:null,\u0022previous\u0022:{\u0022list\u0022:[]}}","UF_CRM_1736853511":"1745734761439049892","UF_CRM_1736853555":"1745734761439049892","UF_CRM_1736853537":"1745734761439049892","UF_CRM_1517561552":"3640294","COMMENTS":null,"TITLE":"\u0420\u0430\u0441\u0441\u0447\u0438\u0442\u0430\u0442\u044c \u0434\u043e\u0441\u0442\u0430\u0432\u043a\u0443","UF_CRM_1449663065":68,"ASSIGNED_BY_ID":58,"SOURCE_ID":9}}},"result":{"result":593858,"time":{"start":1745947149.8647029,"finish":1745947151.643765,"duration":1.779062032699585,"processing":1.7441389560699463,"date_start":"2025-04-29T20:19:09+03:00","date_finish":"2025-04-29T20:19:11+03:00","operating_reset_at":1745947749,"operating":3.4652881622314453}}}