{"url":"https:\/\/tinger.bitrix24.ru\/rest\/190\/42tc2gxq8od2858i\/crm.lead.add.json","info":{"url":"https:\/\/tinger.bitrix24.ru\/rest\/190\/42tc2gxq8od2858i\/crm.lead.add.json","content_type":"application\/json; charset=utf-8","http_code":200,"header_size":1028,"request_size":207,"filetime":-1,"ssl_verify_result":0,"redirect_count":0,"total_time":1.1662220000000001,"namelookup_time":0.019671000000000001,"connect_time":0.023061000000000002,"pretransfer_time":0.033084000000000002,"size_upload":2360,"size_download":287,"speed_download":246,"speed_upload":2024,"download_content_length":-1,"upload_content_length":2360,"starttransfer_time":0.033085999999999997,"redirect_time":0,"redirect_url":"","primary_ip":"178.132.201.51","certinfo":[],"primary_port":443,"local_ip":"188.225.57.79","local_port":54752,"http_version":3,"protocol":2,"ssl_verifyresult":0,"scheme":"HTTPS","appconnect_time_us":32934,"connect_time_us":23061,"namelookup_time_us":19671,"pretransfer_time_us":33084,"redirect_time_us":0,"starttransfer_time_us":33086,"total_time_us":1166222},"params":{"method":"crm.lead.add","params":{"fields":{"NAME":"\u0410\u043d\u0442\u043e\u043d ","PHONE":[{"VALUE":"+7 (911) 864-97-62","VALUE_TYPE":"WORK"}],"TRACE":"{\u0022url\u0022:\u0022https:\/\/tingard.ru\/?roistat=direct14_context_16233427521_%D0%BA%D0%BE%D0%B3%D0%B4%D0%B0%20%D0%B2%D1%8B%D1%81%D0%B0%D0%B6%D0%B8%D0%B2%D0%B0%D1%82%D1%8C%20%D1%80%D0%B0%D1%81%D1%81%D0%B0%D0%B4%D1%83\u0026roistat_referrer=tvoikvesst.ru\u0026roistat_pos=none_0\u0026y_ref=tvoikvesst.ru\u0026utm_source=yandex\u0026utm_medium=cpc\u0026utm_campaign=rsya-click\u0026utm_content=16233427521\u0026utm_term=tvoikvesst.ru\u0026yclid=5390984001463255039\u0022,\u0022ref\u0022:\u0022https:\/\/tvoikvesst.ru\/\u0022,\u0022device\u0022:{\u0022isMobile\u0022:true},\u0022tags\u0022:{\u0022ts\u0022:1731050436,\u0022list\u0022:{\u0022utm_source\u0022:\u0022yandex\u0022,\u0022utm_medium\u0022:\u0022cpc\u0022,\u0022utm_campaign\u0022:\u0022rsya-click\u0022,\u0022utm_content\u0022:\u002216233427521\u0022,\u0022utm_term\u0022:\u0022tvoikvesst.ru\u0022},\u0022gclid\u0022:null},\u0022client\u0022:{\u0022yaId\u0022:\u00221731050435555303213\u0022},\u0022pages\u0022:{\u0022list\u0022:[[\u0022https:\/\/tingard.ru\/?roistat=direct14_context_16233427521_%D0%BA%D0%BE%D0%B3%D0%B4%D0%B0%20%D0%B2%D1%8B%D1%81%D0%B0%D0%B6%D0%B8%D0%B2%D0%B0%D1%82%D1%8C%20%D1%80%D0%B0%D1%81%D1%81%D0%B0%D0%B4%D1%83\u0026roistat_referrer=tvoikvesst.ru\u0026roistat_pos=none_0\u0026y_ref=tvoikvesst.ru\u0026utm_source=yandex\u0026utm_medium=cpc\u0026utm_campaign=rsya-click\u0026utm_content=16233427521\u0026utm_term=tvoikvesst.ru\u0026yclid=5390984001463255039\u0022,1731050436,\u0022TINGARD \u2014 \u0431\u0435\u0441\u0448\u043e\u0432\u043d\u044b\u0439 \u043f\u043b\u0430\u0441\u0442\u0438\u043a\u043e\u0432\u044b\u0439 \u043f\u043e\u0433\u0440\u0435\u0431 \u2116\u0022]]},\u0022gid\u0022:null,\u0022previous\u0022:{\u0022list\u0022:[]}}","UF_CRM_1517561552":"3554488","COMMENTS":null,"TITLE":"\u0423\u0437\u043d\u0430\u0442\u044c \u043f\u043e\u0434\u0440\u043e\u0431\u043d\u0435\u0435 \u043e \u043d\u043e\u0432\u043e\u043c \u043f\u043e\u0433\u0440\u0435\u0431\u0435 TINGARD 1900\u0411\u041a","UF_CRM_1449663065":68,"ASSIGNED_BY_ID":58,"SOURCE_ID":9}}},"result":{"result":564062,"time":{"start":1731050450.9583499,"finish":1731050452.020385,"duration":1.062035083770752,"processing":1.0270161628723145,"date_start":"2024-11-08T10:20:50+03:00","date_finish":"2024-11-08T10:20:52+03:00","operating_reset_at":1731051050,"operating":1.0269899368286133}}}