{"url":"https:\/\/tinger.bitrix24.ru\/rest\/190\/42tc2gxq8od2858i\/crm.lead.add.json","info":{"url":"https:\/\/tinger.bitrix24.ru\/rest\/190\/42tc2gxq8od2858i\/crm.lead.add.json","content_type":"application\/json; charset=utf-8","http_code":200,"header_size":1027,"request_size":207,"filetime":-1,"ssl_verify_result":0,"redirect_count":0,"total_time":1.502129,"namelookup_time":0.043533000000000002,"connect_time":0.045025999999999997,"pretransfer_time":0.064481999999999998,"size_upload":2966,"size_download":286,"speed_download":190,"speed_upload":1974,"download_content_length":-1,"upload_content_length":2966,"starttransfer_time":0.064488000000000004,"redirect_time":0,"redirect_url":"","primary_ip":"178.132.201.50","certinfo":[],"primary_port":443,"local_ip":"188.225.57.79","local_port":48418,"http_version":3,"protocol":2,"ssl_verifyresult":0,"scheme":"HTTPS","appconnect_time_us":64254,"connect_time_us":45026,"namelookup_time_us":43533,"pretransfer_time_us":64482,"redirect_time_us":0,"starttransfer_time_us":64488,"total_time_us":1502129},"params":{"method":"crm.lead.add","params":{"fields":{"NAME":"\u044d\u0434\u0438\u043a","PHONE":[{"VALUE":"+7 (937) 122-76-67","VALUE_TYPE":"WORK"}],"EMAIL":[{"VALUE":null,"VALUE_TYPE":"WORK"}],"TRACE":"{\u0022url\u0022:\u0022https:\/\/tingard.ru\/?utm_source=yandex\u0026utm_medium=cpc\u0026utm_campaign=pogreba_rozn_umnaya_click_perezapusk_15_01\u0026utm_content=15676822916\u0026utm_term=---autotargeting\u0026roistat=direct14_context_105160085_rsMasterGroup_rsMasterBanner_---autotargeting\u0026yclid=4763045621537439743\u0022,\u0022device\u0022:{\u0022isMobile\u0022:false},\u0022tags\u0022:{\u0022ts\u0022:1721180323,\u0022list\u0022:{\u0022utm_source\u0022:\u0022yandex\u0022,\u0022utm_medium\u0022:\u0022cpc\u0022,\u0022utm_campaign\u0022:\u0022pogreba_rozn_umnaya_click_perezapusk_15_01\u0022,\u0022utm_content\u0022:\u002215676822916\u0022,\u0022utm_term\u0022:\u0022---autotargeting\u0022},\u0022gclid\u0022:null},\u0022client\u0022:{\u0022yaId\u0022:\u00221719187051824618831\u0022},\u0022pages\u0022:{\u0022list\u0022:[[\u0022https:\/\/tingard.ru\/?utm_source=yandex\u0026utm_medium=cpc\u0026utm_campaign=pogreba_rozn_umnaya_click_perezapusk_15_01\u0026utm_content=15676822916\u0026utm_term=---autotargeting\u0026roistat=direct14_context_105160085_rsMasterGroup_rsMasterBanner_---autotargeting\u0026yclid=4763045621537439743\u0022,1721180323,\u0022TINGARD \u2014 \u0431\u0435\u0441\u0448\u043e\u0432\u043d\u044b\u0439 \u043f\u043b\u0430\u0441\u0442\u0438\u043a\u043e\u0432\u044b\u0439 \u043f\u043e\u0433\u0440\u0435\u0431 \u2116\u0022]]},\u0022gid\u0022:null,\u0022previous\u0022:{\u0022list\u0022:[{\u0022url\u0022:\u0022https:\/\/tingard.ru\/?utm_source=yandex\u0026utm_medium=cpc\u0026utm_campaign=pogreba_rozn_umnaya_click_perezapusk_15_01\u0026utm_content=15676822916\u0026utm_term=---autotargeting\u0026roistat=direct14_context_105160085_rsMasterGroup_rsMasterBanner_---autotargeting\u0026yclid=4763045621537439743\u0022,\u0022ref\u0022:\u0022https:\/\/ok.ru\/feed\u0022,\u0022device\u0022:{\u0022isMobile\u0022:false},\u0022tags\u0022:{\u0022ts\u0022:1719187055,\u0022list\u0022:{},\u0022gclid\u0022:null},\u0022client\u0022:{\u0022yaId\u0022:\u00221719187051824618831\u0022},\u0022pages\u0022:{\u0022list\u0022:[[\u0022https:\/\/tingard.ru\/?roistat=direct14_context_16225318444_\u0026roistat_referrer=ok.ru\u0026roistat_pos=none_0\u0026yclid=15065759707296956415\u0022,1719187056,\u0022TINGARD \u2014 \u0431\u0435\u0441\u0448\u043e\u0432\u043d\u044b\u0439 \u043f\u043b\u0430\u0441\u0442\u0438\u043a\u043e\u0432\u044b\u0439 \u043f\u043e\u0433\u0440\u0435\u0431 \u2116\u0022],[\u0022https:\/\/tingard.ru\/thanks\/\u0022,1719187070,\u0022\u0421\u043f\u0430\u0441\u0438\u0431\u043e \u0437\u0430 \u0437\u0430\u044f\u0432\u043a\u0443\u0022]]},\u0022gid\u0022:null}]}}","UF_CRM_1517561552":"3341391","COMMENTS":null,"TITLE":"\u0417\u0430\u043a\u0430\u0437\u0430\u0442\u044c \u043f\u043e\u0433\u0440\u0435\u0431","UF_CRM_1449663065":68,"ASSIGNED_BY_ID":58,"SOURCE_ID":9}}},"result":{"result":529166,"time":{"start":1721180336.881618,"finish":1721180338.231401,"duration":1.3497829437255859,"processing":1.3215548992156982,"date_start":"2024-07-17T04:38:56+03:00","date_finish":"2024-07-17T04:38:58+03:00","operating_reset_at":1721180936,"operating":1.321537971496582}}}