{"url":"https:\/\/tinger.bitrix24.ru\/rest\/190\/42tc2gxq8od2858i\/crm.lead.add.json","info":{"url":"https:\/\/tinger.bitrix24.ru\/rest\/190\/42tc2gxq8od2858i\/crm.lead.add.json","content_type":"application\/json; charset=utf-8","http_code":200,"header_size":1030,"request_size":207,"filetime":-1,"ssl_verify_result":0,"redirect_count":0,"total_time":1.9096139999999999,"namelookup_time":0.016121,"connect_time":0.025479000000000002,"pretransfer_time":0.042290000000000001,"size_upload":2036,"size_download":288,"speed_download":150,"speed_upload":1066,"download_content_length":-1,"upload_content_length":2036,"starttransfer_time":0.042292999999999997,"redirect_time":0,"redirect_url":"","primary_ip":"89.208.228.119","certinfo":[],"primary_port":443,"local_ip":"188.225.57.79","local_port":51940,"http_version":3,"protocol":2,"ssl_verifyresult":0,"scheme":"HTTPS","appconnect_time_us":42146,"connect_time_us":25479,"namelookup_time_us":16121,"pretransfer_time_us":42290,"redirect_time_us":0,"starttransfer_time_us":42293,"total_time_us":1909614},"params":{"method":"crm.lead.add","params":{"fields":{"NAME":"\u0410\u043b\u0435\u043a\u0441\u0430\u043d\u0434\u0440 ","PHONE":[{"VALUE":"+7 (909) 095-11-11","VALUE_TYPE":"WORK"}],"EMAIL":[{"VALUE":null,"VALUE_TYPE":"WORK"}],"TRACE":"{\u0022url\u0022:\u0022https:\/\/tingard.ru\/?utm_source=yandex_kirill\u0026utm_medium=cpc\u0026utm_campaign=pogreba_rozn_umnaya_click_perezapusk_15_01\u0026utm_content=15676822889\u0026utm_term=---autotargeting\u0026roistat=direct14_context_15676822889_---autotargeting\u0026roistat_referrer=yandex.ru\u0026roistat_pos=none_0\u0026yclid=1334722286806368255\u0022,\u0022ref\u0022:\u0022https:\/\/yandex.ru\/\u0022,\u0022device\u0022:{\u0022isMobile\u0022:true},\u0022tags\u0022:{\u0022ts\u0022:1717523766,\u0022list\u0022:{\u0022utm_source\u0022:\u0022yandex_kirill\u0022,\u0022utm_medium\u0022:\u0022cpc\u0022,\u0022utm_campaign\u0022:\u0022pogreba_rozn_umnaya_click_perezapusk_15_01\u0022,\u0022utm_content\u0022:\u002215676822889\u0022,\u0022utm_term\u0022:\u0022---autotargeting\u0022},\u0022gclid\u0022:null},\u0022client\u0022:{\u0022yaId\u0022:\u00221717523765599822120\u0022},\u0022pages\u0022:{\u0022list\u0022:[[\u0022https:\/\/tingard.ru\/?utm_source=yandex_kirill\u0026utm_medium=cpc\u0026utm_campaign=pogreba_rozn_umnaya_click_perezapusk_15_01\u0026utm_content=15676822889\u0026utm_term=---autotargeting\u0026roistat=direct14_context_15676822889_---autotargeting\u0026roistat_referrer=yandex.ru\u0026roistat_pos=none_0\u0026yclid=1334722286806368255\u0022,1717523766,\u0022TINGARD \u2014 \u0431\u0435\u0441\u0448\u043e\u0432\u043d\u044b\u0439 \u043f\u043b\u0430\u0441\u0442\u0438\u043a\u043e\u0432\u044b\u0439 \u043f\u043e\u0433\u0440\u0435\u0431 \u2116\u0022]]},\u0022gid\u0022:null,\u0022previous\u0022:{\u0022list\u0022:[]}}","COMMENTS":null,"TITLE":"\u0423\u0437\u043d\u0430\u0442\u044c \u043f\u043e\u0434\u0440\u043e\u0431\u043d\u0435\u0435 \u043e \u00ab\u0414\u043e\u043c\u0438\u043a \u0434\u043b\u044f \u043f\u043e\u0433\u0440\u0435\u0431\u0430\u00bb","UF_CRM_1449663065":68,"ASSIGNED_BY_ID":58,"SOURCE_ID":9}}},"result":{"result":518408,"time":{"start":1717524096.8752439,"finish":1717524098.679147,"duration":1.8039031028747559,"processing":1.7756280899047852,"date_start":"2024-06-04T21:01:36+03:00","date_finish":"2024-06-04T21:01:38+03:00","operating_reset_at":1717524696,"operating":1.7756030559539795}}}