{"url":"https:\/\/tinger.bitrix24.ru\/rest\/190\/42tc2gxq8od2858i\/crm.lead.add.json","info":{"url":"https:\/\/tinger.bitrix24.ru\/rest\/190\/42tc2gxq8od2858i\/crm.lead.add.json","content_type":"application\/json; charset=utf-8","http_code":200,"header_size":1132,"request_size":207,"filetime":-1,"ssl_verify_result":0,"redirect_count":0,"total_time":1.5324199999999999,"namelookup_time":0.0022049999999999999,"connect_time":0.01333,"pretransfer_time":0.034329999999999999,"size_upload":4513,"size_download":287,"speed_download":187,"speed_upload":2945,"download_content_length":-1,"upload_content_length":4513,"starttransfer_time":0.034332000000000001,"redirect_time":0,"redirect_url":"","primary_ip":"89.208.228.119","certinfo":[],"primary_port":443,"local_ip":"188.225.57.79","local_port":43664,"http_version":3,"protocol":2,"ssl_verifyresult":0,"scheme":"HTTPS","appconnect_time_us":34213,"connect_time_us":13330,"namelookup_time_us":2205,"pretransfer_time_us":34330,"redirect_time_us":0,"starttransfer_time_us":34332,"total_time_us":1532420},"params":{"method":"crm.lead.add","params":{"fields":{"NAME":"zxczxc","PHONE":[{"VALUE":"+7 (886) 655-44-44","VALUE_TYPE":"WORK"}],"EMAIL":[{"VALUE":null,"VALUE_TYPE":"WORK"}],"SOURCE_ID":"WEB","COMMENTS":null,"TRACE":"{\u0022url\u0022:\u0022https:\/\/tinger.ru\/news\/tinger-track-2-soshyel-s-konveyera-i-otpravilsya-v-kazan\/#\u0022,\u0022ref\u0022:\u0022https:\/\/www.google.com\/\u0022,\u0022device\u0022:{\u0022isMobile\u0022:false},\u0022tags\u0022:{\u0022ts\u0022:1688622103,\u0022list\u0022:{},\u0022gclid\u0022:null},\u0022client\u0022:{\u0022gaId\u0022:\u00221318044515.1678340612\u0022,\u0022yaId\u0022:\u00221678340612692476700\u0022},\u0022pages\u0022:{\u0022list\u0022:[[\u0022https:\/\/tinger.ru\/news\/tinger-track-2-soshyel-s-konveyera-i-otpravilsya-v-kazan\/#\u0022,1688622384,\u0022TINGER Track 2 \u0441\u043e\u0448\u0451\u043b \u0441 \u043a\u043e\u043d\u0432\u0435\u0439\u0435\u0440\u0430 \u0438 \u043e\u0442\u043f\u0440\u0430\u0022]]},\u0022gid\u0022:null,\u0022previous\u0022:{\u0022list\u0022:[{\u0022url\u0022:\u0022https:\/\/tinger.ru\/news\/tinger-track-2-soshyel-s-konveyera-i-otpravilsya-v-kazan\/\u0022,\u0022ref\u0022:\u0022https:\/\/tinger.bitrix24.ru\/\u0022,\u0022device\u0022:{\u0022isMobile\u0022:false},\u0022tags\u0022:{\u0022ts\u0022:1688458588,\u0022list\u0022:{},\u0022gclid\u0022:null},\u0022client\u0022:{\u0022gaId\u0022:\u00221318044515.1678340612\u0022,\u0022yaId\u0022:\u00221678340612692476700\u0022},\u0022pages\u0022:{\u0022list\u0022:[[\u0022https:\/\/tinger.ru\/parts\/\u0022,1688620125,\u0022\u041a\u0430\u0442\u0430\u043b\u043e\u0433 \u043e\u0440\u0438\u0433\u0438\u043d\u0430\u043b\u044c\u043d\u044b\u0445 \u0437\u0430\u043f\u0447\u0430\u0441\u0442\u0435\u0439\u0022],[\u0022https:\/\/tinger.ru\/\u0022,1688620566,\u0022\u0412\u0435\u0437\u0434\u0435\u0445\u043e\u0434\u044b \u0438 \u0431\u043e\u043b\u043e\u0442\u043e\u0445\u043e\u0434\u044b \u043e\u0442 \u043f\u0440\u043e\u0438\u0437\u0432\u043e\u0434\u0438\u0442\u0435\u043b\u044f \u0022],[\u0022https:\/\/tinger.ru\/contacts\/\u0022,1688620647,\u0022\u041a\u043e\u043d\u0442\u0430\u043a\u0442\u044b \u0433\u0440\u0443\u043f\u043f\u044b \u043a\u043e\u043c\u043f\u0430\u043d\u0438\u0439 TINGER\u0022],[\u0022https:\/\/tinger.ru\/pnevmodiski\/\u0022,1688621933,\u0022\u041f\u0440\u043e\u0438\u0437\u0432\u043e\u0434\u0441\u0442\u0432\u043e \u0434\u0438\u0441\u043a\u043e\u0432 \u0434\u043b\u044f \u0448\u0438\u043d \u043d\u0438\u0437\u043a\u043e\u0433\u043e \u0434\u0430\u0432\u043b\u0022],[\u0022https:\/\/tinger.ru\/corp\/\u0022,1688621993,\u0022\u0412\u0435\u0437\u0434\u0435\u0445\u043e\u0434\u043d\u0430\u044f \u0442\u0435\u0445\u043d\u0438\u043a\u0430 TINGER \u0434\u043b\u044f \u043d\u0443\u0436\u0434 \u043e\u0440\u0433\u0430\u0022]]},\u0022gid\u0022:null},{\u0022url\u0022:\u0022https:\/\/tinger.ru\/news\/tinger-track-2-soshyel-s-konveyera-i-otpravilsya-v-kazan\/#\u0022,\u0022device\u0022:{\u0022isMobile\u0022:false},\u0022tags\u0022:{\u0022ts\u0022:1688622013,\u0022list\u0022:{},\u0022gclid\u0022:null},\u0022client\u0022:{\u0022gaId\u0022:\u00221318044515.1678340612\u0022,\u0022yaId\u0022:\u00221678340612692476700\u0022},\u0022pages\u0022:{\u0022list\u0022:[[\u0022https:\/\/tinger.ru\/news\/tinger-track-2-soshyel-s-konveyera-i-otpravilsya-v-kazan\/\u0022,1688622014,\u0022TINGER Track 2 \u0441\u043e\u0448\u0451\u043b \u0441 \u043a\u043e\u043d\u0432\u0435\u0439\u0435\u0440\u0430 \u0438 \u043e\u0442\u043f\u0440\u0430\u0022],[\u0022https:\/\/tinger.ru\/\u0022,1688622029,\u0022\u0412\u0435\u0437\u0434\u0435\u0445\u043e\u0434\u044b \u0438 \u0431\u043e\u043b\u043e\u0442\u043e\u0445\u043e\u0434\u044b \u043e\u0442 \u043f\u0440\u043e\u0438\u0437\u0432\u043e\u0434\u0438\u0442\u0435\u043b\u044f \u0022],[\u0022https:\/\/tinger.ru\/catalog\/tinger-track-2\/\u0022,1688622034,\u0022\u041a\u0443\u043f\u0438\u0442\u044c \u0432\u0435\u0437\u0434\u0435\u0445\u043e\u0434\u044b \u043d\u0430 \u0433\u0443\u0441\u0435\u043d\u0438\u0446\u0430\u0445 \u0432 \u0420\u043e\u0441\u0441\u0438\u0438\\nT\u0022],[\u0022https:\/\/tinger.ru\/news\/tinger-track-2-soshyel-s-konveyera-i-otpravilsya-v-kazan\/#\u0022,1688622099,\u0022TINGER Track 2 \u0441\u043e\u0448\u0451\u043b \u0441 \u043a\u043e\u043d\u0432\u0435\u0439\u0435\u0440\u0430 \u0438 \u043e\u0442\u043f\u0440\u0430\u0022]]},\u0022gid\u0022:null}]}}","TITLE":"\u0417\u0430\u043a\u0430\u0437\u0430\u0442\u044c \u043e\u0431\u0440\u0430\u0442\u043d\u044b\u0439 \u0437\u0432\u043e\u043d\u043e\u043a","UF_CRM_1449663065":"","ASSIGNED_BY_ID":""}}},"result":{"result":455486,"time":{"start":1688622395.314822,"finish":1688622396.7401221,"duration":1.425300121307373,"processing":1.3733711242675781,"date_start":"2023-07-06T08:46:35+03:00","date_finish":"2023-07-06T08:46:36+03:00","operating_reset_at":1688622995,"operating":1.3733420372009277}}}