{"url":"https:\/\/tinger.bitrix24.ru\/rest\/190\/42tc2gxq8od2858i\/crm.lead.add.json","info":{"url":"https:\/\/tinger.bitrix24.ru\/rest\/190\/42tc2gxq8od2858i\/crm.lead.add.json","content_type":"application\/json; charset=utf-8","http_code":200,"header_size":1030,"request_size":208,"filetime":-1,"ssl_verify_result":0,"redirect_count":0,"total_time":4.2285399999999997,"namelookup_time":0.018655999999999999,"connect_time":0.028434000000000001,"pretransfer_time":0.047289999999999999,"size_upload":14138,"size_download":288,"speed_download":68,"speed_upload":3343,"download_content_length":-1,"upload_content_length":14138,"starttransfer_time":0.047293000000000002,"redirect_time":0,"redirect_url":"","primary_ip":"95.163.249.170","certinfo":[],"primary_port":443,"local_ip":"188.225.57.79","local_port":58348,"http_version":3,"protocol":2,"ssl_verifyresult":0,"scheme":"HTTPS","appconnect_time_us":47112,"connect_time_us":28434,"namelookup_time_us":18656,"pretransfer_time_us":47290,"redirect_time_us":0,"starttransfer_time_us":47293,"total_time_us":4228540},"params":{"method":"crm.lead.add","params":{"fields":{"NAME":"\u0410\u043d\u0434\u0440\u0435\u0439 ","PHONE":[{"VALUE":null,"VALUE_TYPE":"WORK"}],"EMAIL":[{"VALUE":"vasilyev@garant42.pro","VALUE_TYPE":"WORK"}],"COMMENTS":"\u003Cb\u003E\u0412\u044b\u0431\u0440\u0430\u043d\u043d\u0430\u044f \u043c\u043e\u0434\u0435\u043b\u044c: \u003C\/b\u003E TINGER TF4\u003Cbr\u003E\u003Cb\u003E\u0412\u044b\u0431\u0440\u0430\u043d\u043d\u044b\u0435 \u043c\u043e\u0434\u0438\u0444\u0438\u043a\u0430\u0446\u0438\u044f \u0438 \u0434\u0432\u0438\u0433\u0430\u0442\u0435\u043b\u044c:\u003C\/b\u003E TF4, \u0434\u0432\u0438\u0433\u0430\u0442\u0435\u043b\u044c Chery SQR372\u003Cbr\u003E\u003Cb\u003E\u0412\u044b\u0431\u0440\u0430\u043d\u043d\u044b\u0439 \u043f\u0430\u043a\u0435\u0442:\u003C\/b\u003E \u003Cbr\u003E\u003Cb\u003E\u0412\u044b\u0433\u043e\u0434\u0430 \u043e\u0442 \u043f\u0430\u043a\u0435\u0442\u0430:\u003C\/b\u003E 0 \u0440\u0443\u0431.\u003Cbr\u003E\u003Cb\u003E\u0412\u044b\u0431\u0440\u0430\u043d\u043d\u044b\u0439 \u0446\u0432\u0435\u0442:\u003C\/b\u003E \u043a\u0440\u0430\u0441\u043d\u044b\u0439\u003Cbr\u003E\u003Cb\u003E\u0412\u044b\u0431\u0440\u0430\u043d\u043d\u044b\u0435 \u043e\u043f\u0446\u0438\u0438:\u003C\/b\u003E\u003Cbr\u003E\u2014 \u042d\u043b\u0435\u043a\u0442\u0440\u043e\u043d\u043d\u044b\u0439 \u043f\u0430\u0441\u043f\u043e\u0440\u0442 \u0441\u0430\u043c\u043e\u0445\u043e\u0434\u043d\u043e\u0439 \u043c\u0430\u0448\u0438\u043d\u044b (\u044d\u041f\u0421\u041c) \u003Cbr\u003E\u2014 \u0428\u0438\u043d\u044b \u0441\u0432\u0435\u0440\u0445\u0432\u044b\u0441\u043e\u043a\u043e\u0439 \u043f\u0440\u043e\u0445\u043e\u0434\u0438\u043c\u043e\u0441\u0442\u0438 (1400*650) (4 \u0448\u0442.) \u003Cbr\u003E\u2014 \u0414\u0438\u0441\u043a\u0438 \u0441\u0432\u0435\u0440\u0445\u043d\u0438\u0437\u043a\u043e\u0433\u043e \u0434\u0430\u0432\u043b\u0435\u043d\u0438\u044f R21 (\u0431\u0435\u0434\u043b\u043e\u043a) (4 \u0448\u0442.) \u003Cbr\u003E\u2014 \u0411\u043b\u043e\u043a\u0438\u0440\u0430\u0442\u043e\u0440 \u0448\u0430\u0440\u043d\u0438\u0440\u0430 \u0441\u043e\u0447\u043b\u0435\u043d\u0435\u043d\u0438\u044f \u0440\u0430\u043c\u044b \u043d\u0430 \u0441\u043a\u0440\u0443\u0447\u0438\u0432\u0430\u043d\u0438\u0435 \u003Cbr\u003E\u2014 \u0417\u0435\u0440\u043a\u0430\u043b\u0430 \u0437\u0430\u0434\u043d\u0435\u0433\u043e \u0432\u0438\u0434\u0430 (2 \u0448\u0442.) \u003Cbr\u003E\u2014 \u041b\u043e\u0431\u043e\u0432\u043e\u0435 \u0441\u0442\u0435\u043a\u043b\u043e \u0441 \u043e\u0442\u043a\u0440\u044b\u0432\u0430\u043d\u0438\u0435\u043c \u0432\u043f\u0435\u0440\u0451\u0434 \u003Cbr\u003E\u2014 \u0420\u0430\u0434\u0438\u0430\u0442\u043e\u0440 \u043e\u0442\u043e\u043f\u0438\u0442\u0435\u043b\u044f \u0441\u0430\u043b\u043e\u043d\u0430 (\u0436\u0438\u0434\u043a\u043e\u0441\u0442\u043d\u044b\u0439) \u003Cbr\u003E\u2014 \u0420\u0435\u043c\u043d\u0438 \u0431\u0435\u0437\u043e\u043f\u0430\u0441\u043d\u043e\u0441\u0442\u0438 \u043f\u0435\u0440\u0435\u0434\u043d\u0438\u0435 (2 \u0448\u0442.) \u003Cbr\u003E\u2014 \u041f\u0430\u043d\u0435\u043b\u044c \u0443\u043f\u0440\u0430\u0432\u043b\u0435\u043d\u0438\u044f \u0441 \u0433\u043d\u0451\u0437\u0434\u0430\u043c\u0438 12V \u0438 USB \u003Cbr\u003E\u2014 \u0421\u0438\u0434\u0435\u043d\u044c\u044f \u043f\u0435\u0440\u0435\u0434\u043d\u0438\u0435 \u044d\u0440\u0433\u043e\u043d\u043e\u043c\u0438\u0447\u043d\u044b\u0435 (2 \u0448\u0442.) \u003Cbr\u003E\u2014 \u0421\u0442\u0435\u043a\u043b\u043e\u043e\u0447\u0438\u0441\u0442\u0438\u0442\u0435\u043b\u044c \u043b\u043e\u0431\u043e\u0432\u043e\u0433\u043e \u0441\u0442\u0435\u043a\u043b\u0430 \u003Cbr\u003E\u2014 \u042d\u043b\u0435\u043a\u0442\u0440\u043e\u043d\u043d\u0430\u044f \u043f\u0430\u043d\u0435\u043b\u044c \u043f\u0440\u0438\u0431\u043e\u0440\u043e\u0432 (\u0432\u0435\u0440\u0441\u0438\u044f 1.0) \u003Cbr\u003E\u2014 \u0411\u0443\u043a\u0441\u0438\u0440\u043e\u0432\u043e\u0447\u043d\u044b\u0435 \u0441\u043a\u043e\u0431\u044b (\u0448\u0430\u043a\u043b\u044b), 2 \u0448\u0442.) \u003Cbr\u003E\u2014 \u0414\u043e\u043f\u043e\u043b\u043d\u0438\u0442\u0435\u043b\u044c\u043d\u043e\u0435 \u043f\u0435\u0440\u0435\u0434\u043d\u0435\u0435 \u0441\u0432\u0435\u0442\u043e\u0434\u0438\u043e\u0434\u043d\u043e\u0435 \u043e\u0441\u0432\u0435\u0449\u0435\u043d\u0438\u0435 \u003Cbr\u003E\u2014 \u041a\u043e\u043b\u043f\u0430\u043a\u0438 \u0437\u0430\u0449\u0438\u0442\u043d\u044b\u0435 \u043d\u0430 \u0434\u0438\u0441\u043a\u0438 \u0441\u0432\u0435\u0440\u0445\u043d\u0438\u0437\u043a\u043e\u0433\u043e \u0434\u0430\u0432\u043b\u0435\u043d\u0438\u044f (4 \u0448\u0442.) \u003Cbr\u003E\u2014 \u041b\u0435\u0431\u0451\u0434\u043a\u0430 \u044d\u043b\u0435\u043a\u0442\u0440\u0438\u0447\u0435\u0441\u043a\u0430\u044f T5500 \u003Cbr\u003E\u2014 \u0417\u0430\u0434\u043d\u0438\u0435 \u0441\u0438\u0434\u0435\u043d\u044c\u044f \u0441 \u0440\u0443\u043d\u0434\u0443\u043a\u0430\u043c\u0438 (2 \u0448\u0442.) \u003Cbr\u003E\u2014 \u0421\u0442\u043e\u043b\u0438\u043a \u0441\u043a\u043b\u0430\u0434\u043d\u043e\u0439\/\u043e\u0442\u043a\u0438\u0434\u044b\u0432\u0430\u044e\u0449\u0438\u0439\u0441\u044f \u003Cbr\u003E\u2014 \u0412\u043e\u0434\u043e\u0438\u0437\u043c\u0435\u0449\u0430\u044e\u0449\u0438\u0435 \u0431\u0430\u043a\u0438 \u0432 \u0434\u0438\u0441\u043a\u0438 \u0441\u0432\u0435\u0440\u0445\u043d\u0438\u0437\u043a\u043e\u0433\u043e \u0434\u0430\u0432\u043b\u0435\u043d\u0438\u044f (\u043a\u043e\u043c\u043f\u043b\u0435\u043a\u0442, 4 \u0448\u0442.) \u003Cbr\u003E\u2014 \u0411\u043b\u043e\u043a\u0438\u0440\u043e\u0432\u043a\u0430 \u043c\u0435\u0436\u043e\u0441\u0435\u0432\u043e\u0433\u043e \u0434\u0438\u0444\u0444\u0435\u0440\u0435\u043d\u0446\u0438\u0430\u043b\u0430 \u043f\u0435\u0440\u0435\u0434\u043d\u044f\u044f (TINGER HardLock) \u003Cbr\u003E\u2014 \u0411\u043b\u043e\u043a\u0438\u0440\u043e\u0432\u043a\u0430 \u043c\u0435\u0436\u043e\u0441\u0435\u0432\u043e\u0433\u043e \u0434\u0438\u0444\u0444\u0435\u0440\u0435\u043d\u0446\u0438\u0430\u043b\u0430 \u0437\u0430\u0434\u043d\u044f\u044f (TINGER HardLock) \u003Cbr\u003E\u2014 \u041a\u0443\u043d\u0433 \u0441\u0442\u0435\u043a\u043b\u043e\u043f\u043b\u0430\u0441\u0442\u0438\u043a\u043e\u0432\u044b\u0439 \u0441 \u043a\u0430\u0440\u043a\u0430\u0441\u043e\u043c, \u0441\u0434\u0432\u0438\u0436\u043d\u044b\u043c\u0438 \u043e\u043a\u043d\u0430\u043c\u0438 \u0438 \u0432\u043d\u0443\u0442\u0440\u0435\u043d\u043d\u0435\u0439 \u043e\u0442\u0434\u0435\u043b\u043a\u043e\u0439 \u003Cbr\u003E\u2014 \u0426\u0435\u043d\u0442\u0440\u0430\u043b\u0438\u0437\u043e\u0432\u0430\u043d\u043d\u0430\u044f \u0442\u0443\u0440\u0431\u043e \u0441\u0438\u0441\u0442\u0435\u043c\u0430 \u043f\u043e\u0434\u043a\u0430\u0447\u043a\u0438 \u043a\u043e\u043b\u0451\u0441 \u003Cbr\u003E\u003Cb\u003E\u0411\u0430\u0437\u043e\u0432\u0430\u044f \u0441\u0442\u043e\u0438\u043c\u043e\u0441\u0442\u044c \u043c\u043e\u0434\u0435\u043b\u0438:\u003C\/b\u003E 1\u00a0899\u00a0000 