{"url":"https:\/\/tinger.bitrix24.ru\/rest\/190\/42tc2gxq8od2858i\/crm.lead.add.json","info":{"url":"https:\/\/tinger.bitrix24.ru\/rest\/190\/42tc2gxq8od2858i\/crm.lead.add.json","content_type":"application\/json; charset=utf-8","http_code":200,"header_size":1027,"request_size":207,"filetime":-1,"ssl_verify_result":0,"redirect_count":0,"total_time":2.5413809999999999,"namelookup_time":0.010160000000000001,"connect_time":0.011686999999999999,"pretransfer_time":0.02215,"size_upload":1958,"size_download":288,"speed_download":113,"speed_upload":770,"download_content_length":-1,"upload_content_length":1958,"starttransfer_time":0.022159000000000002,"redirect_time":0,"redirect_url":"","primary_ip":"178.132.201.50","certinfo":[],"primary_port":443,"local_ip":"188.225.57.79","local_port":55208,"http_version":3,"protocol":2,"ssl_verifyresult":0,"scheme":"HTTPS","appconnect_time_us":21900,"connect_time_us":11687,"namelookup_time_us":10160,"pretransfer_time_us":22150,"redirect_time_us":0,"starttransfer_time_us":22159,"total_time_us":2541381},"params":{"method":"crm.lead.add","params":{"fields":{"NAME":"\u0420\u0438 \u0421\u043e\u043a \u0442\u044e","PHONE":[{"VALUE":"+7 (914) 096-50-99","VALUE_TYPE":"WORK"}],"EMAIL":[{"VALUE":null,"VALUE_TYPE":"WORK"}],"COMMENTS":null,"TRACE":"{\u0022url\u0022:\u0022https:\/\/tingard.ru\/?utm_source=yandex_kirill\u0026utm_medium=cpc\u0026utm_campaign=pogreba_rozn_umnaya_copy_11_04\u0026utm_content=13300555405\u0026utm_term=---autotargeting\u0026roistat=direct14_context_13300555405_---autotargeting\u0026roistat_referrer=astv.ru\u0026roistat_pos=none_0\u0026yclid=6049346271131792057\u0022,\u0022ref\u0022:\u0022https:\/\/astv.ru\/\u0022,\u0022device\u0022:{\u0022isMobile\u0022:true},\u0022tags\u0022:{\u0022ts\u0022:1697249430,\u0022list\u0022:{\u0022utm_source\u0022:\u0022yandex_kirill\u0022,\u0022utm_medium\u0022:\u0022cpc\u0022,\u0022utm_campaign\u0022:\u0022pogreba_rozn_umnaya_copy_11_04\u0022,\u0022utm_content\u0022:\u002213300555405\u0022,\u0022utm_term\u0022:\u0022---autotargeting\u0022},\u0022gclid\u0022:null},\u0022client\u0022:{\u0022yaId\u0022:\u00221697249430571772338\u0022},\u0022pages\u0022:{\u0022list\u0022:[[\u0022https:\/\/tingard.ru\/?utm_source=yandex_kirill\u0026utm_medium=cpc\u0026utm_campaign=pogreba_rozn_umnaya_copy_11_04\u0026utm_content=13300555405\u0026utm_term=---autotargeting\u0026roistat=direct14_context_13300555405_---autotargeting\u0026roistat_referrer=astv.ru\u0026roistat_pos=none_0\u0026yclid=6049346271131792057\u0022,1697249431,\u0022TINGARD \u2014 \u0431\u0435\u0441\u0448\u043e\u0432\u043d\u044b\u0439 \u043f\u043b\u0430\u0441\u0442\u0438\u043a\u043e\u0432\u044b\u0439 \u043f\u043e\u0433\u0440\u0435\u0431 \u2116\u0022]]},\u0022gid\u0022:null,\u0022previous\u0022:{\u0022list\u0022:[]}}","TITLE":"\u0423\u0437\u043d\u0430\u0442\u044c \u043f\u043e\u0434\u0440\u043e\u0431\u043d\u0435\u0435 \u043e \u043d\u043e\u0432\u044b\u0445 \u043f\u043e\u0433\u0440\u0435\u0431\u0430\u0445","UF_CRM_1449663065":68,"ASSIGNED_BY_ID":58,"SOURCE_ID":9}}},"result":{"result":478300,"time":{"start":1697249275.2240019,"finish":1697249277.672914,"duration":2.4489121437072754,"processing":2.3998920917510986,"date_start":"2023-10-14T05:07:55+03:00","date_finish":"2023-10-14T05:07:57+03:00","operating_reset_at":1697249875,"operating":2.3998548984527588}}}