{"url":"https:\/\/tinger.bitrix24.ru\/rest\/190\/42tc2gxq8od2858i\/crm.lead.add.json","info":{"url":"https:\/\/tinger.bitrix24.ru\/rest\/190\/42tc2gxq8od2858i\/crm.lead.add.json","content_type":"application\/json; charset=utf-8","http_code":200,"header_size":1034,"request_size":207,"filetime":-1,"ssl_verify_result":0,"redirect_count":0,"total_time":2.6088079999999998,"namelookup_time":0.041987999999999998,"connect_time":0.053183000000000001,"pretransfer_time":0.078042,"size_upload":1919,"size_download":287,"speed_download":110,"speed_upload":735,"download_content_length":-1,"upload_content_length":1919,"starttransfer_time":0.078046000000000004,"redirect_time":0,"redirect_url":"","primary_ip":"46.235.53.69","certinfo":[],"primary_port":443,"local_ip":"188.225.57.79","local_port":57766,"http_version":3,"protocol":2,"ssl_verifyresult":0,"scheme":"HTTPS","appconnect_time_us":77861,"connect_time_us":53183,"namelookup_time_us":41988,"pretransfer_time_us":78042,"redirect_time_us":0,"starttransfer_time_us":78046,"total_time_us":2608808},"params":{"method":"crm.lead.add","params":{"fields":{"NAME":"\u041d\u0438\u043a\u043e\u043b\u0430\u0439","PHONE":[{"VALUE":"8 (926) 035-37-02","VALUE_TYPE":"WORK"}],"EMAIL":[{"VALUE":null,"VALUE_TYPE":"WORK"}],"TRACE":"{\u0022url\u0022:\u0022https:\/\/tingard.ru\/?utm_source=yandex_kirill\u0026utm_medium=cpc\u0026utm_campaign=pogreba_rozn_umnaya_click_perezapusk_15_01\u0026utm_content=15676822890\u0026utm_term=---autotargeting\u0026roistat=direct14_search_15676822890_---autotargeting\u0026roistat_referrer=none\u0026roistat_pos=premium_1\u0026yclid=8628525201970954239\u0022,\u0022ref\u0022:\u0022https:\/\/yandex.ru\/\u0022,\u0022device\u0022:{\u0022isMobile\u0022:true},\u0022tags\u0022:{\u0022ts\u0022:1709443534,\u0022list\u0022:{\u0022utm_source\u0022:\u0022yandex_kirill\u0022,\u0022utm_medium\u0022:\u0022cpc\u0022,\u0022utm_campaign\u0022:\u0022pogreba_rozn_umnaya_click_perezapusk_15_01\u0022,\u0022utm_content\u0022:\u002215676822890\u0022,\u0022utm_term\u0022:\u0022---autotargeting\u0022},\u0022gclid\u0022:null},\u0022client\u0022:{\u0022yaId\u0022:\u0022170944353261511076\u0022},\u0022pages\u0022:{\u0022list\u0022:[[\u0022https:\/\/tingard.ru\/?utm_source=yandex_kirill\u0026utm_medium=cpc\u0026utm_campaign=pogreba_rozn_umnaya_click_perezapusk_15_01\u0026utm_content=15676822890\u0026utm_term=---autotargeting\u0026roistat=direct14_search_15676822890_---autotargeting\u0026roistat_referrer=none\u0026roistat_pos=premium_1\u0026yclid=8628525201970954239\u0022,1709443535,\u0022TINGARD \u2014 \u0431\u0435\u0441\u0448\u043e\u0432\u043d\u044b\u0439 \u043f\u043b\u0430\u0441\u0442\u0438\u043a\u043e\u0432\u044b\u0439 \u043f\u043e\u0433\u0440\u0435\u0431 \u2116\u0022]]},\u0022gid\u0022:null,\u0022previous\u0022:{\u0022list\u0022:[]}}","COMMENTS":null,"TITLE":"\u0420\u0430\u0441\u0441\u0447\u0438\u0442\u0430\u0442\u044c \u0434\u043e\u0441\u0442\u0430\u0432\u043a\u0443","UF_CRM_1449663065":68,"ASSIGNED_BY_ID":58,"SOURCE_ID":9}}},"result":{"result":500058,"time":{"start":1709444323.560451,"finish":1709444326.0267241,"duration":2.4662730693817139,"processing":2.4315199851989746,"date_start":"2024-03-03T08:38:43+03:00","date_finish":"2024-03-03T08:38:46+03:00","operating_reset_at":1709444923,"operating":2.431502103805542}}}