{"url":"https:\/\/tinger.bitrix24.ru\/rest\/190\/42tc2gxq8od2858i\/crm.lead.add.json","info":{"url":"https:\/\/tinger.bitrix24.ru\/rest\/190\/42tc2gxq8od2858i\/crm.lead.add.json","content_type":"application\/json; charset=utf-8","http_code":200,"header_size":1036,"request_size":207,"filetime":-1,"ssl_verify_result":0,"redirect_count":0,"total_time":1.998739,"namelookup_time":0.017177000000000001,"connect_time":0.025359,"pretransfer_time":0.042909000000000003,"size_upload":1593,"size_download":287,"speed_download":143,"speed_upload":797,"download_content_length":-1,"upload_content_length":1593,"starttransfer_time":0.042913,"redirect_time":0,"redirect_url":"","primary_ip":"178.248.236.39","certinfo":[],"primary_port":443,"local_ip":"188.225.57.79","local_port":45186,"http_version":3,"protocol":2,"ssl_verifyresult":0,"scheme":"HTTPS","appconnect_time_us":42790,"connect_time_us":25359,"namelookup_time_us":17177,"pretransfer_time_us":42909,"redirect_time_us":0,"starttransfer_time_us":42913,"total_time_us":1998739},"params":{"method":"crm.lead.add","params":{"fields":{"UF_CRM_1449663065":14016,"SOURCE_ID":"CONFERENCE","ASSIGNED_BY_ID":58,"TITLE":"\u041f\u043e\u0437\u0432\u043e\u043d\u0438\u0442\u0435 \u043c\u043d\u0435","NAME":"\u0414\u043c\u0438\u0442\u0440\u0438\u0439","PHONE":[{"VALUE":"+7 (705) 600-01-15","VALUE_TYPE":"WORK"}],"EMAIL":[{"VALUE":null,"VALUE_TYPE":"WORK"}],"COMMENTS":"","TRACE":"{\u0022url\u0022:\u0022https:\/\/tingerplast.ru\/plastik-dlya-3d-printera\/filter\/material-is-pla\/apply\/\u0022,\u0022ref\u0022:\u0022https:\/\/www.google.com\/\u0022,\u0022device\u0022:{\u0022isMobile\u0022:true},\u0022tags\u0022:{\u0022ts\u0022:1715349976,\u0022list\u0022:{},\u0022gclid\u0022:null},\u0022client\u0022:{\u0022yaId\u0022:\u00221715349976311101158\u0022},\u0022pages\u0022:{\u0022list\u0022:[[\u0022https:\/\/tingerplast.ru\/plastik-dlya-3d-printera\/filter\/clear\/apply\/\u0022,1715349992,\u0022\u041f\u043b\u0430\u0441\u0442\u0438\u043a \u0434\u043b\u044f 3D \u043f\u0440\u0438\u043d\u0442\u0435\u0440\u0430\u0022],[\u0022https:\/\/tingerplast.ru\/plastik-dlya-3d-printera\/\u0022,1715350143,\u0022\u041f\u043b\u0430\u0441\u0442\u0438\u043a \u0434\u043b\u044f 3D \u043f\u0440\u0438\u043d\u0442\u0435\u0440\u0430\u0022],[\u0022https:\/\/tingerplast.ru\/plastik-dlya-3d-printera\/filter\/material-is-pla\/apply\/\u0022,1715350147,\u0022\u041f\u043b\u0430\u0441\u0442\u0438\u043a \u0434\u043b\u044f 3D \u043f\u0440\u0438\u043d\u0442\u0435\u0440\u0430\u0022]]},\u0022gid\u0022:null,\u0022previous\u0022:{\u0022list\u0022:[]}}"}}},"result":{"result":511532,"time":{"start":1715350167.802418,"finish":1715350169.6749711,"duration":1.8725531101226807,"processing":1.8386819362640381,"date_start":"2024-05-10T17:09:27+03:00","date_finish":"2024-05-10T17:09:29+03:00","operating_reset_at":1715350767,"operating":1.838655948638916}}}