{"url":"https:\/\/tinger.bitrix24.ru\/rest\/190\/42tc2gxq8od2858i\/crm.lead.add.json","info":{"url":"https:\/\/tinger.bitrix24.ru\/rest\/190\/42tc2gxq8od2858i\/crm.lead.add.json","content_type":"application\/json; charset=utf-8","http_code":200,"header_size":920,"request_size":207,"filetime":-1,"ssl_verify_result":0,"redirect_count":0,"total_time":1.965365,"namelookup_time":0.036304000000000003,"connect_time":0.037746000000000002,"pretransfer_time":0.051332999999999997,"size_upload":2510,"size_download":262,"speed_download":133,"speed_upload":1277,"download_content_length":-1,"upload_content_length":2510,"starttransfer_time":0.051337000000000001,"redirect_time":0,"redirect_url":"","primary_ip":"178.132.201.53","certinfo":[],"primary_port":443,"local_ip":"188.225.57.79","local_port":58404,"http_version":3,"protocol":2,"ssl_verifyresult":0,"scheme":"HTTPS","appconnect_time_us":51197,"connect_time_us":37746,"namelookup_time_us":36304,"pretransfer_time_us":51333,"redirect_time_us":0,"starttransfer_time_us":51337,"total_time_us":1965365},"params":{"method":"crm.lead.add","params":{"fields":{"NAME":"\u0415\u0432\u0433\u0435\u043d\u0438\u0439","PHONE":[{"VALUE":"8 (903) 973-16-28","VALUE_TYPE":"WORK"}],"EMAIL":[{"VALUE":"","VALUE_TYPE":"WORK"}],"TRACE":"{\u0022url\u0022:\u0022https:\/\/tingard.ru\/catalog\/\u0022,\u0022ref\u0022:\u0022https:\/\/yandex.ru\/\u0022,\u0022device\u0022:{\u0022isMobile\u0022:false},\u0022tags\u0022:{\u0022ts\u0022:1773724861,\u0022list\u0022:{\u0022utm_source\u0022:\u0022yandex\u0022,\u0022utm_medium\u0022:\u0022cpc\u0022,\u0022utm_campaign\u0022:\u0022mk_rf\u0022,\u0022utm_content\u0022:\u00221900728619974771567\u0022,\u0022utm_term\u0022:\u0022\u043f\u043e\u0433\u0440\u0435\u0431\u0022},\u0022gclid\u0022:null},\u0022client\u0022:{\u0022yaId\u0022:\u00221773724861108049952\u0022},\u0022pages\u0022:{\u0022list\u0022:[[\u0022https:\/\/tingard.ru\/media\/\u0022,1774200125,\u0022\u041e \u043f\u043e\u0433\u0440\u0435\u0431\u0430\u0445 TINGARD \u0432 \u043d\u0435\u0437\u0430\u0432\u0438\u0441\u0438\u043c\u044b\u0445 \u0421\u041c\u0418\u0022],[\u0022https:\/\/tingard.ru\/payment\/\u0022,1774200156,\u0022\u0418\u043d\u0444\u043e\u0440\u043c\u0430\u0446\u0438\u044f \u043f\u043e \u0434\u043e\u0441\u0442\u0430\u0432\u043a\u0435 \u0438 \u043e\u043f\u043b\u0430\u0442\u0435 \u0431\u0435\u0441\u0448\u043e\u0432\u043d\u044b\u0022],[\u0022https:\/\/tingard.ru\/installation\/\u0022,1774200293,\u0022\u041c\u043e\u043d\u0442\u0430\u0436 \u0431\u0435\u0441\u0448\u043e\u0432\u043d\u044b\u0445 \u043f\u043e\u0433\u0440\u0435\u0431\u043e\u0432 TINGARD \u0437\u0430 1 \u0434\u0022],[\u0022https:\/\/tingard.ru\/dealers\/\u0022,1774201191,\u0022\u041d\u0430\u0448\u0438 \u0434\u0438\u043b\u0435\u0440\u044b \u0435\u0441\u0442\u044c \u0432 68 \u0433\u043e\u0440\u043e\u0434\u0430\u0445 \u0420\u043e\u0441\u0441\u0438\u0438\u0022],[\u0022https:\/\/tingard.ru\/catalog\/\u0022,1774201199,\u0022\u041a\u0430\u0442\u0430\u043b\u043e\u0433 \u043f\u043e\u0433\u0440\u0435\u0431\u043e\u0432\u0022]]},\u0022gid\u0022:null,\u0022previous\u0022:{\u0022list\u0022:[]}}","UF_CRM_1736853511":"1773724861108049952","UF_CRM_1736853555":"1773724861108049952","UF_CRM_1736853537":"1773724861108049952","UF_CRM_1517561552":"3890006","COMMENTS":null,"TITLE":"\u0420\u0430\u0441\u0441\u0447\u0438\u0442\u0430\u0442\u044c \u0441\u0442\u043e\u0438\u043c\u043e\u0441\u0442\u044c \u043f\u043e\u0433\u0440\u0435\u0431\u0430","UF_CRM_1449663065":68,"ASSIGNED_BY_ID":58,"SOURCE_ID":9}}},"result":{"result":652538,"time":{"start":1774202493,"finish":1774202495.4782701,"duration":2.4782700538635254,"processing":2,"date_start":"2026-03-22T21:01:33+03:00","date_finish":"2026-03-22T21:01:35+03:00","operating_reset_at":1774203093,"operating":1.8206849098205566}}}