{"url":"https:\/\/tinger.bitrix24.ru\/rest\/190\/42tc2gxq8od2858i\/crm.lead.add.json","info":{"url":"https:\/\/tinger.bitrix24.ru\/rest\/190\/42tc2gxq8od2858i\/crm.lead.add.json","content_type":"application\/json; charset=utf-8","http_code":200,"header_size":1131,"request_size":207,"filetime":-1,"ssl_verify_result":0,"redirect_count":0,"total_time":2.6130409999999999,"namelookup_time":0.013379,"connect_time":0.025156999999999999,"pretransfer_time":0.044943999999999998,"size_upload":1577,"size_download":288,"speed_download":110,"speed_upload":603,"download_content_length":-1,"upload_content_length":1577,"starttransfer_time":0.044947000000000001,"redirect_time":0,"redirect_url":"","primary_ip":"95.163.249.170","certinfo":[],"primary_port":443,"local_ip":"188.225.57.79","local_port":59082,"http_version":3,"protocol":2,"ssl_verifyresult":0,"scheme":"HTTPS","appconnect_time_us":44834,"connect_time_us":25157,"namelookup_time_us":13379,"pretransfer_time_us":44944,"redirect_time_us":0,"starttransfer_time_us":44947,"total_time_us":2613041},"params":{"method":"crm.lead.add","params":{"fields":{"UF_CRM_1449663065":"16452","SOURCE_ID":98,"ASSIGNED_BY_ID":58,"TITLE":"\u0417\u0430\u043a\u0430\u0437\u0430\u0442\u044c \u0451\u043c\u043a\u043e\u0441\u0442\u044c","NAME":"\u0412\u0438\u043a\u0442\u043e\u0440","PHONE":[{"VALUE":"+7 (906) 804-53-28","VALUE_TYPE":"WORK"}],"EMAIL":[{"VALUE":null,"VALUE_TYPE":"WORK"}],"COMMENTS":"","TRACE":"{\u0022url\u0022:\u0022https:\/\/pt.tingerplast.ru\/?utm_source=yandex\u0026utm_medium=cpc\u0026utm_campaign=emkosti_mk_rf\u0026utm_content=14436425795\u0026utm_term=\u0026yclid=3381194747085918844\u0022,\u0022ref\u0022:\u0022https:\/\/diamondelectric.ru\/\u0022,\u0022device\u0022:{\u0022isMobile\u0022:true},\u0022tags\u0022:{\u0022ts\u0022:1687071038,\u0022list\u0022:{\u0022utm_source\u0022:\u0022yandex\u0022,\u0022utm_medium\u0022:\u0022cpc\u0022,\u0022utm_campaign\u0022:\u0022emkosti_mk_rf\u0022,\u0022utm_content\u0022:\u002214436425795\u0022},\u0022gclid\u0022:null},\u0022client\u0022:{\u0022yaId\u0022:\u00221687071038463509055\u0022},\u0022pages\u0022:{\u0022list\u0022:[[\u0022https:\/\/pt.tingerplast.ru\/?utm_source=yandex\u0026utm_medium=cpc\u0026utm_campaign=emkosti_mk_rf\u0026utm_content=14436425795\u0026utm_term=\u0026yclid=3381194747085918844\u0022,1687071038,\u0022\u041f\u043b\u0430\u0441\u0442\u0438\u043a\u043e\u0432\u044b\u0435 \u0451\u043c\u043a\u043e\u0441\u0442\u0438 \u0431\u043e\u043b\u044c\u0448\u043e\u0433\u043e \u043e\u0431\u044a\u0451\u043c\u0430 \u043e\u0442 \u043f\u0022]]},\u0022gid\u0022:null,\u0022previous\u0022:{\u0022list\u0022:[]}}"}}},"result":{"result":451766,"time":{"start":1687071052.460243,"finish":1687071054.9550281,"duration":2.4947850704193115,"processing":2.4451839923858643,"date_start":"2023-06-18T09:50:52+03:00","date_finish":"2023-06-18T09:50:54+03:00","operating_reset_at":1687071652,"operating":10.548972129821777}}}